衣料初温（℃）,时间（s）,贴身侧温度（℃）
27.0,0.0,27.00156443371909
27.0,0.25,27.064603614974708
27.0,0.5,27.09117114307441
27.0,0.75,27.111478073209383
27.0,1.0,27.128515987905576
27.0,1.25,27.143348952566708
27.0,1.5,27.156353128233587
27.0,1.75,27.16755913750026
27.0,2.0,27.1768253131649
27.0,2.25,27.183946807170223
27.0,2.5,27.188721341711183
27.0,2.75,27.19098336492006
27.0,3.0,27.190617372252824
27.0,3.25,27.18755904571745
27.0,3.5,27.181790191930524
27.0,3.75,27.173331167885657
27.0,4.0,27.1622328576077
27.0,4.25,27.14856923232528
27.0,4.5,27.132430924114217
27.0,4.75,27.11391993256674
27.0,5.0,27.09314726062547
27.0,5.25,27.070242005918917
27.0,5.5,27.045369215377317
27.0,5.75,27.018721931539424
27.0,6.0,26.99050047566875
27.0,6.25,26.960897598099407
27.0,6.5,26.93009162575274
27.0,6.75,26.898245398707562
27.0,7.0,26.865506692390625
27.0,7.25,26.832009124927637
27.0,7.5,26.797872657176104
27.0,7.75,26.763204828029924
27.0,8.0,26.72810228498313
27.0,8.25,26.692652084583706
27.0,8.5,26.656932391291125
27.0,8.75,26.621014021123514
27.0,9.0,26.584960879300386
27.0,9.25,26.54883040102125
27.0,9.5,26.512674342900606
27.0,9.75,26.47653883453213
27.0,10.0,26.440464962983032
27.0,10.25,26.40448955996804
27.0,10.5,26.36864607278008
27.0,10.75,26.33296478588281
27.0,11.0,26.297472810448642
27.0,11.25,26.2621945537462
27.0,11.5,26.227151401829605
27.0,11.75,26.19236226241978
27.0,12.0,26.157843372433035
27.0,12.25,26.12360846412256
27.0,12.5,26.089669455327083
27.0,12.75,26.05603711805784
27.0,13.0,26.022720935450092
27.0,13.25,25.989728855452295
27.0,13.5,25.957067236473915
27.0,13.75,25.92474107760041
27.0,14.0,25.892754626585987
27.0,14.25,25.861111114582062
27.0,14.5,25.82981261248429
27.0,14.75,25.79886027236354
27.0,15.0,25.768254639051094
27.0,15.25,25.73799586514791
27.0,15.5,25.708083647397327
27.0,15.75,25.67851694639014
27.0,16.0,25.649293882216366
27.0,16.25,25.62041210178943
27.0,16.5,25.591869272461327
27.0,16.75,25.563662667934217
27.0,17.0,25.53578925115229
27.0,17.25,25.50824597427399
27.0,17.5,25.481029508657645
27.0,17.75,25.454136254091406
27.0,18.0,25.427562487390595
27.0,18.25,25.4013043481858
27.0,18.5,25.375357697022185
27.0,18.75,25.349718084438074
27.0,19.0,25.324380833184602
27.0,19.25,25.29934104174251
27.0,19.5,25.274593724310375
27.0,19.75,25.250134226969635
27.0,20.0,25.225957933526768
27.0,20.25,25.202059858414145
27.0,20.5,25.17843491050471
27.0,20.75,25.15507822565031
27.0,21.0,25.131985367448852
27.0,21.25,25.109152092518883
27.0,21.5,25.086574049224012
27.0,21.75,25.064246840813148
27.0,22.0,25.04216616266792
27.0,22.25,25.020327895943307
27.0,22.5,24.998727932531246
27.0,22.75,24.977361920560693
27.0,23.0,24.956225496959348
27.0,23.25,24.93531463470882
27.0,23.5,24.91462541218722
27.0,23.75,24.89415374029823
27.0,24.0,24.873895395791823
27.0,24.25,24.853846126863235
27.0,24.5,24.83400172142188
27.0,24.75,24.81435807082028
27.0,25.0,24.794911320411174
27.0,25.25,24.775657850553042
27.0,25.5,24.756594039306567
27.0,25.75,24.737716196022358
27.0,26.0,24.719020690020447
27.0,26.25,24.700503993929736
27.0,26.5,24.68216260761361
27.0,26.75,24.66399302973992
27.0,27.0,24.645991790401048
27.0,27.25,24.628155521601368
27.0,27.5,24.61048115518968
27.0,27.75,24.59296596944771
27.0,28.0,24.575607232792553
27.0,28.25,24.558401968671326
27.0,28.5,24.541347087932753
27.0,28.75,24.524439590670994
27.0,29.0,24.507676589806536
27.0,29.25,24.491055234863843
27.0,29.5,24.474572685136163
27.0,29.75,24.45822609094848
27.0,30.0,24.442012626287127
27.0,30.25,24.425929615520378
27.0,30.5,24.40997462069151
27.0,30.75,24.394145350660384
27.0,31.0,24.37843950719233
27.0,31.25,24.36285477990103
27.0,31.5,24.347388966847056
27.0,31.75,24.332040002659646
27.0,32.0,24.316805882661082
27.0,32.25,24.301684602803835
27.0,32.5,24.286674143992876
27.0,32.75,24.27177245560864
27.0,33.0,24.256977488893682
27.0,33.25,24.242287288453312
27.0,33.5,24.227700028838377
27.0,33.75,24.213213948047628
27.0,34.0,24.19882725053332
27.0,34.25,24.184538103952832
27.0,34.5,24.17034467836037
27.0,34.75,24.156245173434755
27.0,35.0,24.142237852917773
27.0,35.25,24.1283211108157
27.0,35.5,24.114493454638545
27.0,35.75,24.100753410670215
27.0,36.0,24.087099466488578
27.0,36.25,24.07353009387322
27.0,36.5,24.060043805393875
27.0,36.75,24.046639177041076
27.0,37.0,24.03331485181746
27.0,37.25,24.02006954892745
27.0,37.5,24.00690204089596
27.0,37.75,23.993811086058233
27.0,38.0,23.9807953962988
27.0,38.25,23.96785366107355
27.0,38.5,23.954984574482495
27.0,38.75,23.942186852606678
27.0,39.0,23.92945925011556
27.0,39.25,23.91680058421061
27.0,39.5,23.904209733909966
27.0,39.75,23.89168562268614
27.0,40.0,23.87922720320304
27.0,40.25,23.866833455185205
27.0,40.5,23.85450339690907
27.0,40.75,23.84223609547913
27.0,41.0,23.83003065484159
27.0,41.25,23.81788618090661
27.0,41.5,23.805801765207942
27.0,41.75,23.793776486511035
27.0,42.0,23.781809385277803
27.0,42.25,23.769899463701403
27.0,42.5,23.758045726743475
27.0,42.75,23.746247249573475
27.0,43.0,23.734503204297432
27.0,43.25,23.72281283020601
27.0,43.5,23.71117538057257
27.0,43.75,23.699590102810127
27.0,44.0,23.688056250175645
27.0,44.25,23.6765731031602
27.0,44.5,23.66513997569015
27.0,44.75,23.653756198074348
27.0,45.0,23.64242106901363
27.0,45.25,23.63113385133668
27.0,45.5,23.619893798094896
27.0,45.75,23.60870016656604
27.0,46.0,23.59755222650428
27.0,46.25,23.586449275027157
27.0,46.5,23.5753906730685
27.0,46.75,23.564375861850962
27.0,47.0,23.55340433087399
27.0,47.25,23.542475547428683
27.0,47.5,23.531588926768073
27.0,47.75,23.520743857379085
27.0,48.0,23.509939742641905
27.0,48.25,23.49917602783633
27.0,48.5,23.48845219555786
27.0,48.75,23.47776774132938
27.0,49.0,23.467122152250603
27.0,49.25,23.456514910038262
27.0,49.5,23.44594550542161
27.0,49.75,23.435413450837892
27.0,50.0,23.424918281578158
27.0,50.25,23.414459545292452
27.0,50.5,23.404036778692586
27.0,50.75,23.39364950733049
27.0,51.0,23.383297254912094
27.0,51.25,23.372979535426996
27.0,51.5,23.36269585335358
27.0,51.75,23.35244571625958
27.0,52.0,23.342228647520237
27.0,52.25,23.332044193965448
27.0,52.5,23.321891925494214
27.0,52.75,23.311771429649447
27.0,53.0,23.30168230276252
27.0,53.25,23.29162414873821
27.0,53.5,23.281596580984115
27.0,53.75,23.271599218896476
27.0,54.0,23.26163168659243
27.0,54.25,23.251693614580194
27.0,54.5,23.241784633910928
27.0,54.75,23.231904366136646
27.0,55.0,23.22205242814519
27.0,55.25,23.21222844579485
27.0,55.5,23.202432072596334
27.0,55.75,23.19266299397802
27.0,56.0,23.182920916793524
27.0,56.25,23.1732055509044
27.0,56.5,23.163516596365024
27.0,56.75,23.15385374723951
27.0,57.0,23.14421669579964
27.0,57.25,23.13460512206994
27.0,57.5,23.125018696861748
27.0,57.75,23.11545709361396
27.0,58.0,23.105919996983243
27.0,58.25,23.096407107309894
27.0,58.5,23.086918140386096
27.0,58.75,23.07745282397886
27.0,59.0,23.068010890376055
27.0,59.25,23.058592074881815
27.0,59.5,23.049196119161433
27.0,59.75,23.039822774880506
27.0,60.0,23.0304718061701
27.0,60.25,23.021142988840676
27.0,60.5,23.011836104912888
27.0,60.75,23.002550927744956
27.0,61.0,22.993287220234052
27.0,61.25,22.984044742865414
27.0,61.5,22.97482325720619
27.0,61.75,22.965622524793915
27.0,62.0,22.956442309655117
27.0,62.25,22.947282382495146
27.0,62.5,22.93814252400951
27.0,62.75,22.929022525953634
27.0,63.0,22.9199221893656
27.0,63.25,22.9108413157731
27.0,63.5,22.901779689204204
27.0,63.75,22.892737078304453
27.0,64.0,22.883713248498786
27.0,64.25,22.87470796685467
27.0,64.5,22.865721002039916
27.0,64.75,22.85675212706811
27.0,65.0,22.847801123932154
27.0,65.25,22.83886779038431
27.0,65.5,22.82995194344042
27.0,65.75,22.82105341598775
27.0,66.0,22.81217205055014
27.0,66.25,22.80330769072601
27.0,66.5,22.79446017949713
27.0,66.75,22.785629360543023
27.0,67.0,22.776815071395596
27.0,67.25,22.76801713277801
27.0,67.5,22.75923535335619
27.0,67.75,22.750469540454798
27.0,68.0,22.741719506429853
27.0,68.25,22.732985071430708
27.0,68.5,22.724266064177346
27.0,68.75,22.715562320912255
27.0,69.0,22.706873680965643
27.0,69.25,22.69819998463528
27.0,69.5,22.68954107518719
27.0,69.75,22.680896799927446
27.0,70.0,22.672267006463116
27.0,70.25,22.663651542402633
27.0,70.5,22.65505025835377
27.0,70.75,22.646463008622423
27.0,71.0,22.637889647077106
27.0,71.25,22.62933002765598
27.0,71.5,22.62078400725692
27.0,71.75,22.61225144375355
27.0,72.0,22.60373218890595
27.0,72.25,22.595226090052353
27.0,72.5,22.586732995896565
27.0,72.75,22.57825275798166
27.0,73.0,22.569785228179455
27.0,73.25,22.561330259935442
27.0,73.5,22.552887711559922
27.0,73.75,22.544457449361442
27.0,74.0,22.536039350939856
27.0,74.25,22.52763330447592
27.0,74.5,22.519239205526848
27.0,74.75,22.510856952202737
27.0,75.0,22.502486441138675
27.0,75.25,22.49412756844891
27.0,75.5,22.48578023083457
27.0,75.75,22.477444320466404
27.0,76.0,22.469119722212564
27.0,76.25,22.460806317779795
27.0,76.5,22.452503990371486
27.0,76.75,22.444212626367456
27.0,77.0,22.43593211595563
27.0,77.25,22.427662353880702
27.0,77.5,22.41940323872946
27.0,77.75,22.411154668322336
27.0,78.0,22.402916538827277
27.0,78.25,22.394688747531056
27.0,78.5,22.38647119058204
27.0,78.75,22.37826374691925
27.0,79.0,22.370066278878188
27.0,79.25,22.361878643920758
27.0,79.5,22.353700704647338
27.0,79.75,22.34553234243718
27.0,80.0,22.337373463594222
27.0,80.25,22.32922399319604
27.0,80.5,22.321083862548505
27.0,80.75,22.31295298689832
27.0,81.0,22.304831263450392
27.0,81.25,22.296718582339203
27.0,81.5,22.288614833088193
27.0,81.75,22.280519904007893
27.0,82.0,22.272433682956024
27.0,82.25,22.2643560604327
27.0,82.5,22.256286931331058
27.0,82.75,22.24822619395863
27.0,83.0,22.240173749453103
27.0,83.25,22.232129502746844
27.0,83.5,22.224093362315205
27.0,83.75,22.216065235290806
27.0,84.0,22.208045024866312
27.0,84.25,22.200032633261713
27.0,84.5,22.192027965249363
27.0,84.75,22.184030929736885
27.0,85.0,22.176041440169417
27.0,85.25,22.1680594147193
27.0,85.5,22.160084775684638
27.0,85.75,22.152117446206095
27.0,86.0,22.144157347462215
27.0,86.25,22.13620440014272
27.0,86.5,22.12825852606737
27.0,86.75,22.120319644976746
27.0,87.0,22.112387671661246
27.0,87.25,22.104462518676662
27.0,87.5,22.096544099537322
27.0,87.75,22.08863232711954
27.0,88.0,22.080727110684776
27.0,88.25,22.072828358019578
27.0,88.5,22.064935978868007
27.0,88.75,22.057049884511216
27.0,89.0,22.04916998331939
27.0,89.25,22.041296181785736
27.0,89.5,22.033428388422877
27.0,89.75,22.025566515847267
27.0,90.0,22.01771048091035
27.0,90.25,22.00986020469189
27.0,90.5,22.002015612792793
27.0,90.75,21.994176634367165
27.0,91.0,21.986343197611856
27.0,91.25,21.978515228537088
27.0,91.5,21.970692653519986
27.0,91.75,21.96287539991604
27.0,92.0,21.95506339024068
27.0,92.25,21.947256540746285
27.0,92.5,21.939454765849263
27.0,92.75,21.93165798202259
27.0,93.0,21.923866109035696
27.0,93.25,21.916079069769722
27.0,93.5,21.90829679067368
27.0,93.75,21.90051920149539
27.0,94.0,21.89274623090134
27.0,94.25,21.884977802219417
27.0,94.5,21.87721383574413
27.0,94.75,21.869454252764804
27.0,95.0,21.861698976193026
27.0,95.25,21.85394792758688
27.0,95.5,21.84620102797185
27.0,95.75,21.838458200714474
27.0,96.0,21.83071937178018
27.0,96.25,21.822984465081394
27.0,96.5,21.81525340256809
27.0,96.75,21.807526107613565
27.0,97.0,21.79980250604223
27.0,97.25,21.792082522486265
27.0,97.5,21.784366079587826
27.0,97.75,21.776653100792718
27.0,98.0,21.768943511877815
27.0,98.25,21.761237238212065
27.0,98.5,21.75353420299454
27.0,98.75,21.745834329485344
27.0,99.0,21.738137542938745
27.0,99.25,21.730443768376038
27.0,99.5,21.722752928565544
27.0,99.75,21.715064946097264
27.0,100.0,21.70737974591074
27.0,100.25,21.699697254404718
27.0,100.5,21.692017395479343
27.0,100.75,21.68434009150284
27.0,101.0,21.676665266689113
27.0,101.25,21.668992847646383
27.0,101.5,21.661322758902465
27.0,101.75,21.653654923224664
27.0,102.0,21.645989265039546
27.0,102.25,21.638325711287052
27.0,102.5,21.630664187119454
27.0,102.75,21.623004614010533
27.0,103.0,21.6153469127731
27.0,103.25,21.607691006108936
27.0,103.5,21.600036817140982
27.0,103.75,21.59238426826131
27.0,104.0,21.584733283006845
27.0,104.25,21.57708378785212
27.0,104.5,21.56943571071142
27.0,104.75,21.56178897712535
27.0,105.0,21.554143511310972
27.0,105.25,21.546499239393025
27.0,105.5,21.53885608958517
27.0,105.75,21.531213986457953
27.0,106.0,21.52357285073023
27.0,106.25,21.515932603420474
27.0,106.5,21.508293167838723
27.0,106.75,21.500654467117627
27.0,107.0,21.493016423338567
27.0,107.25,21.48537895981175
27.0,107.5,21.477742002345657
27.0,107.75,21.470105475424408
27.0,108.0,21.462469297098295
27.0,108.25,21.454833381367376
27.0,108.5,21.447197643082397
27.0,108.75,21.439562000229245
27.0,109.0,21.431926374274465
27.0,109.25,21.424290690704183
27.0,109.5,21.416654879584033
27.0,109.75,21.409018872651565
27.0,110.0,21.401382591163053
27.0,110.25,21.39374594391548
27.0,110.5,21.38610883483221
27.0,110.75,21.37847116919758
27.0,111.0,21.370832856797133
27.0,111.25,21.363193813079057
27.0,111.5,21.35555395932752
27.0,111.75,21.347913221507067
27.0,112.0,21.34027152569305
27.0,112.25,21.3326287952356
27.0,112.5,21.324984952865766
27.0,112.75,21.317339923217812
27.0,113.0,21.309693631622196
27.0,113.25,21.30204600029117
27.0,113.5,21.294396949568107
27.0,113.75,21.286746401409548
27.0,114.0,21.279094277723146
27.0,114.25,21.271440487154123
27.0,114.5,21.2637849249818
27.0,114.75,21.25612748241903
27.0,115.0,21.248468053597993
27.0,115.25,21.24080654070421
27.0,115.5,21.23314285489904
27.0,115.75,21.225476914909073
27.0,116.0,21.217808643389716
27.0,116.25,21.21013795619452
27.0,116.5,21.202464758783897
27.0,116.75,21.194788951969795
27.0,117.0,21.18711043774602
27.0,117.25,21.179429122395288
27.0,117.5,21.171744917688148
27.0,117.75,21.164057741058286
27.0,118.0,21.156367514298207
27.0,118.25,21.148674157736636
27.0,118.5,21.14097758452266
27.0,118.75,21.133277703140248
27.0,119.0,21.12557442233942
27.0,119.25,21.117867652835113
27.0,119.5,21.11015730665817
27.0,119.75,21.10244329802169
27.0,120.0,21.094725544684035
27.0,120.25,21.087003964631087
27.0,120.5,21.079278462573892
27.0,120.75,21.071548930466726
27.0,121.0,21.063815256712
27.0,121.25,21.056077332592167
27.0,121.5,21.048335056851805
27.0,121.75,21.040588336505234
27.0,122.0,21.032837085568
27.0,122.25,21.025081221762395
27.0,122.5,21.01732065702356
27.0,122.75,21.009555295174714
27.0,123.0,21.001785037076097
27.0,123.25,20.99400978493392
27.0,123.5,20.986229443421614
27.0,123.75,20.978443920127557
27.0,124.0,20.970653126393408
27.0,124.25,20.96285697574312
27.0,124.5,20.9550553739518
27.0,124.75,20.94724821144765
27.0,125.0,20.939435368677458
27.0,125.25,20.931616725199095
27.0,125.5,20.92379216744187
27.0,125.75,20.915961592537577
27.0,126.0,20.908124907214965
27.0,126.25,20.900282024834457
27.0,126.5,20.892432860675058
27.0,126.75,20.884577327697848
27.0,127.0,20.876715337479304
27.0,127.25,20.86884680222964
27.0,127.5,20.860971631488404
27.0,127.75,20.853089724580485
27.0,128.0,20.84520097273629
27.0,128.25,20.837305265718904
27.0,128.5,20.82940249598369
27.0,128.75,20.821492560723133
27.0,129.0,20.813575362336685
27.0,129.25,20.80565080800808
27.0,129.5,20.797718807562013
27.0,129.75,20.789779268653895
27.0,130.0,20.78183209690449
27.0,130.25,20.77387719873954
27.0,130.5,20.765914480081438
27.0,130.75,20.757943836131453
27.0,131.0,20.749965151896223
27.0,131.25,20.741978309324008
27.0,131.5,20.733983188426876
27.0,131.75,20.725979658524366
27.0,132.0,20.717967579645958
27.0,132.25,20.709946811173378
27.0,132.5,20.70191722329256
27.0,132.75,20.69387871072113
27.0,133.0,20.685831190640066
27.0,133.25,20.677774592615922
27.0,133.5,20.669708844450142
27.0,133.75,20.661633846358274
27.0,134.0,20.653549471226594
27.0,134.25,20.645455580801002
27.0,134.5,20.637352040823064
27.0,134.75,20.629238733185936
27.0,135.0,20.621115555566984
27.0,135.25,20.612982415324606
27.0,135.5,20.604839223940925
27.0,135.75,20.596685892635485
27.0,136.0,20.588522331955676
27.0,136.25,20.5803484514878
27.0,136.5,20.572164151222943
27.0,136.75,20.563969309299527
27.0,137.0,20.555763786428923
27.0,137.25,20.54754743914826
27.0,137.5,20.539320135911872
27.0,137.75,20.531081765175635
27.0,138.0,20.52283223106809
27.0,138.25,20.51457144623122
27.0,138.5,20.506299325986028
27.0,138.75,20.49801578554038
27.0,139.0,20.48972073997245
27.0,139.25,20.481414102799715
27.0,139.5,20.4730957779896
27.0,139.75,20.46476565792837
27.0,140.0,20.456423628623487
27.0,140.25,20.448069574157497
27.0,140.5,20.439703377715194
27.0,140.75,20.43132492267491
27.0,141.0,20.42293409387756
27.0,141.25,20.414530777805915
27.0,141.5,20.406114861973265
27.0,141.75,20.397686235071003
27.0,142.0,20.389244788654445
27.0,142.25,20.380790422858254
27.0,142.5,20.37232305018471
27.0,142.75,20.363842592296983
27.0,143.0,20.355348973573523
27.0,143.25,20.34684211119381
27.0,143.5,20.3383219114404
27.0,143.75,20.32978827371444
27.0,144.0,20.321241100275063
27.0,144.25,20.312680316003185
27.0,144.5,20.30410586848147
27.0,144.75,20.295517715483072
27.0,145.0,20.28691581049321
27.0,145.25,20.27830008491615
27.0,145.5,20.269670448725783
27.0,145.75,20.261026802202153
27.0,146.0,20.252369050023464
27.0,146.25,20.243697109483353
27.0,146.5,20.235010907733557
27.0,146.75,20.226310374640708
27.0,147.0,20.21759543296117
27.0,147.25,20.208865995615042
27.0,147.5,20.200121970586185
27.0,147.75,20.1913632738757
27.0,148.0,20.182589847470986
27.0,148.25,20.173801656236083
27.0,148.5,20.164998673005776
27.0,148.75,20.15618086082483
27.0,149.0,20.147348160917886
27.0,149.25,20.13850049620728
27.0,149.5,20.129637782972562
27.0,149.75,20.12075994907906
27.0,150.0,20.111866937156464
27.0,150.25,20.102958697533722
27.0,150.5,20.09403518481433
27.0,150.75,20.08509635817589
27.0,151.0,20.076142179117593
27.0,151.25,20.06717261098779
27.0,151.5,20.058187628643243
27.0,151.75,20.049187221676046
27.0,152.0,20.0401713870612
27.0,152.25,20.031140117824133
27.0,152.5,20.022093385642354
27.0,152.75,20.013031139841193
27.0,153.0,20.003953318728122
27.0,153.25,19.994859867025806
27.0,153.5,19.98575074566647
27.0,153.75,19.97662592656191
27.0,154.0,19.96748538024588
27.0,154.25,19.958329057686147
27.0,154.5,19.949156888996527
27.0,154.75,19.939968799565985
27.0,155.0,19.930764746875713
27.0,155.25,19.92154473268421
27.0,155.5,19.91230878524012
27.0,155.75,19.9030569402988
27.0,156.0,19.893789229623273
27.0,156.25,19.884505676802867
27.0,156.5,19.875206294540558
27.0,156.75,19.86589107547556
27.0,157.0,19.856559988927263
27.0,157.25,19.847212991719303
27.0,157.5,19.837850057762175
27.0,157.75,19.828471203808846
27.0,158.0,19.819076479805986
27.0,158.25,19.80966594763532
27.0,158.5,19.800239667889365
27.0,158.75,19.790797694056813
27.0,159.0,19.781340073064758
27.0,159.25,19.77186685651349
27.0,159.5,19.76237811028285
27.0,159.75,19.752873908842776
27.0,160.0,19.743354330158255
27.0,160.25,19.73381946775094
27.0,160.5,19.724269428196866
27.0,160.75,19.714704315747355
27.0,161.0,19.70512420915943
27.0,161.25,19.695529142749777
27.0,161.5,19.685919114712686
27.0,161.75,19.676294111909854
27.0,162.0,19.66665413472318
27.0,162.25,19.656999198434406
27.0,162.5,19.647329330988047
27.0,162.75,19.63764459477851
27.0,163.0,19.627945082931447
27.0,163.25,19.6182308979388
27.0,163.5,19.60850213363193
27.0,163.75,19.59875886625439
27.0,164.0,19.58900115878231
27.0,164.25,19.57922908331978
27.0,164.5,19.56944274603835
27.0,164.75,19.5596422797471
27.0,165.0,19.549827824659967
27.0,165.25,19.539999518431117
27.0,165.5,19.53015749118239
27.0,165.75,19.520301863718217
27.0,166.0,19.510432752232695
27.0,166.25,19.500550273084293
27.0,166.5,19.49065453986252
27.0,166.75,19.48074565653748
27.0,167.0,19.47082370950584
27.0,167.25,19.46088876753435
27.0,167.5,19.45094088839227
27.0,167.75,19.44098013117249
27.0,168.0,19.43100655848627
27.0,168.25,19.42102023682387
27.0,168.5,19.411021254377435
27.0,168.75,19.40100972424505
27.0,169.0,19.39098577059743
27.0,169.25,19.38094951723119
27.0,169.5,19.370901082082273
27.0,169.75,19.360840574955496
27.0,170.0,19.350768099903714
27.0,170.25,19.34068376141877
27.0,170.5,19.330587663448597
27.0,170.75,19.320479910734058
27.0,171.0,19.310360627201053
27.0,171.25,19.300229954286056
27.0,171.5,19.290088035609102
27.0,171.75,19.2799350037569
27.0,172.0,19.26977097424503
27.0,172.25,19.25959604671662
27.0,172.5,19.249410307700632
27.0,172.75,19.239213832541513
27.0,173.0,19.229006688204667
27.0,173.25,19.218788941397673
27.0,173.5,19.20856066834823
27.0,173.75,19.198321952822543
27.0,174.0,19.188072883303136
27.0,174.25,19.177813558808353
27.0,174.5,19.1675440855352
27.0,174.75,19.15726456659168
27.0,175.0,19.146975089342074
27.0,175.25,19.136675722741302
27.0,175.5,19.12636652573746
27.0,175.75,19.116047566310982
27.0,176.0,19.10571892657317
27.0,176.25,19.095380692989703
27.0,176.5,19.085032942050177
27.0,176.75,19.074675732451244
27.0,177.0,19.0643091089167
27.0,177.25,19.053933113119857
27.0,177.5,19.04354779110831
27.0,177.75,19.033153192568722
27.0,178.0,19.022749371037087
27.0,178.25,19.012336386249597
27.0,178.5,19.001914301129876
27.0,178.75,18.991483177328867
27.0,179.0,18.981043073174174
27.0,179.25,18.97059404255222
27.0,179.5,18.96013613258334
27.0,179.75,18.94966937708518
27.0,180.0,18.939193796570052
27.0,180.25,18.92870940245072
27.0,180.5,18.918216198946684
27.0,180.75,18.9077141846569
27.0,181.0,18.89720335529998
27.0,181.25,18.88668370863767
27.0,181.5,18.87615524629843
27.0,181.75,18.86561797041647
27.0,182.0,18.855071874896062
27.0,182.25,18.844516939827752
27.0,182.5,18.83395313432468
27.0,182.75,18.823380419473636
27.0,183.0,18.812798749325967
27.0,183.25,18.80220807317449
27.0,183.5,18.791608335675537
27.0,183.75,18.78099947516118
27.0,184.0,18.770381425233552
27.0,184.25,18.75975411506388
27.0,184.5,18.74911746688623
27.0,184.75,18.73847139823857
27.0,185.0,18.727815826422308
27.0,185.25,18.717150671500605
27.0,185.5,18.70647585692906
27.0,185.75,18.695791306677858
27.0,186.0,18.68509693760441
27.0,186.25,18.674392659755465
27.0,186.5,18.663678376879464
27.0,186.75,18.652953972643648
27.0,187.0,18.64221931155981
27.0,187.25,18.631474246043858
27.0,187.5,18.62071860642865
27.0,187.75,18.60995220352901
27.0,188.0,18.599174841424784
27.0,188.25,18.58838632488444
27.0,188.5,18.5775864635051
27.0,188.75,18.566775068589536
27.0,189.0,18.55595193247819
27.0,189.25,18.545116828195955
27.0,189.5,18.534269519414366
27.0,189.75,18.523409757388603
27.0,190.0,18.512537286705484
27.0,190.25,18.501651862261753
27.0,190.5,18.49075327017317
27.0,190.75,18.479841327561385
27.0,191.0,18.468915861839847
27.0,191.25,18.45797666796663
27.0,191.5,18.44702350508394
27.0,191.75,18.43605611332047
27.0,192.0,18.425074213183766
27.0,192.25,18.4140775120747
27.0,192.5,18.40306570700614
27.0,192.75,18.392038465381816
27.0,193.0,18.380995431108918
27.0,193.25,18.3699362488632
27.0,193.5,18.358860583380213
27.0,193.75,18.347768118452404
27.0,194.0,18.33665852450736
27.0,194.25,18.32553140905965
27.0,194.5,18.31438632935742
27.0,194.75,18.303222846247017
27.0,195.0,18.29204055913352
27.0,195.25,18.280839103256753
27.0,195.5,18.26961812590306
27.0,195.75,18.25837727046493
27.0,196.0,18.247116175543226
27.0,196.25,18.23583446821222
27.0,196.5,18.224531760439646
27.0,196.75,18.21320764041778
27.0,197.0,18.20186160762809
27.0,197.25,18.19049305070528
27.0,197.5,18.17910132051678
27.0,197.75,18.16768584763716
27.0,198.0,18.156246158154563
27.0,198.25,18.144781798267083
27.0,198.5,18.13329222013453
27.0,198.75,18.12177678404094
27.0,199.0,18.110234842782635
27.0,199.25,18.098665798516517
27.0,199.5,18.087069092344226
27.0,199.75,18.07544413624142
27.0,200.0,18.06379028118285
27.0,200.25,18.052106847885444
27.0,200.5,18.040393180094352
27.0,200.75,18.028648654926396
27.0,201.0,18.016872641249382
27.0,201.25,18.00506443677789
27.0,201.5,17.993223279704665
27.0,201.75,17.981348410641395
27.0,202.0,17.969439107935013
27.0,202.25,17.957494659727466
27.0,202.5,17.945514250329417
27.0,202.75,17.933496949287555
27.0,203.0,17.92144181046387
27.0,203.25,17.909347957891505
27.0,203.5,17.89721457925698
27.0,203.75,17.885040854182943
27.0,204.0,17.872825917629545
27.0,204.25,17.860568851892307
27.0,204.5,17.848268658331186
27.0,204.75,17.835924275950852
27.0,205.0,17.823534630560275
27.0,205.25,17.811098656898093
27.0,205.5,17.798615262103823
27.0,205.75,17.786083238264187
27.0,206.0,17.773501299166448
27.0,206.25,17.760868258052078
27.0,206.5,17.748183078473428
27.0,206.75,17.735444756055646
27.0,207.0,17.722652152219055
27.0,207.25,17.709803965485328
27.0,207.5,17.6968987350141
27.0,207.75,17.683934896201915
27.0,208.0,17.67091093071038
27.0,208.25,17.65782544998438
27.0,208.5,17.64467713728609
27.0,208.75,17.63146463874908
27.0,209.0,17.618186531504747
27.0,209.25,17.60484132850119
27.0,209.5,17.591427470231565
27.0,209.75,17.577943248326633
27.0,210.0,17.564386775453148
27.0,210.25,17.550756133163127
27.0,210.5,17.53704952631252
27.0,210.75,17.523265223502786
27.0,211.0,17.509401371113324
27.0,211.25,17.495455989642466
27.0,211.5,17.481427145593535
27.0,211.75,17.467312972985855
27.0,212.0,17.453111550790787
27.0,212.25,17.438820828067172
27.0,212.5,17.424438575625217
27.0,212.75,17.409962406115376
27.0,213.0,17.395389930915126
27.0,213.25,17.380718829386687
27.0,213.5,17.36594669879792
27.0,213.75,17.351070952857352
27.0,214.0,17.336089012985788
27.0,214.25,17.320998426333595
27.0,214.5,17.3057965834574
27.0,214.75,17.290480459549027
27.0,215.0,17.275046808957757
27.0,215.25,17.259492385815427
27.0,215.5,17.243813960875617
27.0,215.75,17.228008213606014
27.0,216.0,17.212071506477443
27.0,216.25,17.195999960106192
27.0,216.5,17.17978985965978
27.0,216.75,17.16343772061452
27.0,217.0,17.146940124081468
27.0,217.25,17.130293530260904
27.0,217.5,17.113494124814746
27.0,217.75,17.096537721506007
27.0,218.0,17.079419808853075
27.0,218.25,17.06213580892823
27.0,218.5,17.044681301160562
27.0,218.75,17.027052052529275
27.0,219.0,17.009243591823434
27.0,219.25,16.991251007018334
27.0,219.5,16.973069268510013
27.0,219.75,16.954693150559894
27.0,220.0,16.93611705736916
27.0,220.25,16.9173354154626
27.0,220.5,16.898342797768855
27.0,220.75,16.879133676030477
27.0,221.0,16.859702010759555
27.0,221.25,16.840041288824104
27.0,221.5,16.82014470709047
27.0,221.75,16.80000522450417
27.0,222.0,16.779616051906373
27.0,222.25,16.758970546875886
27.0,222.5,16.738061668468657
27.0,222.75,16.71688234579728
27.0,223.0,16.695425655549233
27.0,223.25,16.673684398867064
27.0,223.5,16.651650757552016
27.0,223.75,16.629316601373805
27.0,224.0,16.606673831452994
27.0,224.25,16.583714620610586
27.0,224.5,16.56043146487324
27.0,224.75,16.53681701953423
27.0,225.0,16.512863646985625
27.0,225.25,16.488562736779087
27.0,225.5,16.463905483803117
27.0,225.75,16.438883759369418
27.0,226.0,16.413489913478283
27.0,226.25,16.387716685058386
27.0,226.5,16.36155701556113
27.0,226.75,16.335003868658184
27.0,227.0,16.308050380923337
27.0,227.25,16.28069016964913
27.0,227.5,16.252917082447986
27.0,227.75,16.22472533643846
27.0,228.0,16.19611024679836
27.0,228.25,16.16706777627061
27.0,228.5,16.137594558201656
27.0,228.75,16.10768782383171
27.0,229.0,16.07734526121508
27.0,229.25,16.04656579806984
27.0,229.5,16.01534967476488
27.0,229.75,15.98369790008514
27.0,230.0,15.951612133315871
27.0,230.25,15.919094745712213
27.0,230.5,15.88614875865469
27.0,230.75,15.852778419844652
27.0,231.0,15.81898947382294
27.0,231.25,15.784788720302618
27.0,231.5,15.750186826174104
27.0,231.75,15.715209911185184
27.0,232.0,15.679898512497763
27.0,232.25,15.644298004579785
27.0,232.5,15.608452093851435
27.0,232.75,15.572399980539247
27.0,233.0,15.536175595240408
27.0,233.25,15.49980779454105
27.0,233.5,15.46332092980914
27.0,233.75,15.426735510512863
27.0,234.0,15.39006883966795
27.0,234.25,15.35333557458473
27.0,234.5,15.316548201295857
27.0,234.75,15.279717426531032
27.0,235.0,15.242852497084094
27.0,235.25,15.205961457920228
27.0,235.5,15.169051359872238
27.0,235.75,15.132128426488155
27.0,236.0,15.095198188099436
27.0,236.25,15.058265589744954
27.0,236.5,15.021335078318657
27.0,236.75,14.984410673236772
27.0,237.0,14.947496024038571
27.0,237.25,14.910594457620945
27.0,237.5,14.873709017236175
27.0,237.75,14.83684249492913
27.0,238.0,14.79999745873231
27.0,238.25,14.763176275655626
27.0,238.5,14.726381131286972
27.0,238.75,14.689614046646426
27.0,239.0,14.652876892801444
27.0,239.25,14.61617140364438
27.0,239.5,14.579499187150558
27.0,239.75,14.542861735370206
27.0,240.0,14.506260433356601
27.0,240.25,14.469696567192834
27.0,240.5,14.433171331248158
27.0,240.75,14.396685834770247
27.0,241.0,14.360241107900157
27.0,241.25,14.323838107181368
27.0,241.5,14.287477720622057
27.0,241.75,14.251160772360013
27.0,242.0,14.21488802697181
27.0,242.25,14.178660193461573
27.0,242.5,14.14247792895966
27.0,242.75,14.106341842157425
27.0,243.0,14.070252496500867
27.0,243.25,14.034210413163256
27.0,243.5,13.998216073814413
27.0,243.75,13.962269923202491
27.0,244.0,13.926372371562454
27.0,244.25,13.89052379686401
27.0,244.5,13.85472454691062
27.0,244.75,13.818974941300175
27.0,245.0,13.78327527325695
27.0,245.25,13.747625811343768
27.0,245.5,13.71202680106251
27.0,245.75,13.676478466350511
27.0,246.0,13.640981010979825
27.0,246.25,13.605534619865796
27.0,246.5,13.570139460290973
27.0,246.75,13.534795683049895
27.0,247.0,13.499503423519974
27.0,247.25,13.464262802663267
27.0,247.5,13.429073927963678
27.0,247.75,13.393936894303742
27.0,248.0,13.358851784784948
27.0,248.25,13.323818671495257
27.0,248.5,13.288837616227177
27.0,248.75,13.253908671149683
27.0,249.0,13.219031879436844
27.0,249.25,13.184207275856078
27.0,249.5,13.149434887318513
27.0,249.75,13.114714733393983
27.0,250.0,13.080046826792902
27.0,250.25,13.045431173817146
27.0,250.5,13.010867774781929
27.0,250.75,12.976356624410588
27.0,251.0,12.941897712203946
27.0,251.25,12.907491022785926
27.0,251.5,12.873136536226971
27.0,251.75,12.838834228346641
27.0,252.0,12.804584070996754
27.0,252.25,12.770386032326316
27.0,252.5,12.736240077029438
27.0,252.75,12.70214616657725
27.0,253.0,12.668104259434974
27.0,253.25,12.63411431126497
27.0,253.5,12.600176275116745
27.0,253.75,12.56629010160474
27.0,254.0,12.532455739074672
27.0,254.25,12.498673133759171
27.0,254.5,12.464942229923402
27.0,254.75,12.431262970001304
27.0,255.0,12.397635294723084
27.0,255.25,12.364059143234469
27.0,255.5,12.33053445320831
27.0,255.75,12.297061160948969
27.0,256.0,12.263639201490005
27.0,256.25,12.230268508685553
27.0,256.5,12.196949015295823
27.0,256.75,12.163680653067072
27.0,257.0,12.130463352806448
27.0,257.25,12.09729704445197
27.0,257.5,12.064181657138032
27.0,257.75,12.031117119256658
27.0,258.0,11.998103358514793
27.0,258.25,11.965140301987933
27.0,258.5,11.932227876170261
27.0,258.75,11.899366007021538
27.0,259.0,11.866554620010996
27.0,259.25,11.833793640158357
27.0,259.5,11.801082992072221
27.0,259.75,11.76842259998596
27.0,260.0,11.735812387791299
27.0,260.25,11.703252279069696
27.0,260.5,11.670742197121719
27.0,260.75,11.638282064994495
27.0,261.0,11.605871805507388
27.0,261.25,11.573511341275998
27.0,261.5,11.541200594734613
27.0,261.75,11.508939488157194
27.0,262.0,11.476727943677002
27.0,262.25,11.44456588330491
27.0,262.5,11.412453228946585
27.0,262.75,11.380389902418484
27.0,263.0,11.348375825462837
27.0,263.25,11.316410919761646
27.0,263.5,11.284495106949766
27.0,263.75,11.252628308627113
27.0,264.0,11.220810446370091
27.0,264.25,11.189041441742257
27.0,264.5,11.157321216304275
27.0,264.75,11.125649691623225
27.0,265.0,11.09402678928129
27.0,265.25,11.062452430883868
27.0,265.5,11.030926538067138
27.0,265.75,10.999449032505135
27.0,266.0,10.968019835916351
27.0,266.25,10.936638870069865
27.0,266.5,10.905306056791112
27.0,266.75,10.874021317967223
27.0,267.0,10.842784575552015
27.0,267.25,10.811595751570644
27.0,267.5,10.780454768123958
27.0,267.75,10.749361547392514
27.0,268.0,10.71831601164035
27.0,268.25,10.6873180832185
27.0,268.5,10.656367684568233
27.0,268.75,10.625464738224103
27.0,269.0,10.594609166816767
27.0,269.25,10.563800893075596
27.0,269.5,10.533039839831135
27.0,269.75,10.50232593001733
27.0,270.0,10.47165908667366
27.0,270.25,10.441039232947066
27.0,270.5,10.410466292093762
27.0,270.75,10.379940187480898
27.0,271.0,10.349460842588119
27.0,271.25,10.319028181008983
27.0,271.5,10.288642126452284
27.0,271.75,10.258302602743278
27.0,272.0,10.228009533824796
27.0,272.25,10.19776284375828
27.0,272.5,10.167562456724736
27.0,272.75,10.137408297025605
27.0,273.0,10.107300289083557
27.0,273.25,10.077238357443223
27.0,273.5,10.047222426771876
27.0,273.75,10.017252421860007
27.0,274.0,9.987328267621903
30.0,0.0,30.00109510360336
30.0,0.25,30.045222529789054
30.0,0.5,30.063819711747183
30.0,0.75,30.078032811938662
30.0,1.0,30.089944996627878
30.0,1.25,30.10026302756639
30.0,1.5,30.10917162179583
30.0,1.75,30.116578039868
30.0,2.0,30.122251690015418
30.0,2.25,30.125920058116364
30.0,2.5,30.12732850582362
30.0,2.75,30.126271077047246
30.0,3.0,30.12260147002333
30.0,3.25,30.11623230300158
30.0,3.5,30.107128492977647
30.0,3.75,30.095298381875686
30.0,4.0,30.08078464320747
30.0,4.25,30.063655973906457
30.0,4.5,30.04399997243625
30.0,4.75,30.021917277390145
30.0,5.0,29.997516880496008
30.0,5.25,29.970912461939697
30.0,5.5,29.942219580087887
30.0,5.75,29.911553556426593
30.0,6.0,29.87902791563911
30.0,6.25,29.8447532627422
30.0,6.5,29.808836500409388
30.0,6.75,29.7713803084507
30.0,7.0,29.732482823400836
30.0,7.25,29.692237469346576
30.0,7.5,29.650732901788487
30.0,7.75,29.608053034852112
30.0,8.0,29.56427712890815
30.0,8.25,29.51947992096502
30.0,8.5,29.473731784346086
30.0,8.75,29.427098907397028
30.0,9.0,29.37964348347894
30.0,9.25,29.33142390644662
30.0,9.5,29.282494967311496
30.0,9.75,29.232908048943457
30.0,10.0,29.182711316551536
30.0,10.25,29.131949902360756
30.0,10.5,29.080666083417412
30.0,10.75,29.028899451845426
30.0,11.0,28.976687077169714
30.0,11.25,28.924063660541425
30.0,11.5,28.871061680861303
30.0,11.75,28.817711532914913
30.0,12.0,28.764041657717158
30.0,12.25,28.71007866532159
30.0,12.5,28.655847450388475
30.0,12.75,28.60137130082931
30.0,13.0,28.546671999858216
30.0,13.25,28.49176992178515
30.0,13.5,28.436684121884234
30.0,13.75,28.381432420664567
30.0,14.0,28.3260314828621
30.0,14.25,28.2704968914596
30.0,14.5,28.21484321702976
30.0,14.75,28.15908408268258
30.0,15.0,28.10323222488509
30.0,15.25,28.047299550406983
30.0,15.5,27.99129718963259
30.0,15.75,27.935235546465872
30.0,16.0,27.879124345042232
30.0,16.25,27.822972673448376
30.0,16.5,27.766789082515423
30.0,16.75,27.710587874184398
30.0,17.0,27.65441263134394
30.0,17.25,27.59833516757353
30.0,17.5,27.542437378166156
30.0,17.75,27.4867993226906
30.0,18.0,27.431493084180868
30.0,18.25,27.37658054215707
30.0,18.5,27.32211451108908
30.0,18.75,27.26814006155503
30.0,19.0,27.214695236679912
30.0,19.25,27.16181137812984
30.0,19.5,27.109514428997823
30.0,19.75,27.0578256119571
30.0,20.0,27.006762020800547
30.0,20.25,26.956337555233002
30.0,20.5,26.906563312403787
30.0,20.75,26.857447655713873
30.0,21.0,26.808996727040384
30.0,21.25,26.76121467276544
30.0,21.5,26.714103816224675
30.0,21.75,26.667664536992778
30.0,22.0,26.621895439739454
30.0,22.25,26.576794004138677
30.0,22.5,26.532357164483336
30.0,22.75,26.488581237258714
30.0,23.0,26.44546172393631
30.0,23.25,26.402993581275105
30.0,23.5,26.361170819372237
30.0,23.75,26.31998676429212
30.0,24.0,26.279433889367418
30.0,24.25,26.2395037418442
30.0,24.5,26.20018743111815
30.0,24.75,26.16147619014991
30.0,25.0,26.123361396116543
30.0,25.25,26.085834124678563
30.0,25.5,26.04888502135361
30.0,25.75,26.012504196528585
30.0,26.0,25.976681986887133
30.0,26.25,25.94140880992335
30.0,26.5,25.906674743477623
30.0,26.75,25.872469588577264
30.0,27.0,25.838783109390924
30.0,27.25,25.805605375374153
30.0,27.5,25.772926748154877
30.0,27.75,25.740737561710855
30.0,28.0,25.70902786331284
30.0,28.25,25.677787485397182
30.0,28.5,25.647006657920638
30.0,28.75,25.61667590682352
30.0,29.0,25.5867856921968
30.0,29.25,25.557326879486958
30.0,29.5,25.52829061816009
30.0,29.75,25.49966803911971
30.0,30.0,25.471450402064676
30.0,30.25,25.443629171615413
30.0,30.5,25.416195891145964
30.0,30.75,25.38914204996997
30.0,31.0,25.362459119316476
30.0,31.25,25.336138592577694
30.0,31.5,25.310172003362766
30.0,31.75,25.28455123287533
30.0,32.0,25.259268649541205
30.0,32.25,25.234316540325764
30.0,32.5,25.20968700964854
30.0,32.75,25.185372422181228
30.0,33.0,25.16136568024939
30.0,33.25,25.137660195874357
30.0,33.5,25.114249527025603
30.0,33.75,25.091127225535313
30.0,34.0,25.068287006671323
30.0,34.25,25.04572285851153
30.0,34.5,25.023429008251878
30.0,34.75,25.00139963592104
30.0,35.0,24.979628794828713
30.0,35.25,24.95811084002738
30.0,35.5,24.936840540402002
30.0,35.75,24.915812664435702
30.0,36.0,24.895021844333375
30.0,36.25,24.874462697022718
30.0,36.5,24.85412991205351
30.0,36.75,24.834018305353926
30.0,37.0,24.814122899548188
30.0,37.25,24.79443904219473
30.0,37.5,24.774962293345084
30.0,37.75,24.755688216092558
30.0,38.0,24.736612382424212
30.0,38.25,24.717730490688
30.0,38.5,24.699038362279364
30.0,38.75,24.680531863872822
30.0,39.0,24.662206901340387
30.0,39.25,24.64405945760316
30.0,39.5,24.626085681172277
30.0,39.75,24.608282149863417
30.0,40.0,24.590645773140906
30.0,40.25,24.57317329468862
30.0,40.5,24.55586121452616
30.0,40.75,24.53870604452836
30.0,41.0,24.52170444219662
30.0,41.25,24.50485317069058
30.0,41.5,24.488149038035207
30.0,41.75,24.471588876601032
30.0,42.0,24.455169528744502
30.0,42.25,24.43888790235717
30.0,42.5,24.42274113366679
30.0,42.75,24.406726602392023
30.0,43.0,24.390841777492106
30.0,43.25,24.375084117665647
30.0,43.5,24.3594511180402
30.0,43.75,24.34394041660001
30.0,44.0,24.328549784693006
30.0,44.25,24.313277031452447
30.0,44.5,24.298119964176536
30.0,44.75,24.28307637701844
30.0,45.0,24.268144048888047
30.0,45.25,24.25332079064952
30.0,45.5,24.23860454904218
30.0,45.75,24.223993401714605
30.0,46.0,24.20948544999168
30.0,46.25,24.19507875832996
30.0,46.5,24.18077137506346
30.0,46.75,24.16656136607058
30.0,47.0,24.152446843724686
30.0,47.25,24.138426015540844
30.0,47.5,24.12449722357979
30.0,47.75,24.110658904852556
30.0,48.0,24.09690948369652
30.0,48.25,24.083247348084253
30.0,48.5,24.069670896512896
30.0,48.75,24.056178585193166
30.0,49.0,24.04276894027967
30.0,49.25,24.029440564364762
30.0,49.5,24.01619213662221
30.0,49.75,24.00302237880748
30.0,50.0,23.98992997401082
30.0,50.25,23.97691356050123
30.0,50.5,23.963971770355556
30.0,50.75,23.95110325172244
30.0,51.0,23.93830668435978
30.0,51.25,23.925580798534124
30.0,51.5,23.91292438974942
30.0,51.75,23.900336311898677
30.0,52.0,23.887815459346303
30.0,52.25,23.87536075568272
30.0,52.5,23.862971155569888
30.0,52.75,23.850645660483256
30.0,53.0,23.83838332172231
30.0,53.25,23.826183221046286
30.0,53.5,23.814044429953825
30.0,53.75,23.80196600450482
30.0,54.0,23.78994698697509
30.0,54.25,23.777986376744444
30.0,54.5,23.766083143867093
30.0,54.75,23.75423628004481
30.0,55.0,23.742444871258076
30.0,55.25,23.730708100038527
30.0,55.5,23.719025198332027
30.0,55.75,23.707395400175805
30.0,56.0,23.695817935005415
30.0,56.25,23.684292045686437
30.0,56.5,23.672817007102605
30.0,56.75,23.66139212399028
30.0,57.0,23.650016702677387
30.0,57.25,23.63869001453647
30.0,57.5,23.627411303617013
30.0,57.75,23.616179810936266
30.0,58.0,23.604994784686998
30.0,58.25,23.593855488384612
30.0,58.5,23.58276121947674
30.0,58.75,23.571711356090248
30.0,59.0,23.56070535543077
30.0,59.25,23.549742704720522
30.0,59.5,23.538822844624224
30.0,59.75,23.527945163370983
30.0,60.0,23.51710903689614
30.0,60.25,23.506313872421835
30.0,60.5,23.495559122477253
30.0,60.75,23.484844270611717
30.0,61.0,23.474168802325725
30.0,61.25,23.463532193626172
30.0,61.5,23.452933920737856
30.0,61.75,23.44237347478664
30.0,62.0,23.43185037002449
30.0,62.25,23.42136414042264
30.0,62.5,23.410914324000977
30.0,62.75,23.400500447772878
30.0,63.0,23.39012203190284
30.0,63.25,23.379778594290872
30.0,63.5,23.369469640517405
30.0,63.75,23.359194669282168
30.0,64.0,23.348953187200138
30.0,64.25,23.338744720985673
30.0,64.5,23.32856882171105
30.0,64.75,23.31842506188163
30.0,65.0,23.30831302844798
30.0,65.25,23.298232316725056
30.0,65.5,23.288182530771785
30.0,65.75,23.278163284017513
30.0,66.0,23.268174194249518
30.0,66.25,23.258214884394494
30.0,66.5,23.248284983634562
30.0,66.75,23.238384116490572
30.0,67.0,23.228511898635166
30.0,67.25,23.218667946068507
30.0,67.5,23.208851889638105
30.0,67.75,23.199063391556248
30.0,68.0,23.189302144414516
30.0,68.25,23.17956785762329
30.0,68.5,23.169860235755475
30.0,68.75,23.160178972913492
30.0,69.0,23.150523759448685
30.0,69.25,23.140894280857545
30.0,69.5,23.131290211795946
30.0,69.75,23.12171122200257
30.0,70.0,23.11215698670202
30.0,70.25,23.102627194468937
30.0,70.5,23.09312154984729
30.0,70.75,23.083639771677262
30.0,71.0,23.074181588403103
30.0,71.25,23.064746732047656
30.0,71.5,23.05533493849995
30.0,71.75,23.045945951170054
30.0,72.0,23.03657952481902
30.0,72.25,23.027235426711833
30.0,72.5,23.017913434118544
30.0,72.75,23.008613325997537
30.0,73.0,22.99933487099281
30.0,73.25,22.990077829656332
30.0,73.5,22.98084196208633
30.0,73.75,22.97162702867813
30.0,74.0,22.96243279042166
30.0,74.25,22.95325901241247
30.0,74.5,22.94410546752661
30.0,74.75,22.934971939507488
30.0,75.0,22.92585822311184
30.0,75.25,22.91676411999869
30.0,75.5,22.907689424904675
30.0,75.75,22.89863391513235
30.0,76.0,22.889597357302694
30.0,76.25,22.8805795172997
30.0,76.5,22.87158016203513
30.0,76.75,22.862599060592043
30.0,77.0,22.85363598785064
30.0,77.25,22.844690729158916
30.0,77.5,22.835763088506017
30.0,77.75,22.826852888983723
30.0,78.0,22.817959967094566
30.0,78.25,22.809084165779748
30.0,78.5,22.800225328117495
30.0,78.75,22.791383297376736
30.0,79.0,22.782557916621638
30.0,79.25,22.773749016978208
30.0,79.5,22.764956413144503
30.0,79.75,22.756179912017373
30.0,80.0,22.7474193218605
30.0,80.25,22.738674457229408
30.0,80.5,22.729945140896824
30.0,80.75,22.72123120420393
30.0,81.0,22.712532485335455
30.0,81.25,22.70384882364134
30.0,81.5,22.69518005940233
30.0,81.75,22.686526036656744
30.0,82.0,22.677886602804236
30.0,82.25,22.66926160509567
30.0,82.5,22.660650891614896
30.0,82.75,22.652054313892116
30.0,83.0,22.643471725769658
30.0,83.25,22.634902980858662
30.0,83.5,22.62634793407615
30.0,83.75,22.617806443115853
30.0,84.0,22.609278363508146
30.0,84.25,22.600763544850263
30.0,84.5,22.59226183460493
30.0,84.75,22.583773082543853
30.0,85.0,22.575297140104464
30.0,85.25,22.566833859292025
30.0,85.5,22.558383094880146
30.0,85.75,22.54994470751604
30.0,86.0,22.541518567313325
30.0,86.25,22.533104555620803
30.0,86.5,22.52470256339953
30.0,86.75,22.516312487804235
30.0,87.0,22.507934226314255
30.0,87.25,22.499567674765075
30.0,87.5,22.491212729561312
30.0,87.75,22.482869287532026
30.0,88.0,22.474537238051486
30.0,88.25,22.466216463402166
30.0,88.5,22.457906844900972
30.0,88.75,22.449608266610895
30.0,89.0,22.441320615985177
30.0,89.25,22.433043784505262
30.0,89.5,22.4247776682268
30.0,89.75,22.4165221659412
30.0,90.0,22.408277174805356
30.0,90.25,22.400042590936636
30.0,90.5,22.391818310993077
30.0,90.75,22.38360422518946
30.0,91.0,22.375400206559032
30.0,91.25,22.367206115501855
30.0,91.5,22.359021810311322
30.0,91.75,22.35084715700632
30.0,92.0,22.34268204575076
30.0,92.25,22.334526391493267
30.0,92.5,22.326380122893536
30.0,92.75,22.318243166486543
30.0,93.0,22.310115431431917
30.0,93.25,22.301996812357487
30.0,93.5,22.293887199188728
30.0,93.75,22.285786481418548
30.0,94.0,22.277694547086234
30.0,94.25,22.269611284545082
30.0,94.5,22.261536585668747
30.0,94.75,22.253470346885713
30.0,95.0,22.245412467365195
30.0,95.25,22.23736284914462
30.0,95.5,22.229321398524892
30.0,95.75,22.221288024923968
30.0,96.0,22.213262633949245
30.0,96.25,22.20524512731752
30.0,96.5,22.19723540741773
30.0,96.75,22.189233380171718
30.0,97.0,22.181238955908235
30.0,97.25,22.17325204961311
30.0,97.5,22.165272581072017
30.0,97.75,22.157300473704687
30.0,98.0,22.14933564992736
30.0,98.25,22.141378030165964
30.0,98.5,22.13342753547002
30.0,98.75,22.125484088040434
30.0,99.0,22.117547605765484
30.0,99.25,22.1096180017464
30.0,99.5,22.101695188544944
30.0,99.75,22.093779080121433
30.0,100.0,22.08586958794995
30.0,100.25,22.07796662010561
30.0,100.5,22.07007008474529
30.0,100.75,22.062179892342087
30.0,101.0,22.05429595308681
30.0,101.25,22.046418174434617
30.0,101.5,22.038546463438948
30.0,101.75,22.030680730028124
30.0,102.0,22.02282088841327
30.0,102.25,22.01496685693796
30.0,102.5,22.007118558209896
30.0,102.75,21.999275919245136
30.0,103.0,21.99143886960677
30.0,103.25,21.983607336712954
30.0,103.5,21.975781246212065
30.0,103.75,21.967960524855155
30.0,104.0,21.96014509946222
30.0,104.25,21.952334890263234
30.0,104.5,21.944529811971577
30.0,104.75,21.93672977920159
30.0,105.0,21.928934709498584
30.0,105.25,21.921144523621525
30.0,105.5,21.913359145565224
30.0,105.75,21.905578503192263
30.0,106.0,21.897802527072123
30.0,106.25,21.890031143979577
30.0,106.5,21.882264275381655
30.0,106.75,21.87450184147626
30.0,107.0,21.866743764135084
30.0,107.25,21.85898996571149
30.0,107.5,21.851240367404625
30.0,107.75,21.84349489097304
30.0,108.0,21.835753460700673
30.0,108.25,21.82801600194991
30.0,108.5,21.820282437971766
30.0,108.75,21.812552691179516
30.0,109.0,21.804826685987756
30.0,109.25,21.797104348550643
30.0,109.5,21.789385602798184
30.0,109.75,21.781670371173583
30.0,110.0,21.773958577934984
30.0,110.25,21.766250149720438
30.0,110.5,21.758545011056967
30.0,110.75,21.750843084385608
30.0,111.0,21.743144293443557
30.0,111.25,21.735448564204635
30.0,111.5,21.727755820793075
30.0,111.75,21.72006598521005
30.0,112.0,21.71237898054247
30.0,112.25,21.70469473246557
30.0,112.5,21.697013166437618
30.0,112.75,21.689334205549816
30.0,113.0,21.681657772666984
30.0,113.25,21.673983792802638
30.0,113.5,21.666312191844217
30.0,113.75,21.65864289372742
30.0,114.0,21.650975821836337
30.0,114.25,21.643310901893518
30.0,114.5,21.635648061678385
30.0,114.75,21.627987225042734
30.0,115.0,21.620328312285196
30.0,115.25,21.61267124451539
30.0,115.5,21.605015945222984
30.0,115.75,21.597362337144865
30.0,116.0,21.589710342430084
30.0,116.25,21.582059885387558
30.0,116.5,21.57441089334107
30.0,116.75,21.566763293316193
30.0,117.0,21.559117010056177
30.0,117.25,21.551471968254162
30.0,117.5,21.543828094791177
30.0,117.75,21.536185316948345
30.0,118.0,21.52854355796623
30.0,118.25,21.520902738475222
30.0,118.5,21.513262780416166
30.0,118.75,21.50562360787846
30.0,119.0,21.49798514360549
30.0,119.25,21.490347309537814
30.0,119.5,21.48271002981397
30.0,119.75,21.475073230804014
30.0,120.0,21.46743683465992
30.0,120.25,21.45980075721704
30.0,120.5,21.452164912307055
30.0,120.75,21.44452921578408
30.0,121.0,21.436893586779455
30.0,121.25,21.42925794808187
30.0,121.5,21.421622226756764
30.0,121.75,21.41398635383049
30.0,122.0,21.40635025876633
30.0,122.25,21.398713858462074
30.0,122.5,21.391077059126065
30.0,122.75,21.383439764590815
30.0,123.0,21.37580188145707
30.0,123.25,21.36816332140466
30.0,123.5,21.360524001920563
30.0,123.75,21.35288384628218
30.0,124.0,21.345242781769205
30.0,124.25,21.337600733506324
30.0,124.5,21.329957623824807
30.0,124.75,21.322313375756224
30.0,125.0,21.31466791450533
30.0,125.25,21.307021164221833
30.0,125.5,21.299373046084575
30.0,125.75,21.2917234807823
30.0,126.0,21.284072390291232
30.0,126.25,21.27641969231178
30.0,126.5,21.26876529083254
30.0,126.75,21.261109079449348
30.0,127.0,21.253450950218987
30.0,127.25,21.24579080003632
30.0,127.5,21.238128534238985
30.0,127.75,21.23046406666959
30.0,128.0,21.22279731802449
30.0,128.25,21.215128210723744
30.0,128.5,21.207456656955834
30.0,128.75,21.199782559150947
30.0,129.0,21.192105817617847
30.0,129.25,21.18442633540098
30.0,129.5,21.176744020542454
30.0,129.75,21.16905878677778
30.0,130.0,21.161370553467364
30.0,130.25,21.15367924334177
30.0,130.5,21.145984774226477
30.0,130.75,21.138287056732146
30.0,131.0,21.13058599892568
30.0,131.25,21.122881510247694
30.0,131.5,21.115173501781715
30.0,131.75,21.10746188614119
30.0,132.0,21.0997465787305
30.0,132.25,21.092027497519
30.0,132.5,21.084304555879427
30.0,132.75,21.07657765401231
30.0,133.0,21.068846682605503
30.0,133.25,21.06111153105424
30.0,133.5,21.053372093274696
30.0,133.75,21.045628270948978
30.0,134.0,21.03787997358403
30.0,134.25,21.030127116869423
30.0,134.5,21.022369617823095
30.0,134.75,21.014607385536646
30.0,135.0,21.006840321950435
30.0,135.25,20.99906832791986
30.0,135.5,20.99129130653388
30.0,135.75,20.983509163383527
30.0,136.0,20.975721807172146
30.0,136.25,20.96792915064195
30.0,136.5,20.960131107375744
30.0,136.75,20.952327577711987
30.0,137.0,20.944518446712692
30.0,137.25,20.93670359307211
30.0,137.5,20.928882897321152
30.0,137.75,20.921056249440838
30.0,138.0,20.91322355045744
30.0,138.25,20.905384710027587
30.0,138.5,20.897539643185493
30.0,138.75,20.88968826451369
30.0,139.0,20.88183048605441
30.0,139.25,20.873966219574402
30.0,139.5,20.866095377175068
30.0,139.75,20.858217864775188
30.0,140.0,20.850333578248527
30.0,140.25,20.842442407916256
30.0,140.5,20.83454424428247
30.0,140.75,20.82663898141043
30.0,141.0,20.81872651834154
30.0,141.25,20.81080675924377
30.0,141.5,20.80287961246854
30.0,141.75,20.794944987121163
30.0,142.0,20.78700279005131
30.0,142.25,20.779052927124653
30.0,142.5,20.77109530464366
30.0,142.75,20.763129824803492
30.0,143.0,20.755156379232123
30.0,143.25,20.747174851927557
30.0,143.5,20.739185124398112
30.0,143.75,20.731187072939743
30.0,144.0,20.72318056349936
30.0,144.25,20.715165455468835
30.0,144.5,20.70714161071631
30.0,144.75,20.699108908022097
30.0,145.0,20.69106725080635
30.0,145.25,20.68301656131841
30.0,145.5,20.674956769449768
30.0,145.75,20.666887793487724
30.0,146.0,20.658809523717636
30.0,146.25,20.650721828574078
30.0,146.5,20.642624569965733
30.0,146.75,20.634517619238498
30.0,147.0,20.62640086450995
30.0,147.25,20.618274207401047
30.0,147.5,20.610137557278296
30.0,147.75,20.601990825618632
30.0,148.0,20.593833923214433
30.0,148.25,20.585666760698224
30.0,148.5,20.57748924635581
30.0,148.75,20.569301272452698
30.0,149.0,20.561102709575817
30.0,149.25,20.552893415285055
30.0,149.5,20.544673247039388
30.0,149.75,20.536442080163482
30.0,150.0,20.528199810407756
30.0,150.25,20.519946346222394
30.0,150.5,20.511681602260673
30.0,150.75,20.503405494056892
30.0,151.0,20.49511793656108
30.0,151.25,20.48681884452473
30.0,151.5,20.478508129517984
30.0,151.75,20.470185691370293
30.0,152.0,20.461851419203164
30.0,152.25,20.45350519767603
30.0,152.5,20.44514691023216
30.0,152.75,20.436776439983344
30.0,153.0,20.428393670791536
30.0,153.25,20.419998488154675
30.0,153.5,20.41159077891925
30.0,153.75,20.40317043095511
30.0,154.0,20.394737333511923
30.0,154.25,20.38629137957611
30.0,154.5,20.377832473649242
30.0,154.75,20.369360532503126
30.0,155.0,20.360875479873936
30.0,155.25,20.352377239555125
30.0,155.5,20.343865725026053
30.0,155.75,20.335340839064223
30.0,156.0,20.326802481062828
30.0,156.25,20.318250560835704
30.0,156.5,20.309685011241477
30.0,156.75,20.301105783770645
30.0,157.0,20.292512835789946
30.0,157.25,20.283906113085553
30.0,157.5,20.275285538897556
30.0,157.75,20.26665101880619
30.0,158.0,20.25800245229056
30.0,158.25,20.249339748408282
30.0,158.5,20.24066282931464
30.0,158.75,20.231971624270592
30.0,159.0,20.223266061937466
30.0,159.25,20.214546061817813
30.0,159.5,20.205811534143344
30.0,159.75,20.19706238749189
30.0,160.0,20.188298546804447
30.0,160.25,20.179519963232153
30.0,160.5,20.17072660588954
30.0,160.75,20.161918447145666
30.0,161.0,20.153095442514775
30.0,161.25,20.144257525138215
30.0,161.5,20.135404614327168
30.0,161.75,20.12653662925508
30.0,162.0,20.117653502698744
30.0,162.25,20.10875518013182
30.0,162.5,20.099841613094096
30.0,162.75,20.090912757919895
30.0,163.0,20.081968574995848
30.0,163.25,20.073009026009053
30.0,163.5,20.06403407576309
30.0,163.75,20.055043704388925
30.0,164.0,20.046037905942615
30.0,164.25,20.03701667737932
30.0,164.5,20.027980004845578
30.0,164.75,20.018927852344284
30.0,165.0,20.009860164478606
30.0,165.25,20.000776878437986
30.0,165.5,19.991677944654334
30.0,165.75,19.982563330169626
30.0,166.0,19.97343300809372
30.0,166.25,19.96428694279416
30.0,166.5,19.955125078040727
30.0,166.75,19.94594734057995
30.0,167.0,19.936753660631073
30.0,167.25,19.927544011220398
30.0,167.5,19.918318407564243
30.0,167.75,19.909076883342575
30.0,168.0,19.899819474170492
30.0,168.25,19.890546209384294
30.0,168.5,19.881257109542915
30.0,168.75,19.871952182870665
30.0,169.0,19.862631413671718
30.0,169.25,19.853294763470423
30.0,169.5,19.843942187930704
30.0,169.75,19.834573675410738
30.0,170.0,19.825189257873884
30.0,170.25,19.815788991851914
30.0,170.5,19.80637293994327
30.0,170.75,19.79694116069735
30.0,171.0,19.787493704572505
30.0,171.25,19.77803061694534
30.0,171.5,19.768551954399484
30.0,171.75,19.759057787838124
30.0,172.0,19.749548194209897
30.0,172.25,19.74002325737431
30.0,172.5,19.730483075588886
30.0,172.75,19.720927755721075
30.0,173.0,19.711357397028152
30.0,173.25,19.70177206255704
30.0,173.5,19.692171770772273
30.0,173.75,19.682556512296028
30.0,174.0,19.672926277825578
30.0,174.25,19.663281073685933
30.0,174.5,19.65362092010077
30.0,174.75,19.643945857307497
30.0,175.0,19.634255958569547
30.0,175.25,19.624551320749323
30.0,175.5,19.614832044877556
30.0,175.75,19.605098218580316
30.0,176.0,19.59534991121601
30.0,176.25,19.58558718379977
30.0,176.5,19.575810120104634
30.0,176.75,19.566018838453637
30.0,177.0,19.556213476092992
30.0,177.25,19.546394173075555
30.0,177.5,19.536561064809817
30.0,177.75,19.52671427799016
30.0,178.0,19.516853930302354
30.0,178.25,19.506980138053603
30.0,178.5,19.497093017760267
30.0,178.75,19.487192680564423
30.0,179.0,19.477279224580123
30.0,179.25,19.46735272996932
30.0,179.5,19.457413261459287
30.0,179.75,19.44746087685688
30.0,180.0,19.43749563640295
30.0,180.25,19.42751760331812
30.0,180.5,19.417526848382398
30.0,180.75,19.407523468597194
30.0,181.0,19.397507583145106
30.0,181.25,19.38747931732979
30.0,181.5,19.37743879357567
30.0,181.75,19.36738612718464
30.0,182.0,19.35732142541421
30.0,182.25,19.34724479250363
30.0,182.5,19.337156333138747
30.0,182.75,19.327056151644953
30.0,183.0,19.31694435952686
30.0,183.25,19.306821086895376
30.0,183.5,19.296686476294813
30.0,183.75,19.28654066873488
30.0,184.0,19.27638379074807
30.0,184.25,19.266215951398497
30.0,184.5,19.25603724520153
30.0,184.75,19.245847754450505
30.0,185.0,19.235647550937664
30.0,185.25,19.225436699875015
30.0,185.5,19.215215271275852
30.0,185.75,19.204983344842734
30.0,186.0,19.194741006004314
30.0,186.25,19.18448834724822
30.0,186.5,19.174225470660186
30.0,186.75,19.163952481839694
30.0,187.0,19.153669479134965
30.0,187.25,19.14337654349398
30.0,187.5,19.133073739426983
30.0,187.75,19.122761126753986
30.0,188.0,19.11243877829333
30.0,188.25,19.102106779474035
30.0,188.5,19.09176521611224
30.0,188.75,19.08141415880139
30.0,189.0,19.071053659703974
30.0,189.25,19.060683759986247
30.0,189.5,19.050304502464996
30.0,189.75,19.039915935095532
30.0,190.0,19.02951810850858
30.0,190.25,19.019111078737588
30.0,190.5,19.00869490744643
30.0,190.75,18.99826965757161
30.0,191.0,18.987835389820788
30.0,191.25,18.97739216106946
30.0,191.5,18.966940022921833
30.0,191.75,18.956479018054615
30.0,192.0,18.94600917560458
30.0,192.25,18.935530512772104
30.0,192.5,18.9250430385005
30.0,192.75,18.914546754960003
30.0,193.0,18.904041659363084
30.0,193.25,18.89352774723307
30.0,193.5,18.883005017647267
30.0,193.75,18.872473473418573
30.0,194.0,18.8619331160257
30.0,194.25,18.851383934640403
30.0,194.5,18.840825904456327
30.0,194.75,18.830258991593126
30.0,195.0,18.819683154256314
30.0,195.25,18.809098344402166
30.0,195.5,18.798504510031023
30.0,195.75,18.787901593414045
30.0,196.0,18.777289530884612
30.0,196.25,18.76666825483883
30.0,196.5,18.756037691872788
30.0,196.75,18.745397762076973
30.0,197.0,18.734748382549398
30.0,197.25,18.7240894714395
30.0,197.5,18.713420950074887
30.0,197.75,18.702742742374404
30.0,198.0,18.692054769859013
30.0,198.25,18.681356946882005
30.0,198.5,18.67064918135884
30.0,198.75,18.659931370539134
30.0,199.0,18.64920339140205
30.0,199.25,18.638465104168116
30.0,199.5,18.627716354341985
30.0,199.75,18.61695696533192
30.0,200.0,18.606186744905113
30.0,200.25,18.595405496962446
30.0,200.5,18.58461302776662
30.0,200.75,18.573809147544228
30.0,201.0,18.56299366138294
30.0,201.25,18.552166354967092
30.0,201.5,18.541326998085406
30.0,201.75,18.530475349924696
30.0,202.0,18.519611158914167
30.0,202.25,18.508734172111698
30.0,202.5,18.49784415529215
30.0,202.75,18.486940906098763
30.0,203.0,18.476024245826718
30.0,203.25,18.46509399081359
30.0,203.5,18.454149923640102
30.0,203.75,18.443191797089053
30.0,204.0,18.43221934445169
30.0,204.25,18.421232281775055
30.0,204.5,18.410230313773432
30.0,204.75,18.399213127063003
30.0,205.0,18.38818037990357
30.0,205.25,18.377131715126147
30.0,205.5,18.366066784226213
30.0,205.75,18.35498526055709
30.0,206.0,18.34388682909236
30.0,206.25,18.33277113836136
30.0,206.5,18.321637773399537
30.0,206.75,18.310486285264542
30.0,207.0,18.29931624727599
30.0,207.25,18.288127275254617
30.0,207.5,18.27691901427096
30.0,207.75,18.26569111121947
30.0,208.0,18.254443207004847
30.0,208.25,18.24317493895265
30.0,208.5,18.231885928157507
30.0,208.75,18.220575780470362
30.0,209.0,18.209244070830753
30.0,209.25,18.19789025789977
30.0,209.5,18.18651370055159
30.0,209.75,18.17511376875663
30.0,210.0,18.163689925674365
30.0,210.25,18.152241709259098
30.0,210.5,18.140768633007895
30.0,210.75,18.12927011183557
30.0,211.0,18.117745493556995
30.0,211.25,18.106194147671314
30.0,211.5,18.094615498680447
30.0,211.75,18.08300899445403
30.0,212.0,18.071374027250368
30.0,212.25,18.05970992925943
30.0,212.5,18.04801602392859
30.0,212.75,18.036291666000366
30.0,213.0,18.024536235064883
30.0,213.25,18.0127490749341
30.0,213.5,18.000929456841995
30.0,213.75,17.989076610669798
30.0,214.0,17.977189789330478
30.0,214.25,17.965268280659625
30.0,214.5,17.953311346562277
30.0,214.75,17.94131813028626
30.0,215.0,17.92928768213741
30.0,215.25,17.917219078132433
30.0,215.5,17.905111472405785
30.0,215.75,17.89296406254272
30.0,216.0,17.880776015407143
30.0,216.25,17.868546446156945
30.0,216.5,17.856274405614812
30.0,216.75,17.843958869004638
30.0,217.0,17.831598765927644
30.0,217.25,17.819193026125696
30.0,217.5,17.80674058250341
30.0,217.75,17.7942403033856
30.0,218.0,17.781690946491416
30.0,218.25,17.76909124342656
30.0,218.5,17.756440061885833
30.0,218.75,17.743736397255162
30.0,219.0,17.730979204739594
30.0,219.25,17.71816728623234
30.0,219.5,17.705299286682276
30.0,219.75,17.69237370022584
30.0,220.0,17.679388946801957
30.0,220.25,17.666343552247913
30.0,220.5,17.653236174448786
30.0,220.75,17.640065495339524
30.0,221.0,17.626830140263834
30.0,221.25,17.61352866607639
30.0,221.5,17.60015956765109
30.0,221.75,17.586721259030178
30.0,222.0,17.573211961886727
30.0,222.25,17.55962973439189
30.0,222.5,17.545972691529936
30.0,222.75,17.53223907927729
30.0,223.0,17.518427132466208
30.0,223.25,17.504534952157655
30.0,223.5,17.49056057367099
30.0,223.75,17.476502089454936
30.0,224.0,17.46235762338996
30.0,224.25,17.448125213582948
30.0,224.5,17.43380275665067
30.0,224.75,17.419387956441685
30.0,225.0,17.40487838151525
30.0,225.25,17.390271668182045
30.0,225.5,17.375565515769228
30.0,225.75,17.36075745647031
30.0,226.0,17.34584483959747
30.0,226.25,17.330825136706714
30.0,226.5,17.315695932289685
30.0,226.75,17.30045448257308
30.0,227.0,17.28509761216396
30.0,227.25,17.26962205330428
30.0,227.5,17.254024581347107
30.0,227.75,17.238301953986706
30.0,228.0,17.222450758908632
30.0,228.25,17.206467259164143
30.0,228.5,17.190347624954935
30.0,228.75,17.17408822571447
30.0,229.0,17.157685609778593
30.0,229.25,17.141136335287083
30.0,229.5,17.124436774795306
30.0,229.75,17.107582989992853
30.0,230.0,17.090570671225358
30.0,230.25,17.07339526085908
30.0,230.5,17.05605218293184
30.0,230.75,17.03853709935447
30.0,231.0,17.020845790574445
30.0,231.25,17.00297363598894
30.0,231.5,16.984915661568838
30.0,231.75,16.96666679974585
30.0,232.0,16.94822168900048
30.0,232.25,16.929574707440654
30.0,232.5,16.910720296338656
30.0,232.75,16.891652989096492
30.0,233.0,16.87236708114485
30.0,233.25,16.85285631116116
30.0,233.5,16.83311407075649
30.0,233.75,16.813133493453826
30.0,234.0,16.792907559729777
30.0,234.25,16.772429598222015
30.0,234.5,16.751692897043363
30.0,234.75,16.730690409586174
30.0,235.0,16.709415091700137
30.0,235.25,16.687859957739448
30.0,235.5,16.666017597321904
30.0,235.75,16.643880079708037
30.0,236.0,16.621439260404262
30.0,236.25,16.598687025885088
30.0,236.5,16.57561560583829
30.0,236.75,16.552217594978256
30.0,237.0,16.528485653664795
30.0,237.25,16.504411860222337
30.0,237.5,16.47998755647863
30.0,237.75,16.45520417416182
30.0,238.0,16.430053722461707
30.0,238.25,16.404528585737086
30.0,238.5,16.3786215371508
30.0,238.75,16.352325472758114
30.0,239.0,16.325633321231003
30.0,239.25,16.29853830908106
30.0,239.5,16.271034266033833
30.0,239.75,16.243115142241322
30.0,240.0,16.214775441320192
30.0,240.25,16.186010904869985
30.0,240.5,16.15681781808043
30.0,240.75,16.127193053774203
30.0,241.0,16.097134008107563
30.0,241.25,16.066638794099767
30.0,241.5,16.03570680226304
30.0,241.75,16.004338461556554
30.0,242.0,15.97253488922182
30.0,242.25,15.94029795802474
30.0,242.5,15.907630333719672
30.0,242.75,15.874535511375939
30.0,243.0,15.841018297508436
30.0,243.25,15.807084757526086
30.0,243.5,15.772742907012853
30.0,243.75,15.738008486662297
30.0,244.0,15.702912777131411
30.0,244.25,15.66749835931105
30.0,244.5,15.63181023637342
30.0,244.75,15.595890622328925
30.0,245.0,15.55977688976184
30.0,245.25,15.523501179852357
30.0,245.5,15.487090747878332
30.0,245.75,15.450568574080176
30.0,246.0,15.413954021060066
30.0,246.25,15.377263444452801
30.0,246.5,15.34051072369564
30.0,246.75,15.303707707346579
30.0,247.0,15.266864579220737
30.0,247.25,15.229990155860689
30.0,247.5,15.1930921265767
30.0,247.75,15.156177246478727
30.0,248.0,15.119251491544116
30.0,248.25,15.082320183284251
30.0,248.5,15.045388089194528
30.0,248.75,15.008459503972391
30.0,249.0,14.971538315483249
30.0,249.25,14.934628058631967
30.0,249.5,14.897731959634962
30.0,249.75,14.860852972659181
30.0,250.0,14.823993810375368
30.0,250.25,14.787156969642622
30.0,250.5,14.750344753281635
30.0,250.75,14.71355928869012
30.0,251.0,14.676802543894565
30.0,251.25,14.640076341507365
30.0,251.5,14.603382370960775
30.0,251.75,14.56672219931251
30.0,252.0,14.530097280857905
30.0,252.25,14.493508965736625
30.0,252.5,14.456958507685
30.0,252.75,14.420447071056069
30.0,253.0,14.38397573720664
30.0,253.25,14.347545510332617
30.0,253.5,14.311157322819525
30.0,253.75,14.274812040163955
30.0,254.0,14.238510465512501
30.0,254.25,14.202253343857514
30.0,254.5,14.16604136592331
30.0,254.75,14.129875171771522
30.0,255.0,14.093755354150717
30.0,255.25,14.057682461611975
30.0,255.5,14.021657001409729
30.0,255.75,13.98567944220489
30.0,256.0,13.949750216585484
30.0,256.25,13.913869723418497
30.0,256.5,13.878038330045296
30.0,256.75,13.842256374331871
30.0,257.0,13.806524166584115
30.0,257.25,13.770841991337575
30.0,257.5,13.73521010903024
30.0,257.75,13.699628757566373
30.0,258.0,13.664098153778678
30.0,258.25,13.628618494795592
30.0,258.5,13.59318995932004
30.0,258.75,13.557812708825457
30.0,259.0,13.52248688867455
30.0,259.25,13.487212629165812
30.0,259.5,13.451990046512556
30.0,259.75,13.416819243758823
30.0,260.0,13.381700311636285
30.0,260.25,13.346633329365961
30.0,260.5,13.311618365408297
30.0,260.75,13.276655478165017
30.0,261.0,13.241744716635752
30.0,261.25,13.206886121032477
30.0,261.5,13.172079723354393
30.0,261.75,13.137325547925839
30.0,262.0,13.102623611899626
30.0,262.25,13.067973925727973
30.0,262.5,13.03337649360319
30.0,262.75,12.998831313870006
30.0,263.0,12.96433837941139
30.0,263.25,12.929897678009544
30.0,263.5,12.895509192683727
30.0,263.75,12.861172902006302
30.0,264.0,12.826888780398505
30.0,264.25,12.792656798407158
30.0,264.5,12.75847692296361
30.0,264.75,12.724349117626014
30.0,265.0,12.690273342806023
30.0,265.25,12.656249555980898
30.0,265.5,12.622277711891984
30.0,265.75,12.588357762730409
30.0,266.0,12.554489658310834
30.0,266.25,12.520673346234016
30.0,266.5,12.486908772038941
30.0,266.75,12.45319587934511
30.0,267.0,12.419534609985728
30.0,267.25,12.385924904132272
30.0,267.5,12.352366700411057
30.0,267.75,12.318859936012297
30.0,268.0,12.285404546792128
30.0,268.25,12.252000467368083
30.0,268.5,12.218647631208384
30.0,268.75,12.185345970715508
30.0,269.0,12.15209541730434
30.0,269.25,12.118895901475314
30.0,269.5,12.085747352882812
30.0,269.75,12.052649700399172
30.0,270.0,12.019602872174538
30.0,270.25,11.986606795692879
30.0,270.5,11.953661397824378
30.0,270.75,11.920766604874414
30.0,271.0,11.887922342629416
30.0,271.25,11.855128536399736
30.0,271.5,11.822385111059738
30.0,271.75,11.789691991085311
30.0,272.0,11.757049100588944
30.0,272.25,11.724456363352537
30.0,272.5,11.691913702858079
30.0,272.75,11.659421042316325
30.0,273.0,11.62697830469365
30.0,273.25,11.59458541273711
30.0,273.5,11.56224228899792
30.0,273.75,11.529948855853371
30.0,274.0,11.497705035527341
30.0,274.25,11.465510750109454
30.0,274.5,11.433365921573014
30.0,274.75,11.401270471791745
30.0,275.0,11.369224322555441
30.0,275.25,11.337227395584605
30.0,275.5,11.305279612544123
30.0,275.75,11.273380895056023
30.0,276.0,11.24153116471144
30.0,276.25,11.209730343081741
30.0,276.5,11.177978351728955
30.0,276.75,11.146275112215504
30.0,277.0,11.114620546113287
30.0,277.25,11.083014575012154
30.0,277.5,11.051457120527848
30.0,277.75,11.019948104309387
30.0,278.0,10.988487448045964
30.0,278.25,10.957075073473389
30.0,278.5,10.925710902380102
30.0,278.75,10.894394856612774
30.0,279.0,10.863126858081527
30.0,279.25,10.83190682876482
30.0,279.5,10.800734690713977
30.0,279.75,10.769610366057432
30.0,280.0,10.738533777004658
30.0,280.25,10.707504845849853
30.0,280.5,10.67652349497534
30.0,280.75,10.645589646854772
30.0,281.0,10.614703224056061
30.0,281.25,10.583864149244159
30.0,281.5,10.553072345183585
30.0,281.75,10.522327734740827
30.0,282.0,10.49163024088653
30.0,282.25,10.460979786697536
30.0,282.5,10.430376295358805
30.0,282.75,10.399819690165147
30.0,283.0,10.369309894522866
30.0,283.25,10.33884683195125
30.0,283.5,10.308430426083978
30.0,283.75,10.278060600670393
30.0,284.0,10.247737279576695
30.0,284.25,10.21746038678702
30.0,284.5,10.187229846404456
30.0,284.75,10.157045582651962
30.0,285.0,10.126907519873214
30.0,285.25,10.096815582533374
30.0,285.5,10.066769695219808
30.0,285.75,10.036769782642722
30.0,286.0,10.00681576963575
30.0,286.25,9.976907581156496
33.0,0.0,33.000625773487634
33.0,0.25,33.025841444602236
33.0,0.5,33.03646828027068
33.0,0.75,33.04458754756637
33.0,1.0,33.05137397809475
33.0,1.25,33.05717696614321
33.0,1.5,33.06198965363832
33.0,1.75,33.06559574964826
33.0,2.0,33.067675521226874
33.0,2.25,33.06788857713911
33.0,2.5,33.06592773571668
33.0,2.75,33.061546493190455
33.0,3.0,33.05456764871261
33.0,3.25,33.04488069353874
33.0,3.5,33.0324336249907
33.0,3.75,33.01722276688261
33.0,4.0,32.99928260025513
33.0,4.25,32.97867658163372
33.0,4.5,32.95548932120641
33.0,4.75,32.92982016681992
33.0,5.0,32.901778081560636
33.0,5.25,32.87147763987758
33.0,5.5,32.839035954882974
33.0,5.75,32.804570361586364
33.0,6.0,32.76819670295488
33.0,6.25,32.73002809028034
33.0,6.5,32.69017403269664
33.0,6.75,32.64873985128598
33.0,7.0,32.605826310603256
33.0,7.25,32.56152941474722
33.0,7.5,32.51594032665684
33.0,7.75,32.46914537852638
33.0,8.0,32.42122614852203
33.0,8.25,32.37225958471189
33.0,8.5,32.32231816160128
33.0,8.75,32.271470058156005
33.0,9.0,32.21977934890646
33.0,9.25,32.167306201824545
33.0,9.5,32.11410707828527
33.0,9.75,32.06023493167283
33.0,10.0,32.00573940214862
33.0,10.25,31.950667005830955
33.0,10.5,31.895061317194425
33.0,10.75,31.838963143919646
33.0,11.0,31.78241069374264
33.0,11.25,31.725439733091527
33.0,11.5,31.66808373747371
33.0,11.75,31.61037403370604
33.0,12.0,31.552339934171815
33.0,12.25,31.49400886335343
33.0,12.5,31.435406476932116
33.0,12.75,31.376556773773707
33.0,13.0,31.317482201134453
33.0,13.25,31.258203753427058
33.0,13.5,31.198741064886782
33.0,13.75,31.13911249647232
33.0,14.0,31.0793352173276
33.0,14.25,31.019425281119567
33.0,14.5,30.959397697554987
33.0,14.75,30.899266499365194
33.0,15.0,30.839044805034636
33.0,15.25,30.77874487753425
33.0,15.5,30.71837817930721
33.0,15.75,30.657955423740653
33.0,16.0,30.597486623343737
33.0,16.25,30.536981134839454
33.0,16.5,30.47644770136541
33.0,16.75,30.415894491966906
33.0,17.0,30.355329138554584
33.0,17.25,30.294758770488105
33.0,17.5,30.234190046937574
33.0,17.75,30.17362918716473
33.0,18.0,30.11308199885705
33.0,18.25,30.0525539046396
33.0,18.5,29.992049966881417
33.0,18.75,29.931574910905997
33.0,19.0,29.871133146708296
33.0,19.25,29.8107287892741
33.0,19.5,29.750365677591827
33.0,19.75,29.6900473924406
33.0,20.0,29.629777273033397
33.0,20.25,29.569558432588885
33.0,20.5,29.509393772900893
33.0,20.75,29.44928599796997
33.0,21.0,29.389237626757417
33.0,21.25,29.32925100511825
33.0,21.5,29.269328316965968
33.0,21.75,29.209471594718522
33.0,22.0,29.149682729071802
33.0,22.25,29.08996347814385
33.0,22.5,29.030315476030513
33.0,22.75,28.970740240810077
33.0,23.0,28.911239182032713
33.0,23.25,28.851813607727667
33.0,23.5,28.792464730959363
33.0,23.75,28.733193675961363
33.0,24.0,28.67400148387545
33.0,24.25,28.614889118121216
33.0,24.5,28.555857469419916
33.0,24.75,28.496907360494944
33.0,25.0,28.43803955046956
33.0,25.25,28.379254738981608
33.0,25.5,28.32055357003325
33.0,25.75,28.26193663559284
33.0,26.0,28.203404478964906
33.0,26.25,28.144957597943197
33.0,26.5,28.08659644776064
33.0,26.75,28.028321443849443
33.0,27.0,27.970132964423463
33.0,27.25,27.91203135289425
33.0,27.5,27.854016920131645
33.0,27.75,27.79609000657839
33.0,28.0,27.738257461008697
33.0,28.25,27.680556712482492
33.0,28.5,27.623053572036092
33.0,28.75,27.565823429885857
33.0,29.0,27.50893971773124
33.0,29.25,27.452468143456557
33.0,29.5,27.39646462636383
33.0,29.75,27.34097648040935
33.0,30.0,27.28604372800703
33.0,30.25,27.2316997830278
33.0,30.5,27.177971749267236
33.0,30.75,27.124881702845386
33.0,31.0,27.072447322839285
33.0,31.25,27.020682431922342
33.0,31.5,26.96959793333368
33.0,31.75,26.919202148270752
33.0,32.0,26.869500906391043
33.0,32.25,26.82049799478413
33.0,32.5,26.772195358395845
33.0,32.75,26.724593310764742
33.0,33.0,26.677690362242885
33.0,33.25,26.63148340109753
33.0,33.5,26.585968264747823
33.0,33.75,26.541140370405376
33.0,34.0,26.496994636853444
33.0,34.25,26.45352526838207
33.0,34.5,26.41072599581748
33.0,34.75,26.368589716328707
33.0,35.0,26.327108695351363
33.0,35.25,26.28627444074288
33.0,35.5,26.246077596287556
33.0,35.75,26.2065083974032
33.0,36.0,26.16755723100914
33.0,36.25,26.129214713665075
33.0,36.5,26.091471222423987
33.0,36.75,26.054316774636344
33.0,37.0,26.017740892702154
33.0,37.25,25.981733307054288
33.0,37.5,25.946283879671075
33.0,37.75,25.911382185834555
33.0,38.0,25.877017544642793
33.0,38.25,25.84317924995911
33.0,38.5,25.809856937761765
33.0,38.75,25.777040575244037
33.0,39.0,25.744720141621535
33.0,39.25,25.712885362352594
33.0,39.5,25.68152575465502
33.0,39.75,25.650631211117883
33.0,40.0,25.62019196071281
33.0,40.25,25.590198181056284
33.0,40.5,25.560640456112314
33.0,40.75,25.531509693194714
33.0,41.0,25.502796795639917
33.0,41.25,25.474492806284154
33.0,41.5,25.446588988621976
33.0,41.75,25.419076705615716
33.0,42.0,25.39194727937029
33.0,42.25,25.365192017944217
33.0,42.5,25.338802262864192
33.0,42.75,25.3127693969058
33.0,43.0,25.287085125526975
33.0,43.25,25.261741658302192
33.0,43.5,25.236731175316685
33.0,43.75,25.212045671806468
33.0,44.0,25.18767739009714
33.0,44.25,25.163619099426548
33.0,44.5,25.1398640928396
33.0,44.75,25.11640583977117
33.0,45.0,25.093237805785215
33.0,45.25,25.070353617074474
33.0,45.5,25.04774717014642
33.0,45.75,25.025412612456492
33.0,46.0,25.003344073083372
33.0,46.25,24.981535552612165
33.0,46.5,24.959981320737352
33.0,46.75,24.938676072599147
33.0,47.0,24.917614527051214
33.0,47.25,24.8967912694398
33.0,47.5,24.876200867086876
33.0,47.75,24.855837958700235
33.0,48.0,24.835697307484963
33.0,48.25,24.815773873938934
33.0,48.5,24.796062949912983
33.0,48.75,24.776560060568197
33.0,49.0,24.757260739060808
33.0,49.25,24.738160518738226
33.0,49.5,24.719255059076186
33.0,49.75,24.70054015069889
33.0,50.0,24.682011632254326
33.0,50.25,24.663665380183836
33.0,50.5,24.64549734774101
33.0,50.75,24.62750364971712
33.0,51.0,24.609680813947016
33.0,51.25,24.592025711558474
33.0,51.5,24.57453507947372
33.0,51.75,24.5572054139396
33.0,52.0,24.540033205724114
33.0,52.25,24.523015086537242
33.0,52.5,24.50614780038392
33.0,52.75,24.48942813959406
33.0,53.0,24.47285292327531
33.0,53.25,24.456418979780622
33.0,53.5,24.440123198116392
33.0,53.75,24.423962684719925
33.0,54.0,24.407934792228577
33.0,54.25,24.392036976970545
33.0,54.5,24.37626668797647
33.0,54.75,24.36062140228153
33.0,55.0,24.34509873873583
33.0,55.25,24.32969645453988
33.0,55.5,24.314412350880577
33.0,55.75,24.29924422923128
33.0,56.0,24.284189879386098
33.0,56.25,24.269247074545046
33.0,56.5,24.254413615664554
33.0,56.75,24.239687433535963
33.0,57.0,24.225066591692332
33.0,57.25,24.21054918668467
33.0,57.5,24.196133280346043
33.0,57.75,24.18181691587396
33.0,58.0,24.167598152343515
33.0,58.25,24.15347509330657
33.0,58.5,24.139445932696255
33.0,58.75,24.125508999427847
33.0,59.0,24.111662722191348
33.0,59.25,24.097905524259858
33.0,59.5,24.084235792938724
33.0,59.75,24.070651921421604
33.0,60.0,24.057152358864187
33.0,60.25,24.043735624372612
33.0,60.5,24.030400312335626
33.0,60.75,24.017145094310617
33.0,61.0,24.003968687234828
33.0,61.25,23.990869774873833
33.0,61.5,23.977846996552923
33.0,61.75,23.964898982984373
33.0,62.0,23.952024379100973
33.0,62.25,23.93922186000074
33.0,62.5,23.92649014954631
33.0,62.75,23.913828036887796
33.0,63.0,23.90123437077537
33.0,63.25,23.88870804170919
33.0,63.5,23.876247969866398
33.0,63.75,23.86385310613408
33.0,64.0,23.85152244698952
33.0,64.25,23.83925503899901
33.0,64.5,23.827049961017888
33.0,64.75,23.814906284135645
33.0,65.0,23.8028230649414
33.0,65.25,23.79079934840848
33.0,65.5,23.778834135620865
33.0,65.75,23.766926395040294
33.0,66.0,23.755075112657973
33.0,66.25,23.743279366464876
33.0,66.5,23.731538332931045
33.0,66.75,23.719851242152167
33.0,67.0,23.70821732754676
33.0,67.25,23.69663581697268
33.0,67.5,23.68510595027874
33.0,67.75,23.673626999177966
33.0,68.0,23.662198266668593
33.0,68.25,23.65081906089797
33.0,68.5,23.63948865511838
33.0,68.75,23.628206293320353
33.0,69.0,23.616971215636855
33.0,69.25,23.60578266877184
33.0,69.5,23.594639914208692
33.0,69.75,23.583542246300386
33.0,70.0,23.572489036947083
33.0,70.25,23.56147973808784
33.0,70.5,23.55051383697335
33.0,70.75,23.539590777087
33.0,71.0,23.528709948304137
33.0,71.25,23.51787072593216
33.0,71.5,23.507072513891504
33.0,71.75,23.496314761083447
33.0,72.0,23.485596948892187
33.0,72.25,23.474918562975205
33.0,72.5,23.464279079809202
33.0,72.75,23.45367797505508
33.0,73.0,23.443114738174504
33.0,73.25,23.432588881540052
33.0,73.5,23.42209993793128
33.0,73.75,23.411647445891802
33.0,74.0,23.401230933030273
33.0,74.25,23.390849919529032
33.0,74.5,23.380503924073306
33.0,74.75,23.370192452699712
33.0,75.0,23.359915003526496
33.0,75.25,23.34967108188119
33.0,75.5,23.339460212584257
33.0,75.75,23.329281944784775
33.0,76.0,23.319135849482848
33.0,76.25,23.309021512823414
33.0,76.5,23.298938529447987
33.0,76.75,23.288886502635226
33.0,77.0,23.278865045338097
33.0,77.25,23.26887377488073
33.0,77.5,23.25891231345828
33.0,77.75,23.24898028965779
33.0,78.0,23.23907732854933
33.0,78.25,23.22920304629113
33.0,78.5,23.21935705827401
33.0,78.75,23.209538993198077
33.0,79.0,23.199748510981102
33.0,79.25,23.189985302605493
33.0,79.5,23.18024907668158
33.0,79.75,23.170539538439197
33.0,80.0,23.160856382721292
33.0,80.25,23.151199300159625
33.0,80.5,23.141567977145858
33.0,80.75,23.131962088961362
33.0,81.0,23.122381305127206
33.0,81.25,23.112825300095526
33.0,81.5,23.10329376125876
33.0,81.75,23.093786391937574
33.0,82.0,23.084302910026764
33.0,82.25,23.074843043602087
33.0,82.5,23.065406524393286
33.0,82.75,23.05599308776064
33.0,83.0,23.046602476396195
33.0,83.25,23.037234444114304
33.0,83.5,23.027888757253262
33.0,83.75,23.01856519258919
33.0,84.0,23.009263529725327
33.0,84.25,22.99998353797699
33.0,84.5,22.990724977907547
33.0,84.75,22.98148760931862
33.0,85.0,22.972271192546383
33.0,85.25,22.963075488443287
33.0,85.5,22.953900261660156
33.0,85.75,22.94474528439511
33.0,86.0,22.935610339590824
33.0,86.25,22.926495221247038
33.0,86.5,22.917399730738822
33.0,86.75,22.90832366399615
33.0,87.0,22.89926679950281
33.0,87.25,22.89022890412574
33.0,87.5,22.881209743503433
33.0,87.75,22.87220908442996
33.0,88.0,22.863226695761764
33.0,88.25,22.854262351867597
33.0,88.5,22.845315837291707
33.0,88.75,22.836386954648788
33.0,89.0,22.827475525693128
33.0,89.25,22.818581386100036
33.0,89.5,22.809704378666193
33.0,89.75,22.800844346460405
33.0,90.0,22.792001132549622
33.0,90.25,22.78317457999322
33.0,90.5,22.774364521085428
33.0,90.75,22.765570771626713
33.0,91.0,22.75679313877279
33.0,91.25,22.748031430509975
33.0,91.5,22.739285460868523
33.0,91.75,22.73055505201467
33.0,92.0,22.721840034705863
33.0,92.25,22.71314024673498
33.0,92.5,22.70445552737123
33.0,92.75,22.695785716777486
33.0,93.0,22.68713065877544
33.0,93.25,22.67849020081112
33.0,93.5,22.669864190130472
33.0,93.75,22.661252474557152
33.0,94.0,22.652654905311433
33.0,94.25,22.64407133624021
33.0,94.5,22.63550162093866
33.0,94.75,22.62694561407146
33.0,95.0,22.618403173122324
33.0,95.25,22.609874154042128
33.0,95.5,22.601358406814814
33.0,95.75,22.592855778834533
33.0,96.0,22.584366119617414
33.0,96.25,22.57588928058112
33.0,96.5,22.56742511366464
33.0,96.75,22.558973473337794
33.0,97.0,22.550534219743664
33.0,97.25,22.54210722219952
33.0,97.5,22.533692361270187
33.0,97.75,22.525289527327384
33.0,98.0,22.516898617173876
33.0,98.25,22.508519528383314
33.0,98.5,22.50015215692021
33.0,98.75,22.491796399101414
33.0,99.0,22.483452151701613
33.0,99.25,22.475119304625974
33.0,99.5,22.46679774064668
33.0,99.75,22.458487341137594
33.0,100.0,22.450187989984276
33.0,100.25,22.44189957440026
33.0,100.5,22.433621985571833
33.0,100.75,22.425355119308414
33.0,101.0,22.41709887451192
33.0,101.25,22.408853148442226
33.0,101.5,22.400617837083605
33.0,101.75,22.39239283714063
33.0,102.0,22.384178040033316
33.0,102.25,22.375973319938605
33.0,102.5,22.367778537568373
33.0,102.75,22.35959355099845
33.0,103.0,22.351418225533696
33.0,103.25,22.34325244956235
33.0,103.5,22.33509613629069
33.0,103.75,22.326949213669124
33.0,104.0,22.318811609246005
33.0,104.25,22.310683233384164
33.0,104.5,22.302563981167467
33.0,104.75,22.29445374256247
33.0,105.0,22.28635240719808
33.0,105.25,22.278259863146175
33.0,105.5,22.270175998543
33.0,105.75,22.262100704921796
33.0,106.0,22.25403387841112
33.0,106.25,22.245975417984763
33.0,106.5,22.237925225455125
33.0,106.75,22.229883206820272
33.0,107.0,22.22184927129367
33.0,107.25,22.213823324778275
33.0,107.5,22.20580526927969
33.0,107.75,22.19779500714822
33.0,108.0,22.18979244407162
33.0,108.25,22.18179749009043
33.0,108.5,22.17381005987837
33.0,108.75,22.16583007289441
33.0,109.0,22.157857452329836
33.0,109.25,22.149892120741356
33.0,109.5,22.141933998700967
33.0,109.75,22.13398300718189
33.0,110.0,22.12603906830445
33.0,110.25,22.1181021003228
33.0,110.5,22.110172016671466
33.0,110.75,22.10224872990668
33.0,111.0,22.094332153895344
33.0,111.25,22.086422200387624
33.0,111.5,22.078518777691617
33.0,111.75,22.070621793886065
33.0,112.0,22.062731159294312
33.0,112.25,22.05484678432119
33.0,112.5,22.046968576600875
33.0,112.75,22.039096443071113
33.0,113.0,22.03123029338306
33.0,113.25,22.023370041461195
33.0,113.5,22.015515605345982
33.0,113.75,22.00766690731221
33.0,114.0,21.999823874134627
33.0,114.25,21.991986435512327
33.0,114.5,21.984154519004665
33.0,114.75,21.976328050172366
33.0,115.0,21.96850695569298
33.0,115.25,21.960691162841663
33.0,115.5,21.95288059226908
33.0,115.75,21.945075158714108
33.0,116.0,21.93727477657114
33.0,116.25,21.929479363087307
33.0,116.5,21.921688838790576
33.0,116.75,21.913903127443636
33.0,117.0,21.906122156627504
33.0,117.25,21.89834585675274
33.0,117.5,21.890574154979177
33.0,117.75,21.88280697315294
33.0,118.0,21.87504423149788
33.0,118.25,21.867285851775343
33.0,118.5,21.85953175645572
33.0,118.75,21.85178186681473
33.0,119.0,21.844036104468664
33.0,119.25,21.83629439352991
33.0,119.5,21.8285566595154
33.0,119.75,21.82082282581013
33.0,120.0,21.81309281471671
33.0,120.25,21.805366550490415
33.0,120.5,21.797643959441455
33.0,120.75,21.789924965631275
33.0,121.0,21.782209491388
33.0,121.25,21.774497460707437
33.0,121.5,21.76678880000904
33.0,121.75,21.75908343396994
33.0,122.0,21.7513812851777
33.0,122.25,21.743682277274935
33.0,122.5,21.73598633609483
33.0,122.75,21.728293385945058
33.0,123.0,21.72060334898442
33.0,123.25,21.712916148204442
33.0,123.5,21.705231709136914
33.0,123.75,21.697549957431498
33.0,124.0,21.689870816344122
33.0,124.25,21.682194208642937
33.0,124.5,21.67452005918391
33.0,124.75,21.666848294000673
33.0,125.0,21.659178837149177
33.0,125.25,21.65151161189207
33.0,125.5,21.643846543726113
33.0,125.75,21.63618356038387
33.0,126.0,21.628522585974178
33.0,126.25,21.620863540949564
33.0,126.5,21.613206346307738
33.0,126.75,21.605550925356322
33.0,127.0,21.59789720089972
33.0,127.25,21.590245095132826
33.0,127.5,21.582594532210525
33.0,127.75,21.57494543928838
33.0,128.0,21.567297743571796
33.0,128.25,21.559651369965636
33.0,128.5,21.55200624307015
33.0,128.75,21.544362289644955
33.0,129.0,21.53671943726416
33.0,129.25,21.529077609432267
33.0,129.5,21.52143672672757
33.0,129.75,21.51379671092586
33.0,130.0,21.506157486183128
33.0,130.25,21.498518975304187
33.0,130.5,21.490881100088956
33.0,130.75,21.483243784402468
33.0,131.0,21.475606954452896
33.0,131.25,21.4679705328398
33.0,131.5,21.460334435836955
33.0,131.75,21.452698577311494
33.0,132.0,21.445062872921213
33.0,132.25,21.437427241573587
33.0,132.5,21.42979160579821
33.0,132.75,21.42215589235076
33.0,133.0,21.41452003218104
33.0,133.25,21.406883955627617
33.0,133.5,21.399247580449842
33.0,133.75,21.391610813092583
33.0,134.0,21.383973557223783
33.0,134.25,21.376335719094072
33.0,134.5,21.368697209971117
33.0,134.75,21.361057946926323
33.0,135.0,21.3534178528409
33.0,135.25,21.345776854738062
33.0,135.5,21.33813487794065
33.0,135.75,21.330491844991858
33.0,136.0,21.322847678870918
33.0,136.25,21.315202304675697
33.0,136.5,21.307555646798743
33.0,136.75,21.29990762663164
33.0,137.0,21.292258164799843
33.0,137.25,21.284607183315863
33.0,137.5,21.276954600858588
33.0,137.75,21.26930032234785
33.0,138.0,21.261644241629476
33.0,138.25,21.253986250535892
33.0,138.5,21.246326245384473
33.0,138.75,21.23866413087361
33.0,139.0,21.230999820310014
33.0,139.25,21.22333323417048
33.0,139.5,21.215664295572182
33.0,139.75,21.20799291741914
33.0,140.0,21.20031900230936
33.0,140.25,21.19264245036634
33.0,140.5,21.18496316428517
33.0,140.75,21.177281051703403
33.0,141.0,21.16959602595262
33.0,141.25,21.161908006012297
33.0,141.5,21.15421691443553
33.0,141.75,21.14652266956069
33.0,142.0,21.138825182518495
33.0,142.25,21.131124361470878
33.0,142.5,21.12342011573104
33.0,142.75,21.115712356318568
33.0,143.0,21.108000995739275
33.0,143.25,21.1002859491673
33.0,143.5,21.092567134537145
33.0,143.75,21.084844466151367
33.0,144.0,21.07711784511916
33.0,144.25,21.06938716238735
33.0,144.5,21.06165230715755
33.0,144.75,21.053913172823513
33.0,145.0,21.046169660483745
33.0,145.25,21.038421679151206
33.0,145.5,21.030669144289075
33.0,145.75,21.0229119734535
33.0,146.0,21.01515007629514
33.0,146.25,21.007383354864757
33.0,146.5,20.999611709865267
33.0,146.75,20.991835044201068
33.0,147.0,20.984053263245233
33.0,147.25,20.976266275419224
33.0,147.5,20.96847399315385
33.0,147.75,20.960676330010415
33.0,148.0,20.95287318741638
33.0,148.25,20.9450644515132
33.0,148.5,20.937250001353036
33.0,148.75,20.929429717279547
33.0,149.0,20.92160348857016
33.0,149.25,20.913771215478473
33.0,149.5,20.905932807081385
33.0,149.75,20.898088178083846
33.0,150.0,20.890237243212997
33.0,150.25,20.882379914699726
33.0,150.5,20.87451610427705
33.0,150.75,20.86664572407208
33.0,151.0,20.858768680731966
33.0,151.25,20.850884870824537
33.0,151.5,20.842994184855986
33.0,151.75,20.835096513184872
33.0,152.0,20.827191749555187
33.0,152.25,20.819279792640586
33.0,152.5,20.811360546257227
33.0,152.75,20.80343391852478
33.0,153.0,20.7954998186944
33.0,153.25,20.78755815377873
33.0,153.5,20.77960882959599
33.0,153.75,20.771651752474764
33.0,154.0,20.763686825357656
33.0,154.25,20.755713940589164
33.0,154.5,20.74773298237034
33.0,154.75,20.739743832298643
33.0,155.0,20.731746367414956
33.0,155.25,20.723740454342252
33.0,155.5,20.715725952600923
33.0,155.75,20.707702723562154
33.0,156.0,20.69967064428652
33.0,156.25,20.6916296164527
33.0,156.5,20.683579561296057
33.0,156.75,20.67552040864359
33.0,157.0,20.66745207868783
33.0,157.25,20.659374463702566
33.0,157.5,20.65128743301407
33.0,157.75,20.643190848498858
33.0,158.0,20.63508458038125
33.0,158.25,20.62696851553308
33.0,158.5,20.618842554786127
33.0,158.75,20.610706607105215
33.0,159.0,20.602560583968618
33.0,159.25,20.594404396254532
33.0,159.5,20.586237954578674
33.0,159.75,20.57806116748751
33.0,160.0,20.569873928793523
33.0,160.25,20.561676110595794
33.0,160.5,20.553467571085417
33.0,160.75,20.545248167537004
33.0,161.0,20.537017773899866
33.0,161.25,20.52877628446423
33.0,161.5,20.520523606828068
33.0,161.75,20.512259655290503
33.0,162.0,20.50398434534174
33.0,162.25,20.4956975919517
33.0,162.5,20.487399310037173
33.0,162.75,20.479089412003248
33.0,163.0,20.470767798489508
33.0,163.25,20.462434358959538
33.0,163.5,20.454088978140437
33.0,163.75,20.44573153950824
33.0,164.0,20.437361926150682
33.0,164.25,20.42898002182087
33.0,164.5,20.420585711885217
33.0,164.75,20.412178883122515
33.0,165.0,20.40375942333829
33.0,165.25,20.395327221677906
33.0,165.5,20.386882170848523
33.0,165.75,20.378424174484056
33.0,166.0,20.36995314850884
33.0,166.25,20.361469016379264
33.0,166.5,20.35297170249763
33.0,166.75,20.344461121073753
33.0,167.0,20.335937175259673
33.0,167.25,20.327399764237903
33.0,167.5,20.3188487962105
33.0,167.75,20.3102842023995
33.0,168.0,20.301705933502028
33.0,168.25,20.29311394696805
33.0,168.5,20.284508190132755
33.0,168.75,20.275888587880278
33.0,169.0,20.267255046680184
33.0,169.25,20.258607466181044
33.0,169.5,20.249945754571918
33.0,169.75,20.241269833042853
33.0,170.0,20.232579630505885
33.0,170.25,20.223875076119192
33.0,170.5,20.21515609003518
33.0,170.75,20.206422582859688
33.0,171.0,20.197674462945933
33.0,171.25,20.188911653396545
33.0,171.5,20.18013410350989
33.0,171.75,20.17134178154596
33.0,172.0,20.162534659970078
33.0,172.25,20.15371269581025
33.0,172.5,20.144875823832667
33.0,172.75,20.136023964030468
33.0,173.0,20.127157034824585
33.0,173.25,20.11827496801941
33.0,173.5,20.109377708646267
33.0,173.75,20.100465208086767
33.0,174.0,20.091537422370667
33.0,174.25,20.08259431166018
33.0,174.5,20.073635837417573
33.0,174.75,20.06466196342331
33.0,175.0,20.055672668776463
33.0,175.25,20.046667947140712
33.0,175.5,20.037647795801856
33.0,175.75,20.028612202438612
33.0,176.0,20.019561132654413
33.0,176.25,20.01049453201874
33.0,176.5,20.001412337946146
33.0,176.75,19.992314499718077
33.0,177.0,19.98320098314268
33.0,177.25,19.974071761078886
33.0,177.5,19.964926799118366
33.0,177.75,19.955766042457622
33.0,178.0,19.946589417994236
33.0,178.25,19.93739685304251
33.0,178.5,19.928188317568456
33.0,178.75,19.918963825401384
33.0,179.0,19.909723409984355
33.0,179.25,19.900467107360814
33.0,179.5,19.89119494751581
33.0,179.75,19.88190695174603
33.0,180.0,19.8726031294764
33.0,180.25,19.86328346664832
33.0,180.5,19.853947926109214
33.0,180.75,19.844596463587933
33.0,181.0,19.83522906445454
33.0,181.25,19.825845757571244
33.0,181.5,19.816446598118972
33.0,181.75,19.807031648539592
33.0,182.0,19.797600967771665
33.0,182.25,19.7881546068558
33.0,182.5,19.778692611459565
33.0,182.75,19.769215037153682
33.0,183.0,19.759721953823007
33.0,183.25,19.75021343790239
33.0,183.5,19.740689572036228
33.0,183.75,19.731150453526
33.0,184.0,19.721596189190144
33.0,184.25,19.712026879289795
33.0,184.5,19.702442590015966
33.0,184.75,19.6928433430031
33.0,185.0,19.6832291303845
33.0,185.25,19.673599942084273
33.0,185.5,19.663955783232467
33.0,185.75,19.654296673058518
33.0,186.0,19.644622649334266
33.0,186.25,19.634933783142976
33.0,186.5,19.62523017059514
33.0,186.75,19.61551191301059
33.0,187.0,19.605779099254555
33.0,187.25,19.59603180006099
33.0,187.5,19.586270076834985
33.0,187.75,19.57649401101107
33.0,188.0,19.566703718477182
33.0,188.25,19.55689933557471
33.0,188.5,19.547081002332522
33.0,188.75,19.5372488546087
33.0,189.0,19.527403019819317
33.0,189.25,19.517543616297196
33.0,189.5,19.507670760337035
33.0,189.75,19.49778456842711
33.0,190.0,19.487885152199873
33.0,190.25,19.477972610940775
33.0,190.5,19.468047026058198
33.0,190.75,19.458108463059727
33.0,191.0,19.448156979642853
33.0,191.25,19.43819263581779
33.0,191.5,19.428215494474696
33.0,191.75,19.41822562454448
33.0,192.0,19.408223121318745
33.0,192.25,19.39820810347561
33.0,192.5,19.388180696553423
33.0,192.75,19.37814102346814
33.0,193.0,19.36808920013667
33.0,193.25,19.358025334353435
33.0,193.5,19.34794953032012
33.0,193.75,19.337861892671917
33.0,194.0,19.327762525642587
33.0,194.25,19.317651539365954
33.0,194.5,19.307529062698425
33.0,194.75,19.297395237947008
33.0,195.0,19.287250206629455
33.0,195.25,19.277094096476784
33.0,195.5,19.266927017832238
33.0,195.75,19.25674906622645
33.0,196.0,19.246560324790394
33.0,196.25,19.236360866018003
33.0,196.5,19.22615075546377
33.0,196.75,19.2159300624716
33.0,197.0,19.205698866041466
33.0,197.25,19.195457251262752
33.0,197.5,19.18520530981551
33.0,197.75,19.174943143166537
33.0,198.0,19.16467085707941
33.0,198.25,19.154388551036273
33.0,198.5,19.144096307257318
33.0,198.75,19.133794190848988
33.0,199.0,19.12348226076161
33.0,199.25,19.113160588823057
33.0,199.5,19.102829260195332
33.0,199.75,19.092488361087398
33.0,200.0,19.082137963397894
33.0,200.25,19.071778120649093
33.0,200.5,19.061408874736713
33.0,200.75,19.051030268250596
33.0,201.0,19.0406423487594
33.0,201.25,19.030245166697462
33.0,201.5,19.01983877759023
33.0,201.75,19.009423242707772
33.0,202.0,18.99899862497636
33.0,202.25,18.988564985285382
33.0,202.5,18.9781223807946
33.0,202.75,18.967670863576533
33.0,203.0,18.95721047725748
33.0,203.25,18.94674125190393
33.0,203.5,18.936263205343682
33.0,203.75,18.9257763470339
33.0,204.0,18.915280679534874
33.0,204.25,18.904776200225918
33.0,204.5,18.894262904396427
33.0,204.75,18.883740790854286
33.0,205.0,18.873209862335635
33.0,205.25,18.86267012055595
33.0,205.5,18.852121555684075
33.0,205.75,18.84156414391411
33.0,206.0,18.83099785197136
33.0,206.25,18.820422638638213
33.0,206.5,18.809838456287856
33.0,206.75,18.799245253175854
33.0,207.0,18.788642972047064
33.0,207.25,18.778031549631265
33.0,207.5,18.76741091856256
33.0,207.75,18.756781005949268
33.0,208.0,18.746141732308015
33.0,208.25,18.735493014822225
33.0,208.5,18.72483477146919
33.0,208.75,18.714166923321223
33.0,209.0,18.703489394202425
33.0,209.25,18.692802106122087
33.0,209.5,18.682104973933388
33.0,209.75,18.671397906019838
33.0,210.0,18.66068080109177
33.0,210.25,18.649953537461172
33.0,210.5,18.639215976177965
33.0,210.75,18.628467964364532
33.0,211.0,18.617709326770317
33.0,211.25,18.606939871549443
33.0,211.5,18.596159402502
33.0,211.75,18.585367725526083
33.0,212.0,18.574564650726217
33.0,212.25,18.56374998454957
33.0,212.5,18.552923514009116
33.0,212.75,18.542085009460635
33.0,213.0,18.531234230939273
33.0,213.25,18.520370927419957
33.0,213.5,18.50949484546115
33.0,213.75,18.498605748661966
33.0,214.0,18.487703432362775
33.0,214.25,18.476787717029207
33.0,214.5,18.465858421222602
33.0,214.75,18.454915330007807
33.0,215.0,18.443958197446502
33.0,215.25,18.432986758204244
33.0,215.5,18.422000729226106
33.0,215.75,18.41099981576885
33.0,216.0,18.399983706534822
33.0,216.25,18.38895206161882
33.0,216.5,18.37790452407097
33.0,216.75,18.36684074402441
33.0,217.0,18.355760393109747
33.0,217.25,18.344663156066968
33.0,217.5,18.333548685813923
33.0,217.75,18.322416571890738
33.0,218.0,18.311266366597234
33.0,218.25,18.300097640756935
33.0,218.5,18.28891000690468
33.0,218.75,18.277703108143854
33.0,219.0,18.26647659144917
33.0,219.25,18.255230098225205
33.0,219.5,18.24396326605453
33.0,219.75,18.232675717238187
33.0,220.0,18.22136705963256
33.0,220.25,18.21003687375694
33.0,220.5,18.19868462636506
33.0,220.75,18.18730968030757
33.0,221.0,18.1759114004313
33.0,221.25,18.164489242751902
33.0,221.5,18.153042742592522
33.0,221.75,18.141571419921018
33.0,222.0,18.13007469711037
33.0,222.25,18.118551924500892
33.0,222.5,18.107002468288105
33.0,222.75,18.09542574910686
33.0,223.0,18.08382121564944
33.0,223.25,18.07218826410542
33.0,223.5,18.06052622901762
33.0,223.75,18.048834432374242
33.0,224.0,18.037112226295708
33.0,224.25,18.02535898971989
33.0,224.5,18.013574071448694
33.0,224.75,18.001756748045757
33.0,225.0,17.989906251100628
33.0,225.25,17.9780218311136
33.0,225.5,17.966102774622556
33.0,225.75,17.954148350927944
33.0,226.0,17.942157711503924
33.0,226.25,17.930129909148192
33.0,226.5,17.918064014557118
33.0,226.75,17.90595917612747
33.0,227.0,17.8938145919513
33.0,227.25,17.881629431351254
33.0,227.5,17.869402811693284
33.0,227.75,17.857133788991245
33.0,228.0,17.844821343076436
33.0,228.25,17.832464404755143
33.0,228.5,17.82006190296395
33.0,228.75,17.807612771353334
33.0,229.0,17.79511588631808
33.0,229.25,17.782570011480825
33.0,229.5,17.769973870564872
33.0,229.75,17.757326320531224
33.0,230.0,17.744626353431126
33.0,230.25,17.7318729346022
33.0,230.5,17.719064879300944
33.0,230.75,17.70620084527622
33.0,231.0,17.693279335850505
33.0,231.25,17.68029877305117
33.0,231.5,17.667257673143602
33.0,231.75,17.654154684330692
33.0,232.0,17.640988488646833
33.0,232.25,17.627757715636122
33.0,232.5,17.614460926577323
33.0,232.75,17.60109661994923
33.0,233.0,17.587663214840894
33.0,233.25,17.574158946813334
33.0,233.5,17.56058188491047
33.0,233.75,17.546930137362363
33.0,234.0,17.53320194186873
33.0,234.25,17.519395540052724
33.0,234.5,17.505509042093667
33.0,234.75,17.49154048034507
33.0,235.0,17.47748794273433
33.0,235.25,17.46334955778166
33.0,235.5,17.449123372495407
33.0,235.75,17.43480729503311
33.0,236.0,17.420399040849556
33.0,236.25,17.40589618241846
33.0,236.5,17.391296349665442
33.0,236.75,17.37659723899693
33.0,237.0,17.36179639660588
33.0,237.25,17.346891185261107
33.0,237.5,17.33187906668548
33.0,237.75,17.316757617990913
33.0,238.0,17.301524121199254
33.0,238.25,17.286175426192553
33.0,238.5,17.270708269509377
33.0,238.75,17.255119424590266
33.0,239.0,17.239405655113035
33.0,239.25,17.22356357303434
33.0,239.5,17.207589462404968
33.0,239.75,17.191479481307603
33.0,240.0,17.175229980662344
33.0,240.25,17.158837501399727
33.0,240.5,17.142298605925774
33.0,240.75,17.12560968524649
33.0,241.0,17.108766829563866
33.0,241.25,17.091765754059796
33.0,241.5,17.07460190804075
33.0,241.75,17.057270713619946
33.0,242.0,17.039767819286237
33.0,242.25,17.02208901748365
33.0,242.5,17.00422971754943
33.0,242.75,16.986184948041373
33.0,243.0,16.967949642489007
33.0,243.25,16.949518463633837
33.0,243.5,16.930885793470658
33.0,243.75,16.912046069789646
33.0,244.0,16.89299383434683
33.0,244.25,16.873723420005344
33.0,244.5,16.85422861061316
33.0,244.75,16.83450281625984
33.0,245.0,16.81453917405862
33.0,245.25,16.794330626609014
33.0,245.5,16.773870478969343
33.0,245.75,16.75315205553059
33.0,246.0,16.732168323141682
33.0,246.25,16.71091222933692
33.0,246.5,16.689376804851946
33.0,246.75,16.66755469084156
33.0,247.0,16.64543798371017
33.0,247.25,16.623018532459152
33.0,247.5,16.600288196355105
33.0,247.75,16.577239196087778
33.0,248.0,16.553864128208925
33.0,248.25,16.530155666457542
33.0,248.5,16.5061059537616
33.0,248.75,16.48170634351464
33.0,249.0,16.45694821565091
33.0,249.25,16.431823540244412
33.0,249.5,16.406324663341547
33.0,249.75,16.380444344590934
33.0,250.0,16.354175494822222
33.0,250.25,16.32751105411903
33.0,250.5,16.30044423269772
33.0,250.75,16.27296882295572
33.0,251.0,16.245078707608933
33.0,251.25,16.216768290159916
33.0,251.5,16.188033283529315
33.0,251.75,16.158869935533534
33.0,252.0,16.129275088504034
33.0,252.25,16.099246135106196
33.0,252.5,16.068781121026802
33.0,252.75,16.037879350107314
33.0,253.0,16.006541213236687
33.0,253.25,15.974767794109258
33.0,253.5,15.942560884847502
33.0,253.75,15.90992308406074
33.0,254.0,15.87685781018321
33.0,254.25,15.843369771937962
33.0,254.5,15.809464968651891
33.0,254.75,15.775151112367245
33.0,255.0,15.740442804229286
33.0,255.25,15.705370321319009
33.0,255.5,15.669975941989806
33.0,255.75,15.634304808840417
33.0,256.0,15.598399460706762
33.0,256.25,15.562297641251977
33.0,256.5,15.526031845784244
33.0,256.75,15.489629642657317
33.0,257.0,15.453114278470395
33.0,257.25,15.416505337832426
33.0,257.5,15.379819359417478
33.0,257.75,15.343070372812587
33.0,258.0,15.306270349590969
33.0,258.25,15.269429574494323
33.0,258.5,15.232556947150028
33.0,258.75,15.195660225600987
33.0,259.0,15.158746222162579
33.0,259.25,15.121820960755882
33.0,259.5,15.084889803380474
33.0,259.75,15.047957551999389
33.0,260.0,15.011028530895208
33.0,260.25,14.974106653538191
33.0,260.5,14.937195477173534
33.0,260.75,14.900298247662162
33.0,261.0,14.863417936572759
33.0,261.25,14.826557272097002
33.0,261.5,14.789718765024599
33.0,261.75,14.752904730750583
33.0,262.0,14.716117308080506
33.0,262.25,14.679358475436889
33.0,262.5,14.64263006494337
33.0,262.75,14.605933774763702
33.0,263.0,14.569271179994878
33.0,263.25,14.532643742352883
33.0,263.5,14.496052818841763
33.0,263.75,14.459499669559257
33.0,264.0,14.422985464762819
33.0,264.25,14.38651129129666
33.0,264.5,14.350078158462074
33.0,264.75,14.31368700339894
33.0,265.0,14.277338696034695
33.0,265.25,14.241034043647897
33.0,265.5,14.20477379508622
33.0,265.75,14.168558644672727
33.0,266.0,14.13238923582957
33.0,266.25,14.096266164444275
33.0,266.5,14.060189982000685
33.0,266.75,14.02416119849388
33.0,267.0,13.988180285146303
33.0,267.25,13.952247676940438
33.0,267.5,13.916363774981768
33.0,267.75,13.880528948704544
33.0,268.0,13.844743537931603
33.0,268.25,13.809007854798601
33.0,268.5,13.773322185552045
33.0,268.75,13.737686792229864
33.0,269.0,13.702101914232431
33.0,269.25,13.666567769791476
33.0,269.5,13.63108455734368
33.0,269.75,13.595652456815303
33.0,270.0,13.560271630823685
33.0,270.25,13.524942225801134
33.0,270.5,13.489664373046251
33.0,270.75,13.454438189707432
33.0,271.0,13.419263779702968
33.0,271.25,13.384141234581868
33.0,271.5,13.349070634329234
33.0,271.75,13.314052048119782
33.0,272.0,13.279085535022887
33.0,272.25,13.244171144662207
33.0,272.5,13.209308917832942
33.0,272.75,13.17449888707933
33.0,273.0,13.13974107723502
33.0,273.25,13.105035505928692
33.0,273.5,13.07038218405716
33.0,273.75,13.035781116228055
33.0,274.0,13.001232301174038
33.0,274.25,12.966735732140382
33.0,274.5,12.932291397247624
33.0,274.75,12.8978992798309
33.0,275.0,12.86355935875748
33.0,275.25,12.829271608723838
33.0,275.5,12.795036000533669
33.0,275.75,12.760852501357991
33.0,276.0,12.726721074978537
33.0,276.25,12.692641682015473
33.0,276.5,12.658614280140494
33.0,276.75,12.624638824276193
33.0,277.0,12.590715266782613
33.0,277.25,12.556843557631783
33.0,277.5,12.523023644571037
33.0,277.75,12.489255473275827
33.0,278.0,12.455538987492684
33.0,278.25,12.421874129172975
33.0,278.5,12.38826083859808
33.0,278.75,12.354699054496471
33.0,279.0,12.32118871415328
33.0,279.25,12.287729753512775
33.0,279.5,12.254322107274287
33.0,279.75,12.220965708981907
33.0,280.0,12.187660491108423
33.0,280.25,12.154406385133852
33.0,280.5,12.121203321618887
33.0,280.75,12.088051230273646
33.0,281.0,12.054950040021932
33.0,281.25,12.021899679061397
33.0,281.5,11.988900074919787
33.0,281.75,11.955951154507583
33.0,282.0,11.923052844167215
33.0,282.25,11.890205069719112
33.0,282.5,11.85740775650478
33.0,282.75,11.824660829427083
33.0,283.0,11.791964212987908
33.0,283.25,11.759317831323418
33.0,283.5,11.72672160823701
33.0,283.75,11.694175467230128
33.0,284.0,11.66167933153109
33.0,284.25,11.629233124122033
33.0,284.5,11.59683676776413
33.0,284.75,11.564490185021135
33.0,285.0,11.532193298281436
33.0,285.25,11.499946029778648
33.0,285.5,11.467748301610852
33.0,285.75,11.435600035758625
33.0,286.0,11.403501154101846
33.0,286.25,11.371451578435435
33.0,286.5,11.339451230484041
33.0,286.75,11.307500031915788
33.0,287.0,11.275597904355108
33.0,287.25,11.243744769394732
33.0,287.5,11.211940548606892
33.0,287.75,11.180185163553785
33.0,288.0,11.148478535797361
33.0,288.25,11.116820586908444
33.0,288.5,11.085211238475242
33.0,288.75,11.053650412111336
33.0,289.0,11.022138029463086
33.0,289.25,10.990674012216571
33.0,289.5,10.95925828210407
33.0,289.75,10.92789076091008
33.0,290.0,10.896571370476957
33.0,290.25,10.865300032710177
33.0,290.5,10.834076669583215
33.0,290.75,10.802901203142122
33.0,291.0,10.771773555509764
33.0,291.25,10.740693648889803
33.0,291.5,10.709661405570365
33.0,291.75,10.678676747927494
33.0,292.0,10.647739598428336
33.0,292.25,10.616849879634112
33.0,292.5,10.586007514202889
33.0,292.75,10.555212424892149
33.0,293.0,10.524464534561169
33.0,293.25,10.49376376617325
33.0,293.5,10.463110042797753
33.0,293.75,10.432503287612022
33.0,294.0,10.40194342390315
33.0,294.25,10.371430375069602
33.0,294.5,10.340964064622739
33.0,294.75,10.310544416188216
33.0,295.0,10.280171353507273
33.0,295.25,10.249844800437916
33.0,295.5,10.219564680956033
33.0,295.75,10.189330919156388
33.0,296.0,10.159143439253555
33.0,296.25,10.129002165582774
33.0,296.5,10.098907022600716
33.0,296.75,10.068857934886214
33.0,297.0,10.038854827140895
33.0,297.25,10.00889762418978
33.0,297.5,9.978986250981825
37.0,0.0,37.0
37.0,0.25,36.9999999976847
37.0,0.5,36.99999970474444
37.0,0.75,36.99999385707807
37.0,1.0,36.99994591244762
37.0,1.25,36.99972867935438
37.0,1.5,36.99907966934355
37.0,1.75,36.99761757172154
37.0,2.0,36.994903473431805
37.0,2.25,36.99050616362228
37.0,2.5,36.98404812855918
37.0,2.75,36.9752285856747
37.0,3.0,36.96382898258945
37.0,3.25,36.949707879822725
37.0,3.5,36.93279067021011
37.0,3.75,36.9130576490474
37.0,4.0,36.89053240135021
37.0,4.25,36.865271447477554
37.0,4.5,36.83735548146682
37.0,4.75,36.80688221020518
37.0,5.0,36.77396064621248
37.0,5.25,36.73870664821708
37.0,5.5,36.70123949606476
37.0,5.75,36.661679303148475
37.0,6.0,36.62014509574554
37.0,6.25,36.57675341671515
37.0,6.5,36.531617337265175
37.0,6.75,36.484845783447206
37.0,7.0,36.43654310332413
37.0,7.25,36.386808816559
37.0,7.5,36.33573750091385
37.0,7.75,36.28341878029752
37.0,8.0,36.22993738702289
37.0,8.25,36.17537327723471
37.0,8.5,36.1198017833942
37.0,8.75,36.0632937915444
37.0,9.0,36.00591593405871
37.0,9.25,35.94773079088287
37.0,9.5,35.88879709406211
37.0,9.75,35.82916993171819
37.0,10.0,35.768900948694736
37.0,10.25,35.70803854189663
37.0,10.5,35.6466280489643
37.0,10.75,35.58471192939078
37.0,11.0,35.52232993754174
37.0,11.25,35.45951928730276
37.0,11.5,35.39631480827359
37.0,11.75,35.33274909357293
37.0,12.0,35.268852639420466
37.0,12.25,35.20465397673557
37.0,12.5,35.14017979504159
37.0,12.75,35.07545505899632
37.0,13.0,35.01050311788783
37.0,13.25,34.94534580844305
37.0,13.5,34.88000355129814
37.0,13.75,34.81449544147515
37.0,14.0,34.748839333201786
37.0,14.25,34.68305191940019
37.0,14.5,34.617148806158475
37.0,14.75,34.55114458248505
37.0,15.0,34.4850528856317
37.0,15.25,34.418886462256886
37.0,15.5,34.35265722568646
37.0,15.75,34.286376309514836
37.0,16.0,34.22005411777583
37.0,16.25,34.15370037189903
37.0,16.5,34.08732415465497
37.0,16.75,34.02093395127999
37.0,17.0,33.954537687960055
37.0,17.25,33.888142767841956
37.0,17.5,33.82175610472961
37.0,17.75,33.755384154613715
37.0,18.0,33.68903294517316
37.0,18.25,33.62270810337848
37.0,18.5,33.556414881318936
37.0,18.75,33.49015818036741
37.0,19.0,33.423942573789596
37.0,19.25,33.35777232789788
37.0,19.5,33.29165142184304
37.0,19.75,33.225583566131746
37.0,20.0,33.159572219951556
37.0,20.25,33.09362060738028
37.0,20.5,33.02773173255151
37.0,20.75,32.96190839384341
37.0,21.0,32.896153197153765
37.0,21.25,32.83046856832009
37.0,21.5,32.76485676473967
37.0,21.75,32.699319886241376
37.0,22.0,32.633859885257145
37.0,22.25,32.5684785763384
37.0,22.5,32.50317764505948
37.0,22.75,32.43795865634768
37.0,23.0,32.3728230622767
37.0,23.25,32.30777220935816
37.0,23.5,32.24280734536348
37.0,23.75,32.177929625706334
37.0,24.0,32.11314011941407
37.0,24.25,32.0484398147144
37.0,24.5,31.983829624262416
37.0,24.75,31.919310390030766
37.0,25.0,31.854882887884962
37.0,25.25,31.790547831863943
37.0,25.5,31.726305878184906
37.0,25.75,31.662157628990258
37.0,26.0,31.598103635853093
37.0,26.25,31.534144403057013
37.0,26.5,31.47028039066456
37.0,26.75,31.406512017388103
37.0,27.0,31.342839663275708
37.0,27.25,31.279263672224097
37.0,27.5,31.215784354329625
37.0,27.75,31.152401988087895
37.0,28.0,31.089116822451665
37.0,28.25,31.02592907875615
37.0,28.5,30.962838952520332
37.0,28.75,30.899846615132226
37.0,29.0,30.83695221542557
37.0,29.25,30.77415588115492
37.0,29.5,30.71145772037573
37.0,29.75,30.648857822735554
37.0,30.0,30.586356260681963
37.0,30.25,30.523953090592723
37.0,30.5,30.461648353833116
37.0,30.75,30.399442077745125
37.0,31.0,30.33733427657288
37.0,31.25,30.275324952328482
37.0,31.5,30.213414095602015
37.0,31.75,30.151601686319356
37.0,32.0,30.089887694451146
37.0,32.25,30.02827208067605
37.0,32.5,29.966754797001304
37.0,32.75,29.905335787343198
37.0,33.0,29.844014988070185
37.0,33.25,29.782792328510943
37.0,33.5,29.721667731429715
37.0,33.75,29.660641113470934
37.0,34.0,29.599712385575256
37.0,34.25,29.538881453368656
37.0,34.5,29.47814821752656
37.0,34.75,29.417512574114312
37.0,35.0,29.356974414905864
37.0,35.25,29.296533627681722
37.0,35.5,29.236190096507812
37.0,35.75,29.175943701996236
37.0,36.0,29.11579432154925
37.0,36.25,29.055741829587483
37.0,36.5,28.99578609776338
37.0,36.75,28.935926995160898
37.0,37.0,28.876164388482284
37.0,37.25,28.81649814222277
37.0,37.5,28.756928118834
37.0,37.75,28.697454178876853
37.0,38.0,28.63807618116442
37.0,38.25,28.578793982895704
37.0,38.5,28.51960743978068
37.0,38.75,28.46051640615722
37.0,39.0,28.401520735100537
37.0,39.25,28.34262027852542
37.0,39.5,28.283814887281927
37.0,39.75,28.225104411244846
37.0,40.0,28.16648869939731
37.0,40.25,28.107967599909067
37.0,40.5,28.049540960209605
37.0,40.75,27.991208627056533
37.0,41.0,27.93297044659952
37.0,41.25,27.874826264440067
37.0,41.5,27.816775966500682
37.0,41.75,27.758823903133983
37.0,42.0,27.700997248672593
37.0,42.25,27.64335199807779
37.0,42.5,27.585959980849047
37.0,42.75,27.528895210268413
37.0,43.0,27.47222538750176
37.0,43.25,27.416008856006446
37.0,43.5,27.360295413169517
37.0,43.75,27.305127486794312
37.0,44.0,27.250540274744647
37.0,44.25,27.196562758046735
37.0,44.5,27.143218717812026
37.0,44.75,27.090527198476607
37.0,45.0,27.038503169697787
37.0,45.25,26.987158390916846
37.0,45.5,26.936501552998763
37.0,45.75,26.88653924029789
37.0,46.0,26.837275901656117
37.0,46.25,26.78871399199908
37.0,46.5,26.740854321137235
37.0,46.75,26.693695702866002
37.0,47.0,26.64723550776575
37.0,47.25,26.601469615111853
37.0,47.5,26.556393549931474
37.0,47.75,26.512002449419384
37.0,48.0,26.468290751445338
37.0,48.25,26.425252265571938
37.0,48.5,26.38288017289684
37.0,48.75,26.341166838644796
37.0,49.0,26.300104018042695
37.0,49.25,26.259682567682585
37.0,49.5,26.219892710627196
37.0,49.75,26.18072462008639
37.0,50.0,26.142168912625866
37.0,50.25,26.104216066139035
37.0,50.5,26.066856225676162
37.0,50.75,26.030079074101916
37.0,51.0,25.99387421357009
37.0,51.25,25.958231445582175
37.0,51.5,25.923140385087184
37.0,51.75,25.888590358666402
37.0,52.0,25.8545706432952
37.0,52.25,25.82107075774325
37.0,52.5,25.788080541018886
37.0,52.75,25.755589962962706
37.0,53.0,25.72358882058058
37.0,53.25,25.69206665239616
37.0,53.5,25.661013156434926
37.0,53.75,25.630418516715007
37.0,54.0,25.600272941434
37.0,54.25,25.57056682878648
37.0,54.5,25.541290961517923
37.0,54.75,25.51243619058898
37.0,55.0,25.48399347026417
37.0,55.25,25.45595397377502
37.0,55.5,25.42830903480834
37.0,55.75,25.40104998331979
37.0,56.0,25.374168111766117
37.0,56.25,25.347654742898495
37.0,56.5,25.321501217263343
37.0,56.75,25.295699036799363
37.0,57.0,25.27024024777771
37.0,57.25,25.24511710609061
37.0,57.5,25.220321676386533
37.0,57.75,25.19584610726916
37.0,58.0,25.1716829500943
37.0,58.25,25.147825336596835
37.0,58.5,25.12426672704645
37.0,58.75,25.101000602964614
37.0,59.0,25.078020527049578
37.0,59.25,25.055320273158504
37.0,59.5,25.032893912823067
37.0,59.75,25.01073563253421
37.0,60.0,24.988839469519316
37.0,60.25,24.96719953762063
37.0,60.5,24.945810376105978
37.0,60.75,24.924666716487835
37.0,61.0,24.90376319875805
37.0,61.25,24.88309439767749
37.0,61.5,24.862654925691757
37.0,61.75,24.842439498185865
37.0,62.0,24.822442993314077
37.0,62.25,24.80266059712888
37.0,62.5,24.783087786120753
37.0,62.75,24.763720090427768
37.0,63.0,24.744553018647846
37.0,63.25,24.725582179541263
37.0,63.5,24.706803326486856
37.0,63.75,24.688212282080094
37.0,64.0,24.669804905034216
37.0,64.25,24.651577119050927
37.0,64.5,24.633524979580894
37.0,64.75,24.615644864059252
37.0,65.0,24.597933530563953
37.0,65.25,24.580387772959586
37.0,65.5,24.563004167129918
37.0,65.75,24.545779189482857
37.0,66.0,24.528709425457148
37.0,66.25,24.511791598591348
37.0,66.5,24.49502249055032
37.0,66.75,24.47839891167639
37.0,67.0,24.461917682791178
37.0,67.25,24.445575663536836
37.0,67.5,24.429369872834954
37.0,67.75,24.413297584135247
37.0,68.0,24.39735624118725
37.0,68.25,24.381543296715293
37.0,68.5,24.365856201225235
37.0,68.75,24.350292520637318
37.0,69.0,24.334849969531646
37.0,69.25,24.319526339118323
37.0,69.5,24.304319433684974
37.0,69.75,24.28922705347157
37.0,70.0,24.274246975512128
37.0,70.25,24.25937698462228
37.0,70.5,24.244614962699792
37.0,70.75,24.229958930555735
37.0,71.0,24.215406986453516
37.0,71.25,24.200957203411438
37.0,71.5,24.186607622205482
37.0,71.75,24.172356291059437
37.0,72.0,24.158201292273613
37.0,72.25,24.14414077429297
37.0,72.5,24.130173021493217
37.0,72.75,24.116296440331922
37.0,73.0,24.102509466041965
37.0,73.25,24.088810500120186
37.0,73.5,24.075197929927064
37.0,73.75,24.061670184984052
37.0,74.0,24.0482257612342
37.0,74.25,24.034863224714496
37.0,74.5,24.021581221861805
37.0,74.75,24.008378457949686
37.0,75.0,23.99525363130355
37.0,75.25,23.98220539686424
37.0,75.5,23.96923238779795
37.0,75.75,23.956333243494164
37.0,76.0,23.943506627144412
37.0,76.25,23.930751242036475
37.0,76.5,23.91806585545647
37.0,76.75,23.905449299074114
37.0,77.0,23.892900452193363
37.0,77.25,23.88041822574519
37.0,77.5,23.86800155935518
37.0,77.75,23.855649432038064
37.0,78.0,23.843360873453527
37.0,78.25,23.831134952908926
37.0,78.5,23.81897074534837
37.0,78.75,23.806867312926173
37.0,79.0,23.794823706033455
37.0,79.25,23.78283893995862
37.0,79.5,23.77091199246794
37.0,79.75,23.759041842541208
37.0,80.0,23.747227536422315
37.0,80.25,23.73546821810955
37.0,80.5,23.723763102193157
37.0,80.75,23.712111421088583
37.0,81.0,23.70051240285942
37.0,81.25,23.68896528135751
37.0,81.5,23.67746931730272
37.0,81.75,23.666023805480794
37.0,82.0,23.654628058891202
37.0,82.25,23.64328136235631
37.0,82.5,23.63198296552943
37.0,82.75,23.620732107428186
37.0,83.0,23.6095280312751
37.0,83.25,23.59836999288551
37.0,83.5,23.587257274932213
37.0,83.75,23.57618922182415
37.0,84.0,23.565165258927795
37.0,84.25,23.5541848630235
37.0,84.5,23.543247493464968
37.0,84.75,23.532352558396965
37.0,85.0,23.521499437312173
37.0,85.25,23.510687522401692
37.0,85.5,23.49991624763719
37.0,85.75,23.489185085719004
37.0,86.0,23.478493524412094
37.0,86.25,23.46784104361529
37.0,86.5,23.457227117335744
37.0,86.75,23.446651228026806
37.0,87.0,23.436112879975703
37.0,87.25,23.425611601087702
37.0,87.5,23.415146933075558
37.0,87.75,23.404718407280885
37.0,88.0,23.394325543545175
37.0,88.25,23.38396785985101
37.0,88.5,23.373644865496683
37.0,88.75,23.3633560603333
37.0,89.0,23.353100946667407
37.0,89.25,23.342879042065515
37.0,89.5,23.332689887577445
37.0,89.75,23.322533047770975
37.0,90.0,23.312408105557687
37.0,90.25,23.302314652893656
37.0,90.5,23.292252289288953
37.0,90.75,23.28222062390644
37.0,91.0,23.272219272394015
37.0,91.25,23.26224785525892
37.0,91.5,23.252305999560825
37.0,91.75,23.242393333861024
37.0,92.0,23.232509477251956
37.0,92.25,23.22265404360588
37.0,92.5,23.21282665525186
37.0,92.75,23.20302696129828
37.0,93.0,23.193254642880845
37.0,93.25,23.183509403503972
37.0,93.5,23.173790951129064
37.0,93.75,23.164098984167094
37.0,94.0,23.15443319465649
37.0,94.25,23.14479327302251
37.0,94.5,23.135178897902342
37.0,94.75,23.125589738494103
37.0,95.0,23.116025466117797
37.0,95.25,23.106485762920663
37.0,95.5,23.096970326695835
37.0,95.75,23.087478870847182
37.0,96.0,23.07801112100135
37.0,96.25,23.068566807781476
37.0,96.5,23.059145664920166
37.0,96.75,23.049747432327795
37.0,97.0,23.0403718597012
37.0,97.25,23.03101870922254
37.0,97.5,23.021687754910566
37.0,97.75,23.012378777342512
37.0,98.0,23.003091549337345
37.0,98.25,22.993825833295478
37.0,98.5,22.984581388802884
37.0,98.75,22.97535797656317
37.0,99.0,22.966155357123945
37.0,99.25,22.956973293275833
37.0,99.5,22.947811554344742
37.0,99.75,22.938669919532273
37.0,100.0,22.92954817913782
37.0,100.25,22.920446133160123
37.0,100.5,22.911363583304002
37.0,100.75,22.902300313798307
37.0,101.0,22.89325609277366
37.0,101.25,22.88423068477636
37.0,101.5,22.875223856123505
37.0,101.75,22.86623537467085
37.0,102.0,22.857265012416867
37.0,102.25,22.848312550129442
37.0,102.5,22.839377783903153
37.0,102.75,22.83046052914624
37.0,103.0,22.821560617480486
37.0,103.25,22.812677890491987
37.0,103.5,22.803812191301525
37.0,103.75,22.7949633624866
37.0,104.0,22.78613124741893
37.0,104.25,22.77731568419776
37.0,104.5,22.768516494036337
37.0,104.75,22.75973348541415
37.0,105.0,22.75096646504801
37.0,105.25,22.74221524449892
37.0,105.5,22.73347964306861
37.0,105.75,22.724759488641137
37.0,106.0,22.716054616735555
37.0,106.25,22.70736486629429
37.0,106.5,22.698690077256146
37.0,106.75,22.690030092364665
37.0,107.0,22.681384758388674
37.0,107.25,22.672753922667596
37.0,107.5,22.66413743253813
37.0,107.75,22.6555351382063
37.0,108.0,22.64694689369207
37.0,108.25,22.63837255263668
37.0,108.5,22.629811968618544
37.0,108.75,22.621264998185985
37.0,109.0,22.612731499346825
37.0,109.25,22.60421132396246
37.0,109.5,22.59570431911079
37.0,109.75,22.587210333090972
37.0,110.0,22.578729217235544
37.0,110.25,22.570260823175353
37.0,110.5,22.561805003932317
37.0,110.75,22.553361617240046
37.0,111.0,22.544930528603977
37.0,111.25,22.53651161483692
37.0,111.5,22.528104763493655
37.0,111.75,22.519709869700417
37.0,112.0,22.51132683149739
37.0,112.25,22.502955545482607
37.0,112.5,22.494595907565422
37.0,112.75,22.48624781427341
37.0,113.0,22.47791115807485
37.0,113.25,22.469585824106886
37.0,113.5,22.461271693999382
37.0,113.75,22.452968650681804
37.0,114.0,22.444676580234596
37.0,114.25,22.436395372517882
37.0,114.5,22.428124921908257
37.0,114.75,22.419865126690553
37.0,115.0,22.411615884685094
37.0,115.25,22.403377092063998
37.0,115.5,22.395148645936484
37.0,115.75,22.386930442419153
37.0,116.0,22.37872236134038
37.0,116.25,22.370524265877897
37.0,116.5,22.362336013675638
37.0,116.75,22.35415746689113
37.0,117.0,22.34598850549549
37.0,117.25,22.337829034353962
37.0,117.5,22.329678977641816
37.0,117.75,22.321538266395347
37.0,118.0,22.313406816775174
37.0,118.25,22.305284526954637
37.0,118.5,22.297171287399554
37.0,118.75,22.289066987616252
37.0,119.0,22.280971515966087
37.0,119.25,22.272884760273573
37.0,119.5,22.264806610808385
37.0,119.75,22.25673696216021
37.0,120.0,22.248675712431982
37.0,120.25,22.240622762550583
37.0,120.5,22.232578017159895
37.0,120.75,22.224541384514175
37.0,121.0,22.216512771919398
37.0,121.25,22.208492082736328
37.0,121.5,22.200479219094102
37.0,121.75,22.192474085521066
37.0,122.0,22.184476590640468
37.0,122.25,22.176486647596768
37.0,122.5,22.16850417425261
37.0,122.75,22.16052909267712
37.0,123.0,22.1525613260781
37.0,123.25,22.14460079570784
37.0,123.5,22.136647422154674
37.0,123.75,22.128701127135432
37.0,124.0,22.120761830645108
37.0,124.25,22.11282944770417
37.0,124.5,22.104903890830183
37.0,124.75,22.0969850734307
37.0,125.0,22.08907290857091
37.0,125.25,22.081167305668103
37.0,125.5,22.07326817241811
37.0,125.75,22.065375418418437
37.0,126.0,22.057488955094414
37.0,126.25,22.049608690933667
37.0,126.5,22.041734532312947
37.0,126.75,22.033866387488157
37.0,127.0,22.026004168777217
37.0,127.25,22.018147792770463
37.0,127.5,22.01029718029413
37.0,127.75,22.002452256680836
37.0,128.0,21.994612950892613
37.0,128.25,21.986779191234874
37.0,128.5,21.97895090383043
37.0,128.75,21.97112801498657
37.0,129.0,21.963310451999565
37.0,129.25,21.955498137744847
37.0,129.5,21.947690988806762
37.0,129.75,21.93988891961934
37.0,130.0,21.932091846498352
37.0,130.25,21.924299689050866
37.0,130.5,21.91651236996762
37.0,130.75,21.908729815456145
37.0,131.0,21.900951955115925
37.0,131.25,21.893178717897005
37.0,131.5,21.885410027406337
37.0,131.75,21.877645803937334
37.0,132.0,21.869885968670836
37.0,132.25,21.8621304445922
37.0,132.5,21.854379153302233
37.0,132.75,21.846632015695295
37.0,133.0,21.8388889549058
37.0,133.25,21.831149896709103
37.0,133.5,21.823414765120408
37.0,133.75,21.815683482191623
37.0,134.0,21.807955971210102
37.0,134.25,21.80023215787807
37.0,134.5,21.792511966956862
37.0,134.75,21.784795321197958
37.0,135.0,21.77708214396067
37.0,135.25,21.769372360897474
37.0,135.5,21.76166589750857
37.0,135.75,21.75396267710413
37.0,136.0,21.74626262285612
37.0,136.25,21.738565659891332
37.0,136.5,21.730871713360944
37.0,136.75,21.723180706142934
37.0,137.0,21.71549256073644
37.0,137.25,21.70780720195277
37.0,137.5,21.700124556329808
37.0,137.75,21.692444547886467
37.0,138.0,21.68476709890191
37.0,138.25,21.677092133382747
37.0,138.5,21.669419577776544
37.0,138.75,21.661749356706625
37.0,139.0,21.654081393017464
37.0,139.25,21.64641561103488
37.0,139.5,21.63875193759076
37.0,139.75,21.63109029806165
37.0,140.0,21.623430614125734
37.0,140.25,21.61577280655356
37.0,140.5,21.60811679791816
37.0,140.75,21.60046251139663
37.0,141.0,21.592809869410974
37.0,141.25,21.585158795366272
37.0,141.5,21.57750921559311
37.0,141.75,21.569861058138724
37.0,142.0,21.562214248662634
37.0,142.25,21.554568711297954
37.0,142.5,21.546924371963396
37.0,142.75,21.539281158719252
37.0,143.0,21.53163899635162
37.0,143.25,21.5239978057897
37.0,143.5,21.51635750801842
37.0,143.75,21.5087180262324
37.0,144.0,21.501079283648487
37.0,144.25,21.49344120240718
37.0,144.5,21.485803705704438
37.0,144.75,21.478166719262454
37.0,145.0,21.470530167932314
37.0,145.25,21.46289397010964
37.0,145.5,21.455258039813266
37.0,145.75,21.447622291726262
37.0,146.0,21.439986643644485
37.0,146.25,21.432351016816824
37.0,146.5,21.424715336470275
37.0,146.75,21.417079532398898
37.0,147.0,21.409443536274676
37.0,147.25,21.40180727005594
37.0,147.5,21.394170643234812
37.0,147.75,21.38653355993318
37.0,148.0,21.378895925314506
37.0,148.25,21.371257648895078
37.0,148.5,21.363618645803708
37.0,148.75,21.35597883700251
37.0,149.0,21.348338148238234
37.0,149.25,21.340696505727717
37.0,149.5,21.33305383297341
37.0,149.75,21.32541005264928
37.0,150.0,21.31776508929018
37.0,150.25,21.310118868406324
37.0,150.5,21.302471312366936
37.0,150.75,21.294822341451926
37.0,151.0,21.287171877422423
37.0,151.25,21.279519842151533
37.0,151.5,21.27186614504316
37.0,151.75,21.264210682117046
37.0,152.0,21.256553344773383
37.0,152.25,21.24889402690494
37.0,152.5,21.24123263025048
37.0,152.75,21.23356906552124
37.0,153.0,21.22590325105846
37.0,153.25,21.21823510936689
37.0,153.5,21.210564556870434
37.0,153.75,21.202891499609606
37.0,154.0,21.195215838537305
37.0,154.25,21.187537475504712
37.0,154.5,21.17985631651856
37.0,154.75,21.172172273031183
37.0,155.0,21.164485262160927
37.0,155.25,21.156795205541357
37.0,155.5,21.149102023889498
37.0,155.75,21.1414056307488
37.0,156.0,21.13370593466101
37.0,156.25,21.12600284425846
37.0,156.5,21.118296270190207
37.0,156.75,21.11058612438782
37.0,157.0,21.102872320867945
37.0,157.25,21.095154777250503
37.0,157.5,21.087433411877143
37.0,157.75,21.079708130183477
37.0,158.0,21.071978824575393
37.0,158.25,21.06424538347006
37.0,158.5,21.05650769784684
37.0,158.75,21.048765666010684
37.0,159.0,21.041019194558235
37.0,159.25,21.03326819715155
37.0,159.5,21.025512591359654
37.0,159.75,21.017752289566438
37.0,160.0,21.009987196056024
37.0,160.25,21.00221721178895
37.0,160.5,20.994442238862405
37.0,160.75,20.986662181819867
37.0,161.0,20.978876948083755
37.0,161.25,20.97108644877483
37.0,161.5,20.963290597403624
37.0,161.75,20.955489300602725
37.0,162.0,20.947682449645857
37.0,162.25,20.939869925251035
37.0,162.5,20.932051606814525
37.0,162.75,20.92422738019468
37.0,163.0,20.916397141898383
37.0,163.25,20.9085607981836
37.0,163.5,20.900718262139716
37.0,163.75,20.892869449151796
37.0,164.0,20.885014272322735
37.0,164.25,20.87715264319487
37.0,164.5,20.869284473992153
37.0,164.75,20.8614096748262
37.0,165.0,20.8535281455673
37.0,165.25,20.84563977758752
37.0,165.5,20.837744460529613
37.0,165.75,20.829842086591007
37.0,166.0,20.82193255266817
37.0,166.25,20.814015760877442
37.0,166.5,20.806091618215092
37.0,166.75,20.79816003461834
37.0,167.0,20.79022091786898
37.0,167.25,20.78227417354623
37.0,167.5,20.774319707976545
37.0,167.75,20.766357427232542
37.0,168.0,20.758387227096215
37.0,168.25,20.75040899303413
37.0,168.5,20.742422607259357
37.0,168.75,20.73442795046608
37.0,169.0,20.72642489254686
37.0,169.25,20.71841329364389
37.0,169.5,20.71039301274375
37.0,169.75,20.702363918661867
37.0,170.0,20.694325904726355
37.0,170.25,20.686278887305594
37.0,170.5,20.67822279590732
37.0,170.75,20.670157559837662
37.0,171.0,20.66208308088349
37.0,171.25,20.653999232632614
37.0,171.5,20.645905876799883
37.0,171.75,20.637802878231867
37.0,172.0,20.629690117828694
37.0,172.25,20.621567492637332
37.0,172.5,20.61343490969364
37.0,172.75,20.605292280477265
37.0,173.0,20.59713951627263
37.0,173.25,20.588976527610836
37.0,173.5,20.580803224282228
37.0,173.75,20.572619507502676
37.0,174.0,20.564425256607915
37.0,174.25,20.556220332807868
37.0,174.5,20.548004592491402
37.0,174.75,20.53977790301987
37.0,175.0,20.531540151688905
37.0,175.25,20.52329124193662
37.0,175.5,20.51503108607455
37.0,175.75,20.506759599388882
37.0,176.0,20.498476697133366
37.0,176.25,20.490182294390227
37.0,176.5,20.481876304795755
37.0,176.75,20.473558632980538
37.0,177.0,20.465229171979153
37.0,177.25,20.456887808076555
37.0,177.5,20.448534425417765
37.0,177.75,20.44016890721739
37.0,178.0,20.431791136835088
37.0,178.25,20.423400999041885
37.0,178.5,20.41499838027676
37.0,178.75,20.406583167999845
37.0,179.0,20.39815525081258
37.0,179.25,20.38971452003977
37.0,179.5,20.38126087511866
37.0,179.75,20.37279422786923
37.0,180.0,20.36431449959366
37.0,180.25,20.355821614654936
37.0,180.5,20.347315490820087
37.0,180.75,20.338796034996978
37.0,181.0,20.33026314666203
37.0,181.25,20.321716727007647
37.0,181.5,20.31315669965114
37.0,181.75,20.304583011478158
37.0,182.0,20.295995620274255
37.0,182.25,20.28739448072061
37.0,182.5,20.278779525504998
37.0,182.75,20.270150665292732
37.0,183.0,20.261507800487884
37.0,183.25,20.25285083507164
37.0,183.5,20.244179685564173
37.0,183.75,20.235494278725337
37.0,184.0,20.22679454440117
37.0,184.25,20.218080405870896
37.0,184.5,20.209351776625333
37.0,184.75,20.200608564647688
37.0,185.0,20.19185068456375
37.0,185.25,20.183078076923955
37.0,185.5,20.17429070592316
37.0,185.75,20.165488544470215
37.0,186.0,20.15667155680338
37.0,186.25,20.147839685429126
37.0,186.5,20.13899285400455
37.0,186.75,20.130130978964726
37.0,187.0,20.121253987372747
37.0,187.25,20.112361820982468
37.0,187.5,20.10345442965327
37.0,187.75,20.094531767581227
37.0,188.0,20.08559379369652
37.0,188.25,20.076640469487895
37.0,188.5,20.067671758215674
37.0,188.75,20.05868763389869
37.0,189.0,20.0496880853269
37.0,189.25,20.040673109336307
37.0,189.5,20.031642699702367
37.0,189.75,20.02259682932583
37.0,190.0,20.013535448501983
37.0,190.25,20.004458495863506
37.0,190.5,19.99536591530065
37.0,190.75,19.98625766681006
37.0,191.0,19.977133722107517
37.0,191.25,19.967994052631703
37.0,191.5,19.95883861049999
37.0,191.75,19.949667326567933
37.0,192.0,19.940480126060326
37.0,192.25,19.931276963989085
37.0,192.5,19.922057839596217
37.0,192.75,19.912822780018196
37.0,193.0,19.90357182091328
37.0,193.25,19.894304994379574
37.0,193.5,19.885022324454162
37.0,193.75,19.875723824488325
37.0,194.0,19.86640948845078
37.0,194.25,19.857079286946476
37.0,194.5,19.847733177017346
37.0,194.75,19.83837113029952
37.0,195.0,19.828993161142584
37.0,195.25,19.81959931844905
37.0,195.5,19.810189663968437
37.0,195.75,19.800764258623175
37.0,196.0,19.79132315640368
37.0,196.25,19.78186640449748
37.0,196.5,19.77239405372163
37.0,196.75,19.762906169165422
37.0,197.0,19.753402825162663
37.0,197.25,19.74388409969873
37.0,197.5,19.7343500855146
37.0,197.75,19.724800888490755
37.0,198.0,19.715236613249036
37.0,198.25,19.7056573408421
37.0,198.5,19.696063108022866
37.0,198.75,19.686453914162353
37.0,199.0,19.676829745512258
37.0,199.25,19.66719060152391
37.0,199.5,19.657536497084944
37.0,199.75,19.647867459616464
37.0,200.0,19.63818354975573
37.0,200.25,19.628484859083482
37.0,200.5,19.618771489707694
37.0,200.75,19.60904353615926
37.0,201.0,19.599301075663362
37.0,201.25,19.589544171477165
37.0,201.5,19.57977289385681
37.0,201.75,19.569987347064625
37.0,202.0,19.560187663250044
37.0,202.25,19.550373982750287
37.0,202.5,19.540546443600636
37.0,202.75,19.53070517644453
37.0,203.0,19.520850302573663
37.0,203.25,19.51098193817035
37.0,203.5,19.501100199581053
37.0,203.75,19.491205200799705
37.0,204.0,19.48129704674278
37.0,204.25,19.471375824814032
37.0,204.5,19.46144160455654
37.0,204.75,19.451494444197554
37.0,205.0,19.441534402646734
37.0,205.25,19.43156154227439
37.0,205.5,19.421575929270098
37.0,205.75,19.41157765032223
37.0,206.0,19.40156681714182
37.0,206.25,19.391543553460995
37.0,206.5,19.381507983180803
37.0,206.75,19.371460224617348
37.0,207.0,19.361400387976524
37.0,207.25,19.351328577292865
37.0,207.5,19.341244897046494
37.0,207.75,19.33114945135874
37.0,208.0,19.321042344719242
37.0,208.25,19.31092370006187
37.0,208.5,19.30079365811308
37.0,208.75,19.29065236256453
37.0,209.0,19.280499946809368
37.0,209.25,19.270336527331388
37.0,209.5,19.260162204577526
37.0,209.75,19.249977065758983
37.0,210.0,19.23978118680205
37.0,210.25,19.22957463497066
37.0,210.5,19.21935747646695
37.0,210.75,19.209129786985343
37.0,211.0,19.1988916500456
37.0,211.25,19.18864315350997
37.0,211.5,19.178384395923477
37.0,211.75,19.168115483505453
37.0,212.0,19.157836519809063
37.0,212.25,19.14754759324193
37.0,212.5,19.13724877382176
37.0,212.75,19.126940120977753
37.0,213.0,19.116621701982982
37.0,213.25,19.10629359813929
37.0,213.5,19.09595589582502
37.0,213.75,19.08560867237652
37.0,214.0,19.07525198749209
37.0,214.25,19.064885886449336
37.0,214.5,19.0545104107395
37.0,214.75,19.04412560611151
37.0,215.0,19.033731522108447
37.0,215.25,19.023328211876184
37.0,215.5,19.01291573485128
37.0,215.75,19.002494153961717
37.0,216.0,18.992063531014324
37.0,216.25,18.981623924572208
37.0,216.5,18.971175388805314
37.0,216.75,18.960717971228814
37.0,217.0,18.95025170641905
37.0,217.25,18.93977661562198
37.0,217.5,18.929292710739198
37.0,217.75,18.918799996387452
37.0,218.0,18.908298471464388
37.0,218.25,18.89778813180984
37.0,218.5,18.88726897498767
37.0,218.75,18.87674100240241
37.0,219.0,18.866204216266144
37.0,219.25,18.85565861122071
37.0,219.5,18.84510416812686
37.0,219.75,18.834540856568616
37.0,220.0,18.82396863808747
37.0,220.25,18.81338746706535
37.0,220.5,18.80279729299856
37.0,220.75,18.79219806092087
37.0,221.0,18.781589709480567
37.0,221.25,18.77097217247017
37.0,221.5,18.760345379468994
37.0,221.75,18.749709253050685
37.0,222.0,18.739063710822155
37.0,222.25,18.728408669949097
37.0,222.5,18.717744050292854
37.0,222.75,18.70706977523462
37.0,223.0,18.69638576913316
37.0,223.25,18.685691949241114
37.0,223.5,18.674988225719545
37.0,223.75,18.664274502509407
37.0,224.0,18.65355066436587
37.0,224.25,18.642816576839973
37.0,224.5,18.6320720930094
37.0,224.75,18.62131704450966
37.0,225.0,18.61055124324138
37.0,225.25,18.599774493608603
37.0,225.5,18.588986600313923
37.0,225.75,18.578187372676958
37.0,226.0,18.56737662191593
37.0,226.25,18.55655414147229
37.0,226.5,18.54571970563819
37.0,226.75,18.534873079275695
37.0,227.0,18.52401401430211
37.0,227.25,18.513142254986416
37.0,227.5,18.502257554507946
37.0,227.75,18.49135969712987
37.0,228.0,18.480448498850674
37.0,228.25,18.46952378719145
37.0,228.5,18.458585359095547
37.0,228.75,18.447632975759593
37.0,229.0,18.43666637897786
37.0,229.25,18.425685290283905
37.0,229.5,18.414689417696838
37.0,229.75,18.40367845995295
37.0,230.0,18.39265208591387
37.0,230.25,18.381609939633677
37.0,230.5,18.370551664669655
37.0,230.75,18.35947692435013
37.0,231.0,18.348385402241103
37.0,231.25,18.337276772208906
37.0,231.5,18.32615064530152
37.0,231.75,18.315006579717792
37.0,232.0,18.303844134295097
37.0,232.25,18.292662905806232
37.0,232.5,18.281462527906044
37.0,232.75,18.270242647920295
37.0,233.0,18.259002909615372
37.0,233.25,18.247742951775304
37.0,233.5,18.236462402404133
37.0,233.75,18.22516087426942
37.0,234.0,18.21383795707097
37.0,234.25,18.202493156769393
37.0,234.5,18.191125867101952
37.0,234.75,18.179735436151308
37.0,235.0,18.16832128943446
37.0,235.25,18.156882951197645
37.0,235.5,18.145419972832734
37.0,235.75,18.13393181239948
37.0,236.0,18.12241783214647
37.0,236.25,18.11087738220532
37.0,236.5,18.099309861061446
37.0,236.75,18.087714708304794
37.0,237.0,18.076091339036786
37.0,237.25,18.064439107606447
37.0,237.5,18.052757334928454
37.0,237.75,18.041045363069358
37.0,238.0,18.029302568471604
37.0,238.25,18.017528323775633
37.0,238.5,18.005721930789655
37.0,238.75,17.99388262897187
37.0,239.0,17.98200965694673
37.0,239.25,17.970102290381455
37.0,239.5,17.958159817206106
37.0,239.75,17.946181428349146
37.0,240.0,17.934166199352127
37.0,240.25,17.922113182490513
37.0,240.5,17.910021497737194
37.0,240.75,17.89789033081464
37.0,241.0,17.885718863512217
37.0,241.25,17.87350623446109
37.0,241.5,17.8612515312436
37.0,241.75,17.84895375948842
37.0,242.0,17.83661185979217
37.0,242.25,17.824224757297902
37.0,242.5,17.81179138690796
37.0,242.75,17.799310661803627
37.0,243.0,17.786781380477066
37.0,243.25,17.774202257786424
37.0,243.5,17.76157209819618
37.0,243.75,17.748889857493282
37.0,244.0,17.736154535893032
37.0,244.25,17.72336500269579
37.0,244.5,17.710519962032993
37.0,244.75,17.69761796008033
37.0,245.0,17.68465743628624
37.0,245.25,17.67163686641049
37.0,245.5,17.658554855090756
37.0,245.75,17.64541008603968
37.0,246.0,17.632201208636737
37.0,246.25,17.61892680271875
37.0,246.5,17.60558538411049
37.0,246.75,17.59217539783952
37.0,247.0,17.578695146810162
37.0,247.25,17.56514275239331
37.0,247.5,17.551516290893378
37.0,247.75,17.537813960673816
37.0,248.0,17.524034035659405
37.0,248.25,17.51017466999845
37.0,248.5,17.4962338842096
37.0,248.75,17.482209740134792
37.0,249.0,17.468100369907955
37.0,249.25,17.453903857770644
37.0,249.5,17.43961816124063
37.0,249.75,17.425241062417456
37.0,250.0,17.410770182070824
37.0,250.25,17.396203128003577
37.0,250.5,17.381537576251436
37.0,250.75,17.36677113417658
37.0,251.0,17.351901225543617
37.0,251.25,17.33692526382038
37.0,251.5,17.32184079024075
37.0,251.75,17.306645216759193
37.0,252.0,17.291335543270595
37.0,252.25,17.27590852769281
37.0,252.5,17.26036092056946
37.0,252.75,17.2446894922595
37.0,253.0,17.228890928678503
37.0,253.25,17.21296160770906
37.0,253.5,17.19689764695263
37.0,253.75,17.180695321522986
37.0,254.0,17.16435114328858
37.0,254.25,17.147861697650058
37.0,254.5,17.13122345851989
37.0,254.75,17.11443262989112
37.0,255.0,17.097485044873242
37.0,255.25,17.08037619992928
37.0,255.5,17.063101517227345
37.0,255.75,17.045656562606926
37.0,256.0,17.028037097968618
37.0,256.25,17.01023867547558
37.0,256.5,16.99225639467231
37.0,256.75,16.974085233103462
37.0,257.0,16.95571998887384
37.0,257.25,16.937155078204253
37.0,257.5,16.918384925222778
37.0,257.75,16.899404100768862
37.0,258.0,16.880207089025696
37.0,258.25,16.86078788340404
37.0,258.5,16.84113999239786
37.0,258.75,16.821256632210467
37.0,259.0,16.80113077883532
37.0,259.25,16.78075562569667
37.0,259.5,16.76012452977418
37.0,259.75,16.739230443648026
37.0,260.0,16.71806629024429
37.0,260.25,16.696625153970466
37.0,260.5,16.67489986668965
37.0,260.75,16.65288262988484
37.0,261.0,16.6305653297871
37.0,261.25,16.60793987650747
37.0,261.5,16.584998425439338
37.0,261.75,16.561733446917252
37.0,262.0,16.53813758947095
37.0,262.25,16.51420325701039
37.0,262.5,16.489921855098242
37.0,262.75,16.465284578928404
37.0,263.0,16.44028328595061
37.0,263.25,16.41491031450681
37.0,263.5,16.389158381568674
37.0,263.75,16.363020417710672
37.0,264.0,16.336489381819533
37.0,264.25,16.30955839195513
37.0,264.5,16.282221030144402
37.0,264.75,16.254471141278135
37.0,265.0,16.22630291776109
37.0,265.25,16.197711602176906
37.0,265.5,16.168693136727175
37.0,265.75,16.1392441223222
37.0,266.0,16.10936173867373
37.0,266.25,16.079043579857263
37.0,266.5,16.048288482314145
37.0,266.75,16.017096648404824
37.0,267.0,15.98546907026357
37.0,267.25,15.953407386261153
37.0,267.5,15.920913931952004
37.0,267.75,15.887991650455545
37.0,268.0,15.854644694282284
37.0,268.25,15.820878758235432
37.0,268.5,15.786700622052523
37.0,268.75,15.752120753333697
37.0,269.0,15.717164393268733
37.0,269.25,15.681871286221183
37.0,269.5,15.646286563962443
37.0,269.75,15.61045403971164
37.0,270.0,15.574413167675132
37.0,270.25,15.538198169573366
37.0,270.5,15.501838180195247
37.0,270.75,15.465357797047481
37.0,271.0,15.428777739118404
37.0,271.25,15.392115484131766
37.0,271.5,15.355385833498392
37.0,271.75,15.318601391506323
37.0,272.0,15.281772961810795
37.0,272.25,15.244909870762957
37.0,272.5,15.208020228852712
37.0,272.75,15.171111141146616
37.0,273.0,15.134188876355381
37.0,273.25,15.09725900268266
37.0,273.5,15.060326497168859
37.0,273.75,15.023395833966967
37.0,274.0,14.986471055904657
37.0,274.25,14.94955583279465
37.0,274.5,14.9126535092323
37.0,274.75,14.87576714404091
37.0,275.0,14.838899543065404
37.0,275.25,14.802053286652402
37.0,275.5,14.76523075286871
37.0,275.75,14.728434137286314
37.0,276.0,14.691665469986134
37.0,276.25,14.654926630295215
37.0,276.5,14.618219359664419
37.0,276.75,14.581545273009416
37.0,277.0,14.544905868771766
37.0,277.25,14.508302537905191
37.0,277.5,14.471736571951654
37.0,277.75,14.435209170339872
37.0,278.0,14.398721447013987
37.0,278.25,14.362274436480153
37.0,278.5,14.325869099343372
37.0,278.75,14.28950632739428
37.0,279.0,14.253186948295914
37.0,279.25,14.216911729912445
37.0,279.5,14.180681384315566
37.0,279.75,14.14449657149916
37.0,280.0,14.10835790282857
37.0,280.25,14.072265944247574
37.0,280.5,14.03622121926314
37.0,280.75,14.00022421172596
37.0,281.0,13.964275368422554
37.0,281.25,13.928375101493295
37.0,281.5,13.892523790689218
37.0,281.75,13.856721785479241
37.0,282.0,13.820969407018458
37.0,282.25,13.785266949987225
37.0,282.5,13.749614684309915
37.0,282.75,13.714012856761586
37.0,283.0,13.678461692470151
37.0,283.25,13.642961396320969
37.0,283.5,13.60751215427045
37.0,283.75,13.572114134574633
37.0,284.0,13.536767488938347
37.0,284.25,13.50147235359015
37.0,284.5,13.466228850287955
37.0,284.75,13.431037087259755
37.0,285.0,13.395897160083779
37.0,285.25,13.360809152511912
37.0,285.5,13.325773137240128
37.0,285.75,13.290789176629316
37.0,286.0,13.25585732337971
37.0,286.25,13.220977621161946
37.0,286.5,13.18615010520752
37.0,286.75,13.151374802861255
37.0,287.0,13.116651734098243
37.0,287.25,13.081980912007552
37.0,287.5,13.047362343244808
37.0,287.75,13.012796028455698
37.0,288.0,12.978281962672218
37.0,288.25,12.94382013568346
37.0,288.5,12.909410532382537
37.0,288.75,12.875053133091226
37.0,289.0,12.840747913863707
37.0,289.25,12.806494846770784
37.0,289.5,12.772293900165831
37.0,289.75,12.738145038933625
37.0,290.0,12.704048224723174
37.0,290.25,12.67000341616557
37.0,290.5,12.636010569077854
37.0,290.75,12.602069636653706
37.0,291.0,12.568180569641935
37.0,291.25,12.534343316513436
37.0,291.5,12.500557823617427
37.0,291.75,12.466824035327612
37.0,292.0,12.433141894178963
37.0,292.25,12.399511340995659
37.0,292.5,12.365932315010838
37.0,292.75,12.332404753978581
37.0,293.0,12.29892859427873
37.0,293.25,12.265503771014917
37.0,293.5,12.232130218106317
37.0,293.75,12.198807868373448
37.0,294.0,12.165536653618474
37.0,294.25,12.132316504700302
37.0,294.5,12.09914735160486
37.0,294.75,12.066029123510827
37.0,295.0,12.032961748851118
37.0,295.25,11.999945155370435
37.0,295.5,11.966979270179051
37.0,295.75,11.934064019803152
37.0,296.0,11.901199330231929
37.0,296.25,11.868385126961607
37.0,296.5,11.835621335036647
37.0,296.75,11.802907879088261
37.0,297.0,11.770244683370459
37.0,297.25,11.73763167179374
37.0,297.5,11.705068767956611
37.0,297.75,11.672555895175067
37.0,298.0,11.640092976510141
37.0,298.25,11.60767993479369
37.0,298.5,11.575316692652475
37.0,298.75,11.543003172530724
37.0,299.0,11.51073929671116
37.0,299.25,11.47852498733472
37.0,299.5,11.446360166418968
37.0,299.75,11.414244755875284
37.0,300.0,11.382178677524973
37.0,300.25,11.350161853114278
37.0,300.5,11.318194204328446
37.0,300.75,11.28627565280485
37.0,301.0,11.254406120145255
37.0,301.25,11.22258552792728
37.0,301.5,11.190813797715109
37.0,301.75,11.15909085106948
37.0,302.0,11.127416609557045
37.0,302.25,11.095790994759065
37.0,302.5,11.064213928279575
37.0,302.75,11.032685331752974
37.0,303.0,11.00120512685113
37.0,303.25,10.969773235289988
37.0,303.5,10.938389578835762
37.0,303.75,10.907054079310699
37.0,304.0,10.87576665859843
37.0,304.25,10.844527238649013
37.0,304.5,10.813335741483595
37.0,304.75,10.78219208919875
37.0,305.0,10.751096203970562
37.0,305.25,10.720048008058379
37.0,305.5,10.689047423808347
37.0,305.75,10.65809437365668
37.0,306.0,10.6271887801327
37.0,306.25,10.596330565861678
37.0,306.5,10.565519653567454
37.0,306.75,10.534755966074904
37.0,307.0,10.504039426312195
37.0,307.25,10.473369957312892
37.0,307.5,10.442747482217928
37.0,307.75,10.412171924277406
37.0,308.0,10.38164320685227
37.0,308.25,10.35116125341588
37.0,308.5,10.32072598755542
37.0,308.75,10.290337332973246
37.0,309.0,10.259995213488107
37.0,309.25,10.229699553036266
37.0,309.5,10.199450275672534
37.0,309.75,10.169247305571243
37.0,310.0,10.139090567027104
37.0,310.25,10.108979984456015
37.0,310.5,10.078915482395805
37.0,310.75,10.048896985506888
37.0,311.0,10.018924418572883
37.0,311.25,9.988997706501165
