时间（s）,贴身侧温度（℃）,功能层平均温度（℃）,外表面温度（℃）,固化进度,温度场时刻（s）,位置0.00000000mm温度（℃）,位置0.02333333mm温度（℃）,位置0.04666667mm温度（℃）,位置0.07000000mm温度（℃）,位置0.09333333mm温度（℃）,位置0.11666667mm温度（℃）,位置0.14000000mm温度（℃）,位置0.16333333mm温度（℃）,位置0.18666667mm温度（℃）,位置0.21000000mm温度（℃）,位置0.23333333mm温度（℃）,位置0.25666667mm温度（℃）,位置0.28000000mm温度（℃）,位置0.30333333mm温度（℃）,位置0.32666667mm温度（℃）,位置0.35000000mm温度（℃）,位置0.37333333mm温度（℃）,位置0.39666667mm温度（℃）,位置0.42000000mm温度（℃）,位置0.44333333mm温度（℃）,位置0.46666667mm温度（℃）,位置0.49000000mm温度（℃）,位置0.51333333mm温度（℃）,位置0.53666667mm温度（℃）,位置0.56000000mm温度（℃）,位置0.58333333mm温度（℃）,位置0.60666667mm温度（℃）,位置0.63000000mm温度（℃）,位置0.65333333mm温度（℃）,位置0.67666667mm温度（℃）,位置0.70000000mm温度（℃）,位置0.71333333mm温度（℃）,位置0.72666667mm温度（℃）,位置0.74000000mm温度（℃）,位置0.75333333mm温度（℃）,位置0.76666667mm温度（℃）,位置0.78000000mm温度（℃）,位置0.79333333mm温度（℃）,位置0.80666667mm温度（℃）,位置0.82000000mm温度（℃）,位置0.83333333mm温度（℃）,位置0.84666667mm温度（℃）,位置0.86000000mm温度（℃）,位置0.87333333mm温度（℃）,位置0.88666667mm温度（℃）,位置0.90000000mm温度（℃）,位置0.91333333mm温度（℃）,位置0.92666667mm温度（℃）,位置0.94000000mm温度（℃）,位置0.95333333mm温度（℃）,位置0.96666667mm温度（℃）,位置0.98000000mm温度（℃）,位置0.99333333mm温度（℃）,位置1.00666667mm温度（℃）,位置1.02000000mm温度（℃）,位置1.03333333mm温度（℃）,位置1.04666667mm温度（℃）,位置1.06000000mm温度（℃）,位置1.07333333mm温度（℃）,位置1.08666667mm温度（℃）,位置1.10000000mm温度（℃）,位置1.11000000mm温度（℃）,位置1.12000000mm温度（℃）,位置1.13000000mm温度（℃）,位置1.14000000mm温度（℃）,位置1.15000000mm温度（℃）,位置1.16000000mm温度（℃）,位置1.17000000mm温度（℃）,位置1.18000000mm温度（℃）,位置1.19000000mm温度（℃）,位置1.20000000mm温度（℃）,位置1.21000000mm温度（℃）,位置1.22000000mm温度（℃）,位置1.23000000mm温度（℃）,位置1.24000000mm温度（℃）,位置1.25000000mm温度（℃）,位置1.26000000mm温度（℃）,位置1.27000000mm温度（℃）,位置1.28000000mm温度（℃）,位置1.29000000mm温度（℃）,位置1.30000000mm温度（℃）,位置1.31000000mm温度（℃）,位置1.32000000mm温度（℃）,位置1.33000000mm温度（℃）,位置1.34000000mm温度（℃）,位置1.35000000mm温度（℃）,位置1.36000000mm温度（℃）,位置1.37000000mm温度（℃）,位置1.38000000mm温度（℃）,位置1.39000000mm温度（℃）,位置1.40000000mm温度（℃）,节点进度,节点时间（s）,评价阈值（℃）,达阈值时间（s）
0.0,37.0,37.0,36.98434519982072,0.0,0.0,37.0,37.0,37.0,37.0,37.0,37.0,37.0,37.0,37.0,37.0,37.0,37.0,37.0,37.0,37.0,37.0,37.0,37.0,37.0,37.0,37.0,37.0,37.0,37.0,37.0,37.0,37.0,37.0,37.0,37.0,37.0,37.0,37.0,37.00000000000001,37.0,37.0,37.0,37.0,37.0,37.0,37.0,37.0,37.0,37.0,37.0,37.0,37.0,37.0,37.0,37.0,37.0,37.0,37.0,37.0,37.0,37.0,37.0,37.0,37.0,37.0,37.0,37.00016975805333,36.99982993208381,36.99999921041141,37.00017370880734,36.99982532218558,36.99999831838907,37.00018243512679,36.999815805684634,36.999997187006144,37.00019718049466,36.9998000008791,36.99999558673577,37.00022039794451,36.99977520182588,36.99999306075059,37.00025693638301,36.99973601691115,36.99998853834307,37.000317249224175,36.99967060743856,36.99997893682161,37.00042795470118,36.999547860997794,36.99995201586229,37.00068074923304,36.99925442423573,36.99981509157536,37.00170402910134,36.99799694753282,36.98434519982072,0.1,70.15418197463008,15,273.9084019945055
0.25,36.9999999976847,36.99695812207632,35.968779223695044,0.0,10.0,35.768900948694736,35.76666561286438,35.76248805772256,35.75636534412553,35.748298557973534,35.73827901920441,35.72630191084951,35.71236672034502,35.69646283982149,35.67858361606251,35.65872715402669,35.63688086439242,35.613036323782666,35.58719056222065,35.5593289516314,35.529441374497424,35.49752423196368,35.46356075593561,35.427539186328175,35.38945598449947,35.34929201896587,35.307033817110096,35.26267910643249,35.21620587617403,35.167598385183794,35.1168582528842,35.0639594474867,35.008880752442266,34.951635917452286,34.89219782913673,34.830523967809334,34.789717363372766,34.74780160139631,34.70478629360575,34.66067348404962,34.61544479442965,34.56909956783378,34.52163981878885,34.473053226354615,34.423336813830296,34.372491353114725,34.32050668298729,34.267379237511626,34.21310935198225,34.157687833404665,34.10111091974913,34.04337904232475,33.98448340817338,33.924420153490104,33.863190278089824,33.80078495442802,33.73720013224593,33.67243801707046,33.606489213965894,33.53934906578438,33.47102230920582,33.40149811592169,33.33076930094651,33.25884744818999,33.1857216436816,33.11137333307653,33.04720560427938,32.98206602505703,32.91596591509389,32.8489099947857,32.78088542373307,32.71189454641368,32.64194190416373,32.5710202467046,32.49912997668521,32.426274383746936,32.3524484399754,32.27765216803949,32.20188826663697,32.12515295479292,32.047446262154516,31.968770655380915,31.88912320561857,31.808504094688246,31.72691575827466,31.644355916938892,31.560824967424306,31.47632543391324,31.39085556088447,31.304415985872843,31.217009397131257,31.12863447384435,31.039292102447682,30.948985188629095,30.857712777299064,30.765476004462123,0.5,146.56691253533847,10,311.15808969030354
0.5,36.99999970474444,36.97987747756809,35.55010508017531,0.0,20.0,33.159572219951556,33.154564219190945,33.147441190432176,33.13820102014668,33.12684612490794,33.11337013943803,33.09777106535932,33.08005169160223,33.06020569097102,33.03823117110102,33.01413144048997,32.98790008522966,32.959535298110005,32.929041107912276,32.89641085131882,32.86164276097707,32.82474188643944,32.785701075725946,32.74451849763998,32.701200721470364,32.65573971151445,32.60813331118262,32.558390563459426,32.506501824025655,32.45246382870769,32.396290362772454,32.3379687851609,32.27749132171695,32.21488412172695,32.150134034960686,32.08321313461976,32.039037738916015,31.993796672319746,31.947503518869535,31.90016493904954,31.8517679615368,31.80231624411248,31.751816350817755,31.700261168624312,31.647652082081706,31.59399436244692,31.539282976265973,31.48351868502287,31.42670621342629,31.368841442329032,31.309924870571283,31.24996115287173,31.188946528151355,31.126881311905162,31.063770500550994,30.999610281004216,30.934400710549134,30.868147681032994,30.800846855112297,30.73249767779554,30.663108089419406,30.592672489864093,30.521188082390704,30.448668587879606,30.37510832280616,30.30049468927586,30.236196882514278,30.171066275037646,30.105114220624298,30.038346395175136,29.970753379348636,29.902338768788194,29.833108017082505,29.76305641996508,29.69218580571376,29.620500438441766,29.54799739344934,29.474678031267132,29.40054595516652,29.32559914665512,29.24983879784338,29.173268129362505,29.095885662919642,29.01769252274262,28.938691698113946,28.85888205820153,28.778264697028238,28.696842461223618,28.61461444790359,28.53158173326498,28.44774707806954,28.36310972421749,28.277670731831066,28.191432817596603,28.104395305976592,28.016559239496235,0.9,232.77917999556493,,
0.75,36.99999385707807,36.944887650783436,35.22970089048682,0.0,30.0,30.586356260681963,30.578755767344138,30.56915342280024,30.55754729106876,30.54393973266327,30.528324905833692,30.51070111162177,30.491071188205762,30.469429456525553,30.445774442695537,30.42010959658613,30.39242927966428,30.3627322177469,30.331022654281423,30.29729483116735,30.261547623289633,30.22378634092657,30.184004872122713,30.142202133009413,30.098384957876494,30.052546497803476,30.004685451453945,29.954811058619267,29.90291503751342,29.848995118433677,29.79306505886631,29.735113821740537,29.67513495400564,29.613153865048314,29.5491590749596,29.483125236158724,29.43957534547773,29.39502521189059,29.34948787482476,29.30296989814309,29.25545941845204,29.206960154183644,29.15747857395105,29.107008315247796,29.05555095957019,29.003111755199644,28.94968629140204,28.895275560628342,28.839884289260965,28.783508923143504,28.72615020273135,28.667812777397558,28.608493426722557,28.54819271279555,28.486915591565804,28.424658791934732,28.36142262779144,28.29721287755723,28.232025778865733,28.165861068447178,28.098726421598784,28.0306168978057,27.961530141631197,27.89147920091589,27.820459056501043,27.748458227496634,27.68643205151137,27.623630871538133,27.56006537147967,27.49574094970765,27.430648953509692,27.364792841978467,27.298177801285288,27.230799560703105,27.162659926658105,27.093762969395765,27.024106064611924,26.95369057250564,26.88251993646497,26.810592363012596,26.7379090422238,26.66447304730618,26.590283072929143,26.51534023082602,26.439647363265596,26.36320347231314,26.286009625263915,26.20806851501827,26.12937933898549,26.049943130876947,25.969762486541303,25.888836720907992,25.807166835414026,25.724755367518036,25.641601691591863,25.557706775275225,1.0,268.5,,
1.0,36.99994591244762,36.894690215063555,34.96088656593171,0.0,40.0,28.16648869939731,28.156459245580674,28.144552440266143,28.130766471476583,28.115103557073795,28.097558228772588,28.078128904015973,28.05681825559593,28.03362097482983,28.00853569714058,27.981565675588705,27.952705646230925,27.92195443828199,27.88931605510315,27.85478512690747,27.81836062867066,27.780047569575846,27.739840253708973,27.697737700019744,27.653746351295332,27.607859825566432,27.560076942388974,27.51040640353729,27.458840487728377,27.405377110272408,27.35002921081987,27.292786488121457,27.23364293852277,27.172622425827807,27.109714235294756,27.04489465330137,27.002180306392827,26.95852837624836,26.913951099730035,26.86845464475081,26.822027906220978,26.77467438357474,26.726400155045635,26.677199271703955,26.627073229490605,26.57602696213056,26.524056349837874,26.471162335827863,26.417349363803034,26.36261411636973,26.306957299811423,26.250383284647253,26.192889065691276,26.13447518122846,26.075146287994734,26.01489933268146,25.953734620136068,25.89165757674227,25.82866468823532,25.764755717878995,25.6999378685401,25.63420652151776,25.56755947913428,25.500008977625708,25.431550324307977,25.362172770731128,25.302420948845224,25.24194295842579,25.18074881130917,25.11884356677119,25.056219118273997,24.99287870775767,24.92882719522995,24.864060579482675,24.798580553292286,24.732390930334276,24.665489251275822,24.5978767899072,24.52955677160461,24.460527514513256,24.390790131975486,24.32034750143033,24.24919839729859,24.17734385838343,24.104786544588936,24.031525517207008,23.957561772246844,23.88289782850395,23.807532929161603,23.73146803762974,23.65470558064976,23.577244910417473,23.499086959015795,23.420234097403785,23.34068573241626,23.260442763422937,,,,
1.25,36.99972867935438,36.83316611729607,34.725474146086654,0.0,50.0,26.142168912625866,26.13038018215256,26.117365782198284,26.103125364190376,26.087661278047158,26.070972373468145,26.05306012170747,26.033928810352762,26.01357906822111,25.99201417348025,25.969240408481724,25.945260108952603,25.92007833359934,25.893703433734526,25.866139354130873,25.837392887419515,25.80747456383767,25.776389789825483,25.74414699935519,25.71075907820491,25.676232639459183,25.640577545469778,25.603809365030934,25.56593543220793,25.52696648798234,25.48692161187733,25.445807936106522,25.40363516821556,25.360429066613737,25.316197286983616,25.270940737821636,25.24081111272675,25.208923200585044,25.1753138177623,25.14000820553279,25.102998506149806,25.064303544092123,25.023946487326498,24.98192704156288,24.93825776874937,24.892956966097664,24.846025011338806,24.797470520100482,24.74730787235183,24.69553602185653,24.642160164612108,24.58719152798153,24.530626745687634,24.472467770719334,24.412723390440824,24.351387307464364,24.28845818145675,24.223943316829555,24.157832839249892,24.090121718704086,24.020817822970855,23.949906863323843,23.877378017582526,23.803246184137933,23.72749527538802,23.650097742913903,23.583408294195365,23.51635123282672,23.448929964467347,23.381145410846557,23.312991876405885,23.244469408456812,23.175578898847707,23.1063168079761,23.036682505124183,22.966676472372715,22.896296078634357,22.825540626385372,22.754410457404926,22.682903499361284,22.611019150457143,22.53875776228878,22.466117685173668,22.39309847898302,22.319700590508106,22.245922724185075,22.17176463178336,22.097226905646732,22.022308561110783,21.9470095547567,21.871330655307816,21.79527115693855,21.718831225135077,21.642011825719635,21.56481250591254,21.487233640344822,,,,
1.5,36.99907966934355,36.763583635896076,34.51383963207205,0.0,60.0,24.988839469519316,24.976127068128598,24.96271713991156,24.948609352416057,24.933804900305848,24.918302737522215,24.90210329816583,24.885208614799662,24.867618382624833,24.849333793641403,24.830357752248702,24.810690650293875,24.79033442098591,24.769292885120397,24.74756707139286,24.725159625980787,24.702075353694138,24.678315832371233,24.65388436841637,24.62878686393325,24.603025300131932,24.576603527839566,24.549528764775552,24.521803126555042,24.493430708806482,24.46442059205845,24.43477452012077,24.40449573731386,24.37359719048646,24.342080781899995,24.30994428465591,24.288256583364614,24.26438868128856,24.238381413689048,24.21026142594895,24.18001459033245,24.147660009137613,24.11322248139527,24.076698151911252,24.038099463290582,23.99744642223384,23.954737355063813,23.909981241480278,23.8631946934415,23.814375739095194,23.763530574627087,23.71067332975198,23.655800558588677,23.598915810631922,23.540031530922604,23.479141966382695,23.416247881137053,23.3513611292316,23.2844727377651,23.21558003302429,23.14469657093153,23.071808815317052,22.99690767464679,22.92001593735023,22.84111825771499,22.760185183657693,22.690413991300677,22.62042053652003,22.550207353798434,22.47977546920012,22.409121894316044,22.33824711361317,22.267152114983567,22.195835191544536,22.124296387701285,22.05253640957114,21.980554063247514,21.908349311455783,21.83592273068276,21.763273417827953,21.6904013430581,21.61730703573159,21.54398979352706,21.470449627317237,21.396687065209207,21.322701559076805,21.248493174491756,21.17406246517774,21.0994090079907,21.024532928551185,20.949434822890918,20.87411437186126,20.798571762416362,20.722807644565616,20.646821786905647,20.570614437466293,,,,
1.75,36.99761757172154,36.688386972477446,34.320145850708606,0.0,70.0,24.274246975512128,24.26090836438072,24.24709143390969,24.232795854990265,24.21802233691831,24.20276986980907,24.187038448033423,24.17082915699975,24.1541412927913,24.136975168668997,24.119332273210073,24.10121217846779,24.08261550743648,24.063544187920364,24.04399802801587,24.023977944064082,24.00348635742092,23.98252325361062,23.961089810320008,23.939189033383766,23.91682098901155,23.893987043978285,23.870690964157678,23.846932719419726,23.82271367103144,23.79803877572153,23.772907573145027,23.747320660209706,23.721285701244263,23.69480225108905,23.66786682481641,23.649547081220202,23.62893534578762,23.606068597101135,23.58096898335836,23.55361612269823,23.524024934398195,23.49221654438143,23.458182349230576,23.421931384065335,23.38348090510511,23.342825731063545,23.299972410016526,23.25493579044273,23.207711477184684,23.158304199047485,23.106727315249024,23.052975940002693,22.997053088652393,22.938971445258876,22.878724724630096,22.816314054416907,22.75175259050377,22.68503166350179,22.616149800136675,22.545123054161195,22.471938886498688,22.39658993226945,22.319103020599467,22.239464419596423,22.157645584559862,22.087095584256417,22.016379806129162,21.945500334447146,21.874458125657007,21.803251136331998,21.73187991352583,21.66034537673506,21.588646429079866,21.51678327672852,21.444756614727904,21.372565713569724,21.300210701228405,21.227692157365475,21.15500954979012,21.08216299108212,21.009153003777776,20.935979182828422,20.862641647694286,20.789140895845872,20.715476612735962,20.641648933615667,20.567658349701446,20.493504614137915,20.41918788119119,20.344708647709968,20.27006671844416,20.195262267352998,20.120295805457623,20.045167176888658,19.969876575078956,,,,
2.0,36.994903473431805,36.609342381603234,34.14056778408699,0.0,80.0,23.747227536422315,23.73339657404253,23.719187833325726,23.704601005070067,23.689636595644608,23.674293665198455,23.658572061558726,23.642472491515115,23.62599415841433,23.60913706427791,23.591902139698583,23.574288708056688,23.556296919742906,23.53792796065743,23.519181243647992,23.50005705649734,23.480556887767015,23.460680194903567,23.440427380576004,23.419800315025146,23.39879842628664,23.37742217914352,23.355673977452504,23.333553084332454,23.31105987883721,23.288197665949088,23.264965286794506,23.241362431861415,23.217394573811696,23.193060522445613,23.16835658662968,23.151491113651154,23.13230584085143,23.110834680470774,23.087096555264598,23.061067516032228,23.03275955581712,23.002191029101926,22.969350389113696,22.934244228515606,22.896887572552476,22.857272904867507,22.81540489751696,22.771296758880055,22.724942362574176,22.676345154954344,22.625517477368298,22.572453314916352,22.517155005302218,22.4596348612339,22.399886061232756,22.33790965729779,22.27371910682235,22.207305774402776,22.13866868990833,22.067824932302177,21.994762513829738,21.91947503092631,21.84199118806503,21.762298266710356,21.6803685612526,21.60971713225153,21.538927830215187,21.46800246764956,21.396941917972324,21.32574455741179,21.254410916726552,21.182941835210013,21.1113364725921,21.03959507104902,20.96771827747237,20.8957055510063,20.823557061848142,20.751273353395064,20.678854040996377,20.606299273584263,20.53360953815348,20.46078454662718,20.387824444122646,20.31472968696751,20.241500052360106,20.168135688334512,20.09463703563665,20.021003917293594,19.94723648656522,19.87333517821301,19.79929984748149,19.725130653254038,19.650828031296456,19.576391858819964,19.50182230010303,,,,
2.25,36.99050616362228,36.52771686621013,33.972457200280274,0.0,90.0,23.312408105557687,23.29815635341886,23.283580576551426,23.268680485586867,23.253456488767128,23.237907709862395,23.222033945832298,23.205835729319144,23.189312258418067,23.17246341414387,23.155289874307492,23.137790891366205,23.119966425675226,23.1018173282643,23.083342879664315,23.06454311052003,23.045419087246508,23.025970079944596,23.006196170859912,22.986098712386948,22.96567690112375,22.944930827041613,22.923862264790916,22.902470222791777,22.880754674389646,22.858718145077898,22.836359237810417,22.81367729059938,22.790676700925992,22.767356021470984,22.743711609252625,22.727542023088805,22.709050471521667,22.688268878392247,22.665214179675193,22.63986050276984,22.612218074778657,22.582303532856315,22.550103688278735,22.51562366811424,22.478877096819524,22.43985512602014,22.398561284597797,22.35500771837783,22.309187297876747,22.261102668032166,22.210765466989113,22.158169021052565,22.103315222507547,22.046216057261006,21.986864396782885,21.92526120976867,21.861420017755396,21.795332228942843,21.726997149554258,21.656432337414515,21.583626190812197,21.508572912310985,21.43130215268715,21.351801903200677,21.270045172803652,21.19954128619272,21.128915607454342,21.05816977871219,20.987304611947987,20.916318712021205,20.845212587058025,20.77398701708027,20.702641297071093,20.631175677524908,20.559590765447325,20.487886117053474,20.41606191556284,20.344118672563834,20.272056078076417,20.199874292067147,20.127573771616582,20.055154287238043,19.98261599053093,19.909959306354132,19.83718405767607,19.76429039336481,19.69127871913685,19.618148893035368,19.544901063088833,19.471535624244133,19.398052457517434,19.32445171040253,19.250733773227505,19.176898540914824,19.10294616022495,,,,
2.5,36.98404812855918,36.44442092023693,33.813899386381976,0.0,100.0,22.92954817913782,22.91491824899191,22.899996251551894,22.88478191258974,22.86927558557835,22.853476441875845,22.837384258257124,22.820999473990874,22.80432130055224,22.787349563776743,22.77008480786829,22.75252626640807,22.73467381024333,22.71652811442137,22.698088410965035,22.67935460786094,22.660327549962066,22.641006433129796,22.621391186110053,22.60148288888399,22.581280644665917,22.560784364321705,22.539995489219578,22.518912927540914,22.49753646164233,22.475868197905577,22.45390665543047,22.43165101960609,22.409105091541527,22.386267332413496,22.36313419645516,22.347305032360705,22.32916243340907,22.308737002722427,22.286044418128164,22.261057764764075,22.23378616478136,22.204245149462206,22.17242059317118,22.138316712066626,22.101946222647673,22.063299505800128,22.022379380959542,21.97919729848122,21.933745553268178,21.886026295728875,21.836050693142116,21.783811708558865,21.729310964611766,21.67256020894151,21.61355217141509,21.552287780773995,21.488780556201036,21.423021988324397,21.355011572184257,21.28476709839629,21.212277267820312,21.137536691451604,21.060575479805284,20.98138212188683,20.89993019183927,20.829689427962638,20.759336933875904,20.68887423844009,20.618302108640076,20.54761928603272,20.47682625822437,20.405923761903324,20.3349111706636,20.263788734304313,20.192557029143476,20.12121566666626,20.049764832960065,19.97820501464777,19.906535943700195,19.83475778244903,19.762870964967682,19.690875294449484,19.618770922826553,19.54655825181107,19.474237129870378,19.401807703522987,19.329270353968806,19.256624958878955,19.183871660997717,19.111010828621456,19.038042357466313,18.964966386743523,18.891783277464132,18.818492935054852,18.745095495004527,,,,
2.75,36.9752285856747,36.360111418265355,33.66345997573189,0.0,110.0,22.578729217235544,22.563748335091045,22.548495802905414,22.532971356990096,22.517175316899284,22.501106886756954,22.48476583300842,22.468152537990214,22.451266225729437,22.434106690964313,22.416674396763387,22.398968570139285,22.380989030310616,22.36273634538351,22.34420972313742,22.32540899988575,22.306334885368795,22.286986535725507,22.267363789133437,22.247467558532826,22.227296895821564,22.206851605411753,22.186132922874513,22.16513970105783,22.143871608501172,22.122330490624822,22.100514821905506,22.07842369874788,22.056060546962236,22.03342377817168,22.01050991881516,21.994831754133624,21.97685445026437,21.956607578377533,21.934105891307677,21.909321861611403,21.882263828634525,21.852946525390387,21.821355258377114,21.787493626961627,21.751373706244006,21.712985414965807,21.672331104388537,21.62942173666481,21.584249273317745,21.536815546824066,21.4871313903053,21.435189575958262,21.38099156335253,21.324548921320083,21.26585434124067,21.204908748575818,21.14172563839413,21.076296623561575,21.008621361829768,20.93871776888465,20.866574838641824,20.792187526838614,20.715586190295177,20.636759765073293,20.555682382649554,20.485765910473447,20.415744271776134,20.34561892230713,20.275390600458074,20.205058137690962,20.134622008955702,20.06408292338413,19.993440306529482,19.922694408396488,19.851845785917657,19.780894087228127,19.70983950085328,19.638682497665545,19.567422837496764,19.49606068468406,19.424596458721126,19.35302998450772,19.281361414548048,19.209591135776602,19.13771901357775,19.065745193189148,18.993670040038555,18.921493444786663,18.849215546887667,18.776836697381885,18.704356801671743,18.631775993636523,18.55909461520846,18.48631257868254,18.413430012186616,,,,
3.0,36.96382898258945,36.27526365284284,33.520032274359956,0.0,120.0,22.248675712431982,22.23336174577632,22.217789512985025,22.201958757507796,22.185869776867996,22.169521797382053,22.152914579422898,22.13604846867728,22.11892269860434,22.10153704475607,22.083891918183564,22.065986543337406,22.0478207073443,22.02939490992712,22.010708345331732,21.991760805270754,21.972552913254884,21.953083802454238,21.933353254783867,21.91336207671404,21.893109290384093,21.8725946343375,21.85181921297577,21.830781847625477,21.80948213696889,21.787921759672045,21.766099166555332,21.74401340128917,21.721667648069044,21.699060292141997,21.676187914068137,21.66054538392813,21.642621518677828,21.62244508098928,21.60003013948766,21.575348842633673,21.54840896240476,21.519224631284604,21.487780815606015,21.454080677037556,21.418135807734828,21.379935844878105,21.339482811305103,21.296787298701982,21.251841072298586,21.204645745191023,21.15521189028833,21.103532182731243,21.049607974345186,20.993450681514375,20.935053007099757,20.874415883566833,20.811552755476182,20.746455363379848,20.679123491475867,20.609575091295717,20.5377994091657,20.463791665225767,20.387582285794885,20.309160559027184,20.228501094468058,20.158946802339294,20.08929169668601,20.01953718395159,19.949683982758373,19.879730983411612,19.809678651687378,19.739527677677128,19.669277520657626,19.598928430050535,19.52848094923494,19.45793474998879,19.38729002181561,19.31654722453146,19.245706135871508,19.174766920958195,19.10372998910232,19.032595179123515,18.961362643460834,18.890032758835574,18.818605401476226,18.74708071542698,18.675459055342785,18.60374032022229,18.531924647091166,18.460012375328983,18.388003416579846,18.315897901033612,18.243696157844802,18.171398103771853,18.09900386199721,,,,
3.25,36.949707879822725,36.190221644148295,33.382741002421035,0.0,130.0,21.932091846498352,21.91645618085101,21.900570659993974,21.884435030929104,21.868049576371245,21.851413533825355,21.834526657034694,21.817389265837715,21.800000594957318,21.782360403167463,21.76446906414851,21.746325794117638,21.727930353359568,21.709283192053377,21.69038348727951,21.671230994027127,21.65182627313543,21.632168432546738,21.612257208029977,21.592093328768332,21.571675785189854,21.55100426152261,21.530079767624056,21.508901089773932,21.487467767743823,21.46578136207994,21.4438402913924,21.421643549059375,21.39919415440022,21.37649045755364,21.35352905240309,21.3378377131265,21.319886197664573,21.299702512922654,21.277300119770093,21.252650978395227,21.22576237234281,21.196647904159235,21.16529231083883,21.131698393054627,21.0958773232936,21.057818549794877,21.017523832100142,20.975003441262604,20.930249021020618,20.88326201477511,20.834052767566533,20.782613914097322,20.728946730557382,20.673062492474603,20.614953952526662,20.554622063759005,20.49208020780515,20.427320274049407,20.360342169376988,20.291163840219202,20.219774793138907,20.14617050006625,20.07038137451376,19.9923970502699,19.91219263073271,19.843032907548455,19.773774985293514,19.704420243589063,19.634969391934632,19.56542135864556,19.495776606656683,19.426035817245733,19.356198472470563,19.286264823879886,19.2162354091189,19.14610991646184,19.075888538217097,19.00557172968593,18.93515928135928,18.864651360735984,18.794048372809748,18.723350166428087,18.652556895548692,18.5816689322023,18.510686160438492,18.43960872477706,18.36843697447719,18.29717081448325,18.225810381182438,18.154356007652087,18.082807609850526,18.011165316199207,17.9394294485074,17.867599926408783,17.79567687019252,,,,
3.5,36.93279067021011,36.105233574187395,33.25087923004838,0.0,140.0,21.623430614125734,21.607479381398267,21.59128264608313,21.574840155033176,21.558152181207902,21.541217962077244,21.524037241974472,21.5066103213397,21.48893642569434,21.47101529512767,21.452847274035886,21.434431560417245,21.415767886591617,21.39685666323755,21.37769704039479,21.358288735835036,21.33863226021557,21.318726685955266,21.298571702531422,21.278167977624477,21.25751445839927,21.236610774383685,21.215457861665886,21.194054457208388,21.172400039677665,21.150496081431374,21.128340949172173,21.105933575487818,21.083276868144917,21.060369121634235,21.037206894858688,21.02139462924869,21.003346847262126,20.983090785480684,20.960639307076253,20.935964258847783,20.909072455176595,20.879976980461887,20.848662399631525,20.815131179554736,20.779394088332143,20.741440434413228,20.701271740732768,20.65889797108399,20.61431068994679,20.567511193782657,20.51850960767405,20.467298561458747,20.413879272991345,20.3582628769388,20.300442205461252,20.240418243961006,20.178204301085607,20.11379244074777,20.047182700650858,19.97839299846432,19.907413126539502,19.834238820463383,19.758900430571266,19.68138795806362,19.60167704542365,19.532945376741903,19.464116598153453,19.395192083718197,19.326172544667322,19.25705693051901,19.187845708396004,19.118539561185383,19.04913798552748,18.97964123885432,18.910049861281095,18.840363552595562,18.770582510761518,18.70070719350615,18.630737400697758,18.560673304694774,18.49051531235216,18.420263280093117,18.34991736568759,18.279477942163627,18.208944899508555,18.138318384887544,18.067598747521487,17.996785896765353,17.92587997043546,17.854881300437498,17.78378980570473,17.71260561485898,17.64132904734507,17.569960024414954,17.498498665332455,,,,
3.75,36.9130576490474,36.02047706267435,33.12386564192941,0.0,150.0,21.31776508929018,21.30149941192891,21.284988650786033,21.268232548317936,21.25123137190334,21.23398434619766,21.216491201454446,21.198752222956116,21.18076661366927,21.16253408988098,21.144054971279942,21.125328423466723,21.106354145173757,21.0871325128525,21.067662634160914,21.04794418340755,21.02797762757422,21.007761986556428,20.98729689643035,20.966582972021367,20.945619097779616,20.92440484002908,20.902941073677024,20.881226463083728,20.859260414446407,20.837044332843682,20.814576503398627,20.791855777331694,20.768884994793087,20.74566236352921,20.722184348117146,20.70617723253537,20.687963505282276,20.66756957079422,20.64500766108094,20.62024955513151,20.59330157779095,20.564176264995613,20.53285803541192,20.49934901472929,20.463659545488493,20.425778817972176,20.385708117660744,20.343457086015512,20.299017230210826,20.252389703756606,20.20358440049285,20.152593969396424,20.099419577898868,20.04407220996977,19.98654480426316,19.92683838993071,19.86496619111947,19.800920477266697,19.73470143215406,19.66632692554193,19.59578707235293,19.52307789639201,19.448229641076583,19.371232710944327,19.29206335093813,19.223801490095152,19.15544203749868,19.086986384533926,19.01843525631739,18.949787607203458,18.881043916686924,18.812204880927275,18.743270003596407,18.674239552754145,18.605114080285855,18.535893293171675,18.466577398749727,18.397166865072165,18.32766149861159,18.258061479815524,18.188367224398146,18.118578594420644,18.04869575437697,17.978719084660128,17.908648479717087,17.83848409201445,17.768226276632966,17.6978749460895,17.627430242050465,17.55689250078452,17.48626164302336,17.41553779977918,17.344721293383593,17.273812045486757,17.202810176284974,,,,
4.0,36.89053240135021,35.9360774423553,33.001214704016604,0.0,160.0,21.009987196056024,20.993402740442956,20.976569288829676,20.9594865739862,20.94215486167762,20.92457334785362,20.90674174168909,20.88866031611588,20.870328233747067,20.85174517829022,20.832911446637574,20.813826151946806,20.794488948688418,20.774900180461675,20.755058889812286,20.734964694830428,20.714618020235694,20.69401780738475,20.673163623825143,20.652056034023673,20.630693829531573,20.609076495413163,20.587204851122753,20.565077452598825,20.54269361106062,20.520054678491054,20.497158814290852,20.474004754349135,20.450595311037688,20.426928558954987,20.403000789431545,20.386712892942256,20.368252782320784,20.34764591854729,20.32490382784284,20.299998250602012,20.272934968212688,20.243725902572002,20.212355335313795,20.178825020128453,20.143144826366598,20.10530383515286,20.06530307681369,20.023151834966367,19.978841572450083,19.932373291846755,19.883756628737014,19.832984270202424,19.780057333986928,19.724986632341704,19.66776523732459,19.608394231727715,19.546886737673905,19.48323526809843,19.41744017481748,19.3495192612257,19.279463019242748,19.207267804347982,19.132963714152083,19.056541618607344,18.97797846349586,18.91024255258069,18.842406748704647,18.774472488617974,18.70644052691218,18.638309805296064,18.57008082659044,18.501754315188798,18.433329774457047,18.364807489962754,18.296188037483912,18.227471127486012,18.15865698224781,18.089746090508804,18.020738263286585,17.951633693960517,17.882432816256657,17.81313549660957,17.743741910530698,17.674252454012407,17.604667025035617,17.53498578516643,17.465209102831896,17.39533689284311,17.325369304030822,17.255306683877365,17.185148953912087,17.11489625036511,17.044548904756695,16.97410683786214,16.903570173146182,,,,
4.25,36.865271447477554,35.85212114014581,32.88251529034818,0.0,170.0,20.694325904726355,20.677412109664406,20.660240500278796,20.642810793797793,20.62512325889511,20.60717704534558,20.588971833763754,20.570507888264416,20.551784311852504,20.532800746574292,20.513557469488887,20.494053520040286,20.47428849778945,20.454262716461926,20.433975129917936,20.413425287827266,20.392613576505394,20.371538832458768,20.350200540856306,20.32859922192879,20.30673354450328,20.28460289644949,20.262208052689694,20.23954742586863,20.216620212552566,20.19342773312958,20.16996797826723,20.14623953713668,20.122245245267433,20.09798299934855,20.07344883668166,20.05677971622917,20.03797916110391,20.017071634672792,19.994067937991964,19.96893986354821,19.941692635060324,19.912337523954733,19.880858716575148,19.847257583956903,19.81154348694111,19.773705422675317,19.73374415702243,19.69166858262092,19.64747013743001,19.601149665710007,19.552716512864578,19.50216342235826,19.449491457102127,19.394711224995717,19.337815951263014,19.278806769780427,19.217696663469795,19.154478411543025,19.089152533751665,19.021736715112496,18.952221849406666,18.880604628196036,18.806914904655546,18.731144023073977,18.65326967398013,18.586131348188232,18.518888794809794,18.451543525587123,18.38409634032437,18.316546146911303,18.24889348210332,18.181139113645298,18.113282534851724,18.04532405497416,17.977264285763425,17.90910293562758,17.84084024665706,17.77247673856713,17.704012223401744,17.63544691172815,17.566781264422232,17.49801514986719,17.429148758445745,17.360182510076655,17.291116304445467,17.221950315736567,17.15268493343401,17.08332007309735,17.013855893918343,16.944292761810956,16.87463059762366,16.804869545672265,16.735009953483782,16.665051739387902,16.594995032647144,,,,
4.5,36.83735548146682,35.76866558122468,32.76741502536854,0.0,180.0,20.36431449959366,20.347053894826306,20.329521246073064,20.3117162493178,20.293639182106354,20.2752891307914,20.25666574141078,20.23776927557206,20.21859875887707,20.19915378530125,20.179434619041338,20.159440207069558,20.139170087072,20.118624550928853,20.09780244351578,20.076703238267786,20.055327292772656,20.033673316003306,20.011740701583445,19.98952993789992,19.967039544715238,19.944268801276564,19.921218455385684,19.897886744346923,19.874272734247267,19.850377742245506,19.82619954897256,19.80173656793623,19.776991717416905,19.75196267257309,19.726645134166727,19.70948129457066,19.690233839907872,19.668926231591197,19.645568582204692,19.620132895542056,19.592623881817772,19.563052180797335,19.531401984871145,19.497674321022036,19.461878047931812,19.424002145527375,19.384047137063497,19.342021513886284,19.297916730584102,19.251733478300483,19.203480784822002,19.15315147226063,19.100746538438337,19.04627634046159,18.989734262325804,18.931121462828933,18.870450715069694,18.807715054891442,18.74291512895887,18.676068401227507,18.607166148495963,18.536205356010463,18.46321547713184,18.388188299525442,18.311102270233327,18.244647778911677,18.178082533435482,18.111408152076415,18.044625496415193,17.97773341729945,17.910732496442762,17.843623560816347,17.776406082753176,17.709080401409526,17.641647177084135,17.574106109701045,17.506457465952593,17.438701807153546,17.37083894211406,17.302869102707906,17.2347927863436,17.16660986027957,17.098320533472545,17.02992525830463,16.961423933773588,16.892816750074452,16.82410412568312,16.75528597489435,16.68636247039066,16.617334004016378,16.548200494103025,16.478962095940766,16.409619180252236,16.340171661113473,16.270619676241264,,,,
4.75,36.80688221020518,35.68574658375785,32.65560859315732,0.0,190.0,20.013535448501983,19.99590443227678,19.97798268597235,19.959769882357314,19.94126631550919,19.92247100226679,19.903383557349517,19.884004253208975,19.86433203707021,19.844366463350823,19.824107802739906,19.80355491373069,19.782707285950732,19.761565215250915,19.740127446322848,19.718393395555438,19.69636342478131,19.674036128807614,19.65141083427307,19.628488038893426,19.6052661307392,19.581744309976376,19.557923348309725,19.53380132765177,19.509377216436484,19.484652392927494,19.459624447045503,19.4342916457501,19.408657079813526,19.38271822437058,19.356470439740544,19.33871745556276,19.318933371857852,19.29714090781651,19.273349760545912,19.247532476670532,19.219693488835883,19.189843006571895,19.157965463016165,19.124061714974765,19.088140256421973,19.050190209499995,19.010211965491383,18.968213688653762,18.924186941568372,18.878132309805263,18.830058513817892,18.77995848142536,18.72783313104806,18.673692515141067,18.617530142805872,18.559347123902008,18.49915590314624,18.436949682968475,18.37272910727632,18.306511231437998,18.238287572181928,18.168055228720842,18.09584297666175,18.021642843730454,17.94543384642511,17.879739966566266,17.813927357184994,17.74799775592321,17.681952089202056,17.615789127834468,17.549509498140175,17.483114089311485,17.416602338259505,17.349974611089817,17.283231618104804,17.21637303996459,17.14939916483064,17.082310596608913,17.015107132387094,16.947789022679608,16.880356802546036,16.812810331381595,16.74514983476904,16.67737579912332,16.609488117481096,16.54148699491981,16.473372881106982,16.405145685074025,16.336805592715823,16.268353024738005,16.19978789408499,16.13111036759003,16.062320842897748,15.993419227971874,15.924405670387234,,,,
5.0,36.77396064621248,35.60338391675803,32.54682886654452,0.0,200.0,19.63818354975573,19.62015619746211,19.60181817224761,19.583169127307055,19.564209379643057,19.544937887375063,19.525354247507323,19.505458759722096,19.485250313775055,19.464728448328483,19.44389346720979,19.42274417180135,19.401280038056772,19.379501403104154,19.357406953766336,19.334996094856685,19.31226924089919,19.28922492634071,19.265862467886986,19.242182432522462,19.21818314226973,19.193863787009224,19.169225233562514,19.144265485620217,19.118983493828996,19.093380778565148,19.06745482621596,19.041203846329076,19.014631189270204,18.987734223720338,18.960508066061628,18.942134796593066,18.92178310021556,18.89947535458817,18.875221227788533,18.848994168452695,18.820798661528357,18.790644791725118,18.758517507733867,18.72441773811623,18.688353830807657,18.650315242788434,18.61030239443034,18.568323261913005,18.524369631962976,18.47844206937876,18.430549049847993,18.380683649026906,18.328846716369164,18.2750479868168,18.219281063603006,18.161546944022735,18.10185765487543,18.040206459700816,17.97659385914072,17.91103632723741,17.843525434753783,17.77405817260528,17.70266237384917,17.629330042004213,17.55404048556541,17.489143926729486,17.424120832792248,17.358973044188136,17.29370153696418,17.22830499018013,17.162784060383316,17.09713968446169,17.03137125193261,16.965479142790695,16.899464104138556,16.833325786188617,16.76706448690695,16.700680841126395,16.634174624311118,16.567546095550508,16.500795817605155,16.4339236336742,16.366929777651343,16.299814761859963,16.232578466771464,16.1652211058661,16.09774315375599,16.030144509412093,15.962425367330392,15.89458617271745,15.826626830169678,15.758547515322318,15.690348650255105,15.62203013570044,15.553592128210251,,,,
5.25,36.73870664821708,35.52158549699801,32.4408400826768,0.0,210.0,19.23978118680205,19.22133556340903,19.202562925398702,19.18346291526015,19.16403587474705,19.144280729109163,19.12419707679307,19.103785256170355,19.083044135714548,19.0619732675743,19.040573009178626,19.01884215127301,18.99678019511153,18.974387547640628,18.951662894438023,18.928605676978137,18.905216397756252,18.88149359748958,18.857436639922927,18.833046201321633,18.808320614299145,18.78325912375946,18.757862733052047,18.732129454771098,18.706058295916787,18.679650955033146,18.652904914233787,18.625818414837976,18.59839507783899,18.570632269044882,18.542524999516893,18.52359382582259,18.502731961531232,18.47996170561412,18.455292934963285,18.428700146478008,18.400188096488034,18.369766979187663,18.33742242279559,18.303155615595195,18.266974958492987,18.228870382832262,18.188842482419947,18.14689919576676,18.10303262985712,18.057243420634727,18.009539894797637,17.95991532017098,17.908370513367313,17.854914932579725,17.799542265979266,17.742253380361596,17.683059876213857,17.621955020217396,17.55893910586722,17.494027984143113,17.42721318652599,17.358491500630713,17.287889776620172,17.215399894254098,17.141001329710893,17.076877598061152,17.012621591210223,16.94823521600577,16.88371947593232,16.819072973773853,16.754296379481637,16.689390656320047,16.624355150540623,16.559190244067445,16.493896702979345,16.428474147338363,16.362922874784253,16.297243535622155,16.231435882513903,16.165500174245103,16.09943698765694,16.03324614815489,15.966927890201106,15.90048273998758,15.833910563995927,15.767211577510345,15.700386269498233,15.633434527996974,15.566356550688852,15.49915279806336,15.431823166308002,15.364367835670542,15.296787244753109,15.229081287993726,15.161250127984944,,,,
5.5,36.70123949606476,35.44035056758949,32.33743253005545,0.0,220.0,18.82396863808747,18.805088970931703,18.785870255080134,18.76631212312192,18.74641493304759,18.726177579845068,18.705599656922775,18.68468152511359,18.66342202697639,18.64182071427284,18.61987797372093,18.597592573578535,18.574964018971336,18.551992753739082,18.528677443153494,18.5050175361752,18.481013581001505,18.4566640984482,18.431968462288694,18.406927405483042,18.381539238426075,18.355803216575875,18.329720415565543,18.303288818878034,18.276507439699017,18.249378076195544,18.221898166284205,18.194065933930336,18.16588516807901,18.137353188252604,18.10846487872179,18.089040777882605,18.067731890279198,18.04456016041384,18.019535406247915,17.992632899781846,17.963857443945308,17.933219149372697,17.900704138275565,17.866313710250278,17.83005620235408,17.791921913842664,17.751911536280485,17.71003292407406,17.66627846860723,17.620648868125972,17.573152319093516,17.52378231032431,17.472539679358977,17.41943368860847,17.364458201496877,17.307614068776505,17.24891260727646,17.188347237363345,17.125918219747152,17.06164098774366,16.995507243039278,16.927513801299664,16.857686799400007,16.786018256483793,16.712488082686637,16.64911793845994,16.58561110587116,16.52196955199286,16.458194310437495,16.394283934111463,16.33023911204279,16.266060836398992,16.201748428483544,16.13730227986564,16.072723179149943,16.008010730800088,15.943165239536032,15.878187374596452,15.813076877753895,15.747834013887116,15.6824593766484,15.616952783322871,15.551314474014491,15.485544990411801,15.419644192632607,15.35361230136264,15.287449820234626,15.221156632060087,15.154732939763813,15.088179217986339,15.02149535840248,14.954681546368064,14.887738234357725,14.82066531269303,14.7534629489431,,,,
5.75,36.661679303148475,35.35967210865583,32.23641836843483,0.0,230.0,18.39265208591387,18.373321105887868,18.353636405037626,18.333597590120114,18.313205024627017,18.29245752609861,18.27135464034476,18.249896713997064,18.228082489415414,18.205911448376483,18.18338394430235,18.160498620656504,18.13725488912195,18.113653141860844,18.089691892239678,18.065370470718108,18.040689356737854,18.015646888752173,17.990242294839188,17.96447622529563,17.93834677343859,17.91185301910188,17.884995949574304,17.857773291059072,17.830183846073673,17.802229340851923,17.773906907701708,17.745214500729634,17.716155925145053,17.686728175572014,17.656925681915656,17.636924758317647,17.615095757115316,17.591459381707608,17.566024603475554,17.538766935348484,17.509690569830724,17.478804893459237,17.446096083189914,17.411565083241175,17.375219708225515,17.337050328200476,17.297057435279687,17.255248507970126,17.21161607120936,17.166160745866318,17.11889046133114,17.069798922848015,17.018887001032194,16.966163772926237,16.911623420237845,16.855266940442537,16.797105518731183,16.737133024755533,16.67535000456675,16.61177175961572,16.546390618087404,16.4792039094303,16.410237434863596,16.339483937354217,16.266924439035957,16.204396849008756,16.14172543053919,16.078912285544124,16.01595853325446,15.952862681666582,15.88962548649133,15.826248021885169,15.762729602767312,15.699070669672931,15.635272080106681,15.57133344431976,15.507255108502676,15.443037801363486,15.37868127429485,15.314185828004389,15.249552107941456,15.184779941135158,15.119869598270562,15.05482166606976,14.989636012534312,14.924312883750781,14.858852822188027,14.793255715504564,14.727521786850277,14.66165154392874,14.595644879473252,14.52950199389243,14.463223367316555,14.396808886818174,14.330258729857904,,,,
6.0,36.62014509574554,35.27953866552761,32.13762830822448,0.0,240.0,17.934166199352127,17.91434727517249,17.894142561979486,17.873551599095236,17.852574750091254,17.83121063148468,17.80945865210995,17.78731909403107,17.764790426831105,17.741871924495044,17.718563812899006,17.69486438694397,17.67077277755621,17.646289188491096,17.621411703375454,17.596139295794956,17.570472199698376,17.544408235581244,17.517946194466774,17.491086432634805,17.463826428505985,17.43616473974285,17.408102032157252,17.37963530921067,17.350762756393394,17.321485805532102,17.291800742184268,17.26170475510344,17.23120155453577,17.200287236576962,17.168955027172945,17.14798414472547,17.125273827306437,17.100842291738754,17.074696637807975,17.04681222469356,17.017191780677216,16.985843060833453,16.952751857646604,16.917918131943473,16.881348479317783,16.843033014095376,16.802971602770228,16.761170855015077,16.71762325888601,16.672329125713357,16.625295815587158,16.57651725297703,16.5259943008351,16.47373572734936,16.419736220054247,16.363997074969436,16.306529384543527,16.24732785132715,16.186393656594507,16.123742131779398,16.05936681606323,15.993266118430714,15.925465649020966,15.855959574292774,15.784730946158255,15.723358200434987,15.661824519437229,15.600132340817549,15.53828300143896,15.476274913854008,15.414109005733849,15.35178655970299,15.289306887035236,15.226670557068687,15.163878603611629,15.100930661573136,15.037827187001236,14.974569061233717,14.911156068364006,14.847588604206477,14.78386744714833,14.719992455853056,14.655963982105558,14.591782727868603,14.527448586786571,14.462961872048371,14.39832322488657,14.333532549667591,14.268590122548623,14.203496534442321,14.138251683970253,14.072855810391344,14.007309462308532,13.941612520570969,13.875765187321944,,,,
6.25,36.57675341671515,35.199935733220926,32.04090894865325,0.0,250.0,17.410770182070824,17.39037277217306,17.369509874626907,17.34818085552175,17.32638607294112,17.30412362703634,17.281392569253136,17.258193004356855,17.234522695776942,17.21038037265405,17.185765915858287,17.160676713999358,17.13511116004589,17.109068950080246,17.082547047277636,17.055543485685746,17.028057837842997,17.00008657114394,16.971627324451763,16.942679659715637,16.913239446773783,16.883303865319625,16.85287270657606,16.821941082096885,16.79050554906298,16.7585667227554,16.726118673763867,16.693156578841723,16.659683827620317,16.625694163751472,16.591177687913756,16.568176589269576,16.543600506049433,16.51746344953808,16.489769414005085,16.460493783091383,16.429636831637378,16.3972034975878,16.363179015299963,16.32756163979819,16.290355791147157,16.251551163662928,16.211146499253037,16.1691468141174,16.12554452528983,16.080339355347697,16.03353758087508,15.985133487774371,15.935127869950474,15.883528857216678,15.830331992585307,15.775539033249785,15.719160794899743,15.661193396162092,15.601639048228224,15.54051296551658,15.477810717419837,15.413532462895914,15.347703175093944,15.280319329189634,15.211367379034408,15.151968718770908,15.092365682738103,15.032561573236322,14.972558291679784,14.912354019782192,14.851950133391759,14.791348455788459,14.730548299823615,14.66955057250332,14.60835676558697,14.546966586342307,14.485380779158579,14.423600621907116,14.361625990118139,14.299457529074141,14.23709636223063,14.174542435502925,14.1117963130704,14.048858995507837,13.985730446987258,13.922411156038622,13.858902019167045,13.795202987100755,13.731314474084487,13.667237285363656,13.602971337030771,13.538516969085611,13.473874905665243,13.409045012975863,13.344027556580105,,,,
6.5,36.531617337265175,35.12084680191123,31.946120625185877,0.0,260.0,16.71806629024429,16.696847440761164,16.674945508503683,16.652359353618163,16.629089286021713,16.60513189779059,16.580485165147532,16.555148610036017,16.529117902019173,16.502390115388692,16.474964023844944,16.446834305503412,16.41799710093947,16.38845048665666,16.35818805638768,16.3272049672331,16.295498681541904,16.263061582369613,16.229887772045693,16.195974266788014,16.161312069279628,16.12589412312935,16.089717385507505,16.052771239295158,16.015047238742408,15.976543272096869,15.937246714934327,15.897146608115397,15.856244972751172,15.8145284331368,15.771977780363011,15.74383040891847,15.714476012849236,15.68392270557,15.652170929784226,15.61919928350855,15.585005504156994,15.549590957368297,15.512942049450523,15.475055341507673,15.435932265277817,15.395563173871157,15.353945611734268,15.31108213969981,15.266965898217126,15.221595919923834,15.174976493289034,15.12710294938899,15.07797590996059,15.027601858972606,14.975977842132451,14.923105960155164,14.868995483518166,14.813644565864848,14.757056273831022,14.699243825146445,14.640205412131168,14.579942897257698,14.518477328722295,14.455807804693636,14.391925746342933,14.336917134829182,14.281580983476577,14.225923132457664,14.169947168935517,14.113650702669915,14.057036462703946,14.000107886231312,13.942864368596373,13.885307850629081,13.82744119670732,13.769264390019616,13.710779060762802,13.651987676505215,13.5928904336313,13.533488743292502,13.473784762594828,13.413778736091546,13.353471878054052,13.292866080119932,13.23196154672956,13.17075930036582,13.109260994570835,13.04746674069537,12.985377370165704,12.922994318060352,12.860317568115383,12.797347760590057,12.734086128464035,12.670532503612248,12.60668733515228,,,,
6.75,36.484845783447206,35.04225414293728,31.853135653549646,0.0,270.0,15.574413167675132,15.551779921858657,15.527988270006501,15.503036737039265,15.476926262623042,15.449652485427288,15.421213369614428,15.39160945268677,15.360835789640925,15.328889815412525,15.295771795801688,15.261476182957626,15.225999931469625,15.189343220240833,15.151499879729899,15.11246643994519,15.072243255057039,15.030823488232219,14.988203282136887,14.944383556029925,14.899356679196131,14.853118358294157,14.805670732716978,14.757005056939828,14.707116243247729,14.656009055833662,14.603672911897895,14.550100030970299,14.495302286466483,14.43926875718519,14.38197994878731,14.344394105793416,14.306189560873612,14.26737339869977,14.227948642827732,14.187906931428055,14.147249617838074,14.1059797070605,14.064092266374805,14.021587375947679,13.978467349314807,13.934728509941253,13.890370637958824,13.84539580411446,13.799800924201653,13.753585697370232,13.706752238324261,13.659297736950377,13.611221860052348,13.562527010025839,13.513210408837471,13.463271641732923,13.412713721546963,13.361533614484221,13.309730602042015,13.257308981959783,13.204265010684905,13.150596676908783,13.09631177148973,13.04140652587805,12.985873104005181,12.938104023757573,12.889837940365345,12.841081563026325,12.791838213514165,12.742102207095463,12.691875626362368,12.641161663954051,12.589957452886116,12.538264026002741,12.486083871523926,12.433415190065732,12.380258741333089,12.32661662529947,12.272487589386659,12.217872298730772,12.162772630655622,12.107187660239834,12.051118016984155,11.994565444513233,11.93752922900576,11.880009985088385,11.822009373768259,11.763526819095963,11.704562926276946,11.645119305679579,11.58519546777104,11.52479200766628,11.463910508471452,11.402550528567046,11.340712650908713,,,,
7.0,36.43654310332413,34.96413939604283,31.761836884709094,0.0,280.0,14.108357902828573,14.084215725775712,14.058915895050145,14.032457275392623,14.004841214347053,13.97606428877232,13.946125469209294,13.915026348798511,13.882763567394992,13.849336194978386,13.814746148784781,13.77899006162739,13.742067089197034,13.70397957951182,13.664724066701478,13.624299764189114,13.582709610906972,13.539949908045893,13.496019866076862,13.450923282259868,13.404656004847002,13.357217093832327,13.308611719316655,13.258834876091464,13.207885041675606,13.15576998906902,13.1024830969552,13.048020399965516,12.99239642019849,12.935604268733476,12.877629006861058,12.839627504093626,12.80104543193498,12.761890277123863,12.722165760416395,12.6818649066929,12.640989792988252,12.599544085249484,12.55752399933094,12.51493037146866,12.471766159763783,12.428028711104457,12.383718519069015,12.33883823936101,12.293385714151015,12.24736128992131,12.200767578560445,12.153602613948916,12.10586663820417,12.057562442755911,12.008688029828702,11.959243496511801,11.909232114524203,11.85865159807215,11.807501707533586,11.755786821408503,11.703503965741701,11.65065168094111,11.597237478910223,11.54325833884352,11.48870748029573,11.441809044017377,11.39445866383271,11.346662511636241,11.298423677532602,11.249737058921959,11.200604615521554,11.15102931428928,11.101008608385149,11.050543494774978,10.999636290776062,10.948285410719464,10.89649159272379,10.84425679009527,10.791579903255244,10.73846157294698,10.684903538619325,10.63090498747562,10.576466516908017,10.521589734211032,10.466274008497017,10.410519914095138,10.354328974223288,10.29770067507588,10.240635574742187,10.18313514334209,10.125198939222054,10.066827505409124,10.008022281841164,9.948782865479142,9.8891097836735,,,,
7.25,36.386808816559,34.88648400436064,31.672116505150004,0.0,290.0,12.704048224723174,12.678493112912621,12.651845892467414,12.624105504631977,12.595273234561557,12.56534588761705,12.534322529138391,12.50220469972466,12.468989288182822,12.43467547731177,12.399265136191621,12.362755170221957,12.325144865627438,12.286436519063793,12.246626964892911,12.205715564877316,12.16370519217651,12.120592481950002,12.076376812391114,12.031061882551787,11.984643919077849,11.937122175281875,11.888501657410092,11.838777803874876,11.787949333553525,11.736023713663418,11.68299487328991,11.628859242815633,11.573630646798925,11.517302769217121,11.459861722398953,11.42223317410602,11.384058518505922,11.34534485269502,11.306095735633924,11.266304665145892,11.225973648922745,11.185106193442643,11.143698798471814,11.101752303885121,11.05926954896705,11.016248097287232,10.972688465528499,10.92859320676808,10.883960350069003,10.838790272624259,10.793085484069032,10.746844193252816,10.700066677913345,10.652755613803418,10.604909179539087,10.556527515235318,10.507613744940683,10.45816577640267,10.408183432453512,10.357670873277904,10.306625360566894,10.255045571775819,10.202938604450132,10.150301676094736,10.097128473023542,10.051426145835277,10.005299954684611,9.958755709442762,9.911796329343193,9.864417049290633,9.816619727700033,9.768407167261213,9.719776998679583,9.670730175871414,9.621268890478571,9.571391672756594,9.521099231705362,9.470393415238446,9.419273207045112,9.367739222172466,9.31579310520173,9.26343410593366,9.210662795791393,9.157480692357817,9.103887212929138,9.049882904118755,8.995469201426243,8.940645628696306,8.885412714016834,8.829771839769908,8.773722594140821,8.717265487747852,8.660401871315521,8.603131365893386,8.545454464042729,,,,
7.5,36.33573750091385,34.809269532854614,31.583875031863172,0.0,300.0,11.382178677524973,11.355295254102371,11.32738477181312,11.2984462354969,11.268480854389312,11.237485625618692,11.205459671779431,11.172404443359984,11.138317016992103,11.103196626737388,11.067045032957843,11.029859328855633,10.99163884668397,10.952385749768967,10.912097065381323,10.87077219763117,10.828413852729035,10.78501887136817,10.740586673798134,10.695120743475547,10.648617537545004,10.601076359361793,10.552501922051109,10.5028899419903,10.452239220368327,10.40055678474916,10.347836932529958,10.294076313202536,10.239287932485285,10.183465857440853,10.126597035344993,10.089364648862972,10.051618745730275,10.013366001115712,9.97460976326125,9.935343919667957,9.895570359749804,9.855292382307871,9.814506697554656,9.77321409665862,9.73141725089455,9.689113870652493,9.646304443026736,9.602991369966954,9.559172799392371,9.514849087023755,9.470022593725412,9.424691636261624,9.378856476603262,9.33251963156058,9.285679389251477,9.238335882009086,9.190492047923218,9.142145920214908,9.093297332675434,9.043950197438548,8.994101940090006,8.943751317297055,8.892905002964449,8.841560381029206,8.789711515044866,8.74515784066442,8.700205617911495,8.65486030846645,8.6091246560067,8.562994178829126,8.516470623097046,8.469556622806262,8.42224994883544,8.374551496731472,8.326463325777995,8.277984052496718,8.229114341953418,8.17985593002783,8.130207859376114,8.080170706498595,8.029746015857329,7.97893308009204,7.927732434450017,7.876145503746429,7.824171737880756,7.771811648545184,7.719066583152378,7.665936091570815,7.612420667865389,7.558521609302962,7.504238526056186,7.449571895577757,7.394522985188389,7.339091435788485,7.283277707683776,,,,
7.75,36.28341878029752,34.732477897697024,31.49702046280331,0.0,310.0,10.139090567027104,10.110957987435897,10.08185950129528,10.05179417244285,10.02076313784749,9.988763572683014,9.955794651017685,9.921857736203785,9.886950077666528,9.851070953786838,9.814222018835132,9.776400537291506,9.73760587935654,9.697840077765731,9.657100334450025,9.615386086652205,9.57269987716362,9.529038731886686,9.484402102696219,9.438793262861182,9.392208876999963,9.344648286506363,9.29611592066384,9.246607746862706,9.196122633701602,9.144667186803668,9.092236038534308,9.03882603336627,8.984449399231847,8.929100551580925,8.872767209427378,8.835905579123416,8.798560967905239,8.760739652105665,8.722444778747978,8.683670596665381,8.644418880993172,8.604692732224338,8.564489053950473,8.523808588291407,8.48265384547,8.441022669650303,8.398915516849616,8.356334643899435,8.313278306320749,8.269746836437923,8.225742452351788,8.181263568216051,8.13631042803748,8.090885396513826,8.04498686067319,7.998614942447585,7.951772402728524,7.904457388612779,7.8566697410894735,7.80841313723671,7.759685152437827,7.710484614371337,7.660817798012202,7.6106822394820846,7.560072351697971,7.516593264448187,7.472739268223777,7.428515498226489,7.383924532880306,7.338962153830478,7.293630001143132,7.247930550037,7.2018617010797765,7.155424294138129,7.108620263764419,7.0614483059562625,7.013909043719487,6.966004107333887,6.917732593600382,6.8690950421616925,6.820092903186123,6.770725508584319,6.720993359153436,6.670897792478714,6.620438288375284,6.569615325463712,6.518430168507711,6.466882391359352,6.4149724560645645,6.362701580231484,6.310069394462998,6.25707634521007,6.203723621949719,6.150010884234381,6.09593856243479,,,,
8.0,36.22993738702289,34.656091527741495,31.41146755228354,0.0,311.25,9.988997706501163,9.960714293197917,9.931472340581275,9.90127091959213,9.870111158488001,9.837990253880154,9.804907386025015,9.770863907763635,9.735857089317433,9.699886214385208,9.662952924434544,9.625054504551086,9.586190329477862,9.546362416188844,9.505567987620589,9.46380648497132,9.4210804313097,9.377386874808067,9.332725271109071,9.28709886811978,9.240504355405173,9.192941078894572,9.144413433632987,9.094917417197907,9.044451906257864,8.993023455559436,8.940626737765445,8.887258620783005,8.832931238802002,8.777639049184613,8.721369863852189,8.684552669977379,8.647256173405157,8.609486602411064,8.571247079764557,8.532531897807917,8.493342817896382,8.453682916620346,8.41354912084997,8.372942166783186,8.331864545229038,8.290314116451205,8.248291332711,8.205798433346791,8.162833686827753,8.119397422648813,8.07549184170296,8.031115369863292,7.986268248963014,7.940952825367725,7.89516749800947,7.848912387559212,7.802190233556501,7.754999196805916,7.70733911915667,7.65921364936767,7.610620380857767,7.5615581498526865,7.512033183271297,7.462043035558921,7.411582161706664,7.368232319702804,7.324510415992778,7.2804215464605155,7.235968269631192,7.191146398874666,7.145957561483768,7.100404213559178,7.054484271295366,7.008198567859222,6.961549022786871,6.914534341656021,6.8671551424146084,6.819413042631952,6.771307145639592,6.722837986650573,6.674007004486168,6.624813535797852,6.575258077244783,6.525341955917694,6.475064655247453,6.424426649884352,6.373429194651014,6.32207186630238,6.2703551230424805,6.218280172900061,6.165846648954388,6.113054993938501,6.059906387970057,6.006400492865072,5.952537735406185,,,,
8.25,36.17537327723471,34.580093474395504,31.327137187430978,0.0,,,,,,,,,,,,,,,,,,,,,,,,,,,,,,,,,,,,,,,,,,,,,,,,,,,,,,,,,,,,,,,,,,,,,,,,,,,,,,,,,,,,,,,,,,,,,,,,
8.5,36.1198017833942,34.504467482453705,31.24395584696544,0.0,,,,,,,,,,,,,,,,,,,,,,,,,,,,,,,,,,,,,,,,,,,,,,,,,,,,,,,,,,,,,,,,,,,,,,,,,,,,,,,,,,,,,,,,,,,,,,,,
8.75,36.0632937915444,34.42919803156561,31.161855127538118,0.0,,,,,,,,,,,,,,,,,,,,,,,,,,,,,,,,,,,,,,,,,,,,,,,,,,,,,,,,,,,,,,,,,,,,,,,,,,,,,,,,,,,,,,,,,,,,,,,,
9.0,36.00591593405871,34.35427035578002,31.08077132595122,0.0,,,,,,,,,,,,,,,,,,,,,,,,,,,,,,,,,,,,,,,,,,,,,,,,,,,,,,,,,,,,,,,,,,,,,,,,,,,,,,,,,,,,,,,,,,,,,,,,
9.25,35.94773079088287,34.27967044688479,31.000645067979818,0.0,,,,,,,,,,,,,,,,,,,,,,,,,,,,,,,,,,,,,,,,,,,,,,,,,,,,,,,,,,,,,,,,,,,,,,,,,,,,,,,,,,,,,,,,,,,,,,,,
9.5,35.88879709406211,34.20538504592754,30.921420976389776,0.0,,,,,,,,,,,,,,,,,,,,,,,,,,,,,,,,,,,,,,,,,,,,,,,,,,,,,,,,,,,,,,,,,,,,,,,,,,,,,,,,,,,,,,,,,,,,,,,,
9.75,35.82916993171819,34.13140162627227,30.8430473722096,0.0,,,,,,,,,,,,,,,,,,,,,,,,,,,,,,,,,,,,,,,,,,,,,,,,,,,,,,,,,,,,,,,,,,,,,,,,,,,,,,,,,,,,,,,,,,,,,,,,
10.0,35.768900948694736,34.05770837075092,30.765476004462123,0.0,,,,,,,,,,,,,,,,,,,,,,,,,,,,,,,,,,,,,,,,,,,,,,,,,,,,,,,,,,,,,,,,,,,,,,,,,,,,,,,,,,,,,,,,,,,,,,,,
10.25,35.70803854189663,33.98429414485382,30.688661804463923,0.0,,,,,,,,,,,,,,,,,,,,,,,,,,,,,,,,,,,,,,,,,,,,,,,,,,,,,,,,,,,,,,,,,,,,,,,,,,,,,,,,,,,,,,,,,,,,,,,,
10.5,35.6466280489643,33.91114846742801,30.612562661511443,0.0,,,,,,,,,,,,,,,,,,,,,,,,,,,,,,,,,,,,,,,,,,,,,,,,,,,,,,,,,,,,,,,,,,,,,,,,,,,,,,,,,,,,,,,,,,,,,,,,
10.75,35.58471192939078,33.8382614799869,30.53713921733488,0.0,,,,,,,,,,,,,,,,,,,,,,,,,,,,,,,,,,,,,,,,,,,,,,,,,,,,,,,,,,,,,,,,,,,,,,,,,,,,,,,,,,,,,,,,,,,,,,,,
11.0,35.52232993754174,33.7656239154527,30.462354677146863,0.0,,,,,,,,,,,,,,,,,,,,,,,,,,,,,,,,,,,,,,,,,,,,,,,,,,,,,,,,,,,,,,,,,,,,,,,,,,,,,,,,,,,,,,,,,,,,,,,,
11.25,35.45951928730276,33.69322706693694,30.38817463546839,0.0,,,,,,,,,,,,,,,,,,,,,,,,,,,,,,,,,,,,,,,,,,,,,,,,,,,,,,,,,,,,,,,,,,,,,,,,,,,,,,,,,,,,,,,,,,,,,,,,
11.5,35.39631480827359,33.62106275699786,30.314566915198792,0.0,,,,,,,,,,,,,,,,,,,,,,,,,,,,,,,,,,,,,,,,,,,,,,,,,,,,,,,,,,,,,,,,,,,,,,,,,,,,,,,,,,,,,,,,,,,,,,,,
11.75,35.33274909357293,33.549123307687125,30.2415014186234,0.0,,,,,,,,,,,,,,,,,,,,,,,,,,,,,,,,,,,,,,,,,,,,,,,,,,,,,,,,,,,,,,,,,,,,,,,,,,,,,,,,,,,,,,,,,,,,,,,,
12.0,35.268852639420466,33.47740151160123,30.1689499892424,0.0,,,,,,,,,,,,,,,,,,,,,,,,,,,,,,,,,,,,,,,,,,,,,,,,,,,,,,,,,,,,,,,,,,,,,,,,,,,,,,,,,,,,,,,,,,,,,,,,
12.25,35.20465397673557,33.40589060407965,30.096886283447464,0.0,,,,,,,,,,,,,,,,,,,,,,,,,,,,,,,,,,,,,,,,,,,,,,,,,,,,,,,,,,,,,,,,,,,,,,,,,,,,,,,,,,,,,,,,,,,,,,,,
12.5,35.14017979504159,33.3345842366365,30.025285651202537,0.0,,,,,,,,,,,,,,,,,,,,,,,,,,,,,,,,,,,,,,,,,,,,,,,,,,,,,,,,,,,,,,,,,,,,,,,,,,,,,,,,,,,,,,,,,,,,,,,,
12.75,35.07545505899632,33.26347645167102,29.954125024983398,0.0,,,,,,,,,,,,,,,,,,,,,,,,,,,,,,,,,,,,,,,,,,,,,,,,,,,,,,,,,,,,,,,,,,,,,,,,,,,,,,,,,,,,,,,,,,,,,,,,
13.0,35.01050311788783,33.192561658471206,29.883382816316427,0.0,,,,,,,,,,,,,,,,,,,,,,,,,,,,,,,,,,,,,,,,,,,,,,,,,,,,,,,,,,,,,,,,,,,,,,,,,,,,,,,,,,,,,,,,,,,,,,,,
13.25,34.94534580844305,33.12183461050264,29.813038819327726,0.0,,,,,,,,,,,,,,,,,,,,,,,,,,,,,,,,,,,,,,,,,,,,,,,,,,,,,,,,,,,,,,,,,,,,,,,,,,,,,,,,,,,,,,,,,,,,,,,,
13.5,34.88000355129814,33.05129038395807,29.743074120773887,0.0,,,,,,,,,,,,,,,,,,,,,,,,,,,,,,,,,,,,,,,,,,,,,,,,,,,,,,,,,,,,,,,,,,,,,,,,,,,,,,,,,,,,,,,,,,,,,,,,
13.75,34.81449544147515,32.98092435753177,29.67347101607696,0.0,,,,,,,,,,,,,,,,,,,,,,,,,,,,,,,,,,,,,,,,,,,,,,,,,,,,,,,,,,,,,,,,,,,,,,,,,,,,,,,,,,,,,,,,,,,,,,,,
14.0,34.748839333201786,32.91073219337512,29.604212930930753,0.0,,,,,,,,,,,,,,,,,,,,,,,,,,,,,,,,,,,,,,,,,,,,,,,,,,,,,,,,,,,,,,,,,,,,,,,,,,,,,,,,,,,,,,,,,,,,,,,,
14.25,34.68305191940019,32.84070981918451,29.53528434808184,0.0,,,,,,,,,,,,,,,,,,,,,,,,,,,,,,,,,,,,,,,,,,,,,,,,,,,,,,,,,,,,,,,,,,,,,,,,,,,,,,,,,,,,,,,,,,,,,,,,
14.5,34.617148806158475,32.770853411369984,29.466670738926393,0.0,,,,,,,,,,,,,,,,,,,,,,,,,,,,,,,,,,,,,,,,,,,,,,,,,,,,,,,,,,,,,,,,,,,,,,,,,,,,,,,,,,,,,,,,,,,,,,,,
14.75,34.55114458248505,32.701159379251266,29.398358499588372,0.0,,,,,,,,,,,,,,,,,,,,,,,,,,,,,,,,,,,,,,,,,,,,,,,,,,,,,,,,,,,,,,,,,,,,,,,,,,,,,,,,,,,,,,,,,,,,,,,,
15.0,34.4850528856317,32.631624350227895,29.330334891174758,0.0,,,,,,,,,,,,,,,,,,,,,,,,,,,,,,,,,,,,,,,,,,,,,,,,,,,,,,,,,,,,,,,,,,,,,,,,,,,,,,,,,,,,,,,,,,,,,,,,
15.25,34.418886462256886,32.56224515587066,29.262587983925147,0.0,,,,,,,,,,,,,,,,,,,,,,,,,,,,,,,,,,,,,,,,,,,,,,,,,,,,,,,,,,,,,,,,,,,,,,,,,,,,,,,,,,,,,,,,,,,,,,,,
15.5,34.35265722568646,32.49301881888255,29.19510660499468,0.0,,,,,,,,,,,,,,,,,,,,,,,,,,,,,,,,,,,,,,,,,,,,,,,,,,,,,,,,,,,,,,,,,,,,,,,,,,,,,,,,,,,,,,,,,,,,,,,,
15.75,34.286376309514836,32.423942540879196,29.127880289628248,0.0,,,,,,,,,,,,,,,,,,,,,,,,,,,,,,,,,,,,,,,,,,,,,,,,,,,,,,,,,,,,,,,,,,,,,,,,,,,,,,,,,,,,,,,,,,,,,,,,
16.0,34.22005411777583,32.35501369094086,29.06089923550135,0.0,,,,,,,,,,,,,,,,,,,,,,,,,,,,,,,,,,,,,,,,,,,,,,,,,,,,,,,,,,,,,,,,,,,,,,,,,,,,,,,,,,,,,,,,,,,,,,,,
16.25,34.15370037189903,32.28622979488936,28.994154260018817,0.0,,,,,,,,,,,,,,,,,,,,,,,,,,,,,,,,,,,,,,,,,,,,,,,,,,,,,,,,,,,,,,,,,,,,,,,,,,,,,,,,,,,,,,,,,,,,,,,,
16.5,34.08732415465497,32.21758852524666,28.927636760377098,0.0,,,,,,,,,,,,,,,,,,,,,,,,,,,,,,,,,,,,,,,,,,,,,,,,,,,,,,,,,,,,,,,,,,,,,,,,,,,,,,,,,,,,,,,,,,,,,,,,
16.75,34.02093395127999,32.14908769183277,28.861338676209197,0.0,,,,,,,,,,,,,,,,,,,,,,,,,,,,,,,,,,,,,,,,,,,,,,,,,,,,,,,,,,,,,,,,,,,,,,,,,,,,,,,,,,,,,,,,,,,,,,,,
17.0,33.954537687960055,32.080725232963786,28.79525245464358,0.0,,,,,,,,,,,,,,,,,,,,,,,,,,,,,,,,,,,,,,,,,,,,,,,,,,,,,,,,,,,,,,,,,,,,,,,,,,,,,,,,,,,,,,,,,,,,,,,,
17.25,33.888142767841956,32.012499207212635,28.729371017619904,0.0,,,,,,,,,,,,,,,,,,,,,,,,,,,,,,,,,,,,,,,,,,,,,,,,,,,,,,,,,,,,,,,,,,,,,,,,,,,,,,,,,,,,,,,,,,,,,,,,
17.5,33.82175610472961,31.944407785697162,28.66368773131471,0.0,,,,,,,,,,,,,,,,,,,,,,,,,,,,,,,,,,,,,,,,,,,,,,,,,,,,,,,,,,,,,,,,,,,,,,,,,,,,,,,,,,,,,,,,,,,,,,,,
17.75,33.755384154613715,31.87644924486253,28.59819637754016,0.0,,,,,,,,,,,,,,,,,,,,,,,,,,,,,,,,,,,,,,,,,,,,,,,,,,,,,,,,,,,,,,,,,,,,,,,,,,,,,,,,,,,,,,,,,,,,,,,,
18.0,33.68903294517316,31.808621959726533,28.53289112698786,0.0,,,,,,,,,,,,,,,,,,,,,,,,,,,,,,,,,,,,,,,,,,,,,,,,,,,,,,,,,,,,,,,,,,,,,,,,,,,,,,,,,,,,,,,,,,,,,,,,
18.25,33.62270810337848,31.740924397558505,28.467766514198328,0.0,,,,,,,,,,,,,,,,,,,,,,,,,,,,,,,,,,,,,,,,,,,,,,,,,,,,,,,,,,,,,,,,,,,,,,,,,,,,,,,,,,,,,,,,,,,,,,,,
18.5,33.556414881318936,31.673355111964362,28.402817414144373,0.0,,,,,,,,,,,,,,,,,,,,,,,,,,,,,,,,,,,,,,,,,,,,,,,,,,,,,,,,,,,,,,,,,,,,,,,,,,,,,,,,,,,,,,,,,,,,,,,,
18.75,33.49015818036741,31.605912737351662,28.338039020324075,0.0,,,,,,,,,,,,,,,,,,,,,,,,,,,,,,,,,,,,,,,,,,,,,,,,,,,,,,,,,,,,,,,,,,,,,,,,,,,,,,,,,,,,,,,,,,,,,,,,
19.0,33.423942573789596,31.538595983750643,28.27342682426584,0.0,,,,,,,,,,,,,,,,,,,,,,,,,,,,,,,,,,,,,,,,,,,,,,,,,,,,,,,,,,,,,,,,,,,,,,,,,,,,,,,,,,,,,,,,,,,,,,,,
19.25,33.35777232789788,31.471403631968304,28.208976596354272,0.0,,,,,,,,,,,,,,,,,,,,,,,,,,,,,,,,,,,,,,,,,,,,,,,,,,,,,,,,,,,,,,,,,,,,,,,,,,,,,,,,,,,,,,,,,,,,,,,,
19.5,33.29165142184304,31.404334529054267,28.144684367891667,0.0,,,,,,,,,,,,,,,,,,,,,,,,,,,,,,,,,,,,,,,,,,,,,,,,,,,,,,,,,,,,,,,,,,,,,,,,,,,,,,,,,,,,,,,,,,,,,,,,
19.75,33.225583566131746,31.337387584058426,28.080546414315336,0.0,,,,,,,,,,,,,,,,,,,,,,,,,,,,,,,,,,,,,,,,,,,,,,,,,,,,,,,,,,,,,,,,,,,,,,,,,,,,,,,,,,,,,,,,,,,,,,,,
20.0,33.159572219951556,31.270561764061647,28.016559239496235,0.0,,,,,,,,,,,,,,,,,,,,,,,,,,,,,,,,,,,,,,,,,,,,,,,,,,,,,,,,,,,,,,,,,,,,,,,,,,,,,,,,,,,,,,,,,,,,,,,,
20.25,33.09362060738028,31.20385609046198,27.952719561049133,0.0,,,,,,,,,,,,,,,,,,,,,,,,,,,,,,,,,,,,,,,,,,,,,,,,,,,,,,,,,,,,,,,,,,,,,,,,,,,,,,,,,,,,,,,,,,,,,,,,
20.5,33.02773173255151,31.137269635499962,27.889024296589124,0.0,,,,,,,,,,,,,,,,,,,,,,,,,,,,,,,,,,,,,,,,,,,,,,,,,,,,,,,,,,,,,,,,,,,,,,,,,,,,,,,,,,,,,,,,,,,,,,,,
20.75,32.96190839384341,31.070801519007667,27.825470550873412,0.0,,,,,,,,,,,,,,,,,,,,,,,,,,,,,,,,,,,,,,,,,,,,,,,,,,,,,,,,,,,,,,,,,,,,,,,,,,,,,,,,,,,,,,,,,,,,,,,,
21.0,32.896153197153765,31.004450905367055,27.762055603771422,0.0,,,,,,,,,,,,,,,,,,,,,,,,,,,,,,,,,,,,,,,,,,,,,,,,,,,,,,,,,,,,,,,,,,,,,,,,,,,,,,,,,,,,,,,,,,,,,,,,
21.25,32.83046856832009,30.938217000664228,27.698776899009694,0.0,,,,,,,,,,,,,,,,,,,,,,,,,,,,,,,,,,,,,,,,,,,,,,,,,,,,,,,,,,,,,,,,,,,,,,,,,,,,,,,,,,,,,,,,,,,,,,,,
21.5,32.76485676473967,30.87209905002692,27.635632033641752,0.0,,,,,,,,,,,,,,,,,,,,,,,,,,,,,,,,,,,,,,,,,,,,,,,,,,,,,,,,,,,,,,,,,,,,,,,,,,,,,,,,,,,,,,,,,,,,,,,,
21.75,32.699319886241376,30.806096335133454,27.572618748196195,0.0,,,,,,,,,,,,,,,,,,,,,,,,,,,,,,,,,,,,,,,,,,,,,,,,,,,,,,,,,,,,,,,,,,,,,,,,,,,,,,,,,,,,,,,,,,,,,,,,
22.0,32.633859885257145,30.740208171882134,27.50973491745928,0.0,,,,,,,,,,,,,,,,,,,,,,,,,,,,,,,,,,,,,,,,,,,,,,,,,,,,,,,,,,,,,,,,,,,,,,,,,,,,,,,,,,,,,,,,,,,,,,,,
22.25,32.5684785763384,30.674433908210705,27.446978541851177,0.0,,,,,,,,,,,,,,,,,,,,,,,,,,,,,,,,,,,,,,,,,,,,,,,,,,,,,,,,,,,,,,,,,,,,,,,,,,,,,,,,,,,,,,,,,,,,,,,,
22.5,32.50317764505948,30.60877292205629,27.38434773935754,0.0,,,,,,,,,,,,,,,,,,,,,,,,,,,,,,,,,,,,,,,,,,,,,,,,,,,,,,,,,,,,,,,,,,,,,,,,,,,,,,,,,,,,,,,,,,,,,,,,
22.75,32.43795865634768,30.543224619446637,27.321840737980775,0.0,,,,,,,,,,,,,,,,,,,,,,,,,,,,,,,,,,,,,,,,,,,,,,,,,,,,,,,,,,,,,,,,,,,,,,,,,,,,,,,,,,,,,,,,,,,,,,,,
23.0,32.3728230622767,30.477788432714362,27.25945586867739,0.0,,,,,,,,,,,,,,,,,,,,,,,,,,,,,,,,,,,,,,,,,,,,,,,,,,,,,,,,,,,,,,,,,,,,,,,,,,,,,,,,,,,,,,,,,,,,,,,,
23.25,32.30777220935816,30.41246381882614,27.19719155875015,0.0,,,,,,,,,,,,,,,,,,,,,,,,,,,,,,,,,,,,,,,,,,,,,,,,,,,,,,,,,,,,,,,,,,,,,,,,,,,,,,,,,,,,,,,,,,,,,,,,
23.5,32.24280734536348,30.3472502578195,27.135046325665826,0.0,,,,,,,,,,,,,,,,,,,,,,,,,,,,,,,,,,,,,,,,,,,,,,,,,,,,,,,,,,,,,,,,,,,,,,,,,,,,,,,,,,,,,,,,,,,,,,,,
23.75,32.177929625706334,30.2821472513403,27.073018771270956,0.0,,,,,,,,,,,,,,,,,,,,,,,,,,,,,,,,,,,,,,,,,,,,,,,,,,,,,,,,,,,,,,,,,,,,,,,,,,,,,,,,,,,,,,,,,,,,,,,,
24.0,32.11314011941407,30.21715432127435,27.011107576380148,0.0,,,,,,,,,,,,,,,,,,,,,,,,,,,,,,,,,,,,,,,,,,,,,,,,,,,,,,,,,,,,,,,,,,,,,,,,,,,,,,,,,,,,,,,,,,,,,,,,
24.25,32.0484398147144,30.15227100846718,26.949311495712834,0.0,,,,,,,,,,,,,,,,,,,,,,,,,,,,,,,,,,,,,,,,,,,,,,,,,,,,,,,,,,,,,,,,,,,,,,,,,,,,,,,,,,,,,,,,,,,,,,,,
24.5,31.983829624262416,30.087496871526184,26.88762935315604,0.0,,,,,,,,,,,,,,,,,,,,,,,,,,,,,,,,,,,,,,,,,,,,,,,,,,,,,,,,,,,,,,,,,,,,,,,,,,,,,,,,,,,,,,,,,,,,,,,,
24.75,31.919310390030766,30.02283148569995,26.82606003733221,0.0,,,,,,,,,,,,,,,,,,,,,,,,,,,,,,,,,,,,,,,,,,,,,,,,,,,,,,,,,,,,,,,,,,,,,,,,,,,,,,,,,,,,,,,,,,,,,,,,
25.0,31.854882887884962,29.958274441829687,26.764602497452383,0.0,,,,,,,,,,,,,,,,,,,,,,,,,,,,,,,,,,,,,,,,,,,,,,,,,,,,,,,,,,,,,,,,,,,,,,,,,,,,,,,,,,,,,,,,,,,,,,,,
25.25,31.790547831863943,29.893825345368185,26.703255739436422,0.0,,,,,,,,,,,,,,,,,,,,,,,,,,,,,,,,,,,,,,,,,,,,,,,,,,,,,,,,,,,,,,,,,,,,,,,,,,,,,,,,,,,,,,,,,,,,,,,,
25.5,31.726305878184906,29.82948381546193,26.642018822282996,0.0,,,,,,,,,,,,,,,,,,,,,,,,,,,,,,,,,,,,,,,,,,,,,,,,,,,,,,,,,,,,,,,,,,,,,,,,,,,,,,,,,,,,,,,,,,,,,,,,
25.75,31.662157628990258,29.765249484092262,26.580890854673303,0.0,,,,,,,,,,,,,,,,,,,,,,,,,,,,,,,,,,,,,,,,,,,,,,,,,,,,,,,,,,,,,,,,,,,,,,,,,,,,,,,,,,,,,,,,,,,,,,,,
26.0,31.598103635853093,29.701121995271887,26.519870991793464,0.0,,,,,,,,,,,,,,,,,,,,,,,,,,,,,,,,,,,,,,,,,,,,,,,,,,,,,,,,,,,,,,,,,,,,,,,,,,,,,,,,,,,,,,,,,,,,,,,,
26.25,31.534144403057013,29.637101004293026,26.45895843236149,0.0,,,,,,,,,,,,,,,,,,,,,,,,,,,,,,,,,,,,,,,,,,,,,,,,,,,,,,,,,,,,,,,,,,,,,,,,,,,,,,,,,,,,,,,,,,,,,,,,
26.5,31.47028039066456,29.573186177023995,26.39815241584564,0.0,,,,,,,,,,,,,,,,,,,,,,,,,,,,,,,,,,,,,,,,,,,,,,,,,,,,,,,,,,,,,,,,,,,,,,,,,,,,,,,,,,,,,,,,,,,,,,,,
26.75,31.406512017388103,29.509377189251033,26.337452219861884,0.0,,,,,,,,,,,,,,,,,,,,,,,,,,,,,,,,,,,,,,,,,,,,,,,,,,,,,,,,,,,,,,,,,,,,,,,,,,,,,,,,,,,,,,,,,,,,,,,,
27.0,31.342839663275708,29.44567372606251,26.276857157738895,0.0,,,,,,,,,,,,,,,,,,,,,,,,,,,,,,,,,,,,,,,,,,,,,,,,,,,,,,,,,,,,,,,,,,,,,,,,,,,,,,,,,,,,,,,,,,,,,,,,
27.25,31.279263672224097,29.382075481272693,26.21636657623979,0.0,,,,,,,,,,,,,,,,,,,,,,,,,,,,,,,,,,,,,,,,,,,,,,,,,,,,,,,,,,,,,,,,,,,,,,,,,,,,,,,,,,,,,,,,,,,,,,,,
27.5,31.215784354329625,29.318582156882652,26.155979853430548,0.0,,,,,,,,,,,,,,,,,,,,,,,,,,,,,,,,,,,,,,,,,,,,,,,,,,,,,,,,,,,,,,,,,,,,,,,,,,,,,,,,,,,,,,,,,,,,,,,,
27.75,31.152401988087895,29.25519346257581,26.095696396685636,0.0,,,,,,,,,,,,,,,,,,,,,,,,,,,,,,,,,,,,,,,,,,,,,,,,,,,,,,,,,,,,,,,,,,,,,,,,,,,,,,,,,,,,,,,,,,,,,,,,
28.0,31.089116822451665,29.19190911524593,26.035515640821988,0.0,,,,,,,,,,,,,,,,,,,,,,,,,,,,,,,,,,,,,,,,,,,,,,,,,,,,,,,,,,,,,,,,,,,,,,,,,,,,,,,,,,,,,,,,,,,,,,,,
28.25,31.02592907875615,29.1287288385555,25.975437046353157,0.0,,,,,,,,,,,,,,,,,,,,,,,,,,,,,,,,,,,,,,,,,,,,,,,,,,,,,,,,,,,,,,,,,,,,,,,,,,,,,,,,,,,,,,,,,,,,,,,,
28.5,30.962838952520332,29.06565236252245,25.915460097855753,0.0,,,,,,,,,,,,,,,,,,,,,,,,,,,,,,,,,,,,,,,,,,,,,,,,,,,,,,,,,,,,,,,,,,,,,,,,,,,,,,,,,,,,,,,,,,,,,,,,
28.75,30.899846615132226,29.002679423133525,25.855584302441112,0.0,,,,,,,,,,,,,,,,,,,,,,,,,,,,,,,,,,,,,,,,,,,,,,,,,,,,,,,,,,,,,,,,,,,,,,,,,,,,,,,,,,,,,,,,,,,,,,,,
29.0,30.83695221542557,28.93980976198245,25.795809188325258,0.0,,,,,,,,,,,,,,,,,,,,,,,,,,,,,,,,,,,,,,,,,,,,,,,,,,,,,,,,,,,,,,,,,,,,,,,,,,,,,,,,,,,,,,,,,,,,,,,,
29.25,30.77415588115492,28.87704312593137,25.736134303490946,0.0,,,,,,,,,,,,,,,,,,,,,,,,,,,,,,,,,,,,,,,,,,,,,,,,,,,,,,,,,,,,,,,,,,,,,,,,,,,,,,,,,,,,,,,,,,,,,,,,
29.5,30.71145772037573,28.814379266794063,25.676559214435787,0.0,,,,,,,,,,,,,,,,,,,,,,,,,,,,,,,,,,,,,,,,,,,,,,,,,,,,,,,,,,,,,,,,,,,,,,,,,,,,,,,,,,,,,,,,,,,,,,,,
29.75,30.648857822735554,28.751817941039498,25.61708350500095,0.0,,,,,,,,,,,,,,,,,,,,,,,,,,,,,,,,,,,,,,,,,,,,,,,,,,,,,,,,,,,,,,,,,,,,,,,,,,,,,,,,,,,,,,,,,,,,,,,,
30.0,30.586356260681963,28.689358909514443,25.557706775275225,0.0,,,,,,,,,,,,,,,,,,,,,,,,,,,,,,,,,,,,,,,,,,,,,,,,,,,,,,,,,,,,,,,,,,,,,,,,,,,,,,,,,,,,,,,,,,,,,,,,
30.25,30.523953090592723,28.627001937183895,25.49842864056961,0.0,,,,,,,,,,,,,,,,,,,,,,,,,,,,,,,,,,,,,,,,,,,,,,,,,,,,,,,,,,,,,,,,,,,,,,,,,,,,,,,,,,,,,,,,,,,,,,,,
30.5,30.461648353833116,28.56474679288816,25.439248730457887,0.0,,,,,,,,,,,,,,,,,,,,,,,,,,,,,,,,,,,,,,,,,,,,,,,,,,,,,,,,,,,,,,,,,,,,,,,,,,,,,,,,,,,,,,,,,,,,,,,,
30.75,30.399442077745125,28.50259324911558,25.380166687878905,0.0,,,,,,,,,,,,,,,,,,,,,,,,,,,,,,,,,,,,,,,,,,,,,,,,,,,,,,,,,,,,,,,,,,,,,,,,,,,,,,,,,,,,,,,,,,,,,,,,
31.0,30.33733427657288,28.440541081789785,25.321182168296662,0.0,,,,,,,,,,,,,,,,,,,,,,,,,,,,,,,,,,,,,,,,,,,,,,,,,,,,,,,,,,,,,,,,,,,,,,,,,,,,,,,,,,,,,,,,,,,,,,,,
31.25,30.275324952328482,28.378590070070658,25.26229483891436,0.0,,,,,,,,,,,,,,,,,,,,,,,,,,,,,,,,,,,,,,,,,,,,,,,,,,,,,,,,,,,,,,,,,,,,,,,,,,,,,,,,,,,,,,,,,,,,,,,,
31.5,30.213414095602015,28.316739996168018,25.203504377939087,0.0,,,,,,,,,,,,,,,,,,,,,,,,,,,,,,,,,,,,,,,,,,,,,,,,,,,,,,,,,,,,,,,,,,,,,,,,,,,,,,,,,,,,,,,,,,,,,,,,
31.75,30.151601686319356,28.25499064516733,25.14481047389392,0.0,,,,,,,,,,,,,,,,,,,,,,,,,,,,,,,,,,,,,,,,,,,,,,,,,,,,,,,,,,,,,,,,,,,,,,,,,,,,,,,,,,,,,,,,,,,,,,,,
32.0,30.089887694451146,28.193341804866495,25.086212824973465,0.0,,,,,,,,,,,,,,,,,,,,,,,,,,,,,,,,,,,,,,,,,,,,,,,,,,,,,,,,,,,,,,,,,,,,,,,,,,,,,,,,,,,,,,,,,,,,,,,,
32.25,30.02827208067605,28.13179326562321,25.02771113844237,0.0,,,,,,,,,,,,,,,,,,,,,,,,,,,,,,,,,,,,,,,,,,,,,,,,,,,,,,,,,,,,,,,,,,,,,,,,,,,,,,,,,,,,,,,,,,,,,,,,
32.5,29.966754797001304,28.070344820212004,24.969305130071184,0.0,,,,,,,,,,,,,,,,,,,,,,,,,,,,,,,,,,,,,,,,,,,,,,,,,,,,,,,,,,,,,,,,,,,,,,,,,,,,,,,,,,,,,,,,,,,,,,,,
32.75,29.905335787343198,28.00899626369052,24.91099452360902,0.0,,,,,,,,,,,,,,,,,,,,,,,,,,,,,,,,,,,,,,,,,,,,,,,,,,,,,,,,,,,,,,,,,,,,,,,,,,,,,,,,,,,,,,,,,,,,,,,,
33.0,29.844014988070185,27.947747393274312,24.85277905029007,0.0,,,,,,,,,,,,,,,,,,,,,,,,,,,,,,,,,,,,,,,,,,,,,,,,,,,,,,,,,,,,,,,,,,,,,,,,,,,,,,,,,,,,,,,,,,,,,,,,
33.25,29.782792328510943,27.88659800821969,24.79465844837186,0.0,,,,,,,,,,,,,,,,,,,,,,,,,,,,,,,,,,,,,,,,,,,,,,,,,,,,,,,,,,,,,,,,,,,,,,,,,,,,,,,,,,,,,,,,,,,,,,,,
33.5,29.721667731429715,27.825547909714043,24.73663246270316,0.0,,,,,,,,,,,,,,,,,,,,,,,,,,,,,,,,,,,,,,,,,,,,,,,,,,,,,,,,,,,,,,,,,,,,,,,,,,,,,,,,,,,,,,,,,,,,,,,,
33.75,29.660641113470934,27.76459690077317,24.678700844319675,0.0,,,,,,,,,,,,,,,,,,,,,,,,,,,,,,,,,,,,,,,,,,,,,,,,,,,,,,,,,,,,,,,,,,,,,,,,,,,,,,,,,,,,,,,,,,,,,,,,
34.0,29.599712385575256,27.703744786145204,24.62086335006574,0.0,,,,,,,,,,,,,,,,,,,,,,,,,,,,,,,,,,,,,,,,,,,,,,,,,,,,,,,,,,,,,,,,,,,,,,,,,,,,,,,,,,,,,,,,,,,,,,,,
34.25,29.538881453368656,27.642991372220642,24.56311974224031,0.0,,,,,,,,,,,,,,,,,,,,,,,,,,,,,,,,,,,,,,,,,,,,,,,,,,,,,,,,,,,,,,,,,,,,,,,,,,,,,,,,,,,,,,,,,,,,,,,,
34.5,29.47814821752656,27.582336466948178,24.5054697882657,0.0,,,,,,,,,,,,,,,,,,,,,,,,,,,,,,,,,,,,,,,,,,,,,,,,,,,,,,,,,,,,,,,,,,,,,,,,,,,,,,,,,,,,,,,,,,,,,,,,
34.75,29.417512574114312,27.52177987975582,24.44791326037758,0.0,,,,,,,,,,,,,,,,,,,,,,,,,,,,,,,,,,,,,,,,,,,,,,,,,,,,,,,,,,,,,,,,,,,,,,,,,,,,,,,,,,,,,,,,,,,,,,,,
35.0,29.356974414905864,27.461321421477123,24.390449935334992,0.0,,,,,,,,,,,,,,,,,,,,,,,,,,,,,,,,,,,,,,,,,,,,,,,,,,,,,,,,,,,,,,,,,,,,,,,,,,,,,,,,,,,,,,,,,,,,,,,,
35.25,29.296533627681722,27.4009609042821,24.333079594148828,0.0,,,,,,,,,,,,,,,,,,,,,,,,,,,,,,,,,,,,,,,,,,,,,,,,,,,,,,,,,,,,,,,,,,,,,,,,,,,,,,,,,,,,,,,,,,,,,,,,
35.5,29.236190096507812,27.34069814161252,24.275802021827904,0.0,,,,,,,,,,,,,,,,,,,,,,,,,,,,,,,,,,,,,,,,,,,,,,,,,,,,,,,,,,,,,,,,,,,,,,,,,,,,,,,,,,,,,,,,,,,,,,,,
35.75,29.175943701996236,27.28053294812132,24.218617007141216,0.0,,,,,,,,,,,,,,,,,,,,,,,,,,,,,,,,,,,,,,,,,,,,,,,,,,,,,,,,,,,,,,,,,,,,,,,,,,,,,,,,,,,,,,,,,,,,,,,,
36.0,29.11579432154925,27.22046513961592,24.16152434239554,0.0,,,,,,,,,,,,,,,,,,,,,,,,,,,,,,,,,,,,,,,,,,,,,,,,,,,,,,,,,,,,,,,,,,,,,,,,,,,,,,,,,,,,,,,,,,,,,,,,
36.25,29.055741829587483,27.1604945330051,24.10452382322726,0.0,,,,,,,,,,,,,,,,,,,,,,,,,,,,,,,,,,,,,,,,,,,,,,,,,,,,,,,,,,,,,,,,,,,,,,,,,,,,,,,,,,,,,,,,,,,,,,,,
36.5,28.99578609776338,27.100620946249226,24.047615248407585,0.0,,,,,,,,,,,,,,,,,,,,,,,,,,,,,,,,,,,,,,,,,,,,,,,,,,,,,,,,,,,,,,,,,,,,,,,,,,,,,,,,,,,,,,,,,,,,,,,,
36.75,28.935926995160898,27.040844198313735,23.990798419660226,0.0,,,,,,,,,,,,,,,,,,,,,,,,,,,,,,,,,,,,,,,,,,,,,,,,,,,,,,,,,,,,,,,,,,,,,,,,,,,,,,,,,,,,,,,,,,,,,,,,
37.0,28.876164388482284,26.981164109125444,23.93407314149082,0.0,,,,,,,,,,,,,,,,,,,,,,,,,,,,,,,,,,,,,,,,,,,,,,,,,,,,,,,,,,,,,,,,,,,,,,,,,,,,,,,,,,,,,,,,,,,,,,,,
37.25,28.81649814222277,26.92158049953173,23.87743922102724,0.0,,,,,,,,,,,,,,,,,,,,,,,,,,,,,,,,,,,,,,,,,,,,,,,,,,,,,,,,,,,,,,,,,,,,,,,,,,,,,,,,,,,,,,,,,,,,,,,,
37.5,28.756928118834,26.862093191262222,23.82089646787017,0.0,,,,,,,,,,,,,,,,,,,,,,,,,,,,,,,,,,,,,,,,,,,,,,,,,,,,,,,,,,,,,,,,,,,,,,,,,,,,,,,,,,,,,,,,,,,,,,,,
37.75,28.697454178876853,26.80270200689296,23.76444469395327,0.0,,,,,,,,,,,,,,,,,,,,,,,,,,,,,,,,,,,,,,,,,,,,,,,,,,,,,,,,,,,,,,,,,,,,,,,,,,,,,,,,,,,,,,,,,,,,,,,,
38.0,28.63807618116442,26.743406769812776,23.708083713412243,0.0,,,,,,,,,,,,,,,,,,,,,,,,,,,,,,,,,,,,,,,,,,,,,,,,,,,,,,,,,,,,,,,,,,,,,,,,,,,,,,,,,,,,,,,,,,,,,,,,
38.25,28.578793982895704,26.68420730419184,23.651813342462383,0.0,,,,,,,,,,,,,,,,,,,,,,,,,,,,,,,,,,,,,,,,,,,,,,,,,,,,,,,,,,,,,,,,,,,,,,,,,,,,,,,,,,,,,,,,,,,,,,,,
38.5,28.51960743978068,26.62510343495215,23.595633399283866,0.0,,,,,,,,,,,,,,,,,,,,,,,,,,,,,,,,,,,,,,,,,,,,,,,,,,,,,,,,,,,,,,,,,,,,,,,,,,,,,,,,,,,,,,,,,,,,,,,,
38.75,28.46051640615722,26.56609498773987,23.539543703914443,0.0,,,,,,,,,,,,,,,,,,,,,,,,,,,,,,,,,,,,,,,,,,,,,,,,,,,,,,,,,,,,,,,,,,,,,,,,,,,,,,,,,,,,,,,,,,,,,,,,
39.0,28.401520735100537,26.507181788899466,23.483544078149,0.0,,,,,,,,,,,,,,,,,,,,,,,,,,,,,,,,,,,,,,,,,,,,,,,,,,,,,,,,,,,,,,,,,,,,,,,,,,,,,,,,,,,,,,,,,,,,,,,,
39.25,28.34262027852542,26.448363665449364,23.427634345445476,0.0,,,,,,,,,,,,,,,,,,,,,,,,,,,,,,,,,,,,,,,,,,,,,,,,,,,,,,,,,,,,,,,,,,,,,,,,,,,,,,,,,,,,,,,,,,,,,,,,
39.5,28.283814887281927,26.389640445059218,23.37181433083691,0.0,,,,,,,,,,,,,,,,,,,,,,,,,,,,,,,,,,,,,,,,,,,,,,,,,,,,,,,,,,,,,,,,,,,,,,,,,,,,,,,,,,,,,,,,,,,,,,,,
39.75,28.225104411244846,26.331011956028572,23.316083860848988,0.0,,,,,,,,,,,,,,,,,,,,,,,,,,,,,,,,,,,,,,,,,,,,,,,,,,,,,,,,,,,,,,,,,,,,,,,,,,,,,,,,,,,,,,,,,,,,,,,,
40.0,28.16648869939731,26.27247802726679,23.260442763422937,0.0,,,,,,,,,,,,,,,,,,,,,,,,,,,,,,,,,,,,,,,,,,,,,,,,,,,,,,,,,,,,,,,,,,,,,,,,,,,,,,,,,,,,,,,,,,,,,,,,
40.25,28.107967599909067,26.21403848827434,23.204890867843318,0.0,,,,,,,,,,,,,,,,,,,,,,,,,,,,,,,,,,,,,,,,,,,,,,,,,,,,,,,,,,,,,,,,,,,,,,,,,,,,,,,,,,,,,,,,,,,,,,,,
40.5,28.049540960209605,26.155693169125154,23.149428004670405,0.0,,,,,,,,,,,,,,,,,,,,,,,,,,,,,,,,,,,,,,,,,,,,,,,,,,,,,,,,,,,,,,,,,,,,,,,,,,,,,,,,,,,,,,,,,,,,,,,,
40.75,27.991208627056533,26.09744190045011,23.094054005676917,0.0,,,,,,,,,,,,,,,,,,,,,,,,,,,,,,,,,,,,,,,,,,,,,,,,,,,,,,,,,,,,,,,,,,,,,,,,,,,,,,,,,,,,,,,,,,,,,,,,
41.0,27.93297044659952,26.03928451342153,23.038768703788744,0.0,,,,,,,,,,,,,,,,,,,,,,,,,,,,,,,,,,,,,,,,,,,,,,,,,,,,,,,,,,,,,,,,,,,,,,,,,,,,,,,,,,,,,,,,,,,,,,,,
41.25,27.874826264440067,25.98122083973865,22.983571933029452,0.0,,,,,,,,,,,,,,,,,,,,,,,,,,,,,,,,,,,,,,,,,,,,,,,,,,,,,,,,,,,,,,,,,,,,,,,,,,,,,,,,,,,,,,,,,,,,,,,,
41.5,27.816775966500682,25.924615598711895,22.928469668839064,6.0321468998518435e-06,,,,,,,,,,,,,,,,,,,,,,,,,,,,,,,,,,,,,,,,,,,,,,,,,,,,,,,,,,,,,,,,,,,,,,,,,,,,,,,,,,,,,,,,,,,,,,,,
41.75,27.758823903133983,25.869820395627496,22.873547277332335,3.5453431232167814e-05,,,,,,,,,,,,,,,,,,,,,,,,,,,,,,,,,,,,,,,,,,,,,,,,,,,,,,,,,,,,,,,,,,,,,,,,,,,,,,,,,,,,,,,,,,,,,,,,
42.0,27.700997248672593,25.81657937493756,22.81896993535728,9.01468921640199e-05,,,,,,,,,,,,,,,,,,,,,,,,,,,,,,,,,,,,,,,,,,,,,,,,,,,,,,,,,,,,,,,,,,,,,,,,,,,,,,,,,,,,,,,,,,,,,,,,
42.25,27.64335199807779,25.764765487888756,22.764903810314564,0.00016830937270366383,,,,,,,,,,,,,,,,,,,,,,,,,,,,,,,,,,,,,,,,,,,,,,,,,,,,,,,,,,,,,,,,,,,,,,,,,,,,,,,,,,,,,,,,,,,,,,,,
42.5,27.585959980849047,25.71416839318104,22.711480413919613,0.0002740162176628792,,,,,,,,,,,,,,,,,,,,,,,,,,,,,,,,,,,,,,,,,,,,,,,,,,,,,,,,,,,,,,,,,,,,,,,,,,,,,,,,,,,,,,,,,,,,,,,,
42.75,27.528895210268413,25.664697596193964,22.6587920060314,0.0004016632461668198,,,,,,,,,,,,,,,,,,,,,,,,,,,,,,,,,,,,,,,,,,,,,,,,,,,,,,,,,,,,,,,,,,,,,,,,,,,,,,,,,,,,,,,,,,,,,,,,
43.0,27.47222538750176,25.616340855357777,22.606898974629637,0.0005567908173061653,,,,,,,,,,,,,,,,,,,,,,,,,,,,,,,,,,,,,,,,,,,,,,,,,,,,,,,,,,,,,,,,,,,,,,,,,,,,,,,,,,,,,,,,,,,,,,,,
43.25,27.416008856006446,25.569064433638353,22.55584388993352,0.0007342344569271366,,,,,,,,,,,,,,,,,,,,,,,,,,,,,,,,,,,,,,,,,,,,,,,,,,,,,,,,,,,,,,,,,,,,,,,,,,,,,,,,,,,,,,,,,,,,,,,,
43.5,27.360295413169517,25.522760964298914,22.505658084409625,0.0009383670034627092,,,,,,,,,,,,,,,,,,,,,,,,,,,,,,,,,,,,,,,,,,,,,,,,,,,,,,,,,,,,,,,,,,,,,,,,,,,,,,,,,,,,,,,,,,,,,,,,
43.75,27.305127486794312,25.477429265038165,22.456359712077678,0.0011666184197653294,,,,,,,,,,,,,,,,,,,,,,,,,,,,,,,,,,,,,,,,,,,,,,,,,,,,,,,,,,,,,,,,,,,,,,,,,,,,,,,,,,,,,,,,,,,,,,,,
44.0,27.250540274744647,25.43302804617993,22.407957927131307,0.0014172603377026703,,,,,,,,,,,,,,,,,,,,,,,,,,,,,,,,,,,,,,,,,,,,,,,,,,,,,,,,,,,,,,,,,,,,,,,,,,,,,,,,,,,,,,,,,,,,,,,,
44.25,27.196562758046735,25.389508491847288,22.3604563398906,0.0016950802694406036,,,,,,,,,,,,,,,,,,,,,,,,,,,,,,,,,,,,,,,,,,,,,,,,,,,,,,,,,,,,,,,,,,,,,,,,,,,,,,,,,,,,,,,,,,,,,,,,
44.5,27.143218717812026,25.346839876237752,22.313852454266275,0.0019950275117475752,,,,,,,,,,,,,,,,,,,,,,,,,,,,,,,,,,,,,,,,,,,,,,,,,,,,,,,,,,,,,,,,,,,,,,,,,,,,,,,,,,,,,,,,,,,,,,,,
44.75,27.090527198476607,25.305024853064328,22.268139080738145,0.0023170659388098724,,,,,,,,,,,,,,,,,,,,,,,,,,,,,,,,,,,,,,,,,,,,,,,,,,,,,,,,,,,,,,,,,,,,,,,,,,,,,,,,,,,,,,,,,,,,,,,,
45.0,27.038503169697787,25.263984370294896,22.223307410453266,0.002663765242446166,,,,,,,,,,,,,,,,,,,,,,,,,,,,,,,,,,,,,,,,,,,,,,,,,,,,,,,,,,,,,,,,,,,,,,,,,,,,,,,,,,,,,,,,,,,,,,,,
45.25,26.987158390916846,25.223770230998642,22.179344815019544,0.003035209651931832,,,,,,,,,,,,,,,,,,,,,,,,,,,,,,,,,,,,,,,,,,,,,,,,,,,,,,,,,,,,,,,,,,,,,,,,,,,,,,,,,,,,,,,,,,,,,,,,
45.5,26.936501552998763,25.18430148808822,22.13623886695348,0.0034271308842762542,,,,,,,,,,,,,,,,,,,,,,,,,,,,,,,,,,,,,,,,,,,,,,,,,,,,,,,,,,,,,,,,,,,,,,,,,,,,,,,,,,,,,,,,,,,,,,,,
45.75,26.88653924029789,25.145575427333068,22.093975535007875,0.0038411309160226842,,,,,,,,,,,,,,,,,,,,,,,,,,,,,,,,,,,,,,,,,,,,,,,,,,,,,,,,,,,,,,,,,,,,,,,,,,,,,,,,,,,,,,,,,,,,,,,,
46.0,26.837275901656117,25.10758231901088,22.05253854710002,0.004276180055436544,,,,,,,,,,,,,,,,,,,,,,,,,,,,,,,,,,,,,,,,,,,,,,,,,,,,,,,,,,,,,,,,,,,,,,,,,,,,,,,,,,,,,,,,,,,,,,,,
46.25,26.78871399199908,25.07024457254947,22.01191176760485,0.004732566545116165,,,,,,,,,,,,,,,,,,,,,,,,,,,,,,,,,,,,,,,,,,,,,,,,,,,,,,,,,,,,,,,,,,,,,,,,,,,,,,,,,,,,,,,,,,,,,,,,
46.5,26.740854321137235,25.033601579712656,21.972075820888065,0.0052120764243833275,,,,,,,,,,,,,,,,,,,,,,,,,,,,,,,,,,,,,,,,,,,,,,,,,,,,,,,,,,,,,,,,,,,,,,,,,,,,,,,,,,,,,,,,,,,,,,,,
46.75,26.693695702866002,24.997560301500556,21.933011628168085,0.005710224858895762,,,,,,,,,,,,,,,,,,,,,,,,,,,,,,,,,,,,,,,,,,,,,,,,,,,,,,,,,,,,,,,,,,,,,,,,,,,,,,,,,,,,,,,,,,,,,,,,
47.0,26.64723550776575,24.962206891585286,21.89469841121829,0.006230316519613165,,,,,,,,,,,,,,,,,,,,,,,,,,,,,,,,,,,,,,,,,,,,,,,,,,,,,,,,,,,,,,,,,,,,,,,,,,,,,,,,,,,,,,,,,,,,,,,,
47.25,26.601469615111853,24.92747246194271,21.857118565250733,0.006768982123829509,,,,,,,,,,,,,,,,,,,,,,,,,,,,,,,,,,,,,,,,,,,,,,,,,,,,,,,,,,,,,,,,,,,,,,,,,,,,,,,,,,,,,,,,,,,,,,,,
47.5,26.556393549931474,24.893351539873358,21.82025603646561,0.007327379663964533,,,,,,,,,,,,,,,,,,,,,,,,,,,,,,,,,,,,,,,,,,,,,,,,,,,,,,,,,,,,,,,,,,,,,,,,,,,,,,,,,,,,,,,,,,,,,,,,
47.75,26.512002449419384,24.859825723775895,21.78409356447058,0.007904103037115202,,,,,,,,,,,,,,,,,,,,,,,,,,,,,,,,,,,,,,,,,,,,,,,,,,,,,,,,,,,,,,,,,,,,,,,,,,,,,,,,,,,,,,,,,,,,,,,,
48.0,26.468290751445338,24.826881963571527,21.74861403425073,0.008500431168275088,,,,,,,,,,,,,,,,,,,,,,,,,,,,,,,,,,,,,,,,,,,,,,,,,,,,,,,,,,,,,,,,,,,,,,,,,,,,,,,,,,,,,,,,,,,,,,,,
48.25,26.425252265571938,24.7944804014377,21.713800431764515,0.009113277954738758,,,,,,,,,,,,,,,,,,,,,,,,,,,,,,,,,,,,,,,,,,,,,,,,,,,,,,,,,,,,,,,,,,,,,,,,,,,,,,,,,,,,,,,,,,,,,,,,
48.5,26.38288017289684,24.762630969326246,21.679634599141995,0.009745266035680634,,,,,,,,,,,,,,,,,,,,,,,,,,,,,,,,,,,,,,,,,,,,,,,,,,,,,,,,,,,,,,,,,,,,,,,,,,,,,,,,,,,,,,,,,,,,,,,,
48.75,26.341166838644796,24.731274031204553,21.646098848714885,0.010392711592415692,,,,,,,,,,,,,,,,,,,,,,,,,,,,,,,,,,,,,,,,,,,,,,,,,,,,,,,,,,,,,,,,,,,,,,,,,,,,,,,,,,,,,,,,,,,,,,,,
49.0,26.300104018042695,24.700416383843667,21.61317417370461,0.011056937182399255,,,,,,,,,,,,,,,,,,,,,,,,,,,,,,,,,,,,,,,,,,,,,,,,,,,,,,,,,,,,,,,,,,,,,,,,,,,,,,,,,,,,,,,,,,,,,,,,
49.25,26.259682567682585,24.670048401512346,21.580841382999676,0.011737000124295597,,,,,,,,,,,,,,,,,,,,,,,,,,,,,,,,,,,,,,,,,,,,,,,,,,,,,,,,,,,,,,,,,,,,,,,,,,,,,,,,,,,,,,,,,,,,,,,,
49.5,26.219892710627196,24.64019710935436,21.549083171502424,0.012434238058205016,,,,,,,,,,,,,,,,,,,,,,,,,,,,,,,,,,,,,,,,,,,,,,,,,,,,,,,,,,,,,,,,,,,,,,,,,,,,,,,,,,,,,,,,,,,,,,,,
49.75,26.18072462008639,24.610801828935145,21.51788548799398,0.013148372906562336,,,,,,,,,,,,,,,,,,,,,,,,,,,,,,,,,,,,,,,,,,,,,,,,,,,,,,,,,,,,,,,,,,,,,,,,,,,,,,,,,,,,,,,,,,,,,,,,
50.0,26.142168912625866,24.581870422627183,21.487233640344822,0.013878284962153794,,,,,,,,,,,,,,,,,,,,,,,,,,,,,,,,,,,,,,,,,,,,,,,,,,,,,,,,,,,,,,,,,,,,,,,,,,,,,,,,,,,,,,,,,,,,,,,,
50.25,26.104216066139035,24.55336097088828,21.457112226407116,0.014622952227146664,,,,,,,,,,,,,,,,,,,,,,,,,,,,,,,,,,,,,,,,,,,,,,,,,,,,,,,,,,,,,,,,,,,,,,,,,,,,,,,,,,,,,,,,,,,,,,,,
50.5,26.066856225676162,24.525286893485394,21.42750514004321,0.015380424207471566,,,,,,,,,,,,,,,,,,,,,,,,,,,,,,,,,,,,,,,,,,,,,,,,,,,,,,,,,,,,,,,,,,,,,,,,,,,,,,,,,,,,,,,,,,,,,,,,
50.75,26.030079074101916,24.497644360984403,21.398397092112845,0.01615262101592549,,,,,,,,,,,,,,,,,,,,,,,,,,,,,,,,,,,,,,,,,,,,,,,,,,,,,,,,,,,,,,,,,,,,,,,,,,,,,,,,,,,,,,,,,,,,,,,,
51.0,25.99387421357009,24.470397764122705,21.36977477512667,0.01693648838242618,,,,,,,,,,,,,,,,,,,,,,,,,,,,,,,,,,,,,,,,,,,,,,,,,,,,,,,,,,,,,,,,,,,,,,,,,,,,,,,,,,,,,,,,,,,,,,,,
51.25,25.958231445582175,24.443537404804943,21.341624205415958,0.017733611736956156,,,,,,,,,,,,,,,,,,,,,,,,,,,,,,,,,,,,,,,,,,,,,,,,,,,,,,,,,,,,,,,,,,,,,,,,,,,,,,,,,,,,,,,,,,,,,,,,
51.5,25.923140385087184,24.417055647416788,21.313930708854258,0.018548426262107322,,,,,,,,,,,,,,,,,,,,,,,,,,,,,,,,,,,,,,,,,,,,,,,,,,,,,,,,,,,,,,,,,,,,,,,,,,,,,,,,,,,,,,,,,,,,,,,,
51.75,25.888590358666402,24.390953333437842,21.286680280270378,0.01937419595328083,,,,,,,,,,,,,,,,,,,,,,,,,,,,,,,,,,,,,,,,,,,,,,,,,,,,,,,,,,,,,,,,,,,,,,,,,,,,,,,,,,,,,,,,,,,,,,,,
52.0,25.8545706432952,24.365224114358373,21.25986034120632,0.02021103521767119,,,,,,,,,,,,,,,,,,,,,,,,,,,,,,,,,,,,,,,,,,,,,,,,,,,,,,,,,,,,,,,,,,,,,,,,,,,,,,,,,,,,,,,,,,,,,,,,
52.25,25.82107075774325,24.339854169673753,21.2334595308909,0.02105810226049968,,,,,,,,,,,,,,,,,,,,,,,,,,,,,,,,,,,,,,,,,,,,,,,,,,,,,,,,,,,,,,,,,,,,,,,,,,,,,,,,,,,,,,,,,,,,,,,,
52.5,25.788080541018886,24.314821855634786,21.207466693828202,0.021919548576322112,,,,,,,,,,,,,,,,,,,,,,,,,,,,,,,,,,,,,,,,,,,,,,,,,,,,,,,,,,,,,,,,,,,,,,,,,,,,,,,,,,,,,,,,,,,,,,,,
52.75,25.755589962962706,24.290108876924986,21.181869887246215,0.02279443967521097,,,,,,,,,,,,,,,,,,,,,,,,,,,,,,,,,,,,,,,,,,,,,,,,,,,,,,,,,,,,,,,,,,,,,,,,,,,,,,,,,,,,,,,,,,,,,,,,
53.0,25.72358882058058,24.26572162305605,21.15665635002782,0.023676531386444002,,,,,,,,,,,,,,,,,,,,,,,,,,,,,,,,,,,,,,,,,,,,,,,,,,,,,,,,,,,,,,,,,,,,,,,,,,,,,,,,,,,,,,,,,,,,,,,,
53.25,25.69206665239616,24.241671274059975,21.13181439472134,0.024568320805056883,,,,,,,,,,,,,,,,,,,,,,,,,,,,,,,,,,,,,,,,,,,,,,,,,,,,,,,,,,,,,,,,,,,,,,,,,,,,,,,,,,,,,,,,,,,,,,,,
53.5,25.661013156434926,24.217913310827875,21.107334652493048,0.02547573295932078,,,,,,,,,,,,,,,,,,,,,,,,,,,,,,,,,,,,,,,,,,,,,,,,,,,,,,,,,,,,,,,,,,,,,,,,,,,,,,,,,,,,,,,,,,,,,,,,
53.75,25.630418516715007,24.194465747926817,21.08320685263881,0.026391795956618377,,,,,,,,,,,,,,,,,,,,,,,,,,,,,,,,,,,,,,,,,,,,,,,,,,,,,,,,,,,,,,,,,,,,,,,,,,,,,,,,,,,,,,,,,,,,,,,,
54.0,25.600272941434,24.171325348852935,21.059421042237933,0.027315730892167475,,,,,,,,,,,,,,,,,,,,,,,,,,,,,,,,,,,,,,,,,,,,,,,,,,,,,,,,,,,,,,,,,,,,,,,,,,,,,,,,,,,,,,,,,,,,,,,,
54.25,25.57056682878648,24.14846594889013,21.03596889765874,0.028249723670276557,,,,,,,,,,,,,,,,,,,,,,,,,,,,,,,,,,,,,,,,,,,,,,,,,,,,,,,,,,,,,,,,,,,,,,,,,,,,,,,,,,,,,,,,,,,,,,,,
54.5,25.541290961517923,24.125891084063387,21.012841488328725,0.029197395733820814,,,,,,,,,,,,,,,,,,,,,,,,,,,,,,,,,,,,,,,,,,,,,,,,,,,,,,,,,,,,,,,,,,,,,,,,,,,,,,,,,,,,,,,,,,,,,,,,
54.75,25.51243619058898,24.103594411569603,20.990029908414808,0.03015016458486553,,,,,,,,,,,,,,,,,,,,,,,,,,,,,,,,,,,,,,,,,,,,,,,,,,,,,,,,,,,,,,,,,,,,,,,,,,,,,,,,,,,,,,,,,,,,,,,,
55.0,25.48399347026417,24.081568481981087,20.967526004923155,0.031110796239112403,,,,,,,,,,,,,,,,,,,,,,,,,,,,,,,,,,,,,,,,,,,,,,,,,,,,,,,,,,,,,,,,,,,,,,,,,,,,,,,,,,,,,,,,,,,,,,,,
55.25,25.45595397377502,24.05979808582029,20.945321872107854,0.03208684885422646,,,,,,,,,,,,,,,,,,,,,,,,,,,,,,,,,,,,,,,,,,,,,,,,,,,,,,,,,,,,,,,,,,,,,,,,,,,,,,,,,,,,,,,,,,,,,,,,
55.5,25.42830903480834,24.038275113496116,20.923409205657656,0.03306534285725874,,,,,,,,,,,,,,,,,,,,,,,,,,,,,,,,,,,,,,,,,,,,,,,,,,,,,,,,,,,,,,,,,,,,,,,,,,,,,,,,,,,,,,,,,,,,,,,,
55.75,25.40104998331979,24.01699411164448,20.90177941338548,0.0340530961062104,,,,,,,,,,,,,,,,,,,,,,,,,,,,,,,,,,,,,,,,,,,,,,,,,,,,,,,,,,,,,,,,,,,,,,,,,,,,,,,,,,,,,,,,,,,,,,,,
56.0,25.374168111766117,23.995943160314674,20.880424126431592,0.035052722443629225,,,,,,,,,,,,,,,,,,,,,,,,,,,,,,,,,,,,,,,,,,,,,,,,,,,,,,,,,,,,,,,,,,,,,,,,,,,,,,,,,,,,,,,,,,,,,,,,
56.25,25.347654742898495,23.975116929129445,20.85933497529954,0.036052027868870996,,,,,,,,,,,,,,,,,,,,,,,,,,,,,,,,,,,,,,,,,,,,,,,,,,,,,,,,,,,,,,,,,,,,,,,,,,,,,,,,,,,,,,,,,,,,,,,,
56.5,25.321501217263343,23.95453639150159,20.838503853227273,0.03706802045518371,,,,,,,,,,,,,,,,,,,,,,,,,,,,,,,,,,,,,,,,,,,,,,,,,,,,,,,,,,,,,,,,,,,,,,,,,,,,,,,,,,,,,,,,,,,,,,,,
56.75,25.295699036799363,23.93417469804962,20.817924711882828,0.03808894244831569,,,,,,,,,,,,,,,,,,,,,,,,,,,,,,,,,,,,,,,,,,,,,,,,,,,,,,,,,,,,,,,,,,,,,,,,,,,,,,,,,,,,,,,,,,,,,,,,
57.0,25.27024024777771,23.914011986184562,20.797591548894484,0.03911231805912124,,,,,,,,,,,,,,,,,,,,,,,,,,,,,,,,,,,,,,,,,,,,,,,,,,,,,,,,,,,,,,,,,,,,,,,,,,,,,,,,,,,,,,,,,,,,,,,,
57.25,25.24511710609061,23.894057744150345,20.777496630239053,0.04014958608833007,,,,,,,,,,,,,,,,,,,,,,,,,,,,,,,,,,,,,,,,,,,,,,,,,,,,,,,,,,,,,,,,,,,,,,,,,,,,,,,,,,,,,,,,,,,,,,,,
57.5,25.220321676386533,23.874310958839157,20.757632661018718,0.04118524166544278,,,,,,,,,,,,,,,,,,,,,,,,,,,,,,,,,,,,,,,,,,,,,,,,,,,,,,,,,,,,,,,,,,,,,,,,,,,,,,,,,,,,,,,,,,,,,,,,
57.75,25.19584610726916,23.854782393024145,20.7379937322991,0.04223709200923519,,,,,,,,,,,,,,,,,,,,,,,,,,,,,,,,,,,,,,,,,,,,,,,,,,,,,,,,,,,,,,,,,,,,,,,,,,,,,,,,,,,,,,,,,,,,,,,,
58.0,25.1716829500943,23.83545783415705,20.718575480420004,0.04329142175768521,,,,,,,,,,,,,,,,,,,,,,,,,,,,,,,,,,,,,,,,,,,,,,,,,,,,,,,,,,,,,,,,,,,,,,,,,,,,,,,,,,,,,,,,,,,,,,,,
58.25,25.147825336596835,23.816324058928572,20.69937372516624,0.04435034870044903,,,,,,,,,,,,,,,,,,,,,,,,,,,,,,,,,,,,,,,,,,,,,,,,,,,,,,,,,,,,,,,,,,,,,,,,,,,,,,,,,,,,,,,,,,,,,,,,
58.5,25.12426672704645,23.797382662007344,20.680383292913646,0.0454199773363755,,,,,,,,,,,,,,,,,,,,,,,,,,,,,,,,,,,,,,,,,,,,,,,,,,,,,,,,,,,,,,,,,,,,,,,,,,,,,,,,,,,,,,,,,,,,,,,,
58.75,25.101000602964614,23.778630396400178,20.661598992999938,0.04648720964658385,,,,,,,,,,,,,,,,,,,,,,,,,,,,,,,,,,,,,,,,,,,,,,,,,,,,,,,,,,,,,,,,,,,,,,,,,,,,,,,,,,,,,,,,,,,,,,,,
59.0,25.078020527049578,23.76007080519922,20.643016152574177,0.047572500122371915,,,,,,,,,,,,,,,,,,,,,,,,,,,,,,,,,,,,,,,,,,,,,,,,,,,,,,,,,,,,,,,,,,,,,,,,,,,,,,,,,,,,,,,,,,,,,,,,
59.25,25.055320273158504,23.74169292533099,20.62463080214145,0.04865501154021545,,,,,,,,,,,,,,,,,,,,,,,,,,,,,,,,,,,,,,,,,,,,,,,,,,,,,,,,,,,,,,,,,,,,,,,,,,,,,,,,,,,,,,,,,,,,,,,,
59.5,25.032893912823067,23.723478600832394,20.606438877939382,0.049748227309460887,,,,,,,,,,,,,,,,,,,,,,,,,,,,,,,,,,,,,,,,,,,,,,,,,,,,,,,,,,,,,,,,,,,,,,,,,,,,,,,,,,,,,,,,,,,,,,,,
59.75,25.01073563253421,23.70543405719893,20.588435118555548,0.05084210138288402,,,,,,,,,,,,,,,,,,,,,,,,,,,,,,,,,,,,,,,,,,,,,,,,,,,,,,,,,,,,,,,,,,,,,,,,,,,,,,,,,,,,,,,,,,,,,,,,
60.0,24.988839469519316,23.687572015876714,20.570614437466293,0.05194423035094113,,,,,,,,,,,,,,,,,,,,,,,,,,,,,,,,,,,,,,,,,,,,,,,,,,,,,,,,,,,,,,,,,,,,,,,,,,,,,,,,,,,,,,,,,,,,,,,,
60.25,24.96719953762063,23.669875134879234,20.552973479429966,0.05305356944866355,,,,,,,,,,,,,,,,,,,,,,,,,,,,,,,,,,,,,,,,,,,,,,,,,,,,,,,,,,,,,,,,,,,,,,,,,,,,,,,,,,,,,,,,,,,,,,,,
60.5,24.945810376105978,23.652332824678133,20.535508898691777,0.0541628907263797,,,,,,,,,,,,,,,,,,,,,,,,,,,,,,,,,,,,,,,,,,,,,,,,,,,,,,,,,,,,,,,,,,,,,,,,,,,,,,,,,,,,,,,,,,,,,,,,
60.75,24.924666716487835,23.634942380942107,20.51821624969287,0.05528303168538882,,,,,,,,,,,,,,,,,,,,,,,,,,,,,,,,,,,,,,,,,,,,,,,,,,,,,,,,,,,,,,,,,,,,,,,,,,,,,,,,,,,,,,,,,,,,,,,,
61.0,24.90376319875805,23.6177004550438,20.50109080369886,0.056401300204005585,,,,,,,,,,,,,,,,,,,,,,,,,,,,,,,,,,,,,,,,,,,,,,,,,,,,,,,,,,,,,,,,,,,,,,,,,,,,,,,,,,,,,,,,,,,,,,,,
61.25,24.88309439767749,23.60060439713705,20.48412804340852,0.057531707791689334,,,,,,,,,,,,,,,,,,,,,,,,,,,,,,,,,,,,,,,,,,,,,,,,,,,,,,,,,,,,,,,,,,,,,,,,,,,,,,,,,,,,,,,,,,,,,,,,
61.5,24.862654925691757,23.58365094841551,20.467323724517104,0.05865892700842401,,,,,,,,,,,,,,,,,,,,,,,,,,,,,,,,,,,,,,,,,,,,,,,,,,,,,,,,,,,,,,,,,,,,,,,,,,,,,,,,,,,,,,,,,,,,,,,,
61.75,24.842439498185865,23.56684601873957,20.45067388079108,0.05979865765876547,,,,,,,,,,,,,,,,,,,,,,,,,,,,,,,,,,,,,,,,,,,,,,,,,,,,,,,,,,,,,,,,,,,,,,,,,,,,,,,,,,,,,,,,,,,,,,,,
62.0,24.822442993314077,23.55018799006052,20.43417534574433,0.06093426908324664,,,,,,,,,,,,,,,,,,,,,,,,,,,,,,,,,,,,,,,,,,,,,,,,,,,,,,,,,,,,,,,,,,,,,,,,,,,,,,,,,,,,,,,,,,,,,,,,
62.25,24.80266059712888,23.533664681826778,20.417825554732346,0.06208441477042999,,,,,,,,,,,,,,,,,,,,,,,,,,,,,,,,,,,,,,,,,,,,,,,,,,,,,,,,,,,,,,,,,,,,,,,,,,,,,,,,,,,,,,,,,,,,,,,,
62.5,24.783087786120753,23.5172720894989,20.401621413239877,0.06322828269618111,,,,,,,,,,,,,,,,,,,,,,,,,,,,,,,,,,,,,,,,,,,,,,,,,,,,,,,,,,,,,,,,,,,,,,,,,,,,,,,,,,,,,,,,,,,,,,,,
62.75,24.763720090427768,23.501012002683062,20.3855593189484,0.0643858968912932,,,,,,,,,,,,,,,,,,,,,,,,,,,,,,,,,,,,,,,,,,,,,,,,,,,,,,,,,,,,,,,,,,,,,,,,,,,,,,,,,,,,,,,,,,,,,,,,
63.0,24.744553018647846,23.484882140279694,20.36963598831142,0.06553854277448723,,,,,,,,,,,,,,,,,,,,,,,,,,,,,,,,,,,,,,,,,,,,,,,,,,,,,,,,,,,,,,,,,,,,,,,,,,,,,,,,,,,,,,,,,,,,,,,,
63.25,24.725582179541263,23.468876289033744,20.353848504370255,0.0667038426719813,,,,,,,,,,,,,,,,,,,,,,,,,,,,,,,,,,,,,,,,,,,,,,,,,,,,,,,,,,,,,,,,,,,,,,,,,,,,,,,,,,,,,,,,,,,,,,,,
63.5,24.706803326486856,23.452991090330954,20.3381938306398,0.06786516988212167,,,,,,,,,,,,,,,,,,,,,,,,,,,,,,,,,,,,,,,,,,,,,,,,,,,,,,,,,,,,,,,,,,,,,,,,,,,,,,,,,,,,,,,,,,,,,,,,
63.75,24.688212282080094,23.437224428859356,20.3226687781042,0.06903618537591685,,,,,,,,,,,,,,,,,,,,,,,,,,,,,,,,,,,,,,,,,,,,,,,,,,,,,,,,,,,,,,,,,,,,,,,,,,,,,,,,,,,,,,,,,,,,,,,,
64.0,24.669804905034216,23.421574007838707,20.30727023829469,0.0702065705373785,,,,,,,,,,,,,,,,,,,,,,,,,,,,,,,,,,,,,,,,,,,,,,,,,,,,,,,,,,,,,,,,,,,,,,,,,,,,,,,,,,,,,,,,,,,,,,,,
64.25,24.651577119050927,23.406047440554534,20.291995309222376,0.071382494315712,,,,,,,,,,,,,,,,,,,,,,,,,,,,,,,,,,,,,,,,,,,,,,,,,,,,,,,,,,,,,,,,,,,,,,,,,,,,,,,,,,,,,,,,,,,,,,,,
64.5,24.633524979580894,23.390649993238117,20.276841950744334,0.07256116302798415,,,,,,,,,,,,,,,,,,,,,,,,,,,,,,,,,,,,,,,,,,,,,,,,,,,,,,,,,,,,,,,,,,,,,,,,,,,,,,,,,,,,,,,,,,,,,,,,
64.75,24.615644864059252,23.37536563176024,20.261809128185007,0.07374579661346604,,,,,,,,,,,,,,,,,,,,,,,,,,,,,,,,,,,,,,,,,,,,,,,,,,,,,,,,,,,,,,,,,,,,,,,,,,,,,,,,,,,,,,,,,,,,,,,,
65.0,24.597933530563953,23.36018418754422,20.24689513883997,0.07493185251425546,,,,,,,,,,,,,,,,,,,,,,,,,,,,,,,,,,,,,,,,,,,,,,,,,,,,,,,,,,,,,,,,,,,,,,,,,,,,,,,,,,,,,,,,,,,,,,,,
65.25,24.580387772959586,23.345106391235,20.232096955253606,0.07611806172808402,,,,,,,,,,,,,,,,,,,,,,,,,,,,,,,,,,,,,,,,,,,,,,,,,,,,,,,,,,,,,,,,,,,,,,,,,,,,,,,,,,,,,,,,,,,,,,,,
65.5,24.563004167129918,23.33013540260634,20.217411357778452,0.07731357260314646,,,,,,,,,,,,,,,,,,,,,,,,,,,,,,,,,,,,,,,,,,,,,,,,,,,,,,,,,,,,,,,,,,,,,,,,,,,,,,,,,,,,,,,,,,,,,,,,
65.75,24.545779189482857,23.315268579651324,20.202835780060493,0.07850377131231309,,,,,,,,,,,,,,,,,,,,,,,,,,,,,,,,,,,,,,,,,,,,,,,,,,,,,,,,,,,,,,,,,,,,,,,,,,,,,,,,,,,,,,,,,,,,,,,,
66.0,24.528709425457148,23.300500895209158,20.188368034222734,0.07970772213635817,,,,,,,,,,,,,,,,,,,,,,,,,,,,,,,,,,,,,,,,,,,,,,,,,,,,,,,,,,,,,,,,,,,,,,,,,,,,,,,,,,,,,,,,,,,,,,,,
66.25,24.511791598591348,23.285830578320816,20.174005794516177,0.08090364448689526,,,,,,,,,,,,,,,,,,,,,,,,,,,,,,,,,,,,,,,,,,,,,,,,,,,,,,,,,,,,,,,,,,,,,,,,,,,,,,,,,,,,,,,,,,,,,,,,
66.5,24.49502249055032,23.271253342118392,20.159746640280655,0.08211230699942422,,,,,,,,,,,,,,,,,,,,,,,,,,,,,,,,,,,,,,,,,,,,,,,,,,,,,,,,,,,,,,,,,,,,,,,,,,,,,,,,,,,,,,,,,,,,,,,,
66.75,24.47839891167639,23.256767150151042,20.145588064177407,0.0833175124753844,,,,,,,,,,,,,,,,,,,,,,,,,,,,,,,,,,,,,,,,,,,,,,,,,,,,,,,,,,,,,,,,,,,,,,,,,,,,,,,,,,,,,,,,,,,,,,,,
67.0,24.461917682791178,23.242374735314023,20.131527557826384,0.08452576055065315,,,,,,,,,,,,,,,,,,,,,,,,,,,,,,,,,,,,,,,,,,,,,,,,,,,,,,,,,,,,,,,,,,,,,,,,,,,,,,,,,,,,,,,,,,,,,,,,
67.25,24.445575663536836,23.22807981688305,20.117563065444468,0.0857400926677892,,,,,,,,,,,,,,,,,,,,,,,,,,,,,,,,,,,,,,,,,,,,,,,,,,,,,,,,,,,,,,,,,,,,,,,,,,,,,,,,,,,,,,,,,,,,,,,,
67.5,24.429369872834954,23.213879043361015,20.103693235417012,0.08695115016733018,,,,,,,,,,,,,,,,,,,,,,,,,,,,,,,,,,,,,,,,,,,,,,,,,,,,,,,,,,,,,,,,,,,,,,,,,,,,,,,,,,,,,,,,,,,,,,,,
67.75,24.413297584135247,23.19976556465179,20.089916885719994,0.08817339170411058,,,,,,,,,,,,,,,,,,,,,,,,,,,,,,,,,,,,,,,,,,,,,,,,,,,,,,,,,,,,,,,,,,,,,,,,,,,,,,,,,,,,,,,,,,,,,,,,
68.0,24.39735624118725,23.185737978528305,20.076232359085793,0.08938811989339635,,,,,,,,,,,,,,,,,,,,,,,,,,,,,,,,,,,,,,,,,,,,,,,,,,,,,,,,,,,,,,,,,,,,,,,,,,,,,,,,,,,,,,,,,,,,,,,,
68.25,24.381543296715293,23.171799680419603,20.062637745227793,0.09061454022002535,,,,,,,,,,,,,,,,,,,,,,,,,,,,,,,,,,,,,,,,,,,,,,,,,,,,,,,,,,,,,,,,,,,,,,,,,,,,,,,,,,,,,,,,,,,,,,,,
68.5,24.365856201225235,23.157950134069335,20.049131522047304,0.09183781090702037,,,,,,,,,,,,,,,,,,,,,,,,,,,,,,,,,,,,,,,,,,,,,,,,,,,,,,,,,,,,,,,,,,,,,,,,,,,,,,,,,,,,,,,,,,,,,,,,
68.75,24.350292520637318,23.144186053915245,20.035712528557426,0.09306522374911892,,,,,,,,,,,,,,,,,,,,,,,,,,,,,,,,,,,,,,,,,,,,,,,,,,,,,,,,,,,,,,,,,,,,,,,,,,,,,,,,,,,,,,,,,,,,,,,,
69.0,24.334849969531646,23.13050442299476,20.022379534522493,0.09429649903598186,,,,,,,,,,,,,,,,,,,,,,,,,,,,,,,,,,,,,,,,,,,,,,,,,,,,,,,,,,,,,,,,,,,,,,,,,,,,,,,,,,,,,,,,,,,,,,,,
69.25,24.319526339118323,23.11690357069486,20.00913108362495,0.09552292511717576,,,,,,,,,,,,,,,,,,,,,,,,,,,,,,,,,,,,,,,,,,,,,,,,,,,,,,,,,,,,,,,,,,,,,,,,,,,,,,,,,,,,,,,,,,,,,,,,
69.5,24.304319433684974,23.103379655333047,19.995965600755476,0.0967625734737824,,,,,,,,,,,,,,,,,,,,,,,,,,,,,,,,,,,,,,,,,,,,,,,,,,,,,,,,,,,,,,,,,,,,,,,,,,,,,,,,,,,,,,,,,,,,,,,,
69.75,24.28922705347157,23.089931553689986,19.982881352684466,0.09799520942066925,,,,,,,,,,,,,,,,,,,,,,,,,,,,,,,,,,,,,,,,,,,,,,,,,,,,,,,,,,,,,,,,,,,,,,,,,,,,,,,,,,,,,,,,,,,,,,,,
70.0,24.274246975512128,23.076561179077206,19.969876575078956,0.09923453304746573,,,,,,,,,,,,,,,,,,,,,,,,,,,,,,,,,,,,,,,,,,,,,,,,,,,,,,,,,,,,,,,,,,,,,,,,,,,,,,,,,,,,,,,,,,,,,,,,
70.25,24.25937698462228,23.063269229110773,19.956949827875786,0.10047570756603519,,,,,,,,,,,,,,,,,,,,,,,,,,,,,,,,,,,,,,,,,,,,,,,,,,,,,,,,,,,,,,,,,,,,,,,,,,,,,,,,,,,,,,,,,,,,,,,,
70.5,24.244614962699792,23.050053245435304,19.94410003824706,0.10171418999881239,,,,,,,,,,,,,,,,,,,,,,,,,,,,,,,,,,,,,,,,,,,,,,,,,,,,,,,,,,,,,,,,,,,,,,,,,,,,,,,,,,,,,,,,,,,,,,,,
70.75,24.229958930555735,23.036907806862885,19.931326155881855,0.1029632371381527,,,,,,,,,,,,,,,,,,,,,,,,,,,,,,,,,,,,,,,,,,,,,,,,,,,,,,,,,,,,,,,,,,,,,,,,,,,,,,,,,,,,,,,,,,,,,,,,
71.0,24.215406986453516,23.02383197003283,19.918626766184353,0.10420561703566503,,,,,,,,,,,,,,,,,,,,,,,,,,,,,,,,,,,,,,,,,,,,,,,,,,,,,,,,,,,,,,,,,,,,,,,,,,,,,,,,,,,,,,,,,,,,,,,,
71.25,24.200957203411438,23.010824593183052,19.90600026580359,0.10545509211906792,,,,,,,,,,,,,,,,,,,,,,,,,,,,,,,,,,,,,,,,,,,,,,,,,,,,,,,,,,,,,,,,,,,,,,,,,,,,,,,,,,,,,,,,,,,,,,,,
71.5,24.186607622205482,22.997884629490887,19.893445112563718,0.10670619808600722,,,,,,,,,,,,,,,,,,,,,,,,,,,,,,,,,,,,,,,,,,,,,,,,,,,,,,,,,,,,,,,,,,,,,,,,,,,,,,,,,,,,,,,,,,,,,,,,
71.75,24.172356291059437,22.98501119717449,19.880959854959055,0.10795101230219419,,,,,,,,,,,,,,,,,,,,,,,,,,,,,,,,,,,,,,,,,,,,,,,,,,,,,,,,,,,,,,,,,,,,,,,,,,,,,,,,,,,,,,,,,,,,,,,,
72.0,24.158201292273613,22.97220758379716,19.868543160348466,0.10921069678102217,,,,,,,,,,,,,,,,,,,,,,,,,,,,,,,,,,,,,,,,,,,,,,,,,,,,,,,,,,,,,,,,,,,,,,,,,,,,,,,,,,,,,,,,,,,,,,,,
72.25,24.14414077429297,22.959472658351295,19.856194079508718,0.1104635493729291,,,,,,,,,,,,,,,,,,,,,,,,,,,,,,,,,,,,,,,,,,,,,,,,,,,,,,,,,,,,,,,,,,,,,,,,,,,,,,,,,,,,,,,,,,,,,,,,
72.5,24.130173021493217,22.946802924693927,19.843911895663727,0.11172051314341101,,,,,,,,,,,,,,,,,,,,,,,,,,,,,,,,,,,,,,,,,,,,,,,,,,,,,,,,,,,,,,,,,,,,,,,,,,,,,,,,,,,,,,,,,,,,,,,,
72.75,24.116296440331922,22.934195215947405,19.831695697360953,0.11298129135532661,,,,,,,,,,,,,,,,,,,,,,,,,,,,,,,,,,,,,,,,,,,,,,,,,,,,,,,,,,,,,,,,,,,,,,,,,,,,,,,,,,,,,,,,,,,,,,,,
73.0,24.102509466041965,22.921648768786223,19.81954426893085,0.11423589740464543,,,,,,,,,,,,,,,,,,,,,,,,,,,,,,,,,,,,,,,,,,,,,,,,,,,,,,,,,,,,,,,,,,,,,,,,,,,,,,,,,,,,,,,,,,,,,,,,
73.25,24.088810500120186,22.909164149718023,19.807456316017408,0.11550149407651394,,,,,,,,,,,,,,,,,,,,,,,,,,,,,,,,,,,,,,,,,,,,,,,,,,,,,,,,,,,,,,,,,,,,,,,,,,,,,,,,,,,,,,,,,,,,,,,,
73.5,24.075197929927064,22.896740801373657,19.795430713508537,0.11676445976465595,,,,,,,,,,,,,,,,,,,,,,,,,,,,,,,,,,,,,,,,,,,,,,,,,,,,,,,,,,,,,,,,,,,,,,,,,,,,,,,,,,,,,,,,,,,,,,,,
73.75,24.061670184984052,22.884378203769675,19.783466500109956,0.11802493489117609,,,,,,,,,,,,,,,,,,,,,,,,,,,,,,,,,,,,,,,,,,,,,,,,,,,,,,,,,,,,,,,,,,,,,,,,,,,,,,,,,,,,,,,,,,,,,,,,
74.0,24.0482257612342,22.872076896516997,19.771562808387188,0.11929584559254383,,,,,,,,,,,,,,,,,,,,,,,,,,,,,,,,,,,,,,,,,,,,,,,,,,,,,,,,,,,,,,,,,,,,,,,,,,,,,,,,,,,,,,,,,,,,,,,,
74.25,24.034863224714496,22.859836004572337,19.759718908637602,0.12056045546896696,,,,,,,,,,,,,,,,,,,,,,,,,,,,,,,,,,,,,,,,,,,,,,,,,,,,,,,,,,,,,,,,,,,,,,,,,,,,,,,,,,,,,,,,,,,,,,,,
74.5,24.021581221861805,22.847652193162187,19.747934130406257,0.12183053784089137,,,,,,,,,,,,,,,,,,,,,,,,,,,,,,,,,,,,,,,,,,,,,,,,,,,,,,,,,,,,,,,,,,,,,,,,,,,,,,,,,,,,,,,,,,,,,,,,
74.75,24.008378457949686,22.835523032653878,19.736207606597716,0.1231029387091212,,,,,,,,,,,,,,,,,,,,,,,,,,,,,,,,,,,,,,,,,,,,,,,,,,,,,,,,,,,,,,,,,,,,,,,,,,,,,,,,,,,,,,,,,,,,,,,,
75.0,23.99525363130355,22.823447919286217,19.72453822493443,0.12436963217983711,,,,,,,,,,,,,,,,,,,,,,,,,,,,,,,,,,,,,,,,,,,,,,,,,,,,,,,,,,,,,,,,,,,,,,,,,,,,,,,,,,,,,,,,,,,,,,,,
75.25,23.98220539686424,22.811425904759417,19.712924828904278,0.12564614901620627,,,,,,,,,,,,,,,,,,,,,,,,,,,,,,,,,,,,,,,,,,,,,,,,,,,,,,,,,,,,,,,,,,,,,,,,,,,,,,,,,,,,,,,,,,,,,,,,
75.5,23.96923238779795,22.79945630759574,19.701366318183037,0.12692112011308188,,,,,,,,,,,,,,,,,,,,,,,,,,,,,,,,,,,,,,,,,,,,,,,,,,,,,,,,,,,,,,,,,,,,,,,,,,,,,,,,,,,,,,,,,,,,,,,,
75.75,23.956333243494164,22.787538540092605,19.689861658377882,0.12819053218964468,,,,,,,,,,,,,,,,,,,,,,,,,,,,,,,,,,,,,,,,,,,,,,,,,,,,,,,,,,,,,,,,,,,,,,,,,,,,,,,,,,,,,,,,,,,,,,,,
76.0,23.943506627144412,22.775673223878776,19.6784098970361,0.1294728694792854,,,,,,,,,,,,,,,,,,,,,,,,,,,,,,,,,,,,,,,,,,,,,,,,,,,,,,,,,,,,,,,,,,,,,,,,,,,,,,,,,,,,,,,,,,,,,,,,
76.25,23.930751242036475,22.763859770353854,19.667010237446384,0.13075029326540005,,,,,,,,,,,,,,,,,,,,,,,,,,,,,,,,,,,,,,,,,,,,,,,,,,,,,,,,,,,,,,,,,,,,,,,,,,,,,,,,,,,,,,,,,,,,,,,,
76.5,23.91806585545647,22.75209747711854,19.655661995389625,0.1320255461884937,,,,,,,,,,,,,,,,,,,,,,,,,,,,,,,,,,,,,,,,,,,,,,,,,,,,,,,,,,,,,,,,,,,,,,,,,,,,,,,,,,,,,,,,,,,,,,,,
76.75,23.905449299074114,22.740385371553806,19.64436450987126,0.13331063398434714,,,,,,,,,,,,,,,,,,,,,,,,,,,,,,,,,,,,,,,,,,,,,,,,,,,,,,,,,,,,,,,,,,,,,,,,,,,,,,,,,,,,,,,,,,,,,,,,
77.0,23.892900452193363,22.728722880507018,19.633117103623498,0.13459023853287155,,,,,,,,,,,,,,,,,,,,,,,,,,,,,,,,,,,,,,,,,,,,,,,,,,,,,,,,,,,,,,,,,,,,,,,,,,,,,,,,,,,,,,,,,,,,,,,,
77.25,23.88041822574519,22.71710987109732,19.621919099423014,0.13587118484182462,,,,,,,,,,,,,,,,,,,,,,,,,,,,,,,,,,,,,,,,,,,,,,,,,,,,,,,,,,,,,,,,,,,,,,,,,,,,,,,,,,,,,,,,,,,,,,,,
77.5,23.86800155935518,22.705546503630828,19.610769875388442,0.13715832353258328,,,,,,,,,,,,,,,,,,,,,,,,,,,,,,,,,,,,,,,,,,,,,,,,,,,,,,,,,,,,,,,,,,,,,,,,,,,,,,,,,,,,,,,,,,,,,,,,
77.75,23.855649432038064,22.694032178351073,19.59966890317989,0.1384399601124311,,,,,,,,,,,,,,,,,,,,,,,,,,,,,,,,,,,,,,,,,,,,,,,,,,,,,,,,,,,,,,,,,,,,,,,,,,,,,,,,,,,,,,,,,,,,,,,,
78.0,23.843360873453527,22.68256507515613,19.58861569232691,0.1397270784859579,,,,,,,,,,,,,,,,,,,,,,,,,,,,,,,,,,,,,,,,,,,,,,,,,,,,,,,,,,,,,,,,,,,,,,,,,,,,,,,,,,,,,,,,,,,,,,,,
78.25,23.831134952908926,22.67114388572183,19.577609656177607,0.14101601258968938,,,,,,,,,,,,,,,,,,,,,,,,,,,,,,,,,,,,,,,,,,,,,,,,,,,,,,,,,,,,,,,,,,,,,,,,,,,,,,,,,,,,,,,,,,,,,,,,
78.5,23.81897074534837,22.65976813700858,19.56665009087684,0.142299785859781,,,,,,,,,,,,,,,,,,,,,,,,,,,,,,,,,,,,,,,,,,,,,,,,,,,,,,,,,,,,,,,,,,,,,,,,,,,,,,,,,,,,,,,,,,,,,,,,
78.75,23.806867312926173,22.64843504420518,19.55573626130884,0.14359122610569058,,,,,,,,,,,,,,,,,,,,,,,,,,,,,,,,,,,,,,,,,,,,,,,,,,,,,,,,,,,,,,,,,,,,,,,,,,,,,,,,,,,,,,,,,,,,,,,,
79.0,23.794823706033455,22.63714336817944,19.544867301343047,0.1448826843611374,,,,,,,,,,,,,,,,,,,,,,,,,,,,,,,,,,,,,,,,,,,,,,,,,,,,,,,,,,,,,,,,,,,,,,,,,,,,,,,,,,,,,,,,,,,,,,,,
79.25,23.78283893995862,22.625892764902954,19.534042226117215,0.14616942298352784,,,,,,,,,,,,,,,,,,,,,,,,,,,,,,,,,,,,,,,,,,,,,,,,,,,,,,,,,,,,,,,,,,,,,,,,,,,,,,,,,,,,,,,,,,,,,,,,
79.5,23.77091199246794,22.614685138084802,19.523260100466107,0.14746239904273212,,,,,,,,,,,,,,,,,,,,,,,,,,,,,,,,,,,,,,,,,,,,,,,,,,,,,,,,,,,,,,,,,,,,,,,,,,,,,,,,,,,,,,,,,,,,,,,,
79.75,23.759041842541208,22.60352133151544,19.5125202552302,0.14875677660302977,,,,,,,,,,,,,,,,,,,,,,,,,,,,,,,,,,,,,,,,,,,,,,,,,,,,,,,,,,,,,,,,,,,,,,,,,,,,,,,,,,,,,,,,,,,,,,,,
80.0,23.747227536422315,22.592400849355148,19.50182230010303,0.150046093328626,,,,,,,,,,,,,,,,,,,,,,,,,,,,,,,,,,,,,,,,,,,,,,,,,,,,,,,,,,,,,,,,,,,,,,,,,,,,,,,,,,,,,,,,,,,,,,,,
80.25,23.73546821810955,22.581321782093614,19.491165928469186,0.15134347498399467,,,,,,,,,,,,,,,,,,,,,,,,,,,,,,,,,,,,,,,,,,,,,,,,,,,,,,,,,,,,,,,,,,,,,,,,,,,,,,,,,,,,,,,,,,,,,,,,
80.5,23.723763102193157,22.57028331406073,19.48055071581718,0.15263984243649253,,,,,,,,,,,,,,,,,,,,,,,,,,,,,,,,,,,,,,,,,,,,,,,,,,,,,,,,,,,,,,,,,,,,,,,,,,,,,,,,,,,,,,,,,,,,,,,,
80.75,23.712111421088583,22.559285060921823,19.469976123191117,0.15393145935202035,,,,,,,,,,,,,,,,,,,,,,,,,,,,,,,,,,,,,,,,,,,,,,,,,,,,,,,,,,,,,,,,,,,,,,,,,,,,,,,,,,,,,,,,,,,,,,,,
81.0,23.70051240285942,22.54832730106759,19.459441602954588,0.15523146981740726,,,,,,,,,,,,,,,,,,,,,,,,,,,,,,,,,,,,,,,,,,,,,,,,,,,,,,,,,,,,,,,,,,,,,,,,,,,,,,,,,,,,,,,,,,,,,,,,
81.25,23.68896528135751,22.53740979670289,19.448946682810707,0.15653011324669294,,,,,,,,,,,,,,,,,,,,,,,,,,,,,,,,,,,,,,,,,,,,,,,,,,,,,,,,,,,,,,,,,,,,,,,,,,,,,,,,,,,,,,,,,,,,,,,,
81.5,23.67746931730272,22.526532140767138,19.438490959961715,0.15782398585350518,,,,,,,,,,,,,,,,,,,,,,,,,,,,,,,,,,,,,,,,,,,,,,,,,,,,,,,,,,,,,,,,,,,,,,,,,,,,,,,,,,,,,,,,,,,,,,,,
81.75,23.666023805480794,22.515691396667926,19.42807403858704,0.15912720173964953,,,,,,,,,,,,,,,,,,,,,,,,,,,,,,,,,,,,,,,,,,,,,,,,,,,,,,,,,,,,,,,,,,,,,,,,,,,,,,,,,,,,,,,,,,,,,,,,
82.0,23.654628058891202,22.504886904154187,19.417695341495325,0.16042808268853903,,,,,,,,,,,,,,,,,,,,,,,,,,,,,,,,,,,,,,,,,,,,,,,,,,,,,,,,,,,,,,,,,,,,,,,,,,,,,,,,,,,,,,,,,,,,,,,,
82.25,23.64328136235631,22.494118377037427,19.407354157134183,0.1617246134750708,,,,,,,,,,,,,,,,,,,,,,,,,,,,,,,,,,,,,,,,,,,,,,,,,,,,,,,,,,,,,,,,,,,,,,,,,,,,,,,,,,,,,,,,,,,,,,,,
82.5,23.63198296552943,22.483385186281,19.397049799316314,0.16302839455618523,,,,,,,,,,,,,,,,,,,,,,,,,,,,,,,,,,,,,,,,,,,,,,,,,,,,,,,,,,,,,,,,,,,,,,,,,,,,,,,,,,,,,,,,,,,,,,,,
82.75,23.620732107428186,22.472686929280805,19.386781622839454,0.1643321199165148,,,,,,,,,,,,,,,,,,,,,,,,,,,,,,,,,,,,,,,,,,,,,,,,,,,,,,,,,,,,,,,,,,,,,,,,,,,,,,,,,,,,,,,,,,,,,,,,
83.0,23.6095280312751,22.46202332754451,19.376549019117462,0.16563160198843546,,,,,,,,,,,,,,,,,,,,,,,,,,,,,,,,,,,,,,,,,,,,,,,,,,,,,,,,,,,,,,,,,,,,,,,,,,,,,,,,,,,,,,,,,,,,,,,,
83.25,23.59836999288551,22.45139575843017,19.366351438368383,0.1669355339563816,,,,,,,,,,,,,,,,,,,,,,,,,,,,,,,,,,,,,,,,,,,,,,,,,,,,,,,,,,,,,,,,,,,,,,,,,,,,,,,,,,,,,,,,,,,,,,,,
83.5,23.587257274932213,22.440805162167788,19.356188507205363,0.16824182765474005,,,,,,,,,,,,,,,,,,,,,,,,,,,,,,,,,,,,,,,,,,,,,,,,,,,,,,,,,,,,,,,,,,,,,,,,,,,,,,,,,,,,,,,,,,,,,,,,
83.75,23.57618922182415,22.43025115567036,19.34606005845027,0.16954357681398477,,,,,,,,,,,,,,,,,,,,,,,,,,,,,,,,,,,,,,,,,,,,,,,,,,,,,,,,,,,,,,,,,,,,,,,,,,,,,,,,,,,,,,,,,,,,,,,,
84.0,23.565165258927795,22.41973096593593,19.335965974446278,0.17085047918793314,,,,,,,,,,,,,,,,,,,,,,,,,,,,,,,,,,,,,,,,,,,,,,,,,,,,,,,,,,,,,,,,,,,,,,,,,,,,,,,,,,,,,,,,,,,,,,,,
84.25,23.5541848630235,22.409242988895066,19.325905926707478,0.17215861787805814,,,,,,,,,,,,,,,,,,,,,,,,,,,,,,,,,,,,,,,,,,,,,,,,,,,,,,,,,,,,,,,,,,,,,,,,,,,,,,,,,,,,,,,,,,,,,,,,
84.5,23.543247493464968,22.398787005690412,19.315879349342186,0.17346275106335585,,,,,,,,,,,,,,,,,,,,,,,,,,,,,,,,,,,,,,,,,,,,,,,,,,,,,,,,,,,,,,,,,,,,,,,,,,,,,,,,,,,,,,,,,,,,,,,,
84.75,23.532352558396965,22.388363415462507,19.305885631557835,0.17476884876365026,,,,,,,,,,,,,,,,,,,,,,,,,,,,,,,,,,,,,,,,,,,,,,,,,,,,,,,,,,,,,,,,,,,,,,,,,,,,,,,,,,,,,,,,,,,,,,,,
85.0,23.521499437312173,22.377972884401405,19.29592426698876,0.17607967914361577,,,,,,,,,,,,,,,,,,,,,,,,,,,,,,,,,,,,,,,,,,,,,,,,,,,,,,,,,,,,,,,,,,,,,,,,,,,,,,,,,,,,,,,,,,,,,,,,
85.25,23.510687522401692,22.367615122232948,19.285994902855194,0.1773863521306644,,,,,,,,,,,,,,,,,,,,,,,,,,,,,,,,,,,,,,,,,,,,,,,,,,,,,,,,,,,,,,,,,,,,,,,,,,,,,,,,,,,,,,,,,,,,,,,,
85.5,23.49991624763719,22.357289363357363,19.276097263401418,0.17869361084779856,,,,,,,,,,,,,,,,,,,,,,,,,,,,,,,,,,,,,,,,,,,,,,,,,,,,,,,,,,,,,,,,,,,,,,,,,,,,,,,,,,,,,,,,,,,,,,,,
85.75,23.489185085719004,22.34699436107484,19.266231043566965,0.180006496140548,,,,,,,,,,,,,,,,,,,,,,,,,,,,,,,,,,,,,,,,,,,,,,,,,,,,,,,,,,,,,,,,,,,,,,,,,,,,,,,,,,,,,,,,,,,,,,,,
86.0,23.478493524412094,22.33672989497085,19.256395845826297,0.1813154708365875,,,,,,,,,,,,,,,,,,,,,,,,,,,,,,,,,,,,,,,,,,,,,,,,,,,,,,,,,,,,,,,,,,,,,,,,,,,,,,,,,,,,,,,,,,,,,,,,
86.25,23.46784104361529,22.326495798724483,19.246591237584376,0.1826223028540517,,,,,,,,,,,,,,,,,,,,,,,,,,,,,,,,,,,,,,,,,,,,,,,,,,,,,,,,,,,,,,,,,,,,,,,,,,,,,,,,,,,,,,,,,,,,,,,,
86.5,23.457227117335744,22.31629226292503,19.236816820271887,0.18393755305116502,,,,,,,,,,,,,,,,,,,,,,,,,,,,,,,,,,,,,,,,,,,,,,,,,,,,,,,,,,,,,,,,,,,,,,,,,,,,,,,,,,,,,,,,,,,,,,,,
86.75,23.446651228026806,22.306119043808323,19.227072261011777,0.18524887572670118,,,,,,,,,,,,,,,,,,,,,,,,,,,,,,,,,,,,,,,,,,,,,,,,,,,,,,,,,,,,,,,,,,,,,,,,,,,,,,,,,,,,,,,,,,,,,,,,
87.0,23.436112879975703,22.295975902039444,19.217357272244115,0.18655630220837774,,,,,,,,,,,,,,,,,,,,,,,,,,,,,,,,,,,,,,,,,,,,,,,,,,,,,,,,,,,,,,,,,,,,,,,,,,,,,,,,,,,,,,,,,,,,,,,,
87.25,23.425611601087702,22.28586124243806,19.207671573588797,0.18787338609502982,,,,,,,,,,,,,,,,,,,,,,,,,,,,,,,,,,,,,,,,,,,,,,,,,,,,,,,,,,,,,,,,,,,,,,,,,,,,,,,,,,,,,,,,,,,,,,,,
87.5,23.415146933075558,22.27577486423925,19.19801479454393,0.18918693172395012,,,,,,,,,,,,,,,,,,,,,,,,,,,,,,,,,,,,,,,,,,,,,,,,,,,,,,,,,,,,,,,,,,,,,,,,,,,,,,,,,,,,,,,,,,,,,,,,
87.75,23.404718407280885,22.26571657525807,19.188386511170062,0.19049680457353865,,,,,,,,,,,,,,,,,,,,,,,,,,,,,,,,,,,,,,,,,,,,,,,,,,,,,,,,,,,,,,,,,,,,,,,,,,,,,,,,,,,,,,,,,,,,,,,,
88.0,23.394325543545175,22.255685260359733,19.178786321191566,0.19181270323439295,,,,,,,,,,,,,,,,,,,,,,,,,,,,,,,,,,,,,,,,,,,,,,,,,,,,,,,,,,,,,,,,,,,,,,,,,,,,,,,,,,,,,,,,,,,,,,,,
88.25,23.38396785985101,22.24568040923996,19.169213789459075,0.19312874855927828,,,,,,,,,,,,,,,,,,,,,,,,,,,,,,,,,,,,,,,,,,,,,,,,,,,,,,,,,,,,,,,,,,,,,,,,,,,,,,,,,,,,,,,,,,,,,,,,
88.5,23.373644865496683,22.235701864971567,19.159668446236925,0.19444132200311798,,,,,,,,,,,,,,,,,,,,,,,,,,,,,,,,,,,,,,,,,,,,,,,,,,,,,,,,,,,,,,,,,,,,,,,,,,,,,,,,,,,,,,,,,,,,,,,,
88.75,23.3633560603333,22.225749580230037,19.150149846916285,0.19575475345356852,,,,,,,,,,,,,,,,,,,,,,,,,,,,,,,,,,,,,,,,,,,,,,,,,,,,,,,,,,,,,,,,,,,,,,,,,,,,,,,,,,,,,,,,,,,,,,,,
89.0,23.353100946667407,22.215823617208752,19.140657602868856,0.19707343404390415,,,,,,,,,,,,,,,,,,,,,,,,,,,,,,,,,,,,,,,,,,,,,,,,,,,,,,,,,,,,,,,,,,,,,,,,,,,,,,,,,,,,,,,,,,,,,,,,
89.25,23.342879042065515,22.20592379992716,19.131191388945417,0.19838862699873763,,,,,,,,,,,,,,,,,,,,,,,,,,,,,,,,,,,,,,,,,,,,,,,,,,,,,,,,,,,,,,,,,,,,,,,,,,,,,,,,,,,,,,,,,,,,,,,,
89.5,23.332689887577445,22.196049950587692,19.12175092243992,0.19970045353469867,,,,,,,,,,,,,,,,,,,,,,,,,,,,,,,,,,,,,,,,,,,,,,,,,,,,,,,,,,,,,,,,,,,,,,,,,,,,,,,,,,,,,,,,,,,,,,,,
89.75,23.322533047770975,22.186201465211806,19.112335939499015,0.20102142698375922,,,,,,,,,,,,,,,,,,,,,,,,,,,,,,,,,,,,,,,,,,,,,,,,,,,,,,,,,,,,,,,,,,,,,,,,,,,,,,,,,,,,,,,,,,,,,,,,
90.0,23.312408105557687,22.176378185719074,19.10294616022495,0.20233900711362882,,,,,,,,,,,,,,,,,,,,,,,,,,,,,,,,,,,,,,,,,,,,,,,,,,,,,,,,,,,,,,,,,,,,,,,,,,,,,,,,,,,,,,,,,,,,,,,,
90.25,23.302314652893656,22.166579951750304,19.09358129852324,0.20365321507310538,,,,,,,,,,,,,,,,,,,,,,,,,,,,,,,,,,,,,,,,,,,,,,,,,,,,,,,,,,,,,,,,,,,,,,,,,,,,,,,,,,,,,,,,,,,,,,,,
90.5,23.292252289288953,22.1568063122638,19.084241084138068,0.20497217884681054,,,,,,,,,,,,,,,,,,,,,,,,,,,,,,,,,,,,,,,,,,,,,,,,,,,,,,,,,,,,,,,,,,,,,,,,,,,,,,,,,,,,,,,,,,,,,,,,
90.75,23.28222062390644,22.14705696488523,19.074925243568003,0.20629208679266367,,,,,,,,,,,,,,,,,,,,,,,,,,,,,,,,,,,,,,,,,,,,,,,,,,,,,,,,,,,,,,,,,,,,,,,,,,,,,,,,,,,,,,,,,,,,,,,,
91.0,23.272219272394015,22.137331762309294,19.06563349559061,0.20760871414418675,,,,,,,,,,,,,,,,,,,,,,,,,,,,,,,,,,,,,,,,,,,,,,,,,,,,,,,,,,,,,,,,,,,,,,,,,,,,,,,,,,,,,,,,,,,,,,,,
91.25,23.26224785525892,22.1276302439938,19.05636556843542,0.20892538906945407,,,,,,,,,,,,,,,,,,,,,,,,,,,,,,,,,,,,,,,,,,,,,,,,,,,,,,,,,,,,,,,,,,,,,,,,,,,,,,,,,,,,,,,,,,,,,,,,
91.5,23.252305999560825,22.117951452237552,19.04712118279356,0.21024758586081863,,,,,,,,,,,,,,,,,,,,,,,,,,,,,,,,,,,,,,,,,,,,,,,,,,,,,,,,,,,,,,,,,,,,,,,,,,,,,,,,,,,,,,,,,,,,,,,,
91.75,23.242393333861024,22.108295272930572,19.037900004110007,0.21156668530363018,,,,,,,,,,,,,,,,,,,,,,,,,,,,,,,,,,,,,,,,,,,,,,,,,,,,,,,,,,,,,,,,,,,,,,,,,,,,,,,,,,,,,,,,,,,,,,,,
92.0,23.232509477251956,22.0986615855695,19.028701681705535,0.2128827029496658,,,,,,,,,,,,,,,,,,,,,,,,,,,,,,,,,,,,,,,,,,,,,,,,,,,,,,,,,,,,,,,,,,,,,,,,,,,,,,,,,,,,,,,,,,,,,,,,
92.25,23.22265404360588,22.089051003779407,19.01952590121918,0.21420458838072803,,,,,,,,,,,,,,,,,,,,,,,,,,,,,,,,,,,,,,,,,,,,,,,,,,,,,,,,,,,,,,,,,,,,,,,,,,,,,,,,,,,,,,,,,,,,,,,,
92.5,23.21282665525186,22.07946360843154,19.010372437504916,0.21552609075102722,,,,,,,,,,,,,,,,,,,,,,,,,,,,,,,,,,,,,,,,,,,,,,,,,,,,,,,,,,,,,,,,,,,,,,,,,,,,,,,,,,,,,,,,,,,,,,,,
92.75,23.20302696129828,22.069899248833995,19.001241143187755,0.21684440487122592,,,,,,,,,,,,,,,,,,,,,,,,,,,,,,,,,,,,,,,,,,,,,,,,,,,,,,,,,,,,,,,,,,,,,,,,,,,,,,,,,,,,,,,,,,,,,,,,
93.0,23.193254642880845,22.060357297699827,18.99213189002401,0.21816444985550487,,,,,,,,,,,,,,,,,,,,,,,,,,,,,,,,,,,,,,,,,,,,,,,,,,,,,,,,,,,,,,,,,,,,,,,,,,,,,,,,,,,,,,,,,,,,,,,,
93.25,23.183509403503972,22.05083698988653,18.98304451025193,0.21948791314005323,,,,,,,,,,,,,,,,,,,,,,,,,,,,,,,,,,,,,,,,,,,,,,,,,,,,,,,,,,,,,,,,,,,,,,,,,,,,,,,,,,,,,,,,,,,,,,,,
93.5,23.173790951129064,22.041338213451212,18.97397876535687,0.2208083745081041,,,,,,,,,,,,,,,,,,,,,,,,,,,,,,,,,,,,,,,,,,,,,,,,,,,,,,,,,,,,,,,,,,,,,,,,,,,,,,,,,,,,,,,,,,,,,,,,
93.75,23.164098984167094,22.031860852008673,18.96493439384545,0.222125849486074,,,,,,,,,,,,,,,,,,,,,,,,,,,,,,,,,,,,,,,,,,,,,,,,,,,,,,,,,,,,,,,,,,,,,,,,,,,,,,,,,,,,,,,,,,,,,,,,
94.0,23.15443319465649,22.022403798982563,18.955911147434215,0.2234510557103583,,,,,,,,,,,,,,,,,,,,,,,,,,,,,,,,,,,,,,,,,,,,,,,,,,,,,,,,,,,,,,,,,,,,,,,,,,,,,,,,,,,,,,,,,,,,,,,,
94.25,23.14479327302251,22.012966930108085,18.94690872765141,0.2247738174198405,,,,,,,,,,,,,,,,,,,,,,,,,,,,,,,,,,,,,,,,,,,,,,,,,,,,,,,,,,,,,,,,,,,,,,,,,,,,,,,,,,,,,,,,,,,,,,,,
94.5,23.135178897902342,22.003550151473178,18.937926808431573,0.226093755964131,,,,,,,,,,,,,,,,,,,,,,,,,,,,,,,,,,,,,,,,,,,,,,,,,,,,,,,,,,,,,,,,,,,,,,,,,,,,,,,,,,,,,,,,,,,,,,,,
94.75,23.125589738494103,21.994153436880165,18.92896509298576,0.22741484369742834,,,,,,,,,,,,,,,,,,,,,,,,,,,,,,,,,,,,,,,,,,,,,,,,,,,,,,,,,,,,,,,,,,,,,,,,,,,,,,,,,,,,,,,,,,,,,,,,
95.0,23.116025466117797,21.984776807078017,18.92002332497834,0.2287399499862048,,,,,,,,,,,,,,,,,,,,,,,,,,,,,,,,,,,,,,,,,,,,,,,,,,,,,,,,,,,,,,,,,,,,,,,,,,,,,,,,,,,,,,,,,,,,,,,,
95.25,23.106485762920663,21.975420157107603,18.911101289358633,0.23006222395710882,,,,,,,,,,,,,,,,,,,,,,,,,,,,,,,,,,,,,,,,,,,,,,,,,,,,,,,,,,,,,,,,,,,,,,,,,,,,,,,,,,,,,,,,,,,,,,,,
95.5,23.096970326695835,21.966083382322893,18.902198799036338,0.2313816804112715,,,,,,,,,,,,,,,,,,,,,,,,,,,,,,,,,,,,,,,,,,,,,,,,,,,,,,,,,,,,,,,,,,,,,,,,,,,,,,,,,,,,,,,,,,,,,,,,
95.75,23.087478870847182,21.956766031343385,18.893315680581463,0.2327072332615694,,,,,,,,,,,,,,,,,,,,,,,,,,,,,,,,,,,,,,,,,,,,,,,,,,,,,,,,,,,,,,,,,,,,,,,,,,,,,,,,,,,,,,,,,,,,,,,,
96.0,23.07801112100135,21.947467948149175,18.884451746389814,0.23403162158441446,,,,,,,,,,,,,,,,,,,,,,,,,,,,,,,,,,,,,,,,,,,,,,,,,,,,,,,,,,,,,,,,,,,,,,,,,,,,,,,,,,,,,,,,,,,,,,,,
96.25,23.068566807781476,21.938189038156175,18.875606798361172,0.23535327114278537,,,,,,,,,,,,,,,,,,,,,,,,,,,,,,,,,,,,,,,,,,,,,,,,,,,,,,,,,,,,,,,,,,,,,,,,,,,,,,,,,,,,,,,,,,,,,,,,
96.5,23.059145664920166,21.92892925872127,18.86678064914611,0.23667528835670573,,,,,,,,,,,,,,,,,,,,,,,,,,,,,,,,,,,,,,,,,,,,,,,,,,,,,,,,,,,,,,,,,,,,,,,,,,,,,,,,,,,,,,,,,,,,,,,,
96.75,23.049747432327795,21.91968863344333,18.85797313117604,0.23800168211642225,,,,,,,,,,,,,,,,,,,,,,,,,,,,,,,,,,,,,,,,,,,,,,,,,,,,,,,,,,,,,,,,,,,,,,,,,,,,,,,,,,,,,,,,,,,,,,,,
97.0,23.0403718597012,21.91046706117415,18.849184101597118,0.2393253321872149,,,,,,,,,,,,,,,,,,,,,,,,,,,,,,,,,,,,,,,,,,,,,,,,,,,,,,,,,,,,,,,,,,,,,,,,,,,,,,,,,,,,,,,,,,,,,,,,
97.25,23.03101870922254,21.90126444170606,18.840413433316314,0.24064625305780357,,,,,,,,,,,,,,,,,,,,,,,,,,,,,,,,,,,,,,,,,,,,,,,,,,,,,,,,,,,,,,,,,,,,,,,,,,,,,,,,,,,,,,,,,,,,,,,,
97.5,23.021687754910566,21.8920798797732,18.831661000803916,0.2419727866812011,,,,,,,,,,,,,,,,,,,,,,,,,,,,,,,,,,,,,,,,,,,,,,,,,,,,,,,,,,,,,,,,,,,,,,,,,,,,,,,,,,,,,,,,,,,,,,,,
97.75,23.012378777342512,21.882913149271456,18.822926623419654,0.24329829360158067,,,,,,,,,,,,,,,,,,,,,,,,,,,,,,,,,,,,,,,,,,,,,,,,,,,,,,,,,,,,,,,,,,,,,,,,,,,,,,,,,,,,,,,,,,,,,,,,
98.0,23.003091549337345,21.87376417354421,18.81421007752207,0.2446212271074064,,,,,,,,,,,,,,,,,,,,,,,,,,,,,,,,,,,,,,,,,,,,,,,,,,,,,,,,,,,,,,,,,,,,,,,,,,,,,,,,,,,,,,,,,,,,,,,,
98.25,22.993825833295478,21.86463277730971,18.80551114733313,0.24594395090091925,,,,,,,,,,,,,,,,,,,,,,,,,,,,,,,,,,,,,,,,,,,,,,,,,,,,,,,,,,,,,,,,,,,,,,,,,,,,,,,,,,,,,,,,,,,,,,,,
98.5,22.984581388802884,21.85551858756453,18.796829630572407,0.24727139347443955,,,,,,,,,,,,,,,,,,,,,,,,,,,,,,,,,,,,,,,,,,,,,,,,,,,,,,,,,,,,,,,,,,,,,,,,,,,,,,,,,,,,,,,,,,,,,,,,
98.75,22.97535797656317,21.846421533518054,18.788165319378994,0.24859633471893197,,,,,,,,,,,,,,,,,,,,,,,,,,,,,,,,,,,,,,,,,,,,,,,,,,,,,,,,,,,,,,,,,,,,,,,,,,,,,,,,,,,,,,,,,,,,,,,,
99.0,22.966155357123945,21.83734154169804,18.77951801078857,0.24991878492531763,,,,,,,,,,,,,,,,,,,,,,,,,,,,,,,,,,,,,,,,,,,,,,,,,,,,,,,,,,,,,,,,,,,,,,,,,,,,,,,,,,,,,,,,,,,,,,,,
99.25,22.956973293275833,21.828278607929025,18.770887522184648,0.25124457011718226,,,,,,,,,,,,,,,,,,,,,,,,,,,,,,,,,,,,,,,,,,,,,,,,,,,,,,,,,,,,,,,,,,,,,,,,,,,,,,,,,,,,,,,,,,,,,,,,
99.5,22.947811554344742,21.819232697204715,18.762273695375043,0.25257137442550587,,,,,,,,,,,,,,,,,,,,,,,,,,,,,,,,,,,,,,,,,,,,,,,,,,,,,,,,,,,,,,,,,,,,,,,,,,,,,,,,,,,,,,,,,,,,,,,,
99.75,22.938669919532273,21.810203730918783,18.753676394107817,0.25389568657735656,,,,,,,,,,,,,,,,,,,,,,,,,,,,,,,,,,,,,,,,,,,,,,,,,,,,,,,,,,,,,,,,,,,,,,,,,,,,,,,,,,,,,,,,,,,,,,,,
100.0,22.92954817913782,21.80119151517132,18.745095495004527,0.25521831708616194,,,,,,,,,,,,,,,,,,,,,,,,,,,,,,,,,,,,,,,,,,,,,,,,,,,,,,,,,,,,,,,,,,,,,,,,,,,,,,,,,,,,,,,,,,,,,,,,
100.25,22.920446133160123,21.792194787537955,18.73653086743512,0.25654673951473633,,,,,,,,,,,,,,,,,,,,,,,,,,,,,,,,,,,,,,,,,,,,,,,,,,,,,,,,,,,,,,,,,,,,,,,,,,,,,,,,,,,,,,,,,,,,,,,,
100.5,22.911363583304002,21.78321350467157,18.727982294750436,0.2578728789577802,,,,,,,,,,,,,,,,,,,,,,,,,,,,,,,,,,,,,,,,,,,,,,,,,,,,,,,,,,,,,,,,,,,,,,,,,,,,,,,,,,,,,,,,,,,,,,,,
100.75,22.902300313798307,21.774247615291948,18.719449514166833,0.25919674180476493,,,,,,,,,,,,,,,,,,,,,,,,,,,,,,,,,,,,,,,,,,,,,,,,,,,,,,,,,,,,,,,,,,,,,,,,,,,,,,,,,,,,,,,,,,,,,,,,
101.0,22.89325609277366,21.765296952570573,18.710932286997128,0.2605210299107355,,,,,,,,,,,,,,,,,,,,,,,,,,,,,,,,,,,,,,,,,,,,,,,,,,,,,,,,,,,,,,,,,,,,,,,,,,,,,,,,,,,,,,,,,,,,,,,,
101.25,22.88423068477636,21.756361210558726,18.70243039633133,0.2618491410350848,,,,,,,,,,,,,,,,,,,,,,,,,,,,,,,,,,,,,,,,,,,,,,,,,,,,,,,,,,,,,,,,,,,,,,,,,,,,,,,,,,,,,,,,,,,,,,,,
101.5,22.875223856123505,21.74744034077393,18.6939436283189,0.2631750382049008,,,,,,,,,,,,,,,,,,,,,,,,,,,,,,,,,,,,,,,,,,,,,,,,,,,,,,,,,,,,,,,,,,,,,,,,,,,,,,,,,,,,,,,,,,,,,,,,
101.75,22.86623537467085,21.73853429182841,18.685471780890037,0.2644987286140773,,,,,,,,,,,,,,,,,,,,,,,,,,,,,,,,,,,,,,,,,,,,,,,,,,,,,,,,,,,,,,,,,,,,,,,,,,,,,,,,,,,,,,,,,,,,,,,,
102.0,22.857265012416867,21.729643258386684,18.677014676783976,0.2658244807838951,,,,,,,,,,,,,,,,,,,,,,,,,,,,,,,,,,,,,,,,,,,,,,,,,,,,,,,,,,,,,,,,,,,,,,,,,,,,,,,,,,,,,,,,,,,,,,,,
102.25,22.848312550129442,21.72076742481113,18.668572179683746,0.2671522272989665,,,,,,,,,,,,,,,,,,,,,,,,,,,,,,,,,,,,,,,,,,,,,,,,,,,,,,,,,,,,,,,,,,,,,,,,,,,,,,,,,,,,,,,,,,,,,,,,
102.5,22.839377783903153,21.711906724743947,18.660144199836026,0.26847770393512305,,,,,,,,,,,,,,,,,,,,,,,,,,,,,,,,,,,,,,,,,,,,,,,,,,,,,,,,,,,,,,,,,,,,,,,,,,,,,,,,,,,,,,,,,,,,,,,,
102.75,22.83046052914624,21.70306109338348,18.651730668907224,0.2698009206019369,,,,,,,,,,,,,,,,,,,,,,,,,,,,,,,,,,,,,,,,,,,,,,,,,,,,,,,,,,,,,,,,,,,,,,,,,,,,,,,,,,,,,,,,,,,,,,,,
103.0,22.821560617480486,21.69423013047989,18.6433315190928,0.2711292652240655,,,,,,,,,,,,,,,,,,,,,,,,,,,,,,,,,,,,,,,,,,,,,,,,,,,,,,,,,,,,,,,,,,,,,,,,,,,,,,,,,,,,,,,,,,,,,,,,
103.25,22.812677890491987,21.685413742761792,18.63494665728943,0.27245624838327565,,,,,,,,,,,,,,,,,,,,,,,,,,,,,,,,,,,,,,,,,,,,,,,,,,,,,,,,,,,,,,,,,,,,,,,,,,,,,,,,,,,,,,,,,,,,,,,,
103.5,22.803812191301525,21.676611874256068,18.626575972232576,0.27378104140468346,,,,,,,,,,,,,,,,,,,,,,,,,,,,,,,,,,,,,,,,,,,,,,,,,,,,,,,,,,,,,,,,,,,,,,,,,,,,,,,,,,,,,,,,,,,,,,,,
103.75,22.7949633624866,21.667824158028385,18.618219354227975,0.2751058123918994,,,,,,,,,,,,,,,,,,,,,,,,,,,,,,,,,,,,,,,,,,,,,,,,,,,,,,,,,,,,,,,,,,,,,,,,,,,,,,,,,,,,,,,,,,,,,,,,
104.0,22.78613124741893,21.65904971584654,18.60987667407287,0.2764342442357787,,,,,,,,,,,,,,,,,,,,,,,,,,,,,,,,,,,,,,,,,,,,,,,,,,,,,,,,,,,,,,,,,,,,,,,,,,,,,,,,,,,,,,,,,,,,,,,,
104.25,22.77731568419776,21.65028851759855,18.601547735172026,0.27776066945305206,,,,,,,,,,,,,,,,,,,,,,,,,,,,,,,,,,,,,,,,,,,,,,,,,,,,,,,,,,,,,,,,,,,,,,,,,,,,,,,,,,,,,,,,,,,,,,,,
104.5,22.768516494036337,21.641540527036415,18.593232314556886,0.2790850925957229,,,,,,,,,,,,,,,,,,,,,,,,,,,,,,,,,,,,,,,,,,,,,,,,,,,,,,,,,,,,,,,,,,,,,,,,,,,,,,,,,,,,,,,,,,,,,,,,
104.75,22.75973348541415,21.632805709453855,18.584930213429335,0.2804105602837249,,,,,,,,,,,,,,,,,,,,,,,,,,,,,,,,,,,,,,,,,,,,,,,,,,,,,,,,,,,,,,,,,,,,,,,,,,,,,,,,,,,,,,,,,,,,,,,,
105.0,22.75096646504801,21.624084030515487,18.57664126104407,0.28173867405313546,,,,,,,,,,,,,,,,,,,,,,,,,,,,,,,,,,,,,,,,,,,,,,,,,,,,,,,,,,,,,,,,,,,,,,,,,,,,,,,,,,,,,,,,,,,,,,,,
105.25,22.74221524449892,21.61537544831977,18.56836531044236,0.2830647901146262,,,,,,,,,,,,,,,,,,,,,,,,,,,,,,,,,,,,,,,,,,,,,,,,,,,,,,,,,,,,,,,,,,,,,,,,,,,,,,,,,,,,,,,,,,,,,,,,
105.5,22.73347964306861,21.606679920086926,18.56010223342174,0.2843889148392531,,,,,,,,,,,,,,,,,,,,,,,,,,,,,,,,,,,,,,,,,,,,,,,,,,,,,,,,,,,,,,,,,,,,,,,,,,,,,,,,,,,,,,,,,,,,,,,,
105.75,22.724759488641137,21.597997191030025,18.551851915175398,0.28571559712301026,,,,,,,,,,,,,,,,,,,,,,,,,,,,,,,,,,,,,,,,,,,,,,,,,,,,,,,,,,,,,,,,,,,,,,,,,,,,,,,,,,,,,,,,,,,,,,,,
106.0,22.716054616735555,21.58932708888894,18.54361423626349,0.2870432044119817,,,,,,,,,,,,,,,,,,,,,,,,,,,,,,,,,,,,,,,,,,,,,,,,,,,,,,,,,,,,,,,,,,,,,,,,,,,,,,,,,,,,,,,,,,,,,,,,
106.25,22.70736486629429,21.58066957645193,18.535389067390884,0.28836888101932495,,,,,,,,,,,,,,,,,,,,,,,,,,,,,,,,,,,,,,,,,,,,,,,,,,,,,,,,,,,,,,,,,,,,,,,,,,,,,,,,,,,,,,,,,,,,,,,,
106.5,22.698690077256146,21.572024614827622,18.527176284134708,0.28969263263479234,,,,,,,,,,,,,,,,,,,,,,,,,,,,,,,,,,,,,,,,,,,,,,,,,,,,,,,,,,,,,,,,,,,,,,,,,,,,,,,,,,,,,,,,,,,,,,,,
106.75,22.690030092364665,21.56339188484696,18.5189757733165,0.29102024470943455,,,,,,,,,,,,,,,,,,,,,,,,,,,,,,,,,,,,,,,,,,,,,,,,,,,,,,,,,,,,,,,,,,,,,,,,,,,,,,,,,,,,,,,,,,,,,,,,
107.0,22.681384758388674,21.55477128632838,18.51078741278686,0.2923473597450895,,,,,,,,,,,,,,,,,,,,,,,,,,,,,,,,,,,,,,,,,,,,,,,,,,,,,,,,,,,,,,,,,,,,,,,,,,,,,,,,,,,,,,,,,,,,,,,,
107.25,22.672753922667596,21.546162785083446,18.502611072812204,0.2936726098034122,,,,,,,,,,,,,,,,,,,,,,,,,,,,,,,,,,,,,,,,,,,,,,,,,,,,,,,,,,,,,,,,,,,,,,,,,,,,,,,,,,,,,,,,,,,,,,,,
107.5,22.66413743253813,21.537566345473422,18.4944466328577,0.29499600014021143,,,,,,,,,,,,,,,,,,,,,,,,,,,,,,,,,,,,,,,,,,,,,,,,,,,,,,,,,,,,,,,,,,,,,,,,,,,,,,,,,,,,,,,,,,,,,,,,
107.75,22.6555351382063,21.52898159678684,18.486293983979408,0.2963243088692097,,,,,,,,,,,,,,,,,,,,,,,,,,,,,,,,,,,,,,,,,,,,,,,,,,,,,,,,,,,,,,,,,,,,,,,,,,,,,,,,,,,,,,,,,,,,,,,,
108.0,22.64694689369207,21.520408503514666,18.478153004495287,0.29765094168112166,,,,,,,,,,,,,,,,,,,,,,,,,,,,,,,,,,,,,,,,,,,,,,,,,,,,,,,,,,,,,,,,,,,,,,,,,,,,,,,,,,,,,,,,,,,,,,,,
108.25,22.63837255263668,21.511847034169854,18.470023566922638,0.2989757733389452,,,,,,,,,,,,,,,,,,,,,,,,,,,,,,,,,,,,,,,,,,,,,,,,,,,,,,,,,,,,,,,,,,,,,,,,,,,,,,,,,,,,,,,,,,,,,,,,
108.5,22.629811968618544,21.50329707071659,18.46190555582578,0.30029970517773547,,,,,,,,,,,,,,,,,,,,,,,,,,,,,,,,,,,,,,,,,,,,,,,,,,,,,,,,,,,,,,,,,,,,,,,,,,,,,,,,,,,,,,,,,,,,,,,,
108.75,22.621264998185985,21.49475803539742,18.45379885994905,0.30162761038020447,,,,,,,,,,,,,,,,,,,,,,,,,,,,,,,,,,,,,,,,,,,,,,,,,,,,,,,,,,,,,,,,,,,,,,,,,,,,,,,,,,,,,,,,,,,,,,,,
109.0,22.612731499346825,21.48622990850848,18.445703335408847,0.30295381832090235,,,,,,,,,,,,,,,,,,,,,,,,,,,,,,,,,,,,,,,,,,,,,,,,,,,,,,,,,,,,,,,,,,,,,,,,,,,,,,,,,,,,,,,,,,,,,,,,
109.25,22.60421132396246,21.477712666312534,18.43761882423388,0.3042783320600597,,,,,,,,,,,,,,,,,,,,,,,,,,,,,,,,,,,,,,,,,,,,,,,,,,,,,,,,,,,,,,,,,,,,,,,,,,,,,,,,,,,,,,,,,,,,,,,,
109.5,22.59570431911079,21.469206233699516,18.42954518557383,0.3056021230664348,,,,,,,,,,,,,,,,,,,,,,,,,,,,,,,,,,,,,,,,,,,,,,,,,,,,,,,,,,,,,,,,,,,,,,,,,,,,,,,,,,,,,,,,,,,,,,,,
109.75,22.587210333090972,21.460710307566483,18.421482292656027,0.3069296623436051,,,,,,,,,,,,,,,,,,,,,,,,,,,,,,,,,,,,,,,,,,,,,,,,,,,,,,,,,,,,,,,,,,,,,,,,,,,,,,,,,,,,,,,,,,,,,,,,
110.0,22.578729217235544,21.452224867560066,18.413430012186616,0.3082555619481324,,,,,,,,,,,,,,,,,,,,,,,,,,,,,,,,,,,,,,,,,,,,,,,,,,,,,,,,,,,,,,,,,,,,,,,,,,,,,,,,,,,,,,,,,,,,,,,,
110.25,22.570260823175353,21.44374989079185,18.40538821208447,0.30957982505642434,,,,,,,,,,,,,,,,,,,,,,,,,,,,,,,,,,,,,,,,,,,,,,,,,,,,,,,,,,,,,,,,,,,,,,,,,,,,,,,,,,,,,,,,,,,,,,,,
110.5,22.561805003932317,21.435285387172573,18.397356776073398,0.310903362554404,,,,,,,,,,,,,,,,,,,,,,,,,,,,,,,,,,,,,,,,,,,,,,,,,,,,,,,,,,,,,,,,,,,,,,,,,,,,,,,,,,,,,,,,,,,,,,,,
110.75,22.553361617240046,21.42683152714939,18.389335606839342,0.3122305017002205,,,,,,,,,,,,,,,,,,,,,,,,,,,,,,,,,,,,,,,,,,,,,,,,,,,,,,,,,,,,,,,,,,,,,,,,,,,,,,,,,,,,,,,,,,,,,,,,
111.0,22.544930528603977,21.41838827973399,18.381324635739613,0.3135559720496538,,,,,,,,,,,,,,,,,,,,,,,,,,,,,,,,,,,,,,,,,,,,,,,,,,,,,,,,,,,,,,,,,,,,,,,,,,,,,,,,,,,,,,,,,,,,,,,,
111.25,22.53651161483692,21.409955614606915,18.373323812737635,0.3148797784613226,,,,,,,,,,,,,,,,,,,,,,,,,,,,,,,,,,,,,,,,,,,,,,,,,,,,,,,,,,,,,,,,,,,,,,,,,,,,,,,,,,,,,,,,,,,,,,,,
111.5,22.528104763493655,21.40153337914926,18.36533309175597,0.3162040561586317,,,,,,,,,,,,,,,,,,,,,,,,,,,,,,,,,,,,,,,,,,,,,,,,,,,,,,,,,,,,,,,,,,,,,,,,,,,,,,,,,,,,,,,,,,,,,,,,
111.75,22.519709869700417,21.393121330072958,18.35735241837243,0.3175304620358006,,,,,,,,,,,,,,,,,,,,,,,,,,,,,,,,,,,,,,,,,,,,,,,,,,,,,,,,,,,,,,,,,,,,,,,,,,,,,,,,,,,,,,,,,,,,,,,,
112.0,22.51132683149739,21.384719443897374,18.349381718217764,0.31885526367426575,,,,,,,,,,,,,,,,,,,,,,,,,,,,,,,,,,,,,,,,,,,,,,,,,,,,,,,,,,,,,,,,,,,,,,,,,,,,,,,,,,,,,,,,,,,,,,,,
112.25,22.502955545482607,21.37632769547393,18.341420910337153,0.3201784647719589,,,,,,,,,,,,,,,,,,,,,,,,,,,,,,,,,,,,,,,,,,,,,,,,,,,,,,,,,,,,,,,,,,,,,,,,,,,,,,,,,,,,,,,,,,,,,,,,
112.5,22.494595907565422,21.367945726117384,18.333469918871693,0.3215032163278139,,,,,,,,,,,,,,,,,,,,,,,,,,,,,,,,,,,,,,,,,,,,,,,,,,,,,,,,,,,,,,,,,,,,,,,,,,,,,,,,,,,,,,,,,,,,,,,,
112.75,22.48624781427341,21.35957325289498,18.325528649842646,0.32282892644312433,,,,,,,,,,,,,,,,,,,,,,,,,,,,,,,,,,,,,,,,,,,,,,,,,,,,,,,,,,,,,,,,,,,,,,,,,,,,,,,,,,,,,,,,,,,,,,,,
113.0,22.47791115807485,21.35121026045949,18.317596981469997,0.3241531346296457,,,,,,,,,,,,,,,,,,,,,,,,,,,,,,,,,,,,,,,,,,,,,,,,,,,,,,,,,,,,,,,,,,,,,,,,,,,,,,,,,,,,,,,,,,,,,,,,
113.25,22.469585824106886,21.342856730832715,18.30967479038332,0.3254758433147278,,,,,,,,,,,,,,,,,,,,,,,,,,,,,,,,,,,,,,,,,,,,,,,,,,,,,,,,,,,,,,,,,,,,,,,,,,,,,,,,,,,,,,,,,,,,,,,,
113.5,22.461271693999382,21.33451259805421,18.301761968355382,0.326800384618186,,,,,,,,,,,,,,,,,,,,,,,,,,,,,,,,,,,,,,,,,,,,,,,,,,,,,,,,,,,,,,,,,,,,,,,,,,,,,,,,,,,,,,,,,,,,,,,,
113.75,22.452968650681804,21.326177813909187,18.293858418837452,0.32812551163891684,,,,,,,,,,,,,,,,,,,,,,,,,,,,,,,,,,,,,,,,,,,,,,,,,,,,,,,,,,,,,,,,,,,,,,,,,,,,,,,,,,,,,,,,,,,,,,,,
114.0,22.444676580234596,21.31785235887286,18.285964053594,0.3294491540084371,,,,,,,,,,,,,,,,,,,,,,,,,,,,,,,,,,,,,,,,,,,,,,,,,,,,,,,,,,,,,,,,,,,,,,,,,,,,,,,,,,,,,,,,,,,,,,,,
114.25,22.436395372517882,21.309536212573768,18.278078793832307,0.33077131482746663,,,,,,,,,,,,,,,,,,,,,,,,,,,,,,,,,,,,,,,,,,,,,,,,,,,,,,,,,,,,,,,,,,,,,,,,,,,,,,,,,,,,,,,,,,,,,,,,
114.5,22.428124921908257,21.30122908663138,18.270202568682343,0.3320960086266784,,,,,,,,,,,,,,,,,,,,,,,,,,,,,,,,,,,,,,,,,,,,,,,,,,,,,,,,,,,,,,,,,,,,,,,,,,,,,,,,,,,,,,,,,,,,,,,,
114.75,22.419865126690553,21.292930889077304,18.262335295052708,0.3334204138466585,,,,,,,,,,,,,,,,,,,,,,,,,,,,,,,,,,,,,,,,,,,,,,,,,,,,,,,,,,,,,,,,,,,,,,,,,,,,,,,,,,,,,,,,,,,,,,,,
115.0,22.411615884685094,21.28464160403336,18.254476878579535,0.3347433956135494,,,,,,,,,,,,,,,,,,,,,,,,,,,,,,,,,,,,,,,,,,,,,,,,,,,,,,,,,,,,,,,,,,,,,,,,,,,,,,,,,,,,,,,,,,,,,,,,
115.25,22.403377092063998,21.276361214253523,18.246627230622707,0.3360649564588093,,,,,,,,,,,,,,,,,,,,,,,,,,,,,,,,,,,,,,,,,,,,,,,,,,,,,,,,,,,,,,,,,,,,,,,,,,,,,,,,,,,,,,,,,,,,,,,,
115.5,22.395148645936484,21.26808866265364,18.238786267529765,0.3373896332976323,,,,,,,,,,,,,,,,,,,,,,,,,,,,,,,,,,,,,,,,,,,,,,,,,,,,,,,,,,,,,,,,,,,,,,,,,,,,,,,,,,,,,,,,,,,,,,,,
115.75,22.386930442419153,21.259823865694482,18.230953838353713,0.3387134366806619,,,,,,,,,,,,,,,,,,,,,,,,,,,,,,,,,,,,,,,,,,,,,,,,,,,,,,,,,,,,,,,,,,,,,,,,,,,,,,,,,,,,,,,,,,,,,,,,
116.0,22.37872236134038,21.251566822086833,18.22312974669809,0.3400359991382643,,,,,,,,,,,,,,,,,,,,,,,,,,,,,,,,,,,,,,,,,,,,,,,,,,,,,,,,,,,,,,,,,,,,,,,,,,,,,,,,,,,,,,,,,,,,,,,,
116.25,22.370524265877897,21.243317527346257,18.215313813877575,0.341357320876745,,,,,,,,,,,,,,,,,,,,,,,,,,,,,,,,,,,,,,,,,,,,,,,,,,,,,,,,,,,,,,,,,,,,,,,,,,,,,,,,,,,,,,,,,,,,,,,,
116.5,22.362336013675638,21.235076492615768,18.20750589289897,0.3426800568774404,,,,,,,,,,,,,,,,,,,,,,,,,,,,,,,,,,,,,,,,,,,,,,,,,,,,,,,,,,,,,,,,,,,,,,,,,,,,,,,,,,,,,,,,,,,,,,,,
116.75,22.35415746689113,21.226844092190753,18.199705902275806,0.3440034882557178,,,,,,,,,,,,,,,,,,,,,,,,,,,,,,,,,,,,,,,,,,,,,,,,,,,,,,,,,,,,,,,,,,,,,,,,,,,,,,,,,,,,,,,,,,,,,,,,
117.0,22.34598850549549,21.21862030072942,18.191913833143772,0.345325533047096,,,,,,,,,,,,,,,,,,,,,,,,,,,,,,,,,,,,,,,,,,,,,,,,,,,,,,,,,,,,,,,,,,,,,,,,,,,,,,,,,,,,,,,,,,,,,,,,
117.25,22.337829034353962,21.210405095383567,18.184129702968097,0.34664619532122437,,,,,,,,,,,,,,,,,,,,,,,,,,,,,,,,,,,,,,,,,,,,,,,,,,,,,,,,,,,,,,,,,,,,,,,,,,,,,,,,,,,,,,,,,,,,,,,,
117.5,22.329678977641816,21.20219738217577,18.176353518974693,0.3479695753964182,,,,,,,,,,,,,,,,,,,,,,,,,,,,,,,,,,,,,,,,,,,,,,,,,,,,,,,,,,,,,,,,,,,,,,,,,,,,,,,,,,,,,,,,,,,,,,,,
117.75,22.321538266395347,21.193997074673945,18.1685852012235,0.34929208285140934,,,,,,,,,,,,,,,,,,,,,,,,,,,,,,,,,,,,,,,,,,,,,,,,,,,,,,,,,,,,,,,,,,,,,,,,,,,,,,,,,,,,,,,,,,,,,,,,
118.0,22.313406816775174,21.185804169549634,18.16082460842127,0.35061339702623656,,,,,,,,,,,,,,,,,,,,,,,,,,,,,,,,,,,,,,,,,,,,,,,,,,,,,,,,,,,,,,,,,,,,,,,,,,,,,,,,,,,,,,,,,,,,,,,,
118.25,22.305284526954637,21.17761866079569,18.15307160614168,0.35193351845721454,,,,,,,,,,,,,,,,,,,,,,,,,,,,,,,,,,,,,,,,,,,,,,,,,,,,,,,,,,,,,,,,,,,,,,,,,,,,,,,,,,,,,,,,,,,,,,,,
118.5,22.297171287399554,21.169440303675255,18.145326079031502,0.35325571469205314,,,,,,,,,,,,,,,,,,,,,,,,,,,,,,,,,,,,,,,,,,,,,,,,,,,,,,,,,,,,,,,,,,,,,,,,,,,,,,,,,,,,,,,,,,,,,,,,
118.75,22.289066987616252,21.161269027449844,18.13758791233703,0.35457767847103616,,,,,,,,,,,,,,,,,,,,,,,,,,,,,,,,,,,,,,,,,,,,,,,,,,,,,,,,,,,,,,,,,,,,,,,,,,,,,,,,,,,,,,,,,,,,,,,,
119.0,22.280971515966087,21.153104827369024,18.12985699054176,0.3558984976819101,,,,,,,,,,,,,,,,,,,,,,,,,,,,,,,,,,,,,,,,,,,,,,,,,,,,,,,,,,,,,,,,,,,,,,,,,,,,,,,,,,,,,,,,,,,,,,,,
119.25,22.272884760273573,21.14494769706431,18.122133210432562,0.3572181730925432,,,,,,,,,,,,,,,,,,,,,,,,,,,,,,,,,,,,,,,,,,,,,,,,,,,,,,,,,,,,,,,,,,,,,,,,,,,,,,,,,,,,,,,,,,,,,,,,
119.5,22.264806610808385,21.136797530907995,18.11441648371818,0.3585391519910649,,,,,,,,,,,,,,,,,,,,,,,,,,,,,,,,,,,,,,,,,,,,,,,,,,,,,,,,,,,,,,,,,,,,,,,,,,,,,,,,,,,,,,,,,,,,,,,,
119.75,22.25673696216021,21.128654262419,18.106706727814636,0.35986050513728324,,,,,,,,,,,,,,,,,,,,,,,,,,,,,,,,,,,,,,,,,,,,,,,,,,,,,,,,,,,,,,,,,,,,,,,,,,,,,,,,,,,,,,,,,,,,,,,,
120.0,22.248675712431982,21.120517885279966,18.09900386199721,0.3611807399928749,,,,,,,,,,,,,,,,,,,,,,,,,,,,,,,,,,,,,,,,,,,,,,,,,,,,,,,,,,,,,,,,,,,,,,,,,,,,,,,,,,,,,,,,,,,,,,,,
120.25,22.240622762550583,21.112388392042043,18.091307812894794,0.36249985758204845,,,,,,,,,,,,,,,,,,,,,,,,,,,,,,,,,,,,,,,,,,,,,,,,,,,,,,,,,,,,,,,,,,,,,,,,,,,,,,,,,,,,,,,,,,,,,,,,
120.5,22.232578017159895,21.10426550955626,18.08361851552924,0.36381996191568,,,,,,,,,,,,,,,,,,,,,,,,,,,,,,,,,,,,,,,,,,,,,,,,,,,,,,,,,,,,,,,,,,,,,,,,,,,,,,,,,,,,,,,,,,,,,,,,
120.75,22.224541384514175,21.09614903265504,18.075935892867587,0.36514059554772704,,,,,,,,,,,,,,,,,,,,,,,,,,,,,,,,,,,,,,,,,,,,,,,,,,,,,,,,,,,,,,,,,,,,,,,,,,,,,,,,,,,,,,,,,,,,,,,,
121.0,22.216512771919398,21.088038959805672,18.068259848041254,0.36646018774769407,,,,,,,,,,,,,,,,,,,,,,,,,,,,,,,,,,,,,,,,,,,,,,,,,,,,,,,,,,,,,,,,,,,,,,,,,,,,,,,,,,,,,,,,,,,,,,,,
121.25,22.208492082736328,21.079935287320666,18.060590284626024,0.36777873876477096,,,,,,,,,,,,,,,,,,,,,,,,,,,,,,,,,,,,,,,,,,,,,,,,,,,,,,,,,,,,,,,,,,,,,,,,,,,,,,,,,,,,,,,,,,,,,,,,
121.5,22.200479219094102,21.071837999676575,18.052927119383817,0.3690975602247982,,,,,,,,,,,,,,,,,,,,,,,,,,,,,,,,,,,,,,,,,,,,,,,,,,,,,,,,,,,,,,,,,,,,,,,,,,,,,,,,,,,,,,,,,,,,,,,,
121.75,22.192474085521066,21.063747073864572,18.045270281103868,0.37041749646600214,,,,,,,,,,,,,,,,,,,,,,,,,,,,,,,,,,,,,,,,,,,,,,,,,,,,,,,,,,,,,,,,,,,,,,,,,,,,,,,,,,,,,,,,,,,,,,,,
122.0,22.184476590640468,21.05566250400166,18.03761970742867,0.37173639566701394,,,,,,,,,,,,,,,,,,,,,,,,,,,,,,,,,,,,,,,,,,,,,,,,,,,,,,,,,,,,,,,,,,,,,,,,,,,,,,,,,,,,,,,,,,,,,,,,
122.25,22.176486647596768,21.047584283514905,18.02997534391763,0.3730542587868193,,,,,,,,,,,,,,,,,,,,,,,,,,,,,,,,,,,,,,,,,,,,,,,,,,,,,,,,,,,,,,,,,,,,,,,,,,,,,,,,,,,,,,,,,,,,,,,,
122.5,22.16850417425261,21.039512266318745,18.022337142686684,0.3743724509413799,,,,,,,,,,,,,,,,,,,,,,,,,,,,,,,,,,,,,,,,,,,,,,,,,,,,,,,,,,,,,,,,,,,,,,,,,,,,,,,,,,,,,,,,,,,,,,,,
122.75,22.16052909267712,21.031446258267263,18.014705050599446,0.37569149136342384,,,,,,,,,,,,,,,,,,,,,,,,,,,,,,,,,,,,,,,,,,,,,,,,,,,,,,,,,,,,,,,,,,,,,,,,,,,,,,,,,,,,,,,,,,,,,,,,
123.0,22.1525613260781,21.02338625703897,18.007078999199106,0.3770095498370232,,,,,,,,,,,,,,,,,,,,,,,,,,,,,,,,,,,,,,,,,,,,,,,,,,,,,,,,,,,,,,,,,,,,,,,,,,,,,,,,,,,,,,,,,,,,,,,,
123.25,22.14460079570784,21.01533225860158,17.999458917511856,0.37832662674153006,,,,,,,,,,,,,,,,,,,,,,,,,,,,,,,,,,,,,,,,,,,,,,,,,,,,,,,,,,,,,,,,,,,,,,,,,,,,,,,,,,,,,,,,,,,,,,,,
123.5,22.136647422154674,21.007284045657233,17.991844742349993,0.37964408034694214,,,,,,,,,,,,,,,,,,,,,,,,,,,,,,,,,,,,,,,,,,,,,,,,,,,,,,,,,,,,,,,,,,,,,,,,,,,,,,,,,,,,,,,,,,,,,,,,
123.75,22.128701127135432,20.999241363234702,17.984236402595787,0.38096220997809455,,,,,,,,,,,,,,,,,,,,,,,,,,,,,,,,,,,,,,,,,,,,,,,,,,,,,,,,,,,,,,,,,,,,,,,,,,,,,,,,,,,,,,,,,,,,,,,,
124.0,22.120761830645108,20.99120421298853,17.976633806387284,0.3822794338249778,,,,,,,,,,,,,,,,,,,,,,,,,,,,,,,,,,,,,,,,,,,,,,,,,,,,,,,,,,,,,,,,,,,,,,,,,,,,,,,,,,,,,,,,,,,,,,,,
124.25,22.11282944770417,20.983172594246458,17.96903685956307,0.3835957516166119,,,,,,,,,,,,,,,,,,,,,,,,,,,,,,,,,,,,,,,,,,,,,,,,,,,,,,,,,,,,,,,,,,,,,,,,,,,,,,,,,,,,,,,,,,,,,,,,
124.5,22.104903890830183,20.97514635547147,17.961445480205807,0.38491212676654324,,,,,,,,,,,,,,,,,,,,,,,,,,,,,,,,,,,,,,,,,,,,,,,,,,,,,,,,,,,,,,,,,,,,,,,,,,,,,,,,,,,,,,,,,,,,,,,,
124.75,22.0969850734307,20.96712522175532,17.953859586907498,0.3862293920439351,,,,,,,,,,,,,,,,,,,,,,,,,,,,,,,,,,,,,,,,,,,,,,,,,,,,,,,,,,,,,,,,,,,,,,,,,,,,,,,,,,,,,,,,,,,,,,,,
125.0,22.08907290857091,20.95910919684076,17.946279081953918,0.38754581947972544,,,,,,,,,,,,,,,,,,,,,,,,,,,,,,,,,,,,,,,,,,,,,,,,,,,,,,,,,,,,,,,,,,,,,,,,,,,,,,,,,,,,,,,,,,,,,,,,
125.25,22.081167305668103,20.951098282025598,17.938703865948426,0.38886140845965506,,,,,,,,,,,,,,,,,,,,,,,,,,,,,,,,,,,,,,,,,,,,,,,,,,,,,,,,,,,,,,,,,,,,,,,,,,,,,,,,,,,,,,,,,,,,,,,,
125.5,22.07326817241811,20.94309243139928,17.931133853310133,0.3901764394353018,,,,,,,,,,,,,,,,,,,,,,,,,,,,,,,,,,,,,,,,,,,,,,,,,,,,,,,,,,,,,,,,,,,,,,,,,,,,,,,,,,,,,,,,,,,,,,,,
125.75,22.065375418418437,20.935091283204635,17.923568967031223,0.39149285047646154,,,,,,,,,,,,,,,,,,,,,,,,,,,,,,,,,,,,,,,,,,,,,,,,,,,,,,,,,,,,,,,,,,,,,,,,,,,,,,,,,,,,,,,,,,,,,,,,
126.0,22.057488955094414,20.927094843114443,17.916009112850332,0.39280848829148135,,,,,,,,,,,,,,,,,,,,,,,,,,,,,,,,,,,,,,,,,,,,,,,,,,,,,,,,,,,,,,,,,,,,,,,,,,,,,,,,,,,,,,,,,,,,,,,,
126.25,22.049608690933667,20.91910311404291,17.908454189977554,0.3941233519475801,,,,,,,,,,,,,,,,,,,,,,,,,,,,,,,,,,,,,,,,,,,,,,,,,,,,,,,,,,,,,,,,,,,,,,,,,,,,,,,,,,,,,,,,,,,,,,,,
126.5,22.041734532312947,20.911116097575167,17.90090411125139,0.3954374409655715,,,,,,,,,,,,,,,,,,,,,,,,,,,,,,,,,,,,,,,,,,,,,,,,,,,,,,,,,,,,,,,,,,,,,,,,,,,,,,,,,,,,,,,,,,,,,,,,
126.75,22.033866387488157,20.903133753251385,17.893358803754968,0.3967524090551922,,,,,,,,,,,,,,,,,,,,,,,,,,,,,,,,,,,,,,,,,,,,,,,,,,,,,,,,,,,,,,,,,,,,,,,,,,,,,,,,,,,,,,,,,,,,,,,,
127.0,22.026004168777217,20.895156067018345,17.885818203493418,0.3980671987728636,,,,,,,,,,,,,,,,,,,,,,,,,,,,,,,,,,,,,,,,,,,,,,,,,,,,,,,,,,,,,,,,,,,,,,,,,,,,,,,,,,,,,,,,,,,,,,,,
127.25,22.018147792770463,20.88718303888472,17.87828225320883,0.3993812212460311,,,,,,,,,,,,,,,,,,,,,,,,,,,,,,,,,,,,,,,,,,,,,,,,,,,,,,,,,,,,,,,,,,,,,,,,,,,,,,,,,,,,,,,,,,,,,,,,
127.5,22.01029718029413,20.879214668152784,17.870750903361312,0.4006944764732656,,,,,,,,,,,,,,,,,,,,,,,,,,,,,,,,,,,,,,,,,,,,,,,,,,,,,,,,,,,,,,,,,,,,,,,,,,,,,,,,,,,,,,,,,,,,,,,,
127.75,22.002452256680836,20.871250707591884,17.863224110336322,0.40200841499981255,,,,,,,,,,,,,,,,,,,,,,,,,,,,,,,,,,,,,,,,,,,,,,,,,,,,,,,,,,,,,,,,,,,,,,,,,,,,,,,,,,,,,,,,,,,,,,,,
128.0,21.994612950892613,20.863291067273323,17.855701817922178,0.40332217331741604,,,,,,,,,,,,,,,,,,,,,,,,,,,,,,,,,,,,,,,,,,,,,,,,,,,,,,,,,,,,,,,,,,,,,,,,,,,,,,,,,,,,,,,,,,,,,,,,
128.25,21.986779191234874,20.855335749841327,17.848183956841055,0.40463521895515814,,,,,,,,,,,,,,,,,,,,,,,,,,,,,,,,,,,,,,,,,,,,,,,,,,,,,,,,,,,,,,,,,,,,,,,,,,,,,,,,,,,,,,,,,,,,,,,,
128.5,21.97895090383043,20.84738475656086,17.840670461206916,0.4059475514768399,,,,,,,,,,,,,,,,,,,,,,,,,,,,,,,,,,,,,,,,,,,,,,,,,,,,,,,,,,,,,,,,,,,,,,,,,,,,,,,,,,,,,,,,,,,,,,,,
128.75,21.97112801498657,20.83943770509005,17.833161272747397,0.4072604048071503,,,,,,,,,,,,,,,,,,,,,,,,,,,,,,,,,,,,,,,,,,,,,,,,,,,,,,,,,,,,,,,,,,,,,,,,,,,,,,,,,,,,,,,,,,,,,,,,
129.0,21.963310451999565,20.831494443042104,17.82565631303312,0.40857312037603,,,,,,,,,,,,,,,,,,,,,,,,,,,,,,,,,,,,,,,,,,,,,,,,,,,,,,,,,,,,,,,,,,,,,,,,,,,,,,,,,,,,,,,,,,,,,,,,
129.25,21.955498137744847,20.823554977198732,17.818155481820966,0.4098852099977377,,,,,,,,,,,,,,,,,,,,,,,,,,,,,,,,,,,,,,,,,,,,,,,,,,,,,,,,,,,,,,,,,,,,,,,,,,,,,,,,,,,,,,,,,,,,,,,,
129.5,21.947690988806762,20.815619312224264,17.810658683046938,0.4111966725520526,,,,,,,,,,,,,,,,,,,,,,,,,,,,,,,,,,,,,,,,,,,,,,,,,,,,,,,,,,,,,,,,,,,,,,,,,,,,,,,,,,,,,,,,,,,,,,,,
129.75,21.93988891961934,20.807687424217892,17.803165835629063,0.4125079557777548,,,,,,,,,,,,,,,,,,,,,,,,,,,,,,,,,,,,,,,,,,,,,,,,,,,,,,,,,,,,,,,,,,,,,,,,,,,,,,,,,,,,,,,,,,,,,,,,
130.0,21.932091846498352,20.799759252450187,17.79567687019252,0.41381966093097017,,,,,,,,,,,,,,,,,,,,,,,,,,,,,,,,,,,,,,,,,,,,,,,,,,,,,,,,,,,,,,,,,,,,,,,,,,,,,,,,,,,,,,,,,,,,,,,,
130.25,21.924299689050866,20.79183480022441,17.788191722886566,0.41513075152565865,,,,,,,,,,,,,,,,,,,,,,,,,,,,,,,,,,,,,,,,,,,,,,,,,,,,,,,,,,,,,,,,,,,,,,,,,,,,,,,,,,,,,,,,,,,,,,,,
130.5,21.91651236996762,20.78391406983225,17.780710336541386,0.4164412270155558,,,,,,,,,,,,,,,,,,,,,,,,,,,,,,,,,,,,,,,,,,,,,,,,,,,,,,,,,,,,,,,,,,,,,,,,,,,,,,,,,,,,,,,,,,,,,,,,
130.75,21.908729815456145,20.77599686718109,17.773232661698515,0.41775157077724717,,,,,,,,,,,,,,,,,,,,,,,,,,,,,,,,,,,,,,,,,,,,,,,,,,,,,,,,,,,,,,,,,,,,,,,,,,,,,,,,,,,,,,,,,,,,,,,,
131.0,21.900951955115925,20.768082890449055,17.765758640371473,0.4190620885108191,,,,,,,,,,,,,,,,,,,,,,,,,,,,,,,,,,,,,,,,,,,,,,,,,,,,,,,,,,,,,,,,,,,,,,,,,,,,,,,,,,,,,,,,,,,,,,,,
131.25,21.893178717897005,20.76017214783366,17.758288189278677,0.42037207226485196,,,,,,,,,,,,,,,,,,,,,,,,,,,,,,,,,,,,,,,,,,,,,,,,,,,,,,,,,,,,,,,,,,,,,,,,,,,,,,,,,,,,,,,,,,,,,,,,
131.5,21.885410027406337,20.752264645016297,17.75082121904061,0.42168152068242876,,,,,,,,,,,,,,,,,,,,,,,,,,,,,,,,,,,,,,,,,,,,,,,,,,,,,,,,,,,,,,,,,,,,,,,,,,,,,,,,,,,,,,,,,,,,,,,,
131.75,21.877645803937334,20.74436035864248,17.74335765274025,0.4229905244607221,,,,,,,,,,,,,,,,,,,,,,,,,,,,,,,,,,,,,,,,,,,,,,,,,,,,,,,,,,,,,,,,,,,,,,,,,,,,,,,,,,,,,,,,,,,,,,,,
132.0,21.869885968670836,20.736459021768102,17.735897423129973,0.424299889197395,,,,,,,,,,,,,,,,,,,,,,,,,,,,,,,,,,,,,,,,,,,,,,,,,,,,,,,,,,,,,,,,,,,,,,,,,,,,,,,,,,,,,,,,,,,,,,,,
132.25,21.8621304445922,20.72856064218863,17.728440452667023,0.4256087653421357,,,,,,,,,,,,,,,,,,,,,,,,,,,,,,,,,,,,,,,,,,,,,,,,,,,,,,,,,,,,,,,,,,,,,,,,,,,,,,,,,,,,,,,,,,,,,,,,
132.5,21.854379153302233,20.720665225545073,17.720986660664785,0.426917151603605,,,,,,,,,,,,,,,,,,,,,,,,,,,,,,,,,,,,,,,,,,,,,,,,,,,,,,,,,,,,,,,,,,,,,,,,,,,,,,,,,,,,,,,,,,,,,,,,
132.75,21.846632015695295,20.71277277639857,17.713535977963254,0.42822504704735564,,,,,,,,,,,,,,,,,,,,,,,,,,,,,,,,,,,,,,,,,,,,,,,,,,,,,,,,,,,,,,,,,,,,,,,,,,,,,,,,,,,,,,,,,,,,,,,,
133.0,21.8388889549058,20.70488298099325,17.70608834542352,0.4295331158410327,,,,,,,,,,,,,,,,,,,,,,,,,,,,,,,,,,,,,,,,,,,,,,,,,,,,,,,,,,,,,,,,,,,,,,,,,,,,,,,,,,,,,,,,,,,,,,,,
133.25,21.831149896709103,20.696995818569075,17.698643690073695,0.4308408059941837,,,,,,,,,,,,,,,,,,,,,,,,,,,,,,,,,,,,,,,,,,,,,,,,,,,,,,,,,,,,,,,,,,,,,,,,,,,,,,,,,,,,,,,,,,,,,,,,
133.5,21.823414765120408,20.689111295744066,17.691201930172717,0.4321480597452053,,,,,,,,,,,,,,,,,,,,,,,,,,,,,,,,,,,,,,,,,,,,,,,,,,,,,,,,,,,,,,,,,,,,,,,,,,,,,,,,,,,,,,,,,,,,,,,,
133.75,21.815683482191623,20.681229417868746,17.683762993510275,0.43345487599719673,,,,,,,,,,,,,,,,,,,,,,,,,,,,,,,,,,,,,,,,,,,,,,,,,,,,,,,,,,,,,,,,,,,,,,,,,,,,,,,,,,,,,,,,,,,,,,,,
134.0,21.807955971210102,20.673349936330364,17.67632681859555,0.43476159511255735,,,,,,,,,,,,,,,,,,,,,,,,,,,,,,,,,,,,,,,,,,,,,,,,,,,,,,,,,,,,,,,,,,,,,,,,,,,,,,,,,,,,,,,,,,,,,,,,
134.25,21.80023215787807,20.665472766575903,17.668893335098794,0.43606804176016517,,,,,,,,,,,,,,,,,,,,,,,,,,,,,,,,,,,,,,,,,,,,,,,,,,,,,,,,,,,,,,,,,,,,,,,,,,,,,,,,,,,,,,,,,,,,,,,,
134.5,21.792511966956862,20.657597916137426,17.66146246268787,0.43737410510560554,,,,,,,,,,,,,,,,,,,,,,,,,,,,,,,,,,,,,,,,,,,,,,,,,,,,,,,,,,,,,,,,,,,,,,,,,,,,,,,,,,,,,,,,,,,,,,,,
134.75,21.784795321197958,20.64972539103865,17.654034127148087,0.43867978390003465,,,,,,,,,,,,,,,,,,,,,,,,,,,,,,,,,,,,,,,,,,,,,,,,,,,,,,,,,,,,,,,,,,,,,,,,,,,,,,,,,,,,,,,,,,,,,,,,
135.0,21.77708214396067,20.641855005216645,17.646608265206666,0.43998518736955616,,,,,,,,,,,,,,,,,,,,,,,,,,,,,,,,,,,,,,,,,,,,,,,,,,,,,,,,,,,,,,,,,,,,,,,,,,,,,,,,,,,,,,,,,,,,,,,,
135.25,21.769372360897474,20.6339866053585,17.639184809357896,0.44129032885974817,,,,,,,,,,,,,,,,,,,,,,,,,,,,,,,,,,,,,,,,,,,,,,,,,,,,,,,,,,,,,,,,,,,,,,,,,,,,,,,,,,,,,,,,,,,,,,,,
135.5,21.76166589750857,20.62612019991576,17.631763680276023,0.4425951410187112,,,,,,,,,,,,,,,,,,,,,,,,,,,,,,,,,,,,,,,,,,,,,,,,,,,,,,,,,,,,,,,,,,,,,,,,,,,,,,,,,,,,,,,,,,,,,,,,
135.75,21.75396267710413,20.618255795562185,17.624344801070972,0.44389962244493136,,,,,,,,,,,,,,,,,,,,,,,,,,,,,,,,,,,,,,,,,,,,,,,,,,,,,,,,,,,,,,,,,,,,,,,,,,,,,,,,,,,,,,,,,,,,,,,,
136.0,21.74626262285612,20.610393229023032,17.616928105841964,0.4452037409022774,,,,,,,,,,,,,,,,,,,,,,,,,,,,,,,,,,,,,,,,,,,,,,,,,,,,,,,,,,,,,,,,,,,,,,,,,,,,,,,,,,,,,,,,,,,,,,,,
136.25,21.738565659891332,20.602532322093527,17.609513526472075,0.44650752035574653,,,,,,,,,,,,,,,,,,,,,,,,,,,,,,,,,,,,,,,,,,,,,,,,,,,,,,,,,,,,,,,,,,,,,,,,,,,,,,,,,,,,,,,,,,,,,,,,
136.5,21.730871713360944,20.59467308381875,17.602100982675584,0.4478110246109138,,,,,,,,,,,,,,,,,,,,,,,,,,,,,,,,,,,,,,,,,,,,,,,,,,,,,,,,,,,,,,,,,,,,,,,,,,,,,,,,,,,,,,,,,,,,,,,,
136.75,21.723180706142934,20.586815521353902,17.59469039552978,0.44911425216791395,,,,,,,,,,,,,,,,,,,,,,,,,,,,,,,,,,,,,,,,,,,,,,,,,,,,,,,,,,,,,,,,,,,,,,,,,,,,,,,,,,,,,,,,,,,,,,,,
137.0,21.71549256073644,20.57895958555215,17.587281697964993,0.45041715131125504,,,,,,,,,,,,,,,,,,,,,,,,,,,,,,,,,,,,,,,,,,,,,,,,,,,,,,,,,,,,,,,,,,,,,,,,,,,,,,,,,,,,,,,,,,,,,,,,
137.25,21.70780720195277,20.57110497135078,17.579874828745247,0.45171949611995277,,,,,,,,,,,,,,,,,,,,,,,,,,,,,,,,,,,,,,,,,,,,,,,,,,,,,,,,,,,,,,,,,,,,,,,,,,,,,,,,,,,,,,,,,,,,,,,,
137.5,21.700124556329808,20.56325168892674,17.57246971070518,0.4530216218357956,,,,,,,,,,,,,,,,,,,,,,,,,,,,,,,,,,,,,,,,,,,,,,,,,,,,,,,,,,,,,,,,,,,,,,,,,,,,,,,,,,,,,,,,,,,,,,,,
137.75,21.692444547886467,20.555399746087375,17.565066260943947,0.45432352677166626,,,,,,,,,,,,,,,,,,,,,,,,,,,,,,,,,,,,,,,,,,,,,,,,,,,,,,,,,,,,,,,,,,,,,,,,,,,,,,,,,,,,,,,,,,,,,,,,
138.0,21.68476709890191,20.547549149491665,17.557664408323348,0.4556252096332748,,,,,,,,,,,,,,,,,,,,,,,,,,,,,,,,,,,,,,,,,,,,,,,,,,,,,,,,,,,,,,,,,,,,,,,,,,,,,,,,,,,,,,,,,,,,,,,,
138.25,21.677092133382747,20.539699582579882,17.55026409231815,0.4569260919649669,,,,,,,,,,,,,,,,,,,,,,,,,,,,,,,,,,,,,,,,,,,,,,,,,,,,,,,,,,,,,,,,,,,,,,,,,,,,,,,,,,,,,,,,,,,,,,,,
138.5,21.669419577776544,20.53185103819988,17.542865238828938,0.45822677270151146,,,,,,,,,,,,,,,,,,,,,,,,,,,,,,,,,,,,,,,,,,,,,,,,,,,,,,,,,,,,,,,,,,,,,,,,,,,,,,,,,,,,,,,,,,,,,,,,
138.75,21.661749356706625,20.524003524411224,17.535467766054637,0.4595272840035631,,,,,,,,,,,,,,,,,,,,,,,,,,,,,,,,,,,,,,,,,,,,,,,,,,,,,,,,,,,,,,,,,,,,,,,,,,,,,,,,,,,,,,,,,,,,,,,,
139.0,21.654081393017464,20.516157048054424,17.528071602633837,0.4608276245356436,,,,,,,,,,,,,,,,,,,,,,,,,,,,,,,,,,,,,,,,,,,,,,,,,,,,,,,,,,,,,,,,,,,,,,,,,,,,,,,,,,,,,,,,,,,,,,,,
139.25,21.64641561103488,20.508311346788012,17.520676687996897,0.4621272480658021,,,,,,,,,,,,,,,,,,,,,,,,,,,,,,,,,,,,,,,,,,,,,,,,,,,,,,,,,,,,,,,,,,,,,,,,,,,,,,,,,,,,,,,,,,,,,,,,
139.5,21.63875193759076,20.500466263600813,17.51328295118945,0.4634264051882828,,,,,,,,,,,,,,,,,,,,,,,,,,,,,,,,,,,,,,,,,,,,,,,,,,,,,,,,,,,,,,,,,,,,,,,,,,,,,,,,,,,,,,,,,,,,,,,,
139.75,21.63109029806165,20.492621808359058,17.505890305057747,0.4647254599640154,,,,,,,,,,,,,,,,,,,,,,,,,,,,,,,,,,,,,,,,,,,,,,,,,,,,,,,,,,,,,,,,,,,,,,,,,,,,,,,,,,,,,,,,,,,,,,,,
140.0,21.623430614125734,20.48477798898899,17.498498665332455,0.4660244107592665,,,,,,,,,,,,,,,,,,,,,,,,,,,,,,,,,,,,,,,,,,,,,,,,,,,,,,,,,,,,,,,,,,,,,,,,,,,,,,,,,,,,,,,,,,,,,,,,
140.25,21.61577280655356,20.476934658540966,17.491107960198597,0.4673226308990819,,,,,,,,,,,,,,,,,,,,,,,,,,,,,,,,,,,,,,,,,,,,,,,,,,,,,,,,,,,,,,,,,,,,,,,,,,,,,,,,,,,,,,,,,,,,,,,,
140.5,21.60811679791816,20.469091693404486,17.483718118310104,0.4686202336907971,,,,,,,,,,,,,,,,,,,,,,,,,,,,,,,,,,,,,,,,,,,,,,,,,,,,,,,,,,,,,,,,,,,,,,,,,,,,,,,,,,,,,,,,,,,,,,,,
140.75,21.60046251139663,20.461249102363396,17.47632906183063,0.46991777604526747,,,,,,,,,,,,,,,,,,,,,,,,,,,,,,,,,,,,,,,,,,,,,,,,,,,,,,,,,,,,,,,,,,,,,,,,,,,,,,,,,,,,,,,,,,,,,,,,
141.0,21.592809869410974,20.45340689260858,17.46894071730932,0.47121525650929164,,,,,,,,,,,,,,,,,,,,,,,,,,,,,,,,,,,,,,,,,,,,,,,,,,,,,,,,,,,,,,,,,,,,,,,,,,,,,,,,,,,,,,,,,,,,,,,,
141.25,21.585158795366272,20.445564996675763,17.4615530225632,0.4725123804606938,,,,,,,,,,,,,,,,,,,,,,,,,,,,,,,,,,,,,,,,,,,,,,,,,,,,,,,,,,,,,,,,,,,,,,,,,,,,,,,,,,,,,,,,,,,,,,,,
141.5,21.57750921559311,20.437723131953437,17.454165919090702,0.47380830153653125,,,,,,,,,,,,,,,,,,,,,,,,,,,,,,,,,,,,,,,,,,,,,,,,,,,,,,,,,,,,,,,,,,,,,,,,,,,,,,,,,,,,,,,,,,,,,,,,
141.75,21.569861058138724,20.429881308333552,17.446779332458807,0.4751042174546451,,,,,,,,,,,,,,,,,,,,,,,,,,,,,,,,,,,,,,,,,,,,,,,,,,,,,,,,,,,,,,,,,,,,,,,,,,,,,,,,,,,,,,,,,,,,,,,,
142.0,21.562214248662634,20.422039533459138,17.439393183118543,0.4764001265803299,,,,,,,,,,,,,,,,,,,,,,,,,,,,,,,,,,,,,,,,,,,,,,,,,,,,,,,,,,,,,,,,,,,,,,,,,,,,,,,,,,,,,,,,,,,,,,,,
142.25,21.554568711297954,20.414197813874043,17.432007402830173,0.4776960276505288,,,,,,,,,,,,,,,,,,,,,,,,,,,,,,,,,,,,,,,,,,,,,,,,,,,,,,,,,,,,,,,,,,,,,,,,,,,,,,,,,,,,,,,,,,,,,,,,
142.5,21.546924371963396,20.40635577232706,17.424621933060518,0.47899042149180043,,,,,,,,,,,,,,,,,,,,,,,,,,,,,,,,,,,,,,,,,,,,,,,,,,,,,,,,,,,,,,,,,,,,,,,,,,,,,,,,,,,,,,,,,,,,,,,,
142.75,21.539281158719252,20.398513360896963,17.417236696514642,0.48028463952475536,,,,,,,,,,,,,,,,,,,,,,,,,,,,,,,,,,,,,,,,,,,,,,,,,,,,,,,,,,,,,,,,,,,,,,,,,,,,,,,,,,,,,,,,,,,,,,,,
143.0,21.53163899635162,20.39067058839512,17.409851601961506,0.4815789186016864,,,,,,,,,,,,,,,,,,,,,,,,,,,,,,,,,,,,,,,,,,,,,,,,,,,,,,,,,,,,,,,,,,,,,,,,,,,,,,,,,,,,,,,,,,,,,,,,
143.25,21.5239978057897,20.382827462083597,17.40246656720791,0.4828732572684016,,,,,,,,,,,,,,,,,,,,,,,,,,,,,,,,,,,,,,,,,,,,,,,,,,,,,,,,,,,,,,,,,,,,,,,,,,,,,,,,,,,,,,,,,,,,,,,,
143.5,21.51635750801842,20.374983786634424,17.395081522788722,0.48416632484046346,,,,,,,,,,,,,,,,,,,,,,,,,,,,,,,,,,,,,,,,,,,,,,,,,,,,,,,,,,,,,,,,,,,,,,,,,,,,,,,,,,,,,,,,,,,,,,,,
143.75,21.5087180262324,20.367139466275873,17.387696395866787,0.48545879648337714,,,,,,,,,,,,,,,,,,,,,,,,,,,,,,,,,,,,,,,,,,,,,,,,,,,,,,,,,,,,,,,,,,,,,,,,,,,,,,,,,,,,,,,,,,,,,,,,
144.0,21.501079283648487,20.359294509097616,17.38031110647235,0.4867513743937018,,,,,,,,,,,,,,,,,,,,,,,,,,,,,,,,,,,,,,,,,,,,,,,,,,,,,,,,,,,,,,,,,,,,,,,,,,,,,,,,,,,,,,,,,,,,,,,,
144.25,21.49344120240718,20.351448921678124,17.3729255805275,0.488044057238431,,,,,,,,,,,,,,,,,,,,,,,,,,,,,,,,,,,,,,,,,,,,,,,,,,,,,,,,,,,,,,,,,,,,,,,,,,,,,,,,,,,,,,,,,,,,,,,,
144.5,21.485803705704438,20.34360252323115,17.365539754806008,0.48933609377130005,,,,,,,,,,,,,,,,,,,,,,,,,,,,,,,,,,,,,,,,,,,,,,,,,,,,,,,,,,,,,,,,,,,,,,,,,,,,,,,,,,,,,,,,,,,,,,,,
144.75,21.478166719262454,20.335754934111137,17.358153560819943,0.49062670681872145,,,,,,,,,,,,,,,,,,,,,,,,,,,,,,,,,,,,,,,,,,,,,,,,,,,,,,,,,,,,,,,,,,,,,,,,,,,,,,,,,,,,,,,,,,,,,,,,
145.0,21.470530167932314,20.327906165615136,17.35076690165887,0.49191751571372494,,,,,,,,,,,,,,,,,,,,,,,,,,,,,,,,,,,,,,,,,,,,,,,,,,,,,,,,,,,,,,,,,,,,,,,,,,,,,,,,,,,,,,,,,,,,,,,,
145.25,21.46289397010964,20.320056226025052,17.343379672258063,0.49320851859811665,,,,,,,,,,,,,,,,,,,,,,,,,,,,,,,,,,,,,,,,,,,,,,,,,,,,,,,,,,,,,,,,,,,,,,,,,,,,,,,,,,,,,,,,,,,,,,,,
145.5,21.455258039813266,20.31220510365569,17.335991782322605,0.4944990710024732,,,,,,,,,,,,,,,,,,,,,,,,,,,,,,,,,,,,,,,,,,,,,,,,,,,,,,,,,,,,,,,,,,,,,,,,,,,,,,,,,,,,,,,,,,,,,,,,
145.75,21.447622291726262,20.304352748227576,17.32860315573385,0.4957878634807463,,,,,,,,,,,,,,,,,,,,,,,,,,,,,,,,,,,,,,,,,,,,,,,,,,,,,,,,,,,,,,,,,,,,,,,,,,,,,,,,,,,,,,,,,,,,,,,,
146.0,21.439986643644485,20.2964991656789,17.32121372453621,0.4970768583704414,,,,,,,,,,,,,,,,,,,,,,,,,,,,,,,,,,,,,,,,,,,,,,,,,,,,,,,,,,,,,,,,,,,,,,,,,,,,,,,,,,,,,,,,,,,,,,,,
146.25,21.432351016816824,20.288644360931055,17.313823429022154,0.4983660546967818,,,,,,,,,,,,,,,,,,,,,,,,,,,,,,,,,,,,,,,,,,,,,,,,,,,,,,,,,,,,,,,,,,,,,,,,,,,,,,,,,,,,,,,,,,,,,,,,
146.5,21.424715336470275,20.280788338206246,17.30643221912952,0.499655451651901,,,,,,,,,,,,,,,,,,,,,,,,,,,,,,,,,,,,,,,,,,,,,,,,,,,,,,,,,,,,,,,,,,,,,,,,,,,,,,,,,,,,,,,,,,,,,,,,
146.75,21.417079532398898,20.272930406331554,17.299040049012696,0.5009427603241705,,,,,,,,,,,,,,,,,,,,,,,,,,,,,,,,,,,,,,,,,,,,,,,,,,,,,,,,,,,,,,,,,,,,,,,,,,,,,,,,,,,,,,,,,,,,,,,,
147.0,21.409443536274676,20.265070393639938,17.291646827067023,0.5022297759467573,,,,,,,,,,,,,,,,,,,,,,,,,,,,,,,,,,,,,,,,,,,,,,,,,,,,,,,,,,,,,,,,,,,,,,,,,,,,,,,,,,,,,,,,,,,,,,,,
147.25,21.40180727005594,20.257208310734743,17.28425242153768,0.5035171323770694,,,,,,,,,,,,,,,,,,,,,,,,,,,,,,,,,,,,,,,,,,,,,,,,,,,,,,,,,,,,,,,,,,,,,,,,,,,,,,,,,,,,,,,,,,,,,,,,
147.5,21.394170643234812,20.24934416543913,17.27685670611909,0.5048048278784324,,,,,,,,,,,,,,,,,,,,,,,,,,,,,,,,,,,,,,,,,,,,,,,,,,,,,,,,,,,,,,,,,,,,,,,,,,,,,,,,,,,,,,,,,,,,,,,,
147.75,21.38653355993318,20.241477969811136,17.269459574921928,0.5060901596040941,,,,,,,,,,,,,,,,,,,,,,,,,,,,,,,,,,,,,,,,,,,,,,,,,,,,,,,,,,,,,,,,,,,,,,,,,,,,,,,,,,,,,,,,,,,,,,,,
148.0,21.378895925314506,20.233609729944288,17.26206094138941,0.5073753358658736,,,,,,,,,,,,,,,,,,,,,,,,,,,,,,,,,,,,,,,,,,,,,,,,,,,,,,,,,,,,,,,,,,,,,,,,,,,,,,,,,,,,,,,,,,,,,,,,
148.25,21.371257648895078,20.225739449984285,17.254660734667567,0.5086608461146747,,,,,,,,,,,,,,,,,,,,,,,,,,,,,,,,,,,,,,,,,,,,,,,,,,,,,,,,,,,,,,,,,,,,,,,,,,,,,,,,,,,,,,,,,,,,,,,,
148.5,21.363618645803708,20.217867133340185,17.247258896138266,0.5099466896731744,,,,,,,,,,,,,,,,,,,,,,,,,,,,,,,,,,,,,,,,,,,,,,,,,,,,,,,,,,,,,,,,,,,,,,,,,,,,,,,,,,,,,,,,,,,,,,,,
148.75,21.35597883700251,20.209992574971583,17.23985537563879,0.5112310332968404,,,,,,,,,,,,,,,,,,,,,,,,,,,,,,,,,,,,,,,,,,,,,,,,,,,,,,,,,,,,,,,,,,,,,,,,,,,,,,,,,,,,,,,,,,,,,,,,
149.0,21.348338148238234,20.202115591554726,17.232450114286276,0.5125140839485898,,,,,,,,,,,,,,,,,,,,,,,,,,,,,,,,,,,,,,,,,,,,,,,,,,,,,,,,,,,,,,,,,,,,,,,,,,,,,,,,,,,,,,,,,,,,,,,,
149.25,21.340696505727717,20.194236188824355,17.22504303598039,0.5137975297284972,,,,,,,,,,,,,,,,,,,,,,,,,,,,,,,,,,,,,,,,,,,,,,,,,,,,,,,,,,,,,,,,,,,,,,,,,,,,,,,,,,,,,,,,,,,,,,,,
149.5,21.33305383297341,20.1863543706388,17.217634063893314,0.5150813697021659,,,,,,,,,,,,,,,,,,,,,,,,,,,,,,,,,,,,,,,,,,,,,,,,,,,,,,,,,,,,,,,,,,,,,,,,,,,,,,,,,,,,,,,,,,,,,,,,
149.75,21.32541005264928,20.178470058927665,17.210223131721314,0.5163648113406479,,,,,,,,,,,,,,,,,,,,,,,,,,,,,,,,,,,,,,,,,,,,,,,,,,,,,,,,,,,,,,,,,,,,,,,,,,,,,,,,,,,,,,,,,,,,,,,,
150.0,21.31776508929018,20.17058294975352,17.202810176284974,0.5176456571219227,,,,,,,,,,,,,,,,,,,,,,,,,,,,,,,,,,,,,,,,,,,,,,,,,,,,,,,,,,,,,,,,,,,,,,,,,,,,,,,,,,,,,,,,,,,,,,,,
150.25,21.310118868406324,20.162693049083668,17.195395116977757,0.5189269573650234,,,,,,,,,,,,,,,,,,,,,,,,,,,,,,,,,,,,,,,,,,,,,,,,,,,,,,,,,,,,,,,,,,,,,,,,,,,,,,,,,,,,,,,,,,,,,,,,
150.5,21.302471312366936,20.15480036049988,17.187977867407294,0.5202087111005316,,,,,,,,,,,,,,,,,,,,,,,,,,,,,,,,,,,,,,,,,,,,,,,,,,,,,,,,,,,,,,,,,,,,,,,,,,,,,,,,,,,,,,,,,,,,,,,,
150.75,21.294822341451926,20.146904886427983,17.18055835284956,0.5214909177465705,,,,,,,,,,,,,,,,,,,,,,,,,,,,,,,,,,,,,,,,,,,,,,,,,,,,,,,,,,,,,,,,,,,,,,,,,,,,,,,,,,,,,,,,,,,,,,,,
151.0,21.287171877422423,20.139005784054977,17.1731365060066,0.5227698965328534,,,,,,,,,,,,,,,,,,,,,,,,,,,,,,,,,,,,,,,,,,,,,,,,,,,,,,,,,,,,,,,,,,,,,,,,,,,,,,,,,,,,,,,,,,,,,,,,
151.25,21.279519842151533,20.13110296919981,17.165712206851875,0.5240490477098123,,,,,,,,,,,,,,,,,,,,,,,,,,,,,,,,,,,,,,,,,,,,,,,,,,,,,,,,,,,,,,,,,,,,,,,,,,,,,,,,,,,,,,,,,,,,,,,,
151.5,21.27186614504316,20.12319644896402,17.158285297628527,0.525328800072286,,,,,,,,,,,,,,,,,,,,,,,,,,,,,,,,,,,,,,,,,,,,,,,,,,,,,,,,,,,,,,,,,,,,,,,,,,,,,,,,,,,,,,,,,,,,,,,,
151.75,21.264210682117046,20.11528622774049,17.150855634174697,0.5266091524702774,,,,,,,,,,,,,,,,,,,,,,,,,,,,,,,,,,,,,,,,,,,,,,,,,,,,,,,,,,,,,,,,,,,,,,,,,,,,,,,,,,,,,,,,,,,,,,,,
152.0,21.256553344773383,20.10737245434404,17.143423096973862,0.5278858115408954,,,,,,,,,,,,,,,,,,,,,,,,,,,,,,,,,,,,,,,,,,,,,,,,,,,,,,,,,,,,,,,,,,,,,,,,,,,,,,,,,,,,,,,,,,,,,,,,
152.25,21.24889402690494,20.099455132230656,17.135987598240625,0.5291629345381414,,,,,,,,,,,,,,,,,,,,,,,,,,,,,,,,,,,,,,,,,,,,,,,,,,,,,,,,,,,,,,,,,,,,,,,,,,,,,,,,,,,,,,,,,,,,,,,,
152.5,21.24123263025048,20.091534260894928,17.128549074053115,0.5304406302265403,,,,,,,,,,,,,,,,,,,,,,,,,,,,,,,,,,,,,,,,,,,,,,,,,,,,,,,,,,,,,,,,,,,,,,,,,,,,,,,,,,,,,,,,,,,,,,,,
152.75,21.23356906552124,20.08360983930957,17.121107472143176,0.5317188986876543,,,,,,,,,,,,,,,,,,,,,,,,,,,,,,,,,,,,,,,,,,,,,,,,,,,,,,,,,,,,,,,,,,,,,,,,,,,,,,,,,,,,,,,,,,,,,,,,
153.0,21.22590325105846,20.07568132431835,17.113662744789536,0.5329945395155257,,,,,,,,,,,,,,,,,,,,,,,,,,,,,,,,,,,,,,,,,,,,,,,,,,,,,,,,,,,,,,,,,,,,,,,,,,,,,,,,,,,,,,,,,,,,,,,,
153.25,21.21823510936689,20.06774846515889,17.106214808760647,0.53426933371131,,,,,,,,,,,,,,,,,,,,,,,,,,,,,,,,,,,,,,,,,,,,,,,,,,,,,,,,,,,,,,,,,,,,,,,,,,,,,,,,,,,,,,,,,,,,,,,,
153.5,21.210564556870434,20.059811265699153,17.09876354188549,0.5355448263885203,,,,,,,,,,,,,,,,,,,,,,,,,,,,,,,,,,,,,,,,,,,,,,,,,,,,,,,,,,,,,,,,,,,,,,,,,,,,,,,,,,,,,,,,,,,,,,,,
153.75,21.202891499609606,20.051869726901824,17.091308821512676,0.5368210169252422,,,,,,,,,,,,,,,,,,,,,,,,,,,,,,,,,,,,,,,,,,,,,,,,,,,,,,,,,,,,,,,,,,,,,,,,,,,,,,,,,,,,,,,,,,,,,,,,
154.0,21.195215838537305,20.043923854757644,17.083850542755506,0.5380946689052597,,,,,,,,,,,,,,,,,,,,,,,,,,,,,,,,,,,,,,,,,,,,,,,,,,,,,,,,,,,,,,,,,,,,,,,,,,,,,,,,,,,,,,,,,,,,,,,,
154.25,21.187537475504712,20.035973651092196,17.076388618538818,0.5393672415001598,,,,,,,,,,,,,,,,,,,,,,,,,,,,,,,,,,,,,,,,,,,,,,,,,,,,,,,,,,,,,,,,,,,,,,,,,,,,,,,,,,,,,,,,,,,,,,,,
154.5,21.17985631651856,20.02801911321889,17.068922976545995,0.5406405078106344,,,,,,,,,,,,,,,,,,,,,,,,,,,,,,,,,,,,,,,,,,,,,,,,,,,,,,,,,,,,,,,,,,,,,,,,,,,,,,,,,,,,,,,,,,,,,,,,
154.75,21.172172273031183,20.020060237735063,17.061453555901355,0.5419144682669551,,,,,,,,,,,,,,,,,,,,,,,,,,,,,,,,,,,,,,,,,,,,,,,,,,,,,,,,,,,,,,,,,,,,,,,,,,,,,,,,,,,,,,,,,,,,,,,,
155.0,21.164485262160927,20.012096793327665,17.053980303313537,0.5431871607859213,,,,,,,,,,,,,,,,,,,,,,,,,,,,,,,,,,,,,,,,,,,,,,,,,,,,,,,,,,,,,,,,,,,,,,,,,,,,,,,,,,,,,,,,,,,,,,,,
155.25,21.156795205541357,20.004128389144075,17.04650315354567,0.5444572311582202,,,,,,,,,,,,,,,,,,,,,,,,,,,,,,,,,,,,,,,,,,,,,,,,,,,,,,,,,,,,,,,,,,,,,,,,,,,,,,,,,,,,,,,,,,,,,,,,
155.5,21.149102023889498,19.996155025814637,17.03902200791568,0.545728092553156,,,,,,,,,,,,,,,,,,,,,,,,,,,,,,,,,,,,,,,,,,,,,,,,,,,,,,,,,,,,,,,,,,,,,,,,,,,,,,,,,,,,,,,,,,,,,,,,
155.75,21.1414056307488,19.988176700894716,17.031536757527785,0.5469997448701968,,,,,,,,,,,,,,,,,,,,,,,,,,,,,,,,,,,,,,,,,,,,,,,,,,,,,,,,,,,,,,,,,,,,,,,,,,,,,,,,,,,,,,,,,,,,,,,,
156.0,21.13370593466101,19.980193371868374,17.024047306875506,0.5482709050517006,,,,,,,,,,,,,,,,,,,,,,,,,,,,,,,,,,,,,,,,,,,,,,,,,,,,,,,,,,,,,,,,,,,,,,,,,,,,,,,,,,,,,,,,,,,,,,,,
156.25,21.12600284425846,19.972204903566222,17.016553571762994,0.5495385271886984,,,,,,,,,,,,,,,,,,,,,,,,,,,,,,,,,,,,,,,,,,,,,,,,,,,,,,,,,,,,,,,,,,,,,,,,,,,,,,,,,,,,,,,,,,,,,,,,
156.5,21.118296270190207,19.96421129186944,17.00905546899757,0.5508069653586775,,,,,,,,,,,,,,,,,,,,,,,,,,,,,,,,,,,,,,,,,,,,,,,,,,,,,,,,,,,,,,,,,,,,,,,,,,,,,,,,,,,,,,,,,,,,,,,,
156.75,21.11058612438782,19.956212531151756,17.001552919849043,0.5520762202156391,,,,,,,,,,,,,,,,,,,,,,,,,,,,,,,,,,,,,,,,,,,,,,,,,,,,,,,,,,,,,,,,,,,,,,,,,,,,,,,,,,,,,,,,,,,,,,,,
157.0,21.102872320867945,19.948208614881988,16.994045856094928,0.5533462926529429,,,,,,,,,,,,,,,,,,,,,,,,,,,,,,,,,,,,,,,,,,,,,,,,,,,,,,,,,,,,,,,,,,,,,,,,,,,,,,,,,,,,,,,,,,,,,,,,
157.25,21.095154777250503,19.94019864515263,16.986534213988033,0.5546114183706851,,,,,,,,,,,,,,,,,,,,,,,,,,,,,,,,,,,,,,,,,,,,,,,,,,,,,,,,,,,,,,,,,,,,,,,,,,,,,,,,,,,,,,,,,,,,,,,,
157.5,21.087433411877143,19.932182599258333,16.979017871819767,0.5558773435343158,,,,,,,,,,,,,,,,,,,,,,,,,,,,,,,,,,,,,,,,,,,,,,,,,,,,,,,,,,,,,,,,,,,,,,,,,,,,,,,,,,,,,,,,,,,,,,,,
157.75,21.079708130183477,19.92416047354039,16.971496671359926,0.5571442289974677,,,,,,,,,,,,,,,,,,,,,,,,,,,,,,,,,,,,,,,,,,,,,,,,,,,,,,,,,,,,,,,,,,,,,,,,,,,,,,,,,,,,,,,,,,,,,,,,
158.0,21.071978824575393,19.91613226192848,16.96397047017783,0.5584120753383762,,,,,,,,,,,,,,,,,,,,,,,,,,,,,,,,,,,,,,,,,,,,,,,,,,,,,,,,,,,,,,,,,,,,,,,,,,,,,,,,,,,,,,,,,,,,,,,,
158.25,21.06424538347006,19.908098087751043,16.95643914900352,0.5596747818684018,,,,,,,,,,,,,,,,,,,,,,,,,,,,,,,,,,,,,,,,,,,,,,,,,,,,,,,,,,,,,,,,,,,,,,,,,,,,,,,,,,,,,,,,,,,,,,,,
158.5,21.05650769784684,19.900057943437943,16.948902617413665,0.5609383016684855,,,,,,,,,,,,,,,,,,,,,,,,,,,,,,,,,,,,,,,,,,,,,,,,,,,,,,,,,,,,,,,,,,,,,,,,,,,,,,,,,,,,,,,,,,,,,,,,
158.75,21.048765666010684,19.89201181845845,16.941360806605378,0.5622027603808268,,,,,,,,,,,,,,,,,,,,,,,,,,,,,,,,,,,,,,,,,,,,,,,,,,,,,,,,,,,,,,,,,,,,,,,,,,,,,,,,,,,,,,,,,,,,,,,,
159.0,21.041019194558235,19.883959701723622,16.93381365842857,0.563468159661575,,,,,,,,,,,,,,,,,,,,,,,,,,,,,,,,,,,,,,,,,,,,,,,,,,,,,,,,,,,,,,,,,,,,,,,,,,,,,,,,,,,,,,,,,,,,,,,,
159.25,21.03326819715155,19.875901085099514,16.92626111895099,0.5647296078995537,,,,,,,,,,,,,,,,,,,,,,,,,,,,,,,,,,,,,,,,,,,,,,,,,,,,,,,,,,,,,,,,,,,,,,,,,,,,,,,,,,,,,,,,,,,,,,,,
159.5,21.025512591359654,19.867835795714097,16.918703102209275,0.5659904432868925,,,,,,,,,,,,,,,,,,,,,,,,,,,,,,,,,,,,,,,,,,,,,,,,,,,,,,,,,,,,,,,,,,,,,,,,,,,,,,,,,,,,,,,,,,,,,,,,
159.75,21.017752289566438,19.8597638249097,16.91113949161019,0.567252322681408,,,,,,,,,,,,,,,,,,,,,,,,,,,,,,,,,,,,,,,,,,,,,,,,,,,,,,,,,,,,,,,,,,,,,,,,,,,,,,,,,,,,,,,,,,,,,,,,
160.0,21.009987196056024,19.85168516163992,16.903570173146182,0.5685152474376626,,,,,,,,,,,,,,,,,,,,,,,,,,,,,,,,,,,,,,,,,,,,,,,,,,,,,,,,,,,,,,,,,,,,,,,,,,,,,,,,,,,,,,,,,,,,,,,,
160.25,21.00221721178895,19.84359973135055,16.89599504762952,0.569774735045825,,,,,,,,,,,,,,,,,,,,,,,,,,,,,,,,,,,,,,,,,,,,,,,,,,,,,,,,,,,,,,,,,,,,,,,,,,,,,,,,,,,,,,,,,,,,,,,,
160.5,20.994442238862405,19.83550748880887,16.888414025442753,0.5710329438033963,,,,,,,,,,,,,,,,,,,,,,,,,,,,,,,,,,,,,,,,,,,,,,,,,,,,,,,,,,,,,,,,,,,,,,,,,,,,,,,,,,,,,,,,,,,,,,,,
160.75,20.986662181819867,19.827408420311617,16.8808270234153,0.5722922126449967,,,,,,,,,,,,,,,,,,,,,,,,,,,,,,,,,,,,,,,,,,,,,,,,,,,,,,,,,,,,,,,,,,,,,,,,,,,,,,,,,,,,,,,,,,,,,,,,
161.0,20.978876948083755,19.81930251112037,16.873233967061246,0.5735525437030493,,,,,,,,,,,,,,,,,,,,,,,,,,,,,,,,,,,,,,,,,,,,,,,,,,,,,,,,,,,,,,,,,,,,,,,,,,,,,,,,,,,,,,,,,,,,,,,,
161.25,20.97108644877483,19.81118928056454,16.86563478832487,0.574810697219274,,,,,,,,,,,,,,,,,,,,,,,,,,,,,,,,,,,,,,,,,,,,,,,,,,,,,,,,,,,,,,,,,,,,,,,,,,,,,,,,,,,,,,,,,,,,,,,,
161.5,20.963290597403624,19.80306816065989,16.858029389308737,0.5760661182106758,,,,,,,,,,,,,,,,,,,,,,,,,,,,,,,,,,,,,,,,,,,,,,,,,,,,,,,,,,,,,,,,,,,,,,,,,,,,,,,,,,,,,,,,,,,,,,,,
161.75,20.955489300602725,19.794939141810374,16.850417615854948,0.5773227599801697,,,,,,,,,,,,,,,,,,,,,,,,,,,,,,,,,,,,,,,,,,,,,,,,,,,,,,,,,,,,,,,,,,,,,,,,,,,,,,,,,,,,,,,,,,,,,,,,
162.0,20.947682449645857,19.786802209743794,16.842799299190162,0.5785806240126237,,,,,,,,,,,,,,,,,,,,,,,,,,,,,,,,,,,,,,,,,,,,,,,,,,,,,,,,,,,,,,,,,,,,,,,,,,,,,,,,,,,,,,,,,,,,,,,,
162.25,20.939869925251035,19.778657494688296,16.835174291965703,0.5798358969096498,,,,,,,,,,,,,,,,,,,,,,,,,,,,,,,,,,,,,,,,,,,,,,,,,,,,,,,,,,,,,,,,,,,,,,,,,,,,,,,,,,,,,,,,,,,,,,,,
162.5,20.932051606814525,19.770505115322393,16.82754248073088,0.5810887865457443,,,,,,,,,,,,,,,,,,,,,,,,,,,,,,,,,,,,,,,,,,,,,,,,,,,,,,,,,,,,,,,,,,,,,,,,,,,,,,,,,,,,,,,,,,,,,,,,
162.75,20.92422738019468,19.762345050480707,16.81990378743523,0.5823428551715283,,,,,,,,,,,,,,,,,,,,,,,,,,,,,,,,,,,,,,,,,,,,,,,,,,,,,,,,,,,,,,,,,,,,,,,,,,,,,,,,,,,,,,,,,,,,,,,,
163.0,20.916397141898383,19.754177279046548,16.81225815322584,0.583598106042841,,,,,,,,,,,,,,,,,,,,,,,,,,,,,,,,,,,,,,,,,,,,,,,,,,,,,,,,,,,,,,,,,,,,,,,,,,,,,,,,,,,,,,,,,,,,,,,,
163.25,20.9085607981836,19.74600165539931,16.804605525542716,0.5848518894045067,,,,,,,,,,,,,,,,,,,,,,,,,,,,,,,,,,,,,,,,,,,,,,,,,,,,,,,,,,,,,,,,,,,,,,,,,,,,,,,,,,,,,,,,,,,,,,,,
163.5,20.900718262139716,19.73781792296271,16.796945845456577,0.5861018496037602,,,,,,,,,,,,,,,,,,,,,,,,,,,,,,,,,,,,,,,,,,,,,,,,,,,,,,,,,,,,,,,,,,,,,,,,,,,,,,,,,,,,,,,,,,,,,,,,
163.75,20.892869449151796,19.729626061906327,16.78927903417486,0.5873530495450088,,,,,,,,,,,,,,,,,,,,,,,,,,,,,,,,,,,,,,,,,,,,,,,,,,,,,,,,,,,,,,,,,,,,,,,,,,,,,,,,,,,,,,,,,,,,,,,,
164.0,20.885014272322735,19.72142605032829,16.781605006310166,0.5886054922600978,,,,,,,,,,,,,,,,,,,,,,,,,,,,,,,,,,,,,,,,,,,,,,,,,,,,,,,,,,,,,,,,,,,,,,,,,,,,,,,,,,,,,,,,,,,,,,,,
164.25,20.87715264319487,19.71321772916842,16.773923683452896,0.5898576546957119,,,,,,,,,,,,,,,,,,,,,,,,,,,,,,,,,,,,,,,,,,,,,,,,,,,,,,,,,,,,,,,,,,,,,,,,,,,,,,,,,,,,,,,,,,,,,,,,
164.5,20.869284473992153,19.705000500968787,16.766234982474593,0.5911046536199798,,,,,,,,,,,,,,,,,,,,,,,,,,,,,,,,,,,,,,,,,,,,,,,,,,,,,,,,,,,,,,,,,,,,,,,,,,,,,,,,,,,,,,,,,,,,,,,,
164.75,20.8614096748262,19.696774346835777,16.758538778883782,0.5923530056917167,,,,,,,,,,,,,,,,,,,,,,,,,,,,,,,,,,,,,,,,,,,,,,,,,,,,,,,,,,,,,,,,,,,,,,,,,,,,,,,,,,,,,,,,,,,,,,,,
165.0,20.8535281455673,19.68853924362547,16.750834929206057,0.5936027137812191,,,,,,,,,,,,,,,,,,,,,,,,,,,,,,,,,,,,,,,,,,,,,,,,,,,,,,,,,,,,,,,,,,,,,,,,,,,,,,,,,,,,,,,,,,,,,,,,
165.25,20.84563977758752,19.68029517131095,16.743123304758903,0.5948523232155013,,,,,,,,,,,,,,,,,,,,,,,,,,,,,,,,,,,,,,,,,,,,,,,,,,,,,,,,,,,,,,,,,,,,,,,,,,,,,,,,,,,,,,,,,,,,,,,,
165.5,20.837744460529613,19.67204212691191,16.735403794775124,0.596096523832267,,,,,,,,,,,,,,,,,,,,,,,,,,,,,,,,,,,,,,,,,,,,,,,,,,,,,,,,,,,,,,,,,,,,,,,,,,,,,,,,,,,,,,,,,,,,,,,,
165.75,20.829842086591007,19.66378008260146,16.727676305003087,0.5973420785217118,,,,,,,,,,,,,,,,,,,,,,,,,,,,,,,,,,,,,,,,,,,,,,,,,,,,,,,,,,,,,,,,,,,,,,,,,,,,,,,,,,,,,,,,,,,,,,,,
166.0,20.82193255266817,19.655509009745643,16.719940753830237,0.5985889914834895,,,,,,,,,,,,,,,,,,,,,,,,,,,,,,,,,,,,,,,,,,,,,,,,,,,,,,,,,,,,,,,,,,,,,,,,,,,,,,,,,,,,,,,,,,,,,,,,
166.25,20.814015760877442,19.647228859556602,16.712197068367793,0.599836763661365,,,,,,,,,,,,,,,,,,,,,,,,,,,,,,,,,,,,,,,,,,,,,,,,,,,,,,,,,,,,,,,,,,,,,,,,,,,,,,,,,,,,,,,,,,,,,,,,
166.5,20.806091618215092,19.638939293917588,16.70444517932014,0.6010779201196472,,,,,,,,,,,,,,,,,,,,,,,,,,,,,,,,,,,,,,,,,,,,,,,,,,,,,,,,,,,,,,,,,,,,,,,,,,,,,,,,,,,,,,,,,,,,,,,,
166.75,20.79816003461834,19.630640284790697,16.69668499928027,0.6023204879106077,,,,,,,,,,,,,,,,,,,,,,,,,,,,,,,,,,,,,,,,,,,,,,,,,,,,,,,,,,,,,,,,,,,,,,,,,,,,,,,,,,,,,,,,,,,,,,,,
167.0,20.79022091786898,19.622331801685167,16.688916431252537,0.6035644712369991,,,,,,,,,,,,,,,,,,,,,,,,,,,,,,,,,,,,,,,,,,,,,,,,,,,,,,,,,,,,,,,,,,,,,,,,,,,,,,,,,,,,,,,,,,,,,,,,
167.25,20.78227417354623,19.614013812873086,16.68113938614245,0.6048098746692468,,,,,,,,,,,,,,,,,,,,,,,,,,,,,,,,,,,,,,,,,,,,,,,,,,,,,,,,,,,,,,,,,,,,,,,,,,,,,,,,,,,,,,,,,,,,,,,,
167.5,20.774319707976545,19.605685589390756,16.673353780068094,0.606048307712676,,,,,,,,,,,,,,,,,,,,,,,,,,,,,,,,,,,,,,,,,,,,,,,,,,,,,,,,,,,,,,,,,,,,,,,,,,,,,,,,,,,,,,,,,,,,,,,,
167.75,20.766357427232542,19.597347074501155,16.665559485576193,0.6072879153302129,,,,,,,,,,,,,,,,,,,,,,,,,,,,,,,,,,,,,,,,,,,,,,,,,,,,,,,,,,,,,,,,,,,,,,,,,,,,,,,,,,,,,,,,,,,,,,,,
168.0,20.758387227096215,19.58899823591475,16.6577563471356,0.6085290547638538,,,,,,,,,,,,,,,,,,,,,,,,,,,,,,,,,,,,,,,,,,,,,,,,,,,,,,,,,,,,,,,,,,,,,,,,,,,,,,,,,,,,,,,,,,,,,,,,
168.25,20.75040899303413,19.580639038869307,16.649944221707397,0.6097717289224528,,,,,,,,,,,,,,,,,,,,,,,,,,,,,,,,,,,,,,,,,,,,,,,,,,,,,,,,,,,,,,,,,,,,,,,,,,,,,,,,,,,,,,,,,,,,,,,,
168.5,20.742422607259357,19.57226869705508,16.64212297982512,0.6110069565478521,,,,,,,,,,,,,,,,,,,,,,,,,,,,,,,,,,,,,,,,,,,,,,,,,,,,,,,,,,,,,,,,,,,,,,,,,,,,,,,,,,,,,,,,,,,,,,,,
168.75,20.73442795046608,19.56388717883017,16.63429245226252,0.612243831021173,,,,,,,,,,,,,,,,,,,,,,,,,,,,,,,,,,,,,,,,,,,,,,,,,,,,,,,,,,,,,,,,,,,,,,,,,,,,,,,,,,,,,,,,,,,,,,,,
169.0,20.72642489254686,19.555494446987467,16.62645244737409,0.6134823570180973,,,,,,,,,,,,,,,,,,,,,,,,,,,,,,,,,,,,,,,,,,,,,,,,,,,,,,,,,,,,,,,,,,,,,,,,,,,,,,,,,,,,,,,,,,,,,,,,
169.25,20.71841329364389,19.547090641729493,16.6186027937634,0.614720886836354,,,,,,,,,,,,,,,,,,,,,,,,,,,,,,,,,,,,,,,,,,,,,,,,,,,,,,,,,,,,,,,,,,,,,,,,,,,,,,,,,,,,,,,,,,,,,,,,
169.5,20.71039301274375,19.538676546944387,16.610743360459416,0.6159534782053148,,,,,,,,,,,,,,,,,,,,,,,,,,,,,,,,,,,,,,,,,,,,,,,,,,,,,,,,,,,,,,,,,,,,,,,,,,,,,,,,,,,,,,,,,,,,,,,,
169.75,20.702363918661867,19.53025211250182,16.602874104216777,0.6171875787456502,,,,,,,,,,,,,,,,,,,,,,,,,,,,,,,,,,,,,,,,,,,,,,,,,,,,,,,,,,,,,,,,,,,,,,,,,,,,,,,,,,,,,,,,,,,,,,,,
170.0,20.694325904726355,19.521817292278744,16.594995032647144,0.6184231958100072,,,,,,,,,,,,,,,,,,,,,,,,,,,,,,,,,,,,,,,,,,,,,,,,,,,,,,,,,,,,,,,,,,,,,,,,,,,,,,,,,,,,,,,,,,,,,,,,
170.25,20.686278887305594,19.51337200628281,16.587106151067623,0.6196601317285645,,,,,,,,,,,,,,,,,,,,,,,,,,,,,,,,,,,,,,,,,,,,,,,,,,,,,,,,,,,,,,,,,,,,,,,,,,,,,,,,,,,,,,,,,,,,,,,,
170.5,20.67822279590732,19.504914634319466,16.57920744336157,0.6208893575319056,,,,,,,,,,,,,,,,,,,,,,,,,,,,,,,,,,,,,,,,,,,,,,,,,,,,,,,,,,,,,,,,,,,,,,,,,,,,,,,,,,,,,,,,,,,,,,,,
170.75,20.670157559837662,19.496445143550474,16.571298767586544,0.6221203424684494,,,,,,,,,,,,,,,,,,,,,,,,,,,,,,,,,,,,,,,,,,,,,,,,,,,,,,,,,,,,,,,,,,,,,,,,,,,,,,,,,,,,,,,,,,,,,,,,
171.0,20.66208308088349,19.48796349144808,16.56337990267356,0.6233530913178569,,,,,,,,,,,,,,,,,,,,,,,,,,,,,,,,,,,,,,,,,,,,,,,,,,,,,,,,,,,,,,,,,,,,,,,,,,,,,,,,,,,,,,,,,,,,,,,,
171.25,20.653999232632614,19.47946979884105,16.55545064380431,0.6245852926400578,,,,,,,,,,,,,,,,,,,,,,,,,,,,,,,,,,,,,,,,,,,,,,,,,,,,,,,,,,,,,,,,,,,,,,,,,,,,,,,,,,,,,,,,,,,,,,,,
171.5,20.645905876799883,19.470964546992672,16.547510828693444,0.6258118979386207,,,,,,,,,,,,,,,,,,,,,,,,,,,,,,,,,,,,,,,,,,,,,,,,,,,,,,,,,,,,,,,,,,,,,,,,,,,,,,,,,,,,,,,,,,,,,,,,
171.75,20.637802878231867,19.462447681139633,16.53956036518077,0.6270401725496176,,,,,,,,,,,,,,,,,,,,,,,,,,,,,,,,,,,,,,,,,,,,,,,,,,,,,,,,,,,,,,,,,,,,,,,,,,,,,,,,,,,,,,,,,,,,,,,,
172.0,20.629690117828694,19.453919148489536,16.531599202216167,0.6282701243816203,,,,,,,,,,,,,,,,,,,,,,,,,,,,,,,,,,,,,,,,,,,,,,,,,,,,,,,,,,,,,,,,,,,,,,,,,,,,,,,,,,,,,,,,,,,,,,,,
172.25,20.621567492637332,19.445378843929813,16.52362729323815,0.6294993572087223,,,,,,,,,,,,,,,,,,,,,,,,,,,,,,,,,,,,,,,,,,,,,,,,,,,,,,,,,,,,,,,,,,,,,,,,,,,,,,,,,,,,,,,,,,,,,,,,
172.5,20.61343490969364,19.436826551856807,16.51564458542243,0.6307228279445168,,,,,,,,,,,,,,,,,,,,,,,,,,,,,,,,,,,,,,,,,,,,,,,,,,,,,,,,,,,,,,,,,,,,,,,,,,,,,,,,,,,,,,,,,,,,,,,,
172.75,20.605292280477265,19.428262219969934,16.507651009794348,0.6319480159928021,,,,,,,,,,,,,,,,,,,,,,,,,,,,,,,,,,,,,,,,,,,,,,,,,,,,,,,,,,,,,,,,,,,,,,,,,,,,,,,,,,,,,,,,,,,,,,,,
173.0,20.59713951627263,19.41968579434752,16.499646489119293,0.6331749288460787,,,,,,,,,,,,,,,,,,,,,,,,,,,,,,,,,,,,,,,,,,,,,,,,,,,,,,,,,,,,,,,,,,,,,,,,,,,,,,,,,,,,,,,,,,,,,,,,
173.25,20.588976527610836,19.41109688847029,16.49163094626056,0.6344008656435923,,,,,,,,,,,,,,,,,,,,,,,,,,,,,,,,,,,,,,,,,,,,,,,,,,,,,,,,,,,,,,,,,,,,,,,,,,,,,,,,,,,,,,,,,,,,,,,,
173.5,20.580803224282228,19.402494547179597,16.48360427777448,0.6356212463275692,,,,,,,,,,,,,,,,,,,,,,,,,,,,,,,,,,,,,,,,,,,,,,,,,,,,,,,,,,,,,,,,,,,,,,,,,,,,,,,,,,,,,,,,,,,,,,,,
173.75,20.572619507502676,19.393878720609912,16.475566301606705,0.6368435360229275,,,,,,,,,,,,,,,,,,,,,,,,,,,,,,,,,,,,,,,,,,,,,,,,,,,,,,,,,,,,,,,,,,,,,,,,,,,,,,,,,,,,,,,,,,,,,,,,
174.0,20.564425256607915,19.385249351890657,16.467516800348875,0.6380677418149615,,,,,,,,,,,,,,,,,,,,,,,,,,,,,,,,,,,,,,,,,,,,,,,,,,,,,,,,,,,,,,,,,,,,,,,,,,,,,,,,,,,,,,,,,,,,,,,,
174.25,20.556220332807868,19.376606856765868,16.4594555786769,0.6392882462938065,,,,,,,,,,,,,,,,,,,,,,,,,,,,,,,,,,,,,,,,,,,,,,,,,,,,,,,,,,,,,,,,,,,,,,,,,,,,,,,,,,,,,,,,,,,,,,,,
174.5,20.548004592491402,19.36795156006014,16.451382502559266,0.6405060073384327,,,,,,,,,,,,,,,,,,,,,,,,,,,,,,,,,,,,,,,,,,,,,,,,,,,,,,,,,,,,,,,,,,,,,,,,,,,,,,,,,,,,,,,,,,,,,,,,
174.75,20.53977790301987,19.359283394483004,16.443297508726346,0.6417255721754075,,,,,,,,,,,,,,,,,,,,,,,,,,,,,,,,,,,,,,,,,,,,,,,,,,,,,,,,,,,,,,,,,,,,,,,,,,,,,,,,,,,,,,,,,,,,,,,,
175.0,20.531540151688905,19.350602294588302,16.43520056203183,0.642946950286218,,,,,,,,,,,,,,,,,,,,,,,,,,,,,,,,,,,,,,,,,,,,,,,,,,,,,,,,,,,,,,,,,,,,,,,,,,,,,,,,,,,,,,,,,,,,,,,,
175.25,20.52329124193662,19.341908102192505,16.427091625360003,0.6441636968877371,,,,,,,,,,,,,,,,,,,,,,,,,,,,,,,,,,,,,,,,,,,,,,,,,,,,,,,,,,,,,,,,,,,,,,,,,,,,,,,,,,,,,,,,,,,,,,,,
175.5,20.51503108607455,19.33320069557074,16.41897064905347,0.6453783466832034,,,,,,,,,,,,,,,,,,,,,,,,,,,,,,,,,,,,,,,,,,,,,,,,,,,,,,,,,,,,,,,,,,,,,,,,,,,,,,,,,,,,,,,,,,,,,,,,
175.75,20.506759599388882,19.324480009143965,16.410837570248432,0.6465948426141288,,,,,,,,,,,,,,,,,,,,,,,,,,,,,,,,,,,,,,,,,,,,,,,,,,,,,,,,,,,,,,,,,,,,,,,,,,,,,,,,,,,,,,,,,,,,,,,,
176.0,20.498476697133366,19.31574597625768,16.40269232087017,0.6478131938424414,,,,,,,,,,,,,,,,,,,,,,,,,,,,,,,,,,,,,,,,,,,,,,,,,,,,,,,,,,,,,,,,,,,,,,,,,,,,,,,,,,,,,,,,,,,,,,,,
176.25,20.490182294390227,19.306998058553457,16.39453482968174,0.6490258750689847,,,,,,,,,,,,,,,,,,,,,,,,,,,,,,,,,,,,,,,,,,,,,,,,,,,,,,,,,,,,,,,,,,,,,,,,,,,,,,,,,,,,,,,,,,,,,,,,
176.5,20.481876304795755,19.298236003294523,16.38636499024266,0.6502374915690211,,,,,,,,,,,,,,,,,,,,,,,,,,,,,,,,,,,,,,,,,,,,,,,,,,,,,,,,,,,,,,,,,,,,,,,,,,,,,,,,,,,,,,,,,,,,,,,,
176.75,20.473558632980538,19.289459743020473,16.378182660953847,0.6514510661687033,,,,,,,,,,,,,,,,,,,,,,,,,,,,,,,,,,,,,,,,,,,,,,,,,,,,,,,,,,,,,,,,,,,,,,,,,,,,,,,,,,,,,,,,,,,,,,,,
177.0,20.465229171979153,19.280669207272847,16.36998769754609,0.652666608211528,,,,,,,,,,,,,,,,,,,,,,,,,,,,,,,,,,,,,,,,,,,,,,,,,,,,,,,,,,,,,,,,,,,,,,,,,,,,,,,,,,,,,,,,,,,,,,,,
177.25,20.456887808076555,19.271864229639394,16.361779966621917,0.6538740316346711,,,,,,,,,,,,,,,,,,,,,,,,,,,,,,,,,,,,,,,,,,,,,,,,,,,,,,,,,,,,,,,,,,,,,,,,,,,,,,,,,,,,,,,,,,,,,,,,
177.5,20.448534425417765,19.263044731682484,16.353559339151712,0.6550828806588206,,,,,,,,,,,,,,,,,,,,,,,,,,,,,,,,,,,,,,,,,,,,,,,,,,,,,,,,,,,,,,,,,,,,,,,,,,,,,,,,,,,,,,,,,,,,,,,,
177.75,20.44016890721739,19.25421063828062,16.34532569045301,0.6562937232006794,,,,,,,,,,,,,,,,,,,,,,,,,,,,,,,,,,,,,,,,,,,,,,,,,,,,,,,,,,,,,,,,,,,,,,,,,,,,,,,,,,,,,,,,,,,,,,,,
178.0,20.431791136835088,19.24536185867112,16.337078903741293,0.6575043914480891,,,,,,,,,,,,,,,,,,,,,,,,,,,,,,,,,,,,,,,,,,,,,,,,,,,,,,,,,,,,,,,,,,,,,,,,,,,,,,,,,,,,,,,,,,,,,,,,
178.25,20.423400999041885,19.236498258991187,16.3288188682098,0.6587084828120485,,,,,,,,,,,,,,,,,,,,,,,,,,,,,,,,,,,,,,,,,,,,,,,,,,,,,,,,,,,,,,,,,,,,,,,,,,,,,,,,,,,,,,,,,,,,,,,,
178.5,20.41499838027676,19.227619760464968,16.3205454741768,0.6599145908065048,,,,,,,,,,,,,,,,,,,,,,,,,,,,,,,,,,,,,,,,,,,,,,,,,,,,,,,,,,,,,,,,,,,,,,,,,,,,,,,,,,,,,,,,,,,,,,,,
178.75,20.406583167999845,19.218726282771605,16.31225861412425,0.661122726150826,,,,,,,,,,,,,,,,,,,,,,,,,,,,,,,,,,,,,,,,,,,,,,,,,,,,,,,,,,,,,,,,,,,,,,,,,,,,,,,,,,,,,,,,,,,,,,,,
179.0,20.39815525081258,19.209818008348158,16.30395818657607,0.6623276838751669,,,,,,,,,,,,,,,,,,,,,,,,,,,,,,,,,,,,,,,,,,,,,,,,,,,,,,,,,,,,,,,,,,,,,,,,,,,,,,,,,,,,,,,,,,,,,,,,
179.25,20.38971452003977,19.200895139682462,16.295644115047086,0.6635289987639145,,,,,,,,,,,,,,,,,,,,,,,,,,,,,,,,,,,,,,,,,,,,,,,,,,,,,,,,,,,,,,,,,,,,,,,,,,,,,,,,,,,,,,,,,,,,,,,,
179.5,20.38126087511866,19.19195759094394,16.287316359393067,0.6647322817420662,,,,,,,,,,,,,,,,,,,,,,,,,,,,,,,,,,,,,,,,,,,,,,,,,,,,,,,,,,,,,,,,,,,,,,,,,,,,,,,,,,,,,,,,,,,,,,,,
179.75,20.37279422786923,19.18300527766231,16.278974891975057,0.6659375443842042,,,,,,,,,,,,,,,,,,,,,,,,,,,,,,,,,,,,,,,,,,,,,,,,,,,,,,,,,,,,,,,,,,,,,,,,,,,,,,,,,,,,,,,,,,,,,,,,
180.0,20.36431449959366,19.174037723004254,16.270619676241264,0.6671374773536919,,,,,,,,,,,,,,,,,,,,,,,,,,,,,,,,,,,,,,,,,,,,,,,,,,,,,,,,,,,,,,,,,,,,,,,,,,,,,,,,,,,,,,,,,,,,,,,,
180.25,20.355821614654936,19.165054650067816,16.2622506375604,0.6683358352717345,,,,,,,,,,,,,,,,,,,,,,,,,,,,,,,,,,,,,,,,,,,,,,,,,,,,,,,,,,,,,,,,,,,,,,,,,,,,,,,,,,,,,,,,,,,,,,,,
180.5,20.347315490820087,19.15605597486707,16.25386766199135,0.6695362669381377,,,,,,,,,,,,,,,,,,,,,,,,,,,,,,,,,,,,,,,,,,,,,,,,,,,,,,,,,,,,,,,,,,,,,,,,,,,,,,,,,,,,,,,,,,,,,,,,
180.75,20.338796034996978,19.14704161064939,16.2454706257539,0.6707387835761622,,,,,,,,,,,,,,,,,,,,,,,,,,,,,,,,,,,,,,,,,,,,,,,,,,,,,,,,,,,,,,,,,,,,,,,,,,,,,,,,,,,,,,,,,,,,,,,,
181.0,20.33026314666203,19.13801267314563,16.237059417371146,0.6719324677573688,,,,,,,,,,,,,,,,,,,,,,,,,,,,,,,,,,,,,,,,,,,,,,,,,,,,,,,,,,,,,,,,,,,,,,,,,,,,,,,,,,,,,,,,,,,,,,,,
181.25,20.321716727007647,19.128969071949022,16.228634019576877,0.6731280133380639,,,,,,,,,,,,,,,,,,,,,,,,,,,,,,,,,,,,,,,,,,,,,,,,,,,,,,,,,,,,,,,,,,,,,,,,,,,,,,,,,,,,,,,,,,,,,,,,
181.5,20.31315669965114,19.119910715544986,16.220194476338595,0.6743255005772519,,,,,,,,,,,,,,,,,,,,,,,,,,,,,,,,,,,,,,,,,,,,,,,,,,,,,,,,,,,,,,,,,,,,,,,,,,,,,,,,,,,,,,,,,,,,,,,,
181.75,20.304583011478158,19.11083737920212,16.211740820495844,0.6755236161647915,,,,,,,,,,,,,,,,,,,,,,,,,,,,,,,,,,,,,,,,,,,,,,,,,,,,,,,,,,,,,,,,,,,,,,,,,,,,,,,,,,,,,,,,,,,,,,,,
182.0,20.295995620274255,19.101747982234443,16.20327304927722,0.6767140003903751,,,,,,,,,,,,,,,,,,,,,,,,,,,,,,,,,,,,,,,,,,,,,,,,,,,,,,,,,,,,,,,,,,,,,,,,,,,,,,,,,,,,,,,,,,,,,,,,
182.25,20.28739448072061,19.092642442343436,16.19479106392761,0.677906491703551,,,,,,,,,,,,,,,,,,,,,,,,,,,,,,,,,,,,,,,,,,,,,,,,,,,,,,,,,,,,,,,,,,,,,,,,,,,,,,,,,,,,,,,,,,,,,,,,
182.5,20.278779525504998,19.083520670370095,16.186294707571427,0.6791011009015445,,,,,,,,,,,,,,,,,,,,,,,,,,,,,,,,,,,,,,,,,,,,,,,,,,,,,,,,,,,,,,,,,,,,,,,,,,,,,,,,,,,,,,,,,,,,,,,,
182.75,20.270150665292732,19.074382936628627,16.177783828848067,0.6802924134909087,,,,,,,,,,,,,,,,,,,,,,,,,,,,,,,,,,,,,,,,,,,,,,,,,,,,,,,,,,,,,,,,,,,,,,,,,,,,,,,,,,,,,,,,,,,,,,,,
183.0,20.261507800487884,19.06522952244533,16.16925831698924,0.6814801770794755,,,,,,,,,,,,,,,,,,,,,,,,,,,,,,,,,,,,,,,,,,,,,,,,,,,,,,,,,,,,,,,,,,,,,,,,,,,,,,,,,,,,,,,,,,,,,,,,
183.25,20.25285083507164,19.056060329695246,16.160718115900387,0.6826699788821537,,,,,,,,,,,,,,,,,,,,,,,,,,,,,,,,,,,,,,,,,,,,,,,,,,,,,,,,,,,,,,,,,,,,,,,,,,,,,,,,,,,,,,,,,,,,,,,,
183.5,20.244179685564173,19.046875262098634,16.152163190620726,0.6838618316536647,,,,,,,,,,,,,,,,,,,,,,,,,,,,,,,,,,,,,,,,,,,,,,,,,,,,,,,,,,,,,,,,,,,,,,,,,,,,,,,,,,,,,,,,,,,,,,,,
183.75,20.235494278725337,19.0376738435467,16.143593498692493,0.6850471695365635,,,,,,,,,,,,,,,,,,,,,,,,,,,,,,,,,,,,,,,,,,,,,,,,,,,,,,,,,,,,,,,,,,,,,,,,,,,,,,,,,,,,,,,,,,,,,,,,
184.0,20.22679454440117,19.0284558694695,16.135008960973824,0.6862321324116565,,,,,,,,,,,,,,,,,,,,,,,,,,,,,,,,,,,,,,,,,,,,,,,,,,,,,,,,,,,,,,,,,,,,,,,,,,,,,,,,,,,,,,,,,,,,,,,,
184.25,20.218080405870896,19.019221243466596,16.126409465466093,0.6874192273148387,,,,,,,,,,,,,,,,,,,,,,,,,,,,,,,,,,,,,,,,,,,,,,,,,,,,,,,,,,,,,,,,,,,,,,,,,,,,,,,,,,,,,,,,,,,,,,,,
184.5,20.209351776625333,19.00997014166321,16.117794895270812,0.688606341120677,,,,,,,,,,,,,,,,,,,,,,,,,,,,,,,,,,,,,,,,,,,,,,,,,,,,,,,,,,,,,,,,,,,,,,,,,,,,,,,,,,,,,,,,,,,,,,,,
184.75,20.200608564647688,19.000703620658065,16.109165163816826,0.6897866475464303,,,,,,,,,,,,,,,,,,,,,,,,,,,,,,,,,,,,,,,,,,,,,,,,,,,,,,,,,,,,,,,,,,,,,,,,,,,,,,,,,,,,,,,,,,,,,,,,
185.0,20.19185068456375,18.991421570764484,16.10052028559014,0.6909689212387106,,,,,,,,,,,,,,,,,,,,,,,,,,,,,,,,,,,,,,,,,,,,,,,,,,,,,,,,,,,,,,,,,,,,,,,,,,,,,,,,,,,,,,,,,,,,,,,,
185.25,20.183078076923955,18.98212388940923,16.09186032832772,0.6921531761919473,,,,,,,,,,,,,,,,,,,,,,,,,,,,,,,,,,,,,,,,,,,,,,,,,,,,,,,,,,,,,,,,,,,,,,,,,,,,,,,,,,,,,,,,,,,,,,,,
185.5,20.17429070592316,18.972810044124103,16.08318534046244,0.6933348374348033,,,,,,,,,,,,,,,,,,,,,,,,,,,,,,,,,,,,,,,,,,,,,,,,,,,,,,,,,,,,,,,,,,,,,,,,,,,,,,,,,,,,,,,,,,,,,,,,
185.75,20.165488544470215,18.96347933063038,16.07449531087101,0.6945121244458834,,,,,,,,,,,,,,,,,,,,,,,,,,,,,,,,,,,,,,,,,,,,,,,,,,,,,,,,,,,,,,,,,,,,,,,,,,,,,,,,,,,,,,,,,,,,,,,,
186.0,20.15667155680338,18.954131653945975,16.065790143367003,0.6956915436292586,,,,,,,,,,,,,,,,,,,,,,,,,,,,,,,,,,,,,,,,,,,,,,,,,,,,,,,,,,,,,,,,,,,,,,,,,,,,,,,,,,,,,,,,,,,,,,,,
186.25,20.147839685429126,18.944766914002376,16.05706970213956,0.6968731069908382,,,,,,,,,,,,,,,,,,,,,,,,,,,,,,,,,,,,,,,,,,,,,,,,,,,,,,,,,,,,,,,,,,,,,,,,,,,,,,,,,,,,,,,,,,,,,,,,
186.5,20.13899285400455,18.935385810379305,16.04833385799576,0.6980471889587802,,,,,,,,,,,,,,,,,,,,,,,,,,,,,,,,,,,,,,,,,,,,,,,,,,,,,,,,,,,,,,,,,,,,,,,,,,,,,,,,,,,,,,,,,,,,,,,,
186.75,20.130130978964726,18.925988344329014,16.03958254814994,0.699221995376674,,,,,,,,,,,,,,,,,,,,,,,,,,,,,,,,,,,,,,,,,,,,,,,,,,,,,,,,,,,,,,,,,,,,,,,,,,,,,,,,,,,,,,,,,,,,,,,,
187.0,20.121253987372747,18.91657440936407,16.030815761164558,0.7003988508801856,,,,,,,,,,,,,,,,,,,,,,,,,,,,,,,,,,,,,,,,,,,,,,,,,,,,,,,,,,,,,,,,,,,,,,,,,,,,,,,,,,,,,,,,,,,,,,,,
187.25,20.112361820982468,18.907143979501498,16.022033486335594,0.7015749649192619,,,,,,,,,,,,,,,,,,,,,,,,,,,,,,,,,,,,,,,,,,,,,,,,,,,,,,,,,,,,,,,,,,,,,,,,,,,,,,,,,,,,,,,,,,,,,,,,
187.5,20.10345442965327,18.89769717864268,16.01323570707101,0.7027450473198728,,,,,,,,,,,,,,,,,,,,,,,,,,,,,,,,,,,,,,,,,,,,,,,,,,,,,,,,,,,,,,,,,,,,,,,,,,,,,,,,,,,,,,,,,,,,,,,,
187.75,20.094531767581227,18.888233899977386,16.004422414540304,0.7039171609549943,,,,,,,,,,,,,,,,,,,,,,,,,,,,,,,,,,,,,,,,,,,,,,,,,,,,,,,,,,,,,,,,,,,,,,,,,,,,,,,,,,,,,,,,,,,,,,,,
188.0,20.08559379369652,18.87875403806975,15.99559359916825,0.7050913190771265,,,,,,,,,,,,,,,,,,,,,,,,,,,,,,,,,,,,,,,,,,,,,,,,,,,,,,,,,,,,,,,,,,,,,,,,,,,,,,,,,,,,,,,,,,,,,,,,
188.25,20.076640469487895,18.869258120705663,15.986749242428926,0.7062604188160819,,,,,,,,,,,,,,,,,,,,,,,,,,,,,,,,,,,,,,,,,,,,,,,,,,,,,,,,,,,,,,,,,,,,,,,,,,,,,,,,,,,,,,,,,,,,,,,,
188.5,20.067671758215674,18.859746367312034,15.977889361194816,0.707427808002263,,,,,,,,,,,,,,,,,,,,,,,,,,,,,,,,,,,,,,,,,,,,,,,,,,,,,,,,,,,,,,,,,,,,,,,,,,,,,,,,,,,,,,,,,,,,,,,,
188.75,20.05868763389869,18.850218669139416,15.969014014964365,0.7085971440050526,,,,,,,,,,,,,,,,,,,,,,,,,,,,,,,,,,,,,,,,,,,,,,,,,,,,,,,,,,,,,,,,,,,,,,,,,,,,,,,,,,,,,,,,,,,,,,,,
189.0,20.0496880853269,18.840674920811058,15.960123262326809,0.7097684401936626,,,,,,,,,,,,,,,,,,,,,,,,,,,,,,,,,,,,,,,,,,,,,,,,,,,,,,,,,,,,,,,,,,,,,,,,,,,,,,,,,,,,,,,,,,,,,,,,
189.25,20.040673109336307,18.831114109062405,15.951217133820608,0.7109312548855781,,,,,,,,,,,,,,,,,,,,,,,,,,,,,,,,,,,,,,,,,,,,,,,,,,,,,,,,,,,,,,,,,,,,,,,,,,,,,,,,,,,,,,,,,,,,,,,,
189.5,20.031642699702367,18.821536115802388,15.94229557188615,0.7120959029973696,,,,,,,,,,,,,,,,,,,,,,,,,,,,,,,,,,,,,,,,,,,,,,,,,,,,,,,,,,,,,,,,,,,,,,,,,,,,,,,,,,,,,,,,,,,,,,,,
189.75,20.02259682932583,18.81194083849553,15.933358457541672,0.7132626440710658,,,,,,,,,,,,,,,,,,,,,,,,,,,,,,,,,,,,,,,,,,,,,,,,,,,,,,,,,,,,,,,,,,,,,,,,,,,,,,,,,,,,,,,,,,,,,,,,
190.0,20.013535448501983,18.8023287458382,15.924405670387234,0.7144259179189352,,,,,,,,,,,,,,,,,,,,,,,,,,,,,,,,,,,,,,,,,,,,,,,,,,,,,,,,,,,,,,,,,,,,,,,,,,,,,,,,,,,,,,,,,,,,,,,,
190.25,20.004458495863506,18.792700244256924,15.915437140011614,0.7155862250607362,,,,,,,,,,,,,,,,,,,,,,,,,,,,,,,,,,,,,,,,,,,,,,,,,,,,,,,,,,,,,,,,,,,,,,,,,,,,,,,,,,,,,,,,,,,,,,,,
190.5,19.99536591530065,18.78305522142258,15.906452864989646,0.7167485129774134,,,,,,,,,,,,,,,,,,,,,,,,,,,,,,,,,,,,,,,,,,,,,,,,,,,,,,,,,,,,,,,,,,,,,,,,,,,,,,,,,,,,,,,,,,,,,,,,
190.75,19.98625766681006,18.773393568795345,15.897452864570331,0.7179127952285828,,,,,,,,,,,,,,,,,,,,,,,,,,,,,,,,,,,,,,,,,,,,,,,,,,,,,,,,,,,,,,,,,,,,,,,,,,,,,,,,,,,,,,,,,,,,,,,,
191.0,19.977133722107517,18.763714236597064,15.888437138203694,0.7190687013985866,,,,,,,,,,,,,,,,,,,,,,,,,,,,,,,,,,,,,,,,,,,,,,,,,,,,,,,,,,,,,,,,,,,,,,,,,,,,,,,,,,,,,,,,,,,,,,,,
191.25,19.967994052631703,18.75401711934012,15.879405599916305,0.7202266629293089,,,,,,,,,,,,,,,,,,,,,,,,,,,,,,,,,,,,,,,,,,,,,,,,,,,,,,,,,,,,,,,,,,,,,,,,,,,,,,,,,,,,,,,,,,,,,,,,
191.5,19.95883861049999,18.744302110390297,15.870358105593498,0.7213867521288964,,,,,,,,,,,,,,,,,,,,,,,,,,,,,,,,,,,,,,,,,,,,,,,,,,,,,,,,,,,,,,,,,,,,,,,,,,,,,,,,,,,,,,,,,,,,,,,,
191.75,19.949667326567933,18.734570842513236,15.861294520357108,0.722541889862456,,,,,,,,,,,,,,,,,,,,,,,,,,,,,,,,,,,,,,,,,,,,,,,,,,,,,,,,,,,,,,,,,,,,,,,,,,,,,,,,,,,,,,,,,,,,,,,,
192.0,19.940480126060326,18.724823979842434,15.852214847957784,0.7236957608739343,,,,,,,,,,,,,,,,,,,,,,,,,,,,,,,,,,,,,,,,,,,,,,,,,,,,,,,,,,,,,,,,,,,,,,,,,,,,,,,,,,,,,,,,,,,,,,,,
192.25,19.931276963989085,18.715061401456968,15.843119236192448,0.7248514810155212,,,,,,,,,,,,,,,,,,,,,,,,,,,,,,,,,,,,,,,,,,,,,,,,,,,,,,,,,,,,,,,,,,,,,,,,,,,,,,,,,,,,,,,,,,,,,,,,
192.5,19.922057839596217,18.705282982951424,15.834007853512416,0.7260080929009934,,,,,,,,,,,,,,,,,,,,,,,,,,,,,,,,,,,,,,,,,,,,,,,,,,,,,,,,,,,,,,,,,,,,,,,,,,,,,,,,,,,,,,,,,,,,,,,,
192.75,19.912822780018196,18.69548850123706,15.824880828681623,0.7271574312044574,,,,,,,,,,,,,,,,,,,,,,,,,,,,,,,,,,,,,,,,,,,,,,,,,,,,,,,,,,,,,,,,,,,,,,,,,,,,,,,,,,,,,,,,,,,,,,,,
193.0,19.90357182091328,18.685677850574052,15.815738241831033,0.7283086575495471,,,,,,,,,,,,,,,,,,,,,,,,,,,,,,,,,,,,,,,,,,,,,,,,,,,,,,,,,,,,,,,,,,,,,,,,,,,,,,,,,,,,,,,,,,,,,,,,
193.25,19.894304994379574,18.675850925689264,15.806580135283184,0.729461784364738,,,,,,,,,,,,,,,,,,,,,,,,,,,,,,,,,,,,,,,,,,,,,,,,,,,,,,,,,,,,,,,,,,,,,,,,,,,,,,,,,,,,,,,,,,,,,,,,
193.5,19.885022324454162,18.666007102619712,15.797406523908759,0.7306106073736947,,,,,,,,,,,,,,,,,,,,,,,,,,,,,,,,,,,,,,,,,,,,,,,,,,,,,,,,,,,,,,,,,,,,,,,,,,,,,,,,,,,,,,,,,,,,,,,,
193.75,19.875723824488325,18.65614596897958,15.788217364841243,0.731757681213461,,,,,,,,,,,,,,,,,,,,,,,,,,,,,,,,,,,,,,,,,,,,,,,,,,,,,,,,,,,,,,,,,,,,,,,,,,,,,,,,,,,,,,,,,,,,,,,,
194.0,19.86640948845078,18.64626742373951,15.779012554204968,0.7329067722067787,,,,,,,,,,,,,,,,,,,,,,,,,,,,,,,,,,,,,,,,,,,,,,,,,,,,,,,,,,,,,,,,,,,,,,,,,,,,,,,,,,,,,,,,,,,,,,,,
194.25,19.857079286946476,18.636372337247252,15.769791973678013,0.7340542118853353,,,,,,,,,,,,,,,,,,,,,,,,,,,,,,,,,,,,,,,,,,,,,,,,,,,,,,,,,,,,,,,,,,,,,,,,,,,,,,,,,,,,,,,,,,,,,,,,
194.5,19.847733177017346,18.62646220887529,15.760555588155338,0.7351975029665494,,,,,,,,,,,,,,,,,,,,,,,,,,,,,,,,,,,,,,,,,,,,,,,,,,,,,,,,,,,,,,,,,,,,,,,,,,,,,,,,,,,,,,,,,,,,,,,,
194.75,19.83837113029952,18.616536914563625,15.751303529389888,0.7363425320059842,,,,,,,,,,,,,,,,,,,,,,,,,,,,,,,,,,,,,,,,,,,,,,,,,,,,,,,,,,,,,,,,,,,,,,,,,,,,,,,,,,,,,,,,,,,,,,,,
195.0,19.828993161142584,18.606596343256346,15.74203599566857,0.7374893133376916,,,,,,,,,,,,,,,,,,,,,,,,,,,,,,,,,,,,,,,,,,,,,,,,,,,,,,,,,,,,,,,,,,,,,,,,,,,,,,,,,,,,,,,,,,,,,,,,
195.25,19.81959931844905,18.596640354078716,15.732753150573346,0.7386297902723553,,,,,,,,,,,,,,,,,,,,,,,,,,,,,,,,,,,,,,,,,,,,,,,,,,,,,,,,,,,,,,,,,,,,,,,,,,,,,,,,,,,,,,,,,,,,,,,,
195.5,19.810189663968437,18.586668837458348,15.723455111380103,0.7397705579971872,,,,,,,,,,,,,,,,,,,,,,,,,,,,,,,,,,,,,,,,,,,,,,,,,,,,,,,,,,,,,,,,,,,,,,,,,,,,,,,,,,,,,,,,,,,,,,,,
195.75,19.800764258623175,18.57668169183352,15.714141956470987,0.7409131048727603,,,,,,,,,,,,,,,,,,,,,,,,,,,,,,,,,,,,,,,,,,,,,,,,,,,,,,,,,,,,,,,,,,,,,,,,,,,,,,,,,,,,,,,,,,,,,,,,
196.0,19.79132315640368,18.566679349684215,15.704813737956293,0.7420534103169244,,,,,,,,,,,,,,,,,,,,,,,,,,,,,,,,,,,,,,,,,,,,,,,,,,,,,,,,,,,,,,,,,,,,,,,,,,,,,,,,,,,,,,,,,,,,,,,,
196.25,19.78186640449748,18.556662409303982,15.695470527643844,0.7431901495295199,,,,,,,,,,,,,,,,,,,,,,,,,,,,,,,,,,,,,,,,,,,,,,,,,,,,,,,,,,,,,,,,,,,,,,,,,,,,,,,,,,,,,,,,,,,,,,,,
196.5,19.77239405372163,18.546630763180904,15.686112454099412,0.7443285477916939,,,,,,,,,,,,,,,,,,,,,,,,,,,,,,,,,,,,,,,,,,,,,,,,,,,,,,,,,,,,,,,,,,,,,,,,,,,,,,,,,,,,,,,,,,,,,,,,
196.75,19.762906169165422,18.536584310741315,15.676739656714789,0.7454686173218863,,,,,,,,,,,,,,,,,,,,,,,,,,,,,,,,,,,,,,,,,,,,,,,,,,,,,,,,,,,,,,,,,,,,,,,,,,,,,,,,,,,,,,,,,,,,,,,,
197.0,19.753402825162663,18.526524057063384,15.667352250616338,0.7466018292457514,,,,,,,,,,,,,,,,,,,,,,,,,,,,,,,,,,,,,,,,,,,,,,,,,,,,,,,,,,,,,,,,,,,,,,,,,,,,,,,,,,,,,,,,,,,,,,,,
197.25,19.74388409969873,18.516449968851486,15.657950399018029,0.7477360250044439,,,,,,,,,,,,,,,,,,,,,,,,,,,,,,,,,,,,,,,,,,,,,,,,,,,,,,,,,,,,,,,,,,,,,,,,,,,,,,,,,,,,,,,,,,,,,,,,
197.5,19.7343500855146,18.50636194726034,15.648534294210489,0.7488717804722901,,,,,,,,,,,,,,,,,,,,,,,,,,,,,,,,,,,,,,,,,,,,,,,,,,,,,,,,,,,,,,,,,,,,,,,,,,,,,,,,,,,,,,,,,,,,,,,,
197.75,19.724800888490755,18.49625924378312,15.639104093393442,0.7500059060973704,,,,,,,,,,,,,,,,,,,,,,,,,,,,,,,,,,,,,,,,,,,,,,,,,,,,,,,,,,,,,,,,,,,,,,,,,,,,,,,,,,,,,,,,,,,,,,,,
198.0,19.715236613249036,18.48614060816932,15.629659861018705,0.7511359994746084,,,,,,,,,,,,,,,,,,,,,,,,,,,,,,,,,,,,,,,,,,,,,,,,,,,,,,,,,,,,,,,,,,,,,,,,,,,,,,,,,,,,,,,,,,,,,,,,
198.25,19.7056573408421,18.47600596508755,15.62020151471409,0.7522678750284759,,,,,,,,,,,,,,,,,,,,,,,,,,,,,,,,,,,,,,,,,,,,,,,,,,,,,,,,,,,,,,,,,,,,,,,,,,,,,,,,,,,,,,,,,,,,,,,,
198.5,19.696063108022866,18.465855494313296,15.610728901736001,0.7533998411985662,,,,,,,,,,,,,,,,,,,,,,,,,,,,,,,,,,,,,,,,,,,,,,,,,,,,,,,,,,,,,,,,,,,,,,,,,,,,,,,,,,,,,,,,,,,,,,,,
198.75,19.686453914162353,18.455690189356265,15.601241899329706,0.7545266242050113,,,,,,,,,,,,,,,,,,,,,,,,,,,,,,,,,,,,,,,,,,,,,,,,,,,,,,,,,,,,,,,,,,,,,,,,,,,,,,,,,,,,,,,,,,,,,,,,
199.0,19.676829745512258,18.445509948879096,15.591740489510268,0.7556550539237558,,,,,,,,,,,,,,,,,,,,,,,,,,,,,,,,,,,,,,,,,,,,,,,,,,,,,,,,,,,,,,,,,,,,,,,,,,,,,,,,,,,,,,,,,,,,,,,,
199.25,19.66719060152391,18.435314678920438,15.58222471287085,0.7567851416040527,,,,,,,,,,,,,,,,,,,,,,,,,,,,,,,,,,,,,,,,,,,,,,,,,,,,,,,,,,,,,,,,,,,,,,,,,,,,,,,,,,,,,,,,,,,,,,,,
199.5,19.657536497084944,18.425106092948386,15.572694611699038,0.7579089040700374,,,,,,,,,,,,,,,,,,,,,,,,,,,,,,,,,,,,,,,,,,,,,,,,,,,,,,,,,,,,,,,,,,,,,,,,,,,,,,,,,,,,,,,,,,,,,,,,
199.75,19.647867459616464,18.41488417541427,15.563150340867649,0.7590337128521331,,,,,,,,,,,,,,,,,,,,,,,,,,,,,,,,,,,,,,,,,,,,,,,,,,,,,,,,,,,,,,,,,,,,,,,,,,,,,,,,,,,,,,,,,,,,,,,,
200.0,19.63818354975573,18.40464882843347,15.553592128210251,0.7601599905407093,,,,,,,,,,,,,,,,,,,,,,,,,,,,,,,,,,,,,,,,,,,,,,,,,,,,,,,,,,,,,,,,,,,,,,,,,,,,,,,,,,,,,,,,,,,,,,,,
200.25,19.628484859083482,18.39439969118963,15.54402016951667,0.7612834771145144,,,,,,,,,,,,,,,,,,,,,,,,,,,,,,,,,,,,,,,,,,,,,,,,,,,,,,,,,,,,,,,,,,,,,,,,,,,,,,,,,,,,,,,,,,,,,,,,
200.5,19.618771489707694,18.384136431921505,15.534434594187447,0.762404574035945,,,,,,,,,,,,,,,,,,,,,,,,,,,,,,,,,,,,,,,,,,,,,,,,,,,,,,,,,,,,,,,,,,,,,,,,,,,,,,,,,,,,,,,,,,,,,,,,
200.75,19.60904353615926,18.373858968885802,15.524835462418789,0.7635272156881734,,,,,,,,,,,,,,,,,,,,,,,,,,,,,,,,,,,,,,,,,,,,,,,,,,,,,,,,,,,,,,,,,,,,,,,,,,,,,,,,,,,,,,,,,,,,,,,,
201.0,19.599301075663362,18.363567940056672,15.515222799119869,0.7646489873164557,,,,,,,,,,,,,,,,,,,,,,,,,,,,,,,,,,,,,,,,,,,,,,,,,,,,,,,,,,,,,,,,,,,,,,,,,,,,,,,,,,,,,,,,,,,,,,,,
201.25,19.589544171477165,18.35326489877993,15.505596673333883,0.7657667257199197,,,,,,,,,,,,,,,,,,,,,,,,,,,,,,,,,,,,,,,,,,,,,,,,,,,,,,,,,,,,,,,,,,,,,,,,,,,,,,,,,,,,,,,,,,,,,,,,
201.5,19.57977289385681,18.342949739676687,15.49595729362675,0.7668857688300595,,,,,,,,,,,,,,,,,,,,,,,,,,,,,,,,,,,,,,,,,,,,,,,,,,,,,,,,,,,,,,,,,,,,,,,,,,,,,,,,,,,,,,,,,,,,,,,,
201.75,19.569987347064625,18.332622372192926,15.486304925232712,0.7680061280923813,,,,,,,,,,,,,,,,,,,,,,,,,,,,,,,,,,,,,,,,,,,,,,,,,,,,,,,,,,,,,,,,,,,,,,,,,,,,,,,,,,,,,,,,,,,,,,,,
202.0,19.560187663250044,18.322282822974415,15.476639792799242,0.7691215707611396,,,,,,,,,,,,,,,,,,,,,,,,,,,,,,,,,,,,,,,,,,,,,,,,,,,,,,,,,,,,,,,,,,,,,,,,,,,,,,,,,,,,,,,,,,,,,,,,
202.25,19.550373982750287,18.311931035924033,15.46696208003143,0.7702368745995393,,,,,,,,,,,,,,,,,,,,,,,,,,,,,,,,,,,,,,,,,,,,,,,,,,,,,,,,,,,,,,,,,,,,,,,,,,,,,,,,,,,,,,,,,,,,,,,,
202.5,19.540546443600636,18.301566932343547,15.457271936385101,0.7713534985052427,,,,,,,,,,,,,,,,,,,,,,,,,,,,,,,,,,,,,,,,,,,,,,,,,,,,,,,,,,,,,,,,,,,,,,,,,,,,,,,,,,,,,,,,,,,,,,,,
202.75,19.53070517644453,18.291190709416757,15.447569479731314,0.7724682618702052,,,,,,,,,,,,,,,,,,,,,,,,,,,,,,,,,,,,,,,,,,,,,,,,,,,,,,,,,,,,,,,,,,,,,,,,,,,,,,,,,,,,,,,,,,,,,,,,
203.0,19.520850302573663,18.28080265656911,15.4378548208601,0.7735800570852805,,,,,,,,,,,,,,,,,,,,,,,,,,,,,,,,,,,,,,,,,,,,,,,,,,,,,,,,,,,,,,,,,,,,,,,,,,,,,,,,,,,,,,,,,,,,,,,,
203.25,19.51098193817035,18.27040269513191,15.428128085711498,0.7746931198569121,,,,,,,,,,,,,,,,,,,,,,,,,,,,,,,,,,,,,,,,,,,,,,,,,,,,,,,,,,,,,,,,,,,,,,,,,,,,,,,,,,,,,,,,,,,,,,,,
203.5,19.501100199581053,18.259990727195813,15.41838939420213,0.7758070438718788,,,,,,,,,,,,,,,,,,,,,,,,,,,,,,,,,,,,,,,,,,,,,,,,,,,,,,,,,,,,,,,,,,,,,,,,,,,,,,,,,,,,,,,,,,,,,,,,
203.75,19.491205200799705,18.24956628387618,15.40863883693622,0.776915439489575,,,,,,,,,,,,,,,,,,,,,,,,,,,,,,,,,,,,,,,,,,,,,,,,,,,,,,,,,,,,,,,,,,,,,,,,,,,,,,,,,,,,,,,,,,,,,,,,
204.0,19.48129704674278,18.239129301308395,15.398876450649231,0.7780251631617296,,,,,,,,,,,,,,,,,,,,,,,,,,,,,,,,,,,,,,,,,,,,,,,,,,,,,,,,,,,,,,,,,,,,,,,,,,,,,,,,,,,,,,,,,,,,,,,,
204.25,19.471375824814032,18.228679713943436,15.38910223429381,0.7791362216869867,,,,,,,,,,,,,,,,,,,,,,,,,,,,,,,,,,,,,,,,,,,,,,,,,,,,,,,,,,,,,,,,,,,,,,,,,,,,,,,,,,,,,,,,,,,,,,,,
204.5,19.46144160455654,18.218218029298356,15.37931617903571,0.780242374603987,,,,,,,,,,,,,,,,,,,,,,,,,,,,,,,,,,,,,,,,,,,,,,,,,,,,,,,,,,,,,,,,,,,,,,,,,,,,,,,,,,,,,,,,,,,,,,,,
204.75,19.451494444197554,18.20774424413328,15.36951831199448,0.781349050239036,,,,,,,,,,,,,,,,,,,,,,,,,,,,,,,,,,,,,,,,,,,,,,,,,,,,,,,,,,,,,,,,,,,,,,,,,,,,,,,,,,,,,,,,,,,,,,,,
205.0,19.441534402646734,18.197258289267147,15.359708686744202,0.7824570059117755,,,,,,,,,,,,,,,,,,,,,,,,,,,,,,,,,,,,,,,,,,,,,,,,,,,,,,,,,,,,,,,,,,,,,,,,,,,,,,,,,,,,,,,,,,,,,,,,
205.25,19.43156154227439,18.186761343558125,15.349887356156918,0.7835612399087459,,,,,,,,,,,,,,,,,,,,,,,,,,,,,,,,,,,,,,,,,,,,,,,,,,,,,,,,,,,,,,,,,,,,,,,,,,,,,,,,,,,,,,,,,,,,,,,,
205.5,19.421575929270098,18.17625376738415,15.340054449597856,0.784664853869086,,,,,,,,,,,,,,,,,,,,,,,,,,,,,,,,,,,,,,,,,,,,,,,,,,,,,,,,,,,,,,,,,,,,,,,,,,,,,,,,,,,,,,,,,,,,,,,,
205.75,19.41157765032223,18.165735482344903,15.330210170495194,0.7857695854811556,,,,,,,,,,,,,,,,,,,,,,,,,,,,,,,,,,,,,,,,,,,,,,,,,,,,,,,,,,,,,,,,,,,,,,,,,,,,,,,,,,,,,,,,,,,,,,,,
206.0,19.40156681714182,18.155206451001394,15.32035471566018,0.7868727789182473,,,,,,,,,,,,,,,,,,,,,,,,,,,,,,,,,,,,,,,,,,,,,,,,,,,,,,,,,,,,,,,,,,,,,,,,,,,,,,,,,,,,,,,,,,,,,,,,
206.25,19.391543553460995,18.144666655149503,15.310488246114291,0.7879731887071952,,,,,,,,,,,,,,,,,,,,,,,,,,,,,,,,,,,,,,,,,,,,,,,,,,,,,,,,,,,,,,,,,,,,,,,,,,,,,,,,,,,,,,,,,,,,,,,,
206.5,19.381507983180803,18.134116030152956,15.300610891671822,0.7890747235161009,,,,,,,,,,,,,,,,,,,,,,,,,,,,,,,,,,,,,,,,,,,,,,,,,,,,,,,,,,,,,,,,,,,,,,,,,,,,,,,,,,,,,,,,,,,,,,,,
206.75,19.371460224617348,18.123554614537934,15.290722755044353,0.7901762520016637,,,,,,,,,,,,,,,,,,,,,,,,,,,,,,,,,,,,,,,,,,,,,,,,,,,,,,,,,,,,,,,,,,,,,,,,,,,,,,,,,,,,,,,,,,,,,,,,
207.0,19.361400387976524,18.11298281077144,15.280823924006699,0.7912736662261098,,,,,,,,,,,,,,,,,,,,,,,,,,,,,,,,,,,,,,,,,,,,,,,,,,,,,,,,,,,,,,,,,,,,,,,,,,,,,,,,,,,,,,,,,,,,,,,,
207.25,19.351328577292865,18.102400552832048,15.270914503709575,0.7923721598612715,,,,,,,,,,,,,,,,,,,,,,,,,,,,,,,,,,,,,,,,,,,,,,,,,,,,,,,,,,,,,,,,,,,,,,,,,,,,,,,,,,,,,,,,,,,,,,,,
207.5,19.341244897046494,18.091807779936065,15.260994602426544,0.7934717397672956,,,,,,,,,,,,,,,,,,,,,,,,,,,,,,,,,,,,,,,,,,,,,,,,,,,,,,,,,,,,,,,,,,,,,,,,,,,,,,,,,,,,,,,,,,,,,,,,
207.75,19.33114945135874,18.08120581509513,15.251064315229414,0.7945664525275973,,,,,,,,,,,,,,,,,,,,,,,,,,,,,,,,,,,,,,,,,,,,,,,,,,,,,,,,,,,,,,,,,,,,,,,,,,,,,,,,,,,,,,,,,,,,,,,,
208.0,19.321042344719242,18.070594635174334,15.241123814850472,0.795661880811844,,,,,,,,,,,,,,,,,,,,,,,,,,,,,,,,,,,,,,,,,,,,,,,,,,,,,,,,,,,,,,,,,,,,,,,,,,,,,,,,,,,,,,,,,,,,,,,,
208.25,19.31092370006187,18.059974174187904,15.231173322036533,0.7967582612270661,,,,,,,,,,,,,,,,,,,,,,,,,,,,,,,,,,,,,,,,,,,,,,,,,,,,,,,,,,,,,,,,,,,,,,,,,,,,,,,,,,,,,,,,,,,,,,,,
208.5,19.30079365811308,18.049344147582307,15.221213026925547,0.7978521879367899,,,,,,,,,,,,,,,,,,,,,,,,,,,,,,,,,,,,,,,,,,,,,,,,,,,,,,,,,,,,,,,,,,,,,,,,,,,,,,,,,,,,,,,,,,,,,,,,
208.75,19.29065236256453,18.038704330625702,15.211243063736807,0.798944495462295,,,,,,,,,,,,,,,,,,,,,,,,,,,,,,,,,,,,,,,,,,,,,,,,,,,,,,,,,,,,,,,,,,,,,,,,,,,,,,,,,,,,,,,,,,,,,,,,
209.0,19.280499946809368,18.028054673699724,15.201263511164367,0.8000378090129474,,,,,,,,,,,,,,,,,,,,,,,,,,,,,,,,,,,,,,,,,,,,,,,,,,,,,,,,,,,,,,,,,,,,,,,,,,,,,,,,,,,,,,,,,,,,,,,,
209.25,19.270336527331388,18.017395114423234,15.191274416196812,0.8011299651848284,,,,,,,,,,,,,,,,,,,,,,,,,,,,,,,,,,,,,,,,,,,,,,,,,,,,,,,,,,,,,,,,,,,,,,,,,,,,,,,,,,,,,,,,,,,,,,,,
209.5,19.260162204577526,18.006725582392306,15.181275809748643,0.8022194484907939,,,,,,,,,,,,,,,,,,,,,,,,,,,,,,,,,,,,,,,,,,,,,,,,,,,,,,,,,,,,,,,,,,,,,,,,,,,,,,,,,,,,,,,,,,,,,,,,
209.75,19.249977065758983,17.99604603033879,15.17126771017639,0.8033099510836916,,,,,,,,,,,,,,,,,,,,,,,,,,,,,,,,,,,,,,,,,,,,,,,,,,,,,,,,,,,,,,,,,,,,,,,,,,,,,,,,,,,,,,,,,,,,,,,,
210.0,19.23978118680205,17.98535665935155,15.161250127984944,0.8043998976514444,,,,,,,,,,,,,,,,,,,,,,,,,,,,,,,,,,,,,,,,,,,,,,,,,,,,,,,,,,,,,,,,,,,,,,,,,,,,,,,,,,,,,,,,,,,,,,,,
210.25,19.22957463497066,17.974658069603766,15.151223088502151,0.8054867099485644,,,,,,,,,,,,,,,,,,,,,,,,,,,,,,,,,,,,,,,,,,,,,,,,,,,,,,,,,,,,,,,,,,,,,,,,,,,,,,,,,,,,,,,,,,,,,,,,
210.5,19.21935747646695,17.96395020334758,15.141186669181744,0.8065744595377228,,,,,,,,,,,,,,,,,,,,,,,,,,,,,,,,,,,,,,,,,,,,,,,,,,,,,,,,,,,,,,,,,,,,,,,,,,,,,,,,,,,,,,,,,,,,,,,,
210.75,19.209129786985343,17.953233088767206,15.131140969303724,0.8076626048779618,,,,,,,,,,,,,,,,,,,,,,,,,,,,,,,,,,,,,,,,,,,,,,,,,,,,,,,,,,,,,,,,,,,,,,,,,,,,,,,,,,,,,,,,,,,,,,,,
211.0,19.1988916500456,17.942507409400513,15.121086081102119,0.8087466495313447,,,,,,,,,,,,,,,,,,,,,,,,,,,,,,,,,,,,,,,,,,,,,,,,,,,,,,,,,,,,,,,,,,,,,,,,,,,,,,,,,,,,,,,,,,,,,,,,
211.25,19.18864315350997,17.9317731059671,15.111022132779794,0.8098315605196675,,,,,,,,,,,,,,,,,,,,,,,,,,,,,,,,,,,,,,,,,,,,,,,,,,,,,,,,,,,,,,,,,,,,,,,,,,,,,,,,,,,,,,,,,,,,,,,,
211.5,19.178384395923477,17.921030126804006,15.10094926756101,0.81091734383919,,,,,,,,,,,,,,,,,,,,,,,,,,,,,,,,,,,,,,,,,,,,,,,,,,,,,,,,,,,,,,,,,,,,,,,,,,,,,,,,,,,,,,,,,,,,,,,,
211.75,19.168115483505453,17.910277945291103,15.09086760166869,0.8119994330771977,,,,,,,,,,,,,,,,,,,,,,,,,,,,,,,,,,,,,,,,,,,,,,,,,,,,,,,,,,,,,,,,,,,,,,,,,,,,,,,,,,,,,,,,,,,,,,,,
212.0,19.157836519809063,17.89951642861934,15.080777190373912,0.8130815447584325,,,,,,,,,,,,,,,,,,,,,,,,,,,,,,,,,,,,,,,,,,,,,,,,,,,,,,,,,,,,,,,,,,,,,,,,,,,,,,,,,,,,,,,,,,,,,,,,
212.25,19.14754759324193,17.8887455383449,15.070678038929561,0.8141645959405899,,,,,,,,,,,,,,,,,,,,,,,,,,,,,,,,,,,,,,,,,,,,,,,,,,,,,,,,,,,,,,,,,,,,,,,,,,,,,,,,,,,,,,,,,,,,,,,,
212.5,19.13724877382176,17.877966119274245,15.060570141827375,0.8152444644589224,,,,,,,,,,,,,,,,,,,,,,,,,,,,,,,,,,,,,,,,,,,,,,,,,,,,,,,,,,,,,,,,,,,,,,,,,,,,,,,,,,,,,,,,,,,,,,,,
212.75,19.126940120977753,17.867178387909966,15.050453554415697,0.8163239292123889,,,,,,,,,,,,,,,,,,,,,,,,,,,,,,,,,,,,,,,,,,,,,,,,,,,,,,,,,,,,,,,,,,,,,,,,,,,,,,,,,,,,,,,,,,,,,,,,
213.0,19.116621701982982,17.856382293378292,15.040328389046621,0.8174042263695247,,,,,,,,,,,,,,,,,,,,,,,,,,,,,,,,,,,,,,,,,,,,,,,,,,,,,,,,,,,,,,,,,,,,,,,,,,,,,,,,,,,,,,,,,,,,,,,,
213.25,19.10629359813929,17.845577440542403,15.0301947554841,0.8184825970781305,,,,,,,,,,,,,,,,,,,,,,,,,,,,,,,,,,,,,,,,,,,,,,,,,,,,,,,,,,,,,,,,,,,,,,,,,,,,,,,,,,,,,,,,,,,,,,,,
213.5,19.09595589582502,17.834763469180732,15.020052714840876,0.8195592927461217,,,,,,,,,,,,,,,,,,,,,,,,,,,,,,,,,,,,,,,,,,,,,,,,,,,,,,,,,,,,,,,,,,,,,,,,,,,,,,,,,,,,,,,,,,,,,,,,
213.75,19.08560867237652,17.82394034654194,15.009902268461534,0.8206368970685256,,,,,,,,,,,,,,,,,,,,,,,,,,,,,,,,,,,,,,,,,,,,,,,,,,,,,,,,,,,,,,,,,,,,,,,,,,,,,,,,,,,,,,,,,,,,,,,,
214.0,19.07525198749209,17.813108320454162,14.999743391940871,0.8217129537474386,,,,,,,,,,,,,,,,,,,,,,,,,,,,,,,,,,,,,,,,,,,,,,,,,,,,,,,,,,,,,,,,,,,,,,,,,,,,,,,,,,,,,,,,,,,,,,,,
214.25,19.064885886449336,17.80226767390011,14.989576079724909,0.8227870916251626,,,,,,,,,,,,,,,,,,,,,,,,,,,,,,,,,,,,,,,,,,,,,,,,,,,,,,,,,,,,,,,,,,,,,,,,,,,,,,,,,,,,,,,,,,,,,,,,
214.5,19.0545104107395,17.791418363546185,14.979400362618092,0.8238620843355168,,,,,,,,,,,,,,,,,,,,,,,,,,,,,,,,,,,,,,,,,,,,,,,,,,,,,,,,,,,,,,,,,,,,,,,,,,,,,,,,,,,,,,,,,,,,,,,,
214.75,19.04412560611151,17.780560520077135,14.969216283982911,0.8249362091019613,,,,,,,,,,,,,,,,,,,,,,,,,,,,,,,,,,,,,,,,,,,,,,,,,,,,,,,,,,,,,,,,,,,,,,,,,,,,,,,,,,,,,,,,,,,,,,,,
215.0,19.033731522108447,17.769694449272478,14.959023892154887,0.826007671434652,,,,,,,,,,,,,,,,,,,,,,,,,,,,,,,,,,,,,,,,,,,,,,,,,,,,,,,,,,,,,,,,,,,,,,,,,,,,,,,,,,,,,,,,,,,,,,,,
215.25,19.023328211876184,17.758820106475767,14.948823257018743,0.8270799456486546,,,,,,,,,,,,,,,,,,,,,,,,,,,,,,,,,,,,,,,,,,,,,,,,,,,,,,,,,,,,,,,,,,,,,,,,,,,,,,,,,,,,,,,,,,,,,,,,
215.5,19.01291573485128,17.74793745607528,14.938614452712343,0.8281524697994846,,,,,,,,,,,,,,,,,,,,,,,,,,,,,,,,,,,,,,,,,,,,,,,,,,,,,,,,,,,,,,,,,,,,,,,,,,,,,,,,,,,,,,,,,,,,,,,,
215.75,19.002494153961717,17.73704649948184,14.928397538936384,0.8292211564100742,,,,,,,,,,,,,,,,,,,,,,,,,,,,,,,,,,,,,,,,,,,,,,,,,,,,,,,,,,,,,,,,,,,,,,,,,,,,,,,,,,,,,,,,,,,,,,,,
216.0,18.992063531014324,17.7261471989103,14.918172563060663,0.830290658696705,,,,,,,,,,,,,,,,,,,,,,,,,,,,,,,,,,,,,,,,,,,,,,,,,,,,,,,,,,,,,,,,,,,,,,,,,,,,,,,,,,,,,,,,,,,,,,,,
216.25,18.981623924572208,17.715239518010183,14.9079395614585,0.8313609803699138,,,,,,,,,,,,,,,,,,,,,,,,,,,,,,,,,,,,,,,,,,,,,,,,,,,,,,,,,,,,,,,,,,,,,,,,,,,,,,,,,,,,,,,,,,,,,,,,
216.5,18.971175388805314,17.704323020533444,14.89769855740805,0.8324274448054662,,,,,,,,,,,,,,,,,,,,,,,,,,,,,,,,,,,,,,,,,,,,,,,,,,,,,,,,,,,,,,,,,,,,,,,,,,,,,,,,,,,,,,,,,,,,,,,,
216.75,18.960717971228814,17.69339763162827,14.887449536289989,0.8334942207227288,,,,,,,,,,,,,,,,,,,,,,,,,,,,,,,,,,,,,,,,,,,,,,,,,,,,,,,,,,,,,,,,,,,,,,,,,,,,,,,,,,,,,,,,,,,,,,,,
217.0,18.95025170641905,17.682463321839304,14.877192454829302,0.8345618655232341,,,,,,,,,,,,,,,,,,,,,,,,,,,,,,,,,,,,,,,,,,,,,,,,,,,,,,,,,,,,,,,,,,,,,,,,,,,,,,,,,,,,,,,,,,,,,,,,
217.25,18.93977661562198,17.671519975116976,14.86692726613023,0.8356262720204725,,,,,,,,,,,,,,,,,,,,,,,,,,,,,,,,,,,,,,,,,,,,,,,,,,,,,,,,,,,,,,,,,,,,,,,,,,,,,,,,,,,,,,,,,,,,,,,,
217.5,18.929292710739198,17.660567537897926,14.856653920335892,0.8366904029064263,,,,,,,,,,,,,,,,,,,,,,,,,,,,,,,,,,,,,,,,,,,,,,,,,,,,,,,,,,,,,,,,,,,,,,,,,,,,,,,,,,,,,,,,,,,,,,,,
217.75,18.918799996387452,17.649605980174886,14.846372365326008,0.8377554177521572,,,,,,,,,,,,,,,,,,,,,,,,,,,,,,,,,,,,,,,,,,,,,,,,,,,,,,,,,,,,,,,,,,,,,,,,,,,,,,,,,,,,,,,,,,,,,,,,
218.0,18.908298471464388,17.638635477745662,14.836082552606847,0.8388177304854026,,,,,,,,,,,,,,,,,,,,,,,,,,,,,,,,,,,,,,,,,,,,,,,,,,,,,,,,,,,,,,,,,,,,,,,,,,,,,,,,,,,,,,,,,,,,,,,,
218.25,18.89778813180984,17.62765609595947,14.825784452623914,0.8398791770095333,,,,,,,,,,,,,,,,,,,,,,,,,,,,,,,,,,,,,,,,,,,,,,,,,,,,,,,,,,,,,,,,,,,,,,,,,,,,,,,,,,,,,,,,,,,,,,,,
218.5,18.88726897498767,17.616667800005107,14.81547805520472,0.8409414826522551,,,,,,,,,,,,,,,,,,,,,,,,,,,,,,,,,,,,,,,,,,,,,,,,,,,,,,,,,,,,,,,,,,,,,,,,,,,,,,,,,,,,,,,,,,,,,,,,
218.75,18.87674100240241,17.60567022854646,14.805163352519486,0.8420020324997771,,,,,,,,,,,,,,,,,,,,,,,,,,,,,,,,,,,,,,,,,,,,,,,,,,,,,,,,,,,,,,,,,,,,,,,,,,,,,,,,,,,,,,,,,,,,,,,,
219.0,18.866204216266144,17.594663005429425,14.794840307996232,0.8430606979151068,,,,,,,,,,,,,,,,,,,,,,,,,,,,,,,,,,,,,,,,,,,,,,,,,,,,,,,,,,,,,,,,,,,,,,,,,,,,,,,,,,,,,,,,,,,,,,,,
219.25,18.85565861122071,17.583646106842956,14.784508841683698,0.8441202924334643,,,,,,,,,,,,,,,,,,,,,,,,,,,,,,,,,,,,,,,,,,,,,,,,,,,,,,,,,,,,,,,,,,,,,,,,,,,,,,,,,,,,,,,,,,,,,,,,
219.5,18.84510416812686,17.572619397085507,14.774168858241712,0.845178647371262,,,,,,,,,,,,,,,,,,,,,,,,,,,,,,,,,,,,,,,,,,,,,,,,,,,,,,,,,,,,,,,,,,,,,,,,,,,,,,,,,,,,,,,,,,,,,,,,
219.75,18.834540856568616,17.5615826828484,14.76382026162229,0.8462346195100254,,,,,,,,,,,,,,,,,,,,,,,,,,,,,,,,,,,,,,,,,,,,,,,,,,,,,,,,,,,,,,,,,,,,,,,,,,,,,,,,,,,,,,,,,,,,,,,,
220.0,18.82396863808747,17.55053593776033,14.7534629489431,0.847291549727129,,,,,,,,,,,,,,,,,,,,,,,,,,,,,,,,,,,,,,,,,,,,,,,,,,,,,,,,,,,,,,,,,,,,,,,,,,,,,,,,,,,,,,,,,,,,,,,,
220.25,18.81338746706535,17.539479020765587,14.743096818720693,0.8483476801314751,,,,,,,,,,,,,,,,,,,,,,,,,,,,,,,,,,,,,,,,,,,,,,,,,,,,,,,,,,,,,,,,,,,,,,,,,,,,,,,,,,,,,,,,,,,,,,,,
220.5,18.80279729299856,17.528411657166654,14.732721770558399,0.849400926002601,,,,,,,,,,,,,,,,,,,,,,,,,,,,,,,,,,,,,,,,,,,,,,,,,,,,,,,,,,,,,,,,,,,,,,,,,,,,,,,,,,,,,,,,,,,,,,,,
220.75,18.79219806092087,17.51733382082932,14.722337691388166,0.8504551669831895,,,,,,,,,,,,,,,,,,,,,,,,,,,,,,,,,,,,,,,,,,,,,,,,,,,,,,,,,,,,,,,,,,,,,,,,,,,,,,,,,,,,,,,,,,,,,,,,
221.0,18.781589709480567,17.50624537955837,14.711944465892543,0.8515090192365624,,,,,,,,,,,,,,,,,,,,,,,,,,,,,,,,,,,,,,,,,,,,,,,,,,,,,,,,,,,,,,,,,,,,,,,,,,,,,,,,,,,,,,,,,,,,,,,,
221.25,18.77097217247017,17.4951459785502,14.701541981043409,0.8525595023799754,,,,,,,,,,,,,,,,,,,,,,,,,,,,,,,,,,,,,,,,,,,,,,,,,,,,,,,,,,,,,,,,,,,,,,,,,,,,,,,,,,,,,,,,,,,,,,,,
221.5,18.760345379468994,17.484035591788526,14.691130107539946,0.8536110238135246,,,,,,,,,,,,,,,,,,,,,,,,,,,,,,,,,,,,,,,,,,,,,,,,,,,,,,,,,,,,,,,,,,,,,,,,,,,,,,,,,,,,,,,,,,,,,,,,
221.75,18.749709253050685,17.472914199204457,14.680708712240081,0.8546625385418471,,,,,,,,,,,,,,,,,,,,,,,,,,,,,,,,,,,,,,,,,,,,,,,,,,,,,,,,,,,,,,,,,,,,,,,,,,,,,,,,,,,,,,,,,,,,,,,,
222.0,18.739063710822155,17.461781815444915,14.67027767638358,0.8557102132469079,,,,,,,,,,,,,,,,,,,,,,,,,,,,,,,,,,,,,,,,,,,,,,,,,,,,,,,,,,,,,,,,,,,,,,,,,,,,,,,,,,,,,,,,,,,,,,,,
222.25,18.728408669949097,17.45063840587901,14.65983689873188,0.856758923359759,,,,,,,,,,,,,,,,,,,,,,,,,,,,,,,,,,,,,,,,,,,,,,,,,,,,,,,,,,,,,,,,,,,,,,,,,,,,,,,,,,,,,,,,,,,,,,,,
222.5,18.717744050292854,17.439483917586728,14.649386291215224,0.857808473921254,,,,,,,,,,,,,,,,,,,,,,,,,,,,,,,,,,,,,,,,,,,,,,,,,,,,,,,,,,,,,,,,,,,,,,,,,,,,,,,,,,,,,,,,,,,,,,,,
222.75,18.70706977523462,17.428317791990697,14.638925769812888,0.8588531516048171,,,,,,,,,,,,,,,,,,,,,,,,,,,,,,,,,,,,,,,,,,,,,,,,,,,,,,,,,,,,,,,,,,,,,,,,,,,,,,,,,,,,,,,,,,,,,,,,
223.0,18.69638576913316,17.417140000721385,14.62845521880457,0.8598989191843223,,,,,,,,,,,,,,,,,,,,,,,,,,,,,,,,,,,,,,,,,,,,,,,,,,,,,,,,,,,,,,,,,,,,,,,,,,,,,,,,,,,,,,,,,,,,,,,,
223.25,18.685691949241114,17.405950510087465,14.61797450430595,0.8609457793167281,,,,,,,,,,,,,,,,,,,,,,,,,,,,,,,,,,,,,,,,,,,,,,,,,,,,,,,,,,,,,,,,,,,,,,,,,,,,,,,,,,,,,,,,,,,,,,,,
223.5,18.674988225719545,17.394748222410545,14.60748349716103,0.8619880536793889,,,,,,,,,,,,,,,,,,,,,,,,,,,,,,,,,,,,,,,,,,,,,,,,,,,,,,,,,,,,,,,,,,,,,,,,,,,,,,,,,,,,,,,,,,,,,,,,
223.75,18.664274502509407,17.383532996301295,14.596982005624769,0.8630308748197059,,,,,,,,,,,,,,,,,,,,,,,,,,,,,,,,,,,,,,,,,,,,,,,,,,,,,,,,,,,,,,,,,,,,,,,,,,,,,,,,,,,,,,,,,,,,,,,,
224.0,18.65355066436587,17.372304802707454,14.586469793313883,0.8640749003988969,,,,,,,,,,,,,,,,,,,,,,,,,,,,,,,,,,,,,,,,,,,,,,,,,,,,,,,,,,,,,,,,,,,,,,,,,,,,,,,,,,,,,,,,,,,,,,,,
224.25,18.642816576839973,17.361062495556542,14.575946634150945,0.8651144737317407,,,,,,,,,,,,,,,,,,,,,,,,,,,,,,,,,,,,,,,,,,,,,,,,,,,,,,,,,,,,,,,,,,,,,,,,,,,,,,,,,,,,,,,,,,,,,,,,
224.5,18.6320720930094,17.349805877713933,14.565412250853694,0.8661544577994582,,,,,,,,,,,,,,,,,,,,,,,,,,,,,,,,,,,,,,,,,,,,,,,,,,,,,,,,,,,,,,,,,,,,,,,,,,,,,,,,,,,,,,,,,,,,,,,,
224.75,18.62131704450966,17.33853491902494,14.554866328981241,0.8671957656960984,,,,,,,,,,,,,,,,,,,,,,,,,,,,,,,,,,,,,,,,,,,,,,,,,,,,,,,,,,,,,,,,,,,,,,,,,,,,,,,,,,,,,,,,,,,,,,,,
225.0,18.61055124324138,17.327249478295943,14.54430857907209,0.8682320835054483,,,,,,,,,,,,,,,,,,,,,,,,,,,,,,,,,,,,,,,,,,,,,,,,,,,,,,,,,,,,,,,,,,,,,,,,,,,,,,,,,,,,,,,,,,,,,,,,
225.25,18.599774493608603,17.315949507113423,14.533738742997725,0.8692692458267145,,,,,,,,,,,,,,,,,,,,,,,,,,,,,,,,,,,,,,,,,,,,,,,,,,,,,,,,,,,,,,,,,,,,,,,,,,,,,,,,,,,,,,,,,,,,,,,,
225.5,18.588986600313923,17.304634960731672,14.523156590975628,0.8703077435356954,,,,,,,,,,,,,,,,,,,,,,,,,,,,,,,,,,,,,,,,,,,,,,,,,,,,,,,,,,,,,,,,,,,,,,,,,,,,,,,,,,,,,,,,,,,,,,,,
225.75,18.578187372676958,17.293304422231014,14.512561913265928,0.8713411007047939,,,,,,,,,,,,,,,,,,,,,,,,,,,,,,,,,,,,,,,,,,,,,,,,,,,,,,,,,,,,,,,,,,,,,,,,,,,,,,,,,,,,,,,,,,,,,,,,
226.0,18.56737662191593,17.281957735260956,14.501954425908188,0.8723753239794814,,,,,,,,,,,,,,,,,,,,,,,,,,,,,,,,,,,,,,,,,,,,,,,,,,,,,,,,,,,,,,,,,,,,,,,,,,,,,,,,,,,,,,,,,,,,,,,,
226.25,18.55655414147229,17.27059485369017,14.49133379378883,0.8734109938592044,,,,,,,,,,,,,,,,,,,,,,,,,,,,,,,,,,,,,,,,,,,,,,,,,,,,,,,,,,,,,,,,,,,,,,,,,,,,,,,,,,,,,,,,,,,,,,,,
226.5,18.54571970563819,17.25921484030204,14.480699702536025,0.8744408063438277,,,,,,,,,,,,,,,,,,,,,,,,,,,,,,,,,,,,,,,,,,,,,,,,,,,,,,,,,,,,,,,,,,,,,,,,,,,,,,,,,,,,,,,,,,,,,,,,
226.75,18.534873079275695,17.247817652477806,14.470051814076514,0.8754721714768066,,,,,,,,,,,,,,,,,,,,,,,,,,,,,,,,,,,,,,,,,,,,,,,,,,,,,,,,,,,,,,,,,,,,,,,,,,,,,,,,,,,,,,,,,,,,,,,,
227.0,18.52401401430211,17.236403362692965,14.459389785412098,0.8765042982415835,,,,,,,,,,,,,,,,,,,,,,,,,,,,,,,,,,,,,,,,,,,,,,,,,,,,,,,,,,,,,,,,,,,,,,,,,,,,,,,,,,,,,,,,,,,,,,,,
227.25,18.513142254986416,17.224973010194393,14.448713326626512,0.8775310961279527,,,,,,,,,,,,,,,,,,,,,,,,,,,,,,,,,,,,,,,,,,,,,,,,,,,,,,,,,,,,,,,,,,,,,,,,,,,,,,,,,,,,,,,,,,,,,,,,
227.5,18.502257554507946,17.213526512917454,14.438022269568624,0.878559338971548,,,,,,,,,,,,,,,,,,,,,,,,,,,,,,,,,,,,,,,,,,,,,,,,,,,,,,,,,,,,,,,,,,,,,,,,,,,,,,,,,,,,,,,,,,,,,,,,
227.75,18.49135969712987,17.202063795008993,14.427316525177037,0.879589034154677,,,,,,,,,,,,,,,,,,,,,,,,,,,,,,,,,,,,,,,,,,,,,,,,,,,,,,,,,,,,,,,,,,,,,,,,,,,,,,,,,,,,,,,,,,,,,,,,
228.0,18.480448498850674,17.19058248798073,14.416596001181043,0.8806125598524136,,,,,,,,,,,,,,,,,,,,,,,,,,,,,,,,,,,,,,,,,,,,,,,,,,,,,,,,,,,,,,,,,,,,,,,,,,,,,,,,,,,,,,,,,,,,,,,,
228.25,18.46952378719145,17.179082437609647,14.40586044049168,0.8816373775350229,,,,,,,,,,,,,,,,,,,,,,,,,,,,,,,,,,,,,,,,,,,,,,,,,,,,,,,,,,,,,,,,,,,,,,,,,,,,,,,,,,,,,,,,,,,,,,,,
228.5,18.458585359095547,17.16756358097085,14.395109473248755,0.882663868242237,,,,,,,,,,,,,,,,,,,,,,,,,,,,,,,,,,,,,,,,,,,,,,,,,,,,,,,,,,,,,,,,,,,,,,,,,,,,,,,,,,,,,,,,,,,,,,,,
228.75,18.447632975759593,17.15602479592182,14.384342744138362,0.8836837572299912,,,,,,,,,,,,,,,,,,,,,,,,,,,,,,,,,,,,,,,,,,,,,,,,,,,,,,,,,,,,,,,,,,,,,,,,,,,,,,,,,,,,,,,,,,,,,,,,
229.0,18.43666637897786,17.144466010489143,14.373559866207385,0.8847053509045577,,,,,,,,,,,,,,,,,,,,,,,,,,,,,,,,,,,,,,,,,,,,,,,,,,,,,,,,,,,,,,,,,,,,,,,,,,,,,,,,,,,,,,,,,,,,,,,,
229.25,18.425685290283905,17.132887054246392,14.36276044197838,0.8857283139028407,,,,,,,,,,,,,,,,,,,,,,,,,,,,,,,,,,,,,,,,,,,,,,,,,,,,,,,,,,,,,,,,,,,,,,,,,,,,,,,,,,,,,,,,,,,,,,,,
229.5,18.414689417696838,17.121285930320727,14.351944098586563,0.8867447597582174,,,,,,,,,,,,,,,,,,,,,,,,,,,,,,,,,,,,,,,,,,,,,,,,,,,,,,,,,,,,,,,,,,,,,,,,,,,,,,,,,,,,,,,,,,,,,,,,
229.75,18.40367845995295,17.109662571890233,14.341110367036542,0.8877631515790982,,,,,,,,,,,,,,,,,,,,,,,,,,,,,,,,,,,,,,,,,,,,,,,,,,,,,,,,,,,,,,,,,,,,,,,,,,,,,,,,,,,,,,,,,,,,,,,,
230.0,18.39265208591387,17.098017025298322,14.330258729857904,0.8887816715655572,,,,,,,,,,,,,,,,,,,,,,,,,,,,,,,,,,,,,,,,,,,,,,,,,,,,,,,,,,,,,,,,,,,,,,,,,,,,,,,,,,,,,,,,,,,,,,,,
230.25,18.381609939633677,17.08634973034206,14.31938873395379,0.8897948771036316,,,,,,,,,,,,,,,,,,,,,,,,,,,,,,,,,,,,,,,,,,,,,,,,,,,,,,,,,,,,,,,,,,,,,,,,,,,,,,,,,,,,,,,,,,,,,,,,
230.5,18.370551664669655,17.07466057262401,14.308500028790853,0.8908099748296792,,,,,,,,,,,,,,,,,,,,,,,,,,,,,,,,,,,,,,,,,,,,,,,,,,,,,,,,,,,,,,,,,,,,,,,,,,,,,,,,,,,,,,,,,,,,,,,,
230.75,18.35947692435013,17.06294860137377,14.297592330167884,0.8918250817793728,,,,,,,,,,,,,,,,,,,,,,,,,,,,,,,,,,,,,,,,,,,,,,,,,,,,,,,,,,,,,,,,,,,,,,,,,,,,,,,,,,,,,,,,,,,,,,,,
231.0,18.348385402241103,17.051210346067393,14.286665305945018,0.8928345899182273,,,,,,,,,,,,,,,,,,,,,,,,,,,,,,,,,,,,,,,,,,,,,,,,,,,,,,,,,,,,,,,,,,,,,,,,,,,,,,,,,,,,,,,,,,,,,,,,
231.25,18.337276772208906,17.03944572512082,14.275718368478458,0.8938463635995789,,,,,,,,,,,,,,,,,,,,,,,,,,,,,,,,,,,,,,,,,,,,,,,,,,,,,,,,,,,,,,,,,,,,,,,,,,,,,,,,,,,,,,,,,,,,,,,,
231.5,18.32615064530152,17.027655508157352,14.264750808619823,0.8948557508461581,,,,,,,,,,,,,,,,,,,,,,,,,,,,,,,,,,,,,,,,,,,,,,,,,,,,,,,,,,,,,,,,,,,,,,,,,,,,,,,,,,,,,,,,,,,,,,,,
231.75,18.315006579717792,17.01584055114221,14.253762050272446,0.8958621135279157,,,,,,,,,,,,,,,,,,,,,,,,,,,,,,,,,,,,,,,,,,,,,,,,,,,,,,,,,,,,,,,,,,,,,,,,,,,,,,,,,,,,,,,,,,,,,,,,
232.0,18.303844134295097,17.004000695447083,14.242751710179869,0.8968705879150662,,,,,,,,,,,,,,,,,,,,,,,,,,,,,,,,,,,,,,,,,,,,,,,,,,,,,,,,,,,,,,,,,,,,,,,,,,,,,,,,,,,,,,,,,,,,,,,,
232.25,18.292662905806232,16.992135162076337,14.231719505603586,0.8978759741231975,,,,,,,,,,,,,,,,,,,,,,,,,,,,,,,,,,,,,,,,,,,,,,,,,,,,,,,,,,,,,,,,,,,,,,,,,,,,,,,,,,,,,,,,,,,,,,,,
232.5,18.281462527906044,16.980243188237534,14.220665134345696,0.898878454287505,,,,,,,,,,,,,,,,,,,,,,,,,,,,,,,,,,,,,,,,,,,,,,,,,,,,,,,,,,,,,,,,,,,,,,,,,,,,,,,,,,,,,,,,,,,,,,,,
232.75,18.270242647920295,16.96832461975355,14.209588235386427,0.8998831683206102,,,,,,,,,,,,,,,,,,,,,,,,,,,,,,,,,,,,,,,,,,,,,,,,,,,,,,,,,,,,,,,,,,,,,,,,,,,,,,,,,,,,,,,,,,,,,,,,
233.0,18.259002909615372,16.956378563203813,14.198488431874935,0.9008841252872573,,,,,,,,,,,,,,,,,,,,,,,,,,,,,,,,,,,,,,,,,,,,,,,,,,,,,,,,,,,,,,,,,,,,,,,,,,,,,,,,,,,,,,,,,,,,,,,,
233.25,18.247742951775304,16.94440427734327,14.187365317679115,0.901882664086491,,,,,,,,,,,,,,,,,,,,,,,,,,,,,,,,,,,,,,,,,,,,,,,,,,,,,,,,,,,,,,,,,,,,,,,,,,,,,,,,,,,,,,,,,,,,,,,,
233.5,18.236462402404133,16.932401590279966,14.176218439992583,0.9028835624980368,,,,,,,,,,,,,,,,,,,,,,,,,,,,,,,,,,,,,,,,,,,,,,,,,,,,,,,,,,,,,,,,,,,,,,,,,,,,,,,,,,,,,,,,,,,,,,,,
233.75,18.22516087426942,16.920366132421606,14.165047326677282,0.9038797642652512,,,,,,,,,,,,,,,,,,,,,,,,,,,,,,,,,,,,,,,,,,,,,,,,,,,,,,,,,,,,,,,,,,,,,,,,,,,,,,,,,,,,,,,,,,,,,,,,
234.0,18.21383795707097,16.908295299230204,14.153851234699097,0.9048745764042176,,,,,,,,,,,,,,,,,,,,,,,,,,,,,,,,,,,,,,,,,,,,,,,,,,,,,,,,,,,,,,,,,,,,,,,,,,,,,,,,,,,,,,,,,,,,,,,,
234.25,18.202493156769393,16.896189211796592,14.142629098046054,0.9058716350185411,,,,,,,,,,,,,,,,,,,,,,,,,,,,,,,,,,,,,,,,,,,,,,,,,,,,,,,,,,,,,,,,,,,,,,,,,,,,,,,,,,,,,,,,,,,,,,,,
234.5,18.191125867101952,16.884052598739892,14.131379863585984,0.9068606457546309,,,,,,,,,,,,,,,,,,,,,,,,,,,,,,,,,,,,,,,,,,,,,,,,,,,,,,,,,,,,,,,,,,,,,,,,,,,,,,,,,,,,,,,,,,,,,,,,
234.75,18.179735436151308,16.871885169094842,14.120102961211892,0.9078521502913913,,,,,,,,,,,,,,,,,,,,,,,,,,,,,,,,,,,,,,,,,,,,,,,,,,,,,,,,,,,,,,,,,,,,,,,,,,,,,,,,,,,,,,,,,,,,,,,,
235.0,18.16832128943446,16.85968603172626,14.10879815849062,0.9088450663559036,,,,,,,,,,,,,,,,,,,,,,,,,,,,,,,,,,,,,,,,,,,,,,,,,,,,,,,,,,,,,,,,,,,,,,,,,,,,,,,,,,,,,,,,,,,,,,,,
235.25,18.156882951197645,16.847448630716585,14.09746518365505,0.909829575857062,,,,,,,,,,,,,,,,,,,,,,,,,,,,,,,,,,,,,,,,,,,,,,,,,,,,,,,,,,,,,,,,,,,,,,,,,,,,,,,,,,,,,,,,,,,,,,,,
235.5,18.145419972832734,16.83517275295969,14.086103282025633,0.9108171733567457,,,,,,,,,,,,,,,,,,,,,,,,,,,,,,,,,,,,,,,,,,,,,,,,,,,,,,,,,,,,,,,,,,,,,,,,,,,,,,,,,,,,,,,,,,,,,,,,
235.75,18.13393181239948,16.822859521645398,14.074711414655303,0.9118019146922589,,,,,,,,,,,,,,,,,,,,,,,,,,,,,,,,,,,,,,,,,,,,,,,,,,,,,,,,,,,,,,,,,,,,,,,,,,,,,,,,,,,,,,,,,,,,,,,,
236.0,18.12241783214647,16.8105101881873,14.063288714895439,0.9127830353205201,,,,,,,,,,,,,,,,,,,,,,,,,,,,,,,,,,,,,,,,,,,,,,,,,,,,,,,,,,,,,,,,,,,,,,,,,,,,,,,,,,,,,,,,,,,,,,,,
236.25,18.11087738220532,16.798124419542408,14.051834597202049,0.9137670325745108,,,,,,,,,,,,,,,,,,,,,,,,,,,,,,,,,,,,,,,,,,,,,,,,,,,,,,,,,,,,,,,,,,,,,,,,,,,,,,,,,,,,,,,,,,,,,,,,
236.5,18.099309861061446,16.785699002894457,14.040348608012563,0.9147456365721922,,,,,,,,,,,,,,,,,,,,,,,,,,,,,,,,,,,,,,,,,,,,,,,,,,,,,,,,,,,,,,,,,,,,,,,,,,,,,,,,,,,,,,,,,,,,,,,,
236.75,18.087714708304794,16.773231952160046,14.028830115185661,0.9157226067696917,,,,,,,,,,,,,,,,,,,,,,,,,,,,,,,,,,,,,,,,,,,,,,,,,,,,,,,,,,,,,,,,,,,,,,,,,,,,,,,,,,,,,,,,,,,,,,,,
237.0,18.076091339036786,16.76072292443714,14.017278249838347,0.9167028505203305,,,,,,,,,,,,,,,,,,,,,,,,,,,,,,,,,,,,,,,,,,,,,,,,,,,,,,,,,,,,,,,,,,,,,,,,,,,,,,,,,,,,,,,,,,,,,,,,
237.25,18.064439107606447,16.74817321019786,14.005692112596337,0.9176730912918365,,,,,,,,,,,,,,,,,,,,,,,,,,,,,,,,,,,,,,,,,,,,,,,,,,,,,,,,,,,,,,,,,,,,,,,,,,,,,,,,,,,,,,,,,,,,,,,,
237.5,18.052757334928454,16.7355824337447,13.994070990841491,0.9186462356796408,,,,,,,,,,,,,,,,,,,,,,,,,,,,,,,,,,,,,,,,,,,,,,,,,,,,,,,,,,,,,,,,,,,,,,,,,,,,,,,,,,,,,,,,,,,,,,,,
237.75,18.041045363069358,16.722949245767776,13.98241431671864,0.9196198733197689,,,,,,,,,,,,,,,,,,,,,,,,,,,,,,,,,,,,,,,,,,,,,,,,,,,,,,,,,,,,,,,,,,,,,,,,,,,,,,,,,,,,,,,,,,,,,,,,
238.0,18.029302568471604,16.710269229357895,13.970721477591463,0.9205854293162797,,,,,,,,,,,,,,,,,,,,,,,,,,,,,,,,,,,,,,,,,,,,,,,,,,,,,,,,,,,,,,,,,,,,,,,,,,,,,,,,,,,,,,,,,,,,,,,,
238.25,18.017528323775633,16.69754196846897,13.958991556475326,0.9215545644152572,,,,,,,,,,,,,,,,,,,,,,,,,,,,,,,,,,,,,,,,,,,,,,,,,,,,,,,,,,,,,,,,,,,,,,,,,,,,,,,,,,,,,,,,,,,,,,,,
238.5,18.005721930789655,16.68476820374186,13.947223483052007,0.9225187953261657,,,,,,,,,,,,,,,,,,,,,,,,,,,,,,,,,,,,,,,,,,,,,,,,,,,,,,,,,,,,,,,,,,,,,,,,,,,,,,,,,,,,,,,,,,,,,,,,
238.75,17.99388262897187,16.671948298187477,13.935416339609752,0.9234805113768205,,,,,,,,,,,,,,,,,,,,,,,,,,,,,,,,,,,,,,,,,,,,,,,,,,,,,,,,,,,,,,,,,,,,,,,,,,,,,,,,,,,,,,,,,,,,,,,,
239.0,17.98200965694673,16.6590817348753,13.92356940847303,0.924445701295605,,,,,,,,,,,,,,,,,,,,,,,,,,,,,,,,,,,,,,,,,,,,,,,,,,,,,,,,,,,,,,,,,,,,,,,,,,,,,,,,,,,,,,,,,,,,,,,,
239.25,17.970102290381455,16.646161591632474,13.911682033814957,0.9254016303579006,,,,,,,,,,,,,,,,,,,,,,,,,,,,,,,,,,,,,,,,,,,,,,,,,,,,,,,,,,,,,,,,,,,,,,,,,,,,,,,,,,,,,,,,,,,,,,,,
239.5,17.958159817206106,16.633186188458073,13.899753133974981,0.9263592513022124,,,,,,,,,,,,,,,,,,,,,,,,,,,,,,,,,,,,,,,,,,,,,,,,,,,,,,,,,,,,,,,,,,,,,,,,,,,,,,,,,,,,,,,,,,,,,,,,
239.75,17.946181428349146,16.620156670821913,13.887781277840201,0.9273152051302881,,,,,,,,,,,,,,,,,,,,,,,,,,,,,,,,,,,,,,,,,,,,,,,,,,,,,,,,,,,,,,,,,,,,,,,,,,,,,,,,,,,,,,,,,,,,,,,,
240.0,17.934166199352127,16.607075386112733,13.875765187321944,0.9282653343339223,,,,,,,,,,,,,,,,,,,,,,,,,,,,,,,,,,,,,,,,,,,,,,,,,,,,,,,,,,,,,,,,,,,,,,,,,,,,,,,,,,,,,,,,,,,,,,,,
240.25,17.922113182490513,16.593941659086596,13.86370398964942,0.9292192384591798,,,,,,,,,,,,,,,,,,,,,,,,,,,,,,,,,,,,,,,,,,,,,,,,,,,,,,,,,,,,,,,,,,,,,,,,,,,,,,,,,,,,,,,,,,,,,,,,
240.5,17.910021497737194,16.580752332080255,13.851597025063377,0.9301658846171973,,,,,,,,,,,,,,,,,,,,,,,,,,,,,,,,,,,,,,,,,,,,,,,,,,,,,,,,,,,,,,,,,,,,,,,,,,,,,,,,,,,,,,,,,,,,,,,,
240.75,17.89789033081464,16.567505591832905,13.839443482533522,0.931111531278636,,,,,,,,,,,,,,,,,,,,,,,,,,,,,,,,,,,,,,,,,,,,,,,,,,,,,,,,,,,,,,,,,,,,,,,,,,,,,,,,,,,,,,,,,,,,,,,,
241.0,17.885718863512217,16.55420028237936,13.82724234926742,0.9320594286970184,,,,,,,,,,,,,,,,,,,,,,,,,,,,,,,,,,,,,,,,,,,,,,,,,,,,,,,,,,,,,,,,,,,,,,,,,,,,,,,,,,,,,,,,,,,,,,,,
241.25,17.87350623446109,16.540832153410083,13.814992523192222,0.9329967804283856,,,,,,,,,,,,,,,,,,,,,,,,,,,,,,,,,,,,,,,,,,,,,,,,,,,,,,,,,,,,,,,,,,,,,,,,,,,,,,,,,,,,,,,,,,,,,,,,
241.5,17.8612515312436,16.527400408760997,13.802692679762448,0.9339385577600773,,,,,,,,,,,,,,,,,,,,,,,,,,,,,,,,,,,,,,,,,,,,,,,,,,,,,,,,,,,,,,,,,,,,,,,,,,,,,,,,,,,,,,,,,,,,,,,,
241.75,17.84895375948842,16.513904813115246,13.790341385131034,0.9348738762762551,,,,,,,,,,,,,,,,,,,,,,,,,,,,,,,,,,,,,,,,,,,,,,,,,,,,,,,,,,,,,,,,,,,,,,,,,,,,,,,,,,,,,,,,,,,,,,,,
242.0,17.83661185979217,16.50034481991527,13.777937320526318,0.9358074643033303,,,,,,,,,,,,,,,,,,,,,,,,,,,,,,,,,,,,,,,,,,,,,,,,,,,,,,,,,,,,,,,,,,,,,,,,,,,,,,,,,,,,,,,,,,,,,,,,
242.25,17.824224757297902,16.486718651885234,13.765479297676416,0.936743364503296,,,,,,,,,,,,,,,,,,,,,,,,,,,,,,,,,,,,,,,,,,,,,,,,,,,,,,,,,,,,,,,,,,,,,,,,,,,,,,,,,,,,,,,,,,,,,,,,
242.5,17.81179138690796,16.473019185216398,13.75296611127401,0.9376683457518742,,,,,,,,,,,,,,,,,,,,,,,,,,,,,,,,,,,,,,,,,,,,,,,,,,,,,,,,,,,,,,,,,,,,,,,,,,,,,,,,,,,,,,,,,,,,,,,,
242.75,17.799310661803627,16.459245387141358,13.740396126749365,0.9385983027108858,,,,,,,,,,,,,,,,,,,,,,,,,,,,,,,,,,,,,,,,,,,,,,,,,,,,,,,,,,,,,,,,,,,,,,,,,,,,,,,,,,,,,,,,,,,,,,,,
243.0,17.786781380477066,16.44540352468217,13.727767497231202,0.939519156368309,,,,,,,,,,,,,,,,,,,,,,,,,,,,,,,,,,,,,,,,,,,,,,,,,,,,,,,,,,,,,,,,,,,,,,,,,,,,,,,,,,,,,,,,,,,,,,,,
243.25,17.774202257786424,16.431494538901973,13.715078973875931,0.9404405687346005,,,,,,,,,,,,,,,,,,,,,,,,,,,,,,,,,,,,,,,,,,,,,,,,,,,,,,,,,,,,,,,,,,,,,,,,,,,,,,,,,,,,,,,,,,,,,,,,
243.5,17.76157209819618,16.417515547429623,13.702329887451727,0.941363103858727,,,,,,,,,,,,,,,,,,,,,,,,,,,,,,,,,,,,,,,,,,,,,,,,,,,,,,,,,,,,,,,,,,,,,,,,,,,,,,,,,,,,,,,,,,,,,,,,
243.75,17.748889857493282,16.40345733688779,13.6895195229382,0.9422749788944296,,,,,,,,,,,,,,,,,,,,,,,,,,,,,,,,,,,,,,,,,,,,,,,,,,,,,,,,,,,,,,,,,,,,,,,,,,,,,,,,,,,,,,,,,,,,,,,,
244.0,17.736154535893032,16.389318691794355,13.67664646302487,0.9431920215341011,,,,,,,,,,,,,,,,,,,,,,,,,,,,,,,,,,,,,,,,,,,,,,,,,,,,,,,,,,,,,,,,,,,,,,,,,,,,,,,,,,,,,,,,,,,,,,,,
244.25,17.72336500269579,16.375094326067693,13.663708833687199,0.9440985017765936,,,,,,,,,,,,,,,,,,,,,,,,,,,,,,,,,,,,,,,,,,,,,,,,,,,,,,,,,,,,,,,,,,,,,,,,,,,,,,,,,,,,,,,,,,,,,,,,
244.5,17.710519962032993,16.360781946957236,13.65070450541841,0.9450071319999078,,,,,,,,,,,,,,,,,,,,,,,,,,,,,,,,,,,,,,,,,,,,,,,,,,,,,,,,,,,,,,,,,,,,,,,,,,,,,,,,,,,,,,,,,,,,,,,,
244.75,17.69761796008033,16.346385017626808,13.637631218463012,0.9459101270379647,,,,,,,,,,,,,,,,,,,,,,,,,,,,,,,,,,,,,,,,,,,,,,,,,,,,,,,,,,,,,,,,,,,,,,,,,,,,,,,,,,,,,,,,,,,,,,,,
245.0,17.68465743628624,16.33190572547821,13.624487135159251,0.9468100589964814,,,,,,,,,,,,,,,,,,,,,,,,,,,,,,,,,,,,,,,,,,,,,,,,,,,,,,,,,,,,,,,,,,,,,,,,,,,,,,,,,,,,,,,,,,,,,,,,
245.25,17.67163686641049,16.31734182502201,13.611271009408647,0.9477122402019996,,,,,,,,,,,,,,,,,,,,,,,,,,,,,,,,,,,,,,,,,,,,,,,,,,,,,,,,,,,,,,,,,,,,,,,,,,,,,,,,,,,,,,,,,,,,,,,,
245.5,17.658554855090756,16.302687843149243,13.59798174817678,0.9486024482515734,,,,,,,,,,,,,,,,,,,,,,,,,,,,,,,,,,,,,,,,,,,,,,,,,,,,,,,,,,,,,,,,,,,,,,,,,,,,,,,,,,,,,,,,,,,,,,,,
245.75,17.64541008603968,16.287942083736542,13.584617920753045,0.9494981624636193,,,,,,,,,,,,,,,,,,,,,,,,,,,,,,,,,,,,,,,,,,,,,,,,,,,,,,,,,,,,,,,,,,,,,,,,,,,,,,,,,,,,,,,,,,,,,,,,
246.0,17.632201208636737,16.273101863647703,13.571177840249025,0.9503826378841831,,,,,,,,,,,,,,,,,,,,,,,,,,,,,,,,,,,,,,,,,,,,,,,,,,,,,,,,,,,,,,,,,,,,,,,,,,,,,,,,,,,,,,,,,,,,,,,,
246.25,17.61892680271875,16.258165100231604,13.55765972006692,0.9512689994096971,,,,,,,,,,,,,,,,,,,,,,,,,,,,,,,,,,,,,,,,,,,,,,,,,,,,,,,,,,,,,,,,,,,,,,,,,,,,,,,,,,,,,,,,,,,,,,,,
246.5,17.60558538411049,16.243125040454583,13.544061686628174,0.9521500911177181,,,,,,,,,,,,,,,,,,,,,,,,,,,,,,,,,,,,,,,,,,,,,,,,,,,,,,,,,,,,,,,,,,,,,,,,,,,,,,,,,,,,,,,,,,,,,,,,
246.75,17.59217539783952,16.227975135490606,13.530381501344507,0.9530272033834317,,,,,,,,,,,,,,,,,,,,,,,,,,,,,,,,,,,,,,,,,,,,,,,,,,,,,,,,,,,,,,,,,,,,,,,,,,,,,,,,,,,,,,,,,,,,,,,,
247.0,17.578695146810162,16.212717722610428,13.516616422830896,0.9539021789635854,,,,,,,,,,,,,,,,,,,,,,,,,,,,,,,,,,,,,,,,,,,,,,,,,,,,,,,,,,,,,,,,,,,,,,,,,,,,,,,,,,,,,,,,,,,,,,,,
247.25,17.56514275239331,16.197357592369478,13.502763879634143,0.9547703333634703,,,,,,,,,,,,,,,,,,,,,,,,,,,,,,,,,,,,,,,,,,,,,,,,,,,,,,,,,,,,,,,,,,,,,,,,,,,,,,,,,,,,,,,,,,,,,,,,
247.5,17.551516290893378,16.181891354541097,13.488822066058452,0.9556419911559587,,,,,,,,,,,,,,,,,,,,,,,,,,,,,,,,,,,,,,,,,,,,,,,,,,,,,,,,,,,,,,,,,,,,,,,,,,,,,,,,,,,,,,,,,,,,,,,,
247.75,17.537813960673816,16.166308156814953,13.474789438993437,0.9564999804480987,,,,,,,,,,,,,,,,,,,,,,,,,,,,,,,,,,,,,,,,,,,,,,,,,,,,,,,,,,,,,,,,,,,,,,,,,,,,,,,,,,,,,,,,,,,,,,,,
248.0,17.524034035659405,16.150605368839873,13.460663774710712,0.957364458088666,,,,,,,,,,,,,,,,,,,,,,,,,,,,,,,,,,,,,,,,,,,,,,,,,,,,,,,,,,,,,,,,,,,,,,,,,,,,,,,,,,,,,,,,,,,,,,,,
248.25,17.51017466999845,16.134788761250608,13.446442387200449,0.9582135416518225,,,,,,,,,,,,,,,,,,,,,,,,,,,,,,,,,,,,,,,,,,,,,,,,,,,,,,,,,,,,,,,,,,,,,,,,,,,,,,,,,,,,,,,,,,,,,,,,
248.5,17.4962338842096,16.118855653767213,13.432123115422057,0.9590683355455812,,,,,,,,,,,,,,,,,,,,,,,,,,,,,,,,,,,,,,,,,,,,,,,,,,,,,,,,,,,,,,,,,,,,,,,,,,,,,,,,,,,,,,,,,,,,,,,,
248.75,17.482209740134792,16.10279927974793,13.417704186022835,0.959912003325706,,,,,,,,,,,,,,,,,,,,,,,,,,,,,,,,,,,,,,,,,,,,,,,,,,,,,,,,,,,,,,,,,,,,,,,,,,,,,,,,,,,,,,,,,,,,,,,,
249.0,17.468100369907955,16.086615356467572,13.40318349974417,0.960756720748243,,,,,,,,,,,,,,,,,,,,,,,,,,,,,,,,,,,,,,,,,,,,,,,,,,,,,,,,,,,,,,,,,,,,,,,,,,,,,,,,,,,,,,,,,,,,,,,,
249.25,17.453903857770644,16.07029723551483,13.388558534721032,0.9615932304621818,,,,,,,,,,,,,,,,,,,,,,,,,,,,,,,,,,,,,,,,,,,,,,,,,,,,,,,,,,,,,,,,,,,,,,,,,,,,,,,,,,,,,,,,,,,,,,,,
249.5,17.43961816124063,16.053839491664498,13.373826350358616,0.9624282765376522,,,,,,,,,,,,,,,,,,,,,,,,,,,,,,,,,,,,,,,,,,,,,,,,,,,,,,,,,,,,,,,,,,,,,,,,,,,,,,,,,,,,,,,,,,,,,,,,
249.75,17.425241062417456,16.037245172907575,13.358983672173826,0.963255873918406,,,,,,,,,,,,,,,,,,,,,,,,,,,,,,,,,,,,,,,,,,,,,,,,,,,,,,,,,,,,,,,,,,,,,,,,,,,,,,,,,,,,,,,,,,,,,,,,
250.0,17.410770182070824,16.0205147831825,13.344027556580105,0.9640812193115089,,,,,,,,,,,,,,,,,,,,,,,,,,,,,,,,,,,,,,,,,,,,,,,,,,,,,,,,,,,,,,,,,,,,,,,,,,,,,,,,,,,,,,,,,,,,,,,,
250.25,17.396203128003577,16.003638857881587,13.328955594208713,0.9649011596086124,,,,,,,,,,,,,,,,,,,,,,,,,,,,,,,,,,,,,,,,,,,,,,,,,,,,,,,,,,,,,,,,,,,,,,,,,,,,,,,,,,,,,,,,,,,,,,,,
250.5,17.381537576251436,15.986607705085008,13.31376508597089,0.9657163011280545,,,,,,,,,,,,,,,,,,,,,,,,,,,,,,,,,,,,,,,,,,,,,,,,,,,,,,,,,,,,,,,,,,,,,,,,,,,,,,,,,,,,,,,,,,,,,,,,
250.75,17.36677113417658,15.969427051724846,13.29845257993081,0.9665255031521875,,,,,,,,,,,,,,,,,,,,,,,,,,,,,,,,,,,,,,,,,,,,,,,,,,,,,,,,,,,,,,,,,,,,,,,,,,,,,,,,,,,,,,,,,,,,,,,,
251.0,17.351901225543617,15.952100884896565,13.28301491150346,0.9673307837665215,,,,,,,,,,,,,,,,,,,,,,,,,,,,,,,,,,,,,,,,,,,,,,,,,,,,,,,,,,,,,,,,,,,,,,,,,,,,,,,,,,,,,,,,,,,,,,,,
251.25,17.33692526382038,15.934613471099336,13.267449781891354,0.9681316283643631,,,,,,,,,,,,,,,,,,,,,,,,,,,,,,,,,,,,,,,,,,,,,,,,,,,,,,,,,,,,,,,,,,,,,,,,,,,,,,,,,,,,,,,,,,,,,,,,
251.5,17.32184079024075,15.916946129425474,13.2517543270169,0.9689263672686775,,,,,,,,,,,,,,,,,,,,,,,,,,,,,,,,,,,,,,,,,,,,,,,,,,,,,,,,,,,,,,,,,,,,,,,,,,,,,,,,,,,,,,,,,,,,,,,,
251.75,17.306645216759193,15.899103257618506,13.235924031640494,0.9697136099830099,,,,,,,,,,,,,,,,,,,,,,,,,,,,,,,,,,,,,,,,,,,,,,,,,,,,,,,,,,,,,,,,,,,,,,,,,,,,,,,,,,,,,,,,,,,,,,,,
252.0,17.291335543270595,15.88108522879658,13.21995416427617,0.9704992037926319,,,,,,,,,,,,,,,,,,,,,,,,,,,,,,,,,,,,,,,,,,,,,,,,,,,,,,,,,,,,,,,,,,,,,,,,,,,,,,,,,,,,,,,,,,,,,,,,
252.25,17.27590852769281,15.862887480572535,13.203840746028124,0.9712743178618456,,,,,,,,,,,,,,,,,,,,,,,,,,,,,,,,,,,,,,,,,,,,,,,,,,,,,,,,,,,,,,,,,,,,,,,,,,,,,,,,,,,,,,,,,,,,,,,,
252.5,17.26036092056946,15.844504485917868,13.187580094881271,0.9720499031420612,,,,,,,,,,,,,,,,,,,,,,,,,,,,,,,,,,,,,,,,,,,,,,,,,,,,,,,,,,,,,,,,,,,,,,,,,,,,,,,,,,,,,,,,,,,,,,,,
252.75,17.2446894922595,15.825918011357572,13.171168353880285,0.9728117242016225,,,,,,,,,,,,,,,,,,,,,,,,,,,,,,,,,,,,,,,,,,,,,,,,,,,,,,,,,,,,,,,,,,,,,,,,,,,,,,,,,,,,,,,,,,,,,,,,
253.0,17.228890928678503,15.807121731446353,13.154600621049674,0.9735750123919629,,,,,,,,,,,,,,,,,,,,,,,,,,,,,,,,,,,,,,,,,,,,,,,,,,,,,,,,,,,,,,,,,,,,,,,,,,,,,,,,,,,,,,,,,,,,,,,,
253.25,17.21296160770906,15.78813292624885,13.13787131499731,0.974323791068311,,,,,,,,,,,,,,,,,,,,,,,,,,,,,,,,,,,,,,,,,,,,,,,,,,,,,,,,,,,,,,,,,,,,,,,,,,,,,,,,,,,,,,,,,,,,,,,,
253.5,17.19689764695263,15.768945015131104,13.12097625916834,0.9750735649518868,,,,,,,,,,,,,,,,,,,,,,,,,,,,,,,,,,,,,,,,,,,,,,,,,,,,,,,,,,,,,,,,,,,,,,,,,,,,,,,,,,,,,,,,,,,,,,,,
253.75,17.180695321522986,15.749552920219696,13.103912282191846,0.9758116320229594,,,,,,,,,,,,,,,,,,,,,,,,,,,,,,,,,,,,,,,,,,,,,,,,,,,,,,,,,,,,,,,,,,,,,,,,,,,,,,,,,,,,,,,,,,,,,,,,
254.0,17.16435114328858,15.729946669478897,13.086676065894672,0.9765460999723458,,,,,,,,,,,,,,,,,,,,,,,,,,,,,,,,,,,,,,,,,,,,,,,,,,,,,,,,,,,,,,,,,,,,,,,,,,,,,,,,,,,,,,,,,,,,,,,,
254.25,17.147861697650058,15.71011506148349,13.069263706495677,0.9772736751486791,,,,,,,,,,,,,,,,,,,,,,,,,,,,,,,,,,,,,,,,,,,,,,,,,,,,,,,,,,,,,,,,,,,,,,,,,,,,,,,,,,,,,,,,,,,,,,,,
254.5,17.13122345851989,15.690045512618386,13.051670439189813,0.9779910188686334,,,,,,,,,,,,,,,,,,,,,,,,,,,,,,,,,,,,,,,,,,,,,,,,,,,,,,,,,,,,,,,,,,,,,,,,,,,,,,,,,,,,,,,,,,,,,,,,
254.75,17.11443262989112,15.669727534056603,13.033890578836155,0.9787076494994577,,,,,,,,,,,,,,,,,,,,,,,,,,,,,,,,,,,,,,,,,,,,,,,,,,,,,,,,,,,,,,,,,,,,,,,,,,,,,,,,,,,,,,,,,,,,,,,,
255.0,17.097485044873242,15.649165742084508,13.015917788562854,0.9794075916647604,,,,,,,,,,,,,,,,,,,,,,,,,,,,,,,,,,,,,,,,,,,,,,,,,,,,,,,,,,,,,,,,,,,,,,,,,,,,,,,,,,,,,,,,,,,,,,,,
255.25,17.08037619992928,15.628359219543224,12.997746245321373,0.9801057373890689,,,,,,,,,,,,,,,,,,,,,,,,,,,,,,,,,,,,,,,,,,,,,,,,,,,,,,,,,,,,,,,,,,,,,,,,,,,,,,,,,,,,,,,,,,,,,,,,
255.5,17.063101517227345,15.607313462523537,12.979371068765753,0.9807954315588747,,,,,,,,,,,,,,,,,,,,,,,,,,,,,,,,,,,,,,,,,,,,,,,,,,,,,,,,,,,,,,,,,,,,,,,,,,,,,,,,,,,,,,,,,,,,,,,,
255.75,17.045656562606926,15.586000872741065,12.960788273062603,0.9814755260019798,,,,,,,,,,,,,,,,,,,,,,,,,,,,,,,,,,,,,,,,,,,,,,,,,,,,,,,,,,,,,,,,,,,,,,,,,,,,,,,,,,,,,,,,,,,,,,,,
256.0,17.028037097968618,15.564403148818101,12.941992816862756,0.9821521815210882,,,,,,,,,,,,,,,,,,,,,,,,,,,,,,,,,,,,,,,,,,,,,,,,,,,,,,,,,,,,,,,,,,,,,,,,,,,,,,,,,,,,,,,,,,,,,,,,
256.25,17.01023867547558,15.542535887186995,12.922977808032407,0.9828132541304243,,,,,,,,,,,,,,,,,,,,,,,,,,,,,,,,,,,,,,,,,,,,,,,,,,,,,,,,,,,,,,,,,,,,,,,,,,,,,,,,,,,,,,,,,,,,,,,,
256.5,16.99225639467231,15.520378330227242,12.903736991920328,0.9834696440734386,,,,,,,,,,,,,,,,,,,,,,,,,,,,,,,,,,,,,,,,,,,,,,,,,,,,,,,,,,,,,,,,,,,,,,,,,,,,,,,,,,,,,,,,,,,,,,,,
256.75,16.974085233103462,15.497907776937033,12.884264165974887,0.9841204673546629,,,,,,,,,,,,,,,,,,,,,,,,,,,,,,,,,,,,,,,,,,,,,,,,,,,,,,,,,,,,,,,,,,,,,,,,,,,,,,,,,,,,,,,,,,,,,,,,
257.0,16.95571998887384,15.475144303705536,12.864551646834844,0.9847537055373414,,,,,,,,,,,,,,,,,,,,,,,,,,,,,,,,,,,,,,,,,,,,,,,,,,,,,,,,,,,,,,,,,,,,,,,,,,,,,,,,,,,,,,,,,,,,,,,,
257.25,16.937155078204253,15.452077757130766,12.844592682348543,0.9853830291108252,,,,,,,,,,,,,,,,,,,,,,,,,,,,,,,,,,,,,,,,,,,,,,,,,,,,,,,,,,,,,,,,,,,,,,,,,,,,,,,,,,,,,,,,,,,,,,,,
257.5,16.918384925222778,15.428698492191806,12.82438159689558,0.9860051979547,,,,,,,,,,,,,,,,,,,,,,,,,,,,,,,,,,,,,,,,,,,,,,,,,,,,,,,,,,,,,,,,,,,,,,,,,,,,,,,,,,,,,,,,,,,,,,,,
257.75,16.899404100768862,15.404974177083435,12.803912344502365,0.9866110421502997,,,,,,,,,,,,,,,,,,,,,,,,,,,,,,,,,,,,,,,,,,,,,,,,,,,,,,,,,,,,,,,,,,,,,,,,,,,,,,,,,,,,,,,,,,,,,,,,
258.0,16.880207089025696,15.380899388629233,12.783177014761323,0.9872097118728811,,,,,,,,,,,,,,,,,,,,,,,,,,,,,,,,,,,,,,,,,,,,,,,,,,,,,,,,,,,,,,,,,,,,,,,,,,,,,,,,,,,,,,,,,,,,,,,,
258.25,16.86078788340404,15.356469371313105,12.762166596972559,0.987801404507543,,,,,,,,,,,,,,,,,,,,,,,,,,,,,,,,,,,,,,,,,,,,,,,,,,,,,,,,,,,,,,,,,,,,,,,,,,,,,,,,,,,,,,,,,,,,,,,,
258.5,16.84113999239786,15.331661842381918,12.740872303714173,0.9883770799949694,,,,,,,,,,,,,,,,,,,,,,,,,,,,,,,,,,,,,,,,,,,,,,,,,,,,,,,,,,,,,,,,,,,,,,,,,,,,,,,,,,,,,,,,,,,,,,,,
258.75,16.821256632210467,15.306502554080769,12.719284934828481,0.9889417978206307,,,,,,,,,,,,,,,,,,,,,,,,,,,,,,,,,,,,,,,,,,,,,,,,,,,,,,,,,,,,,,,,,,,,,,,,,,,,,,,,,,,,,,,,,,,,,,,,
259.0,16.80113077883532,15.280977806226849,12.697396904400401,0.9894995088313491,,,,,,,,,,,,,,,,,,,,,,,,,,,,,,,,,,,,,,,,,,,,,,,,,,,,,,,,,,,,,,,,,,,,,,,,,,,,,,,,,,,,,,,,,,,,,,,,
259.25,16.78075562569667,15.25504064930571,12.675201707819847,0.9900463914838858,,,,,,,,,,,,,,,,,,,,,,,,,,,,,,,,,,,,,,,,,,,,,,,,,,,,,,,,,,,,,,,,,,,,,,,,,,,,,,,,,,,,,,,,,,,,,,,,
259.5,16.76012452977418,15.228721953779022,12.652690412445404,0.9905754846197257,,,,,,,,,,,,,,,,,,,,,,,,,,,,,,,,,,,,,,,,,,,,,,,,,,,,,,,,,,,,,,,,,,,,,,,,,,,,,,,,,,,,,,,,,,,,,,,,
259.75,16.739230443648026,15.20200980340802,12.629854615597951,0.9910950915439936,,,,,,,,,,,,,,,,,,,,,,,,,,,,,,,,,,,,,,,,,,,,,,,,,,,,,,,,,,,,,,,,,,,,,,,,,,,,,,,,,,,,,,,,,,,,,,,,
260.0,16.71806629024429,15.174880033654913,12.60668733515228,0.9916045633743493,,,,,,,,,,,,,,,,,,,,,,,,,,,,,,,,,,,,,,,,,,,,,,,,,,,,,,,,,,,,,,,,,,,,,,,,,,,,,,,,,,,,,,,,,,,,,,,,
260.25,16.696625153970466,15.147298103674967,12.583180471923134,0.992101576116926,,,,,,,,,,,,,,,,,,,,,,,,,,,,,,,,,,,,,,,,,,,,,,,,,,,,,,,,,,,,,,,,,,,,,,,,,,,,,,,,,,,,,,,,,,,,,,,,
260.5,16.67489986668965,15.119274847418316,12.559323562815617,0.9925838523934244,,,,,,,,,,,,,,,,,,,,,,,,,,,,,,,,,,,,,,,,,,,,,,,,,,,,,,,,,,,,,,,,,,,,,,,,,,,,,,,,,,,,,,,,,,,,,,,,
260.75,16.65288262988484,15.090801962104434,12.535106136739682,0.9930512253881986,,,,,,,,,,,,,,,,,,,,,,,,,,,,,,,,,,,,,,,,,,,,,,,,,,,,,,,,,,,,,,,,,,,,,,,,,,,,,,,,,,,,,,,,,,,,,,,,
261.0,16.6305653297871,15.061883532715251,12.510518833167287,0.9935060095285655,,,,,,,,,,,,,,,,,,,,,,,,,,,,,,,,,,,,,,,,,,,,,,,,,,,,,,,,,,,,,,,,,,,,,,,,,,,,,,,,,,,,,,,,,,,,,,,,
261.25,16.60793987650747,15.032516457116499,12.48555343356627,0.9939482946882555,,,,,,,,,,,,,,,,,,,,,,,,,,,,,,,,,,,,,,,,,,,,,,,,,,,,,,,,,,,,,,,,,,,,,,,,,,,,,,,,,,,,,,,,,,,,,,,,
261.5,16.584998425439338,15.002691146219123,12.46020274260971,0.9943774449398927,,,,,,,,,,,,,,,,,,,,,,,,,,,,,,,,,,,,,,,,,,,,,,,,,,,,,,,,,,,,,,,,,,,,,,,,,,,,,,,,,,,,,,,,,,,,,,,,
261.75,16.561733446917252,14.972393260741756,12.434459754356578,0.994792974262687,,,,,,,,,,,,,,,,,,,,,,,,,,,,,,,,,,,,,,,,,,,,,,,,,,,,,,,,,,,,,,,,,,,,,,,,,,,,,,,,,,,,,,,,,,,,,,,,
262.0,16.53813758947095,14.941546266369897,12.408316632971358,0.995192170889849,,,,,,,,,,,,,,,,,,,,,,,,,,,,,,,,,,,,,,,,,,,,,,,,,,,,,,,,,,,,,,,,,,,,,,,,,,,,,,,,,,,,,,,,,,,,,,,,
262.25,16.51420325701039,14.910200279965101,12.381761284465426,0.9955751513862757,,,,,,,,,,,,,,,,,,,,,,,,,,,,,,,,,,,,,,,,,,,,,,,,,,,,,,,,,,,,,,,,,,,,,,,,,,,,,,,,,,,,,,,,,,,,,,,,
262.5,16.489921855098242,14.878372321532769,12.354782239567044,0.9959427614787333,,,,,,,,,,,,,,,,,,,,,,,,,,,,,,,,,,,,,,,,,,,,,,,,,,,,,,,,,,,,,,,,,,,,,,,,,,,,,,,,,,,,,,,,,,,,,,,,
262.75,16.465284578928404,14.846036392924587,12.32737224993118,0.9962955826867937,,,,,,,,,,,,,,,,,,,,,,,,,,,,,,,,,,,,,,,,,,,,,,,,,,,,,,,,,,,,,,,,,,,,,,,,,,,,,,,,,,,,,,,,,,,,,,,,
263.0,16.44028328595061,14.8132031462203,12.299524826043267,0.9966328116110935,,,,,,,,,,,,,,,,,,,,,,,,,,,,,,,,,,,,,,,,,,,,,,,,,,,,,,,,,,,,,,,,,,,,,,,,,,,,,,,,,,,,,,,,,,,,,,,,
263.25,16.41491031450681,14.779856874448381,12.271233858594965,0.9969547006615959,,,,,,,,,,,,,,,,,,,,,,,,,,,,,,,,,,,,,,,,,,,,,,,,,,,,,,,,,,,,,,,,,,,,,,,,,,,,,,,,,,,,,,,,,,,,,,,,
263.5,16.389158381568674,14.745986065981864,12.242493381301978,0.9972604620028388,,,,,,,,,,,,,,,,,,,,,,,,,,,,,,,,,,,,,,,,,,,,,,,,,,,,,,,,,,,,,,,,,,,,,,,,,,,,,,,,,,,,,,,,,,,,,,,,
263.75,16.363020417710672,14.711590823370393,12.213296807960246,0.9975499946266384,,,,,,,,,,,,,,,,,,,,,,,,,,,,,,,,,,,,,,,,,,,,,,,,,,,,,,,,,,,,,,,,,,,,,,,,,,,,,,,,,,,,,,,,,,,,,,,,
264.0,16.336489381819533,14.6766904184553,12.183637780978652,0.9978231380322184,,,,,,,,,,,,,,,,,,,,,,,,,,,,,,,,,,,,,,,,,,,,,,,,,,,,,,,,,,,,,,,,,,,,,,,,,,,,,,,,,,,,,,,,,,,,,,,,
264.25,16.30955839195513,14.641259714923372,12.153511691585496,0.9980802238936386,,,,,,,,,,,,,,,,,,,,,,,,,,,,,,,,,,,,,,,,,,,,,,,,,,,,,,,,,,,,,,,,,,,,,,,,,,,,,,,,,,,,,,,,,,,,,,,,
264.5,16.282221030144402,14.605300617372293,12.122914048709706,0.9983202507327937,,,,,,,,,,,,,,,,,,,,,,,,,,,,,,,,,,,,,,,,,,,,,,,,,,,,,,,,,,,,,,,,,,,,,,,,,,,,,,,,,,,,,,,,,,,,,,,,
264.75,16.254471141278135,14.568874308710582,12.091840307821766,0.998543765141524,,,,,,,,,,,,,,,,,,,,,,,,,,,,,,,,,,,,,,,,,,,,,,,,,,,,,,,,,,,,,,,,,,,,,,,,,,,,,,,,,,,,,,,,,,,,,,,,
265.0,16.22630291776109,14.53193218830546,12.060289819207366,0.998751472043421,,,,,,,,,,,,,,,,,,,,,,,,,,,,,,,,,,,,,,,,,,,,,,,,,,,,,,,,,,,,,,,,,,,,,,,,,,,,,,,,,,,,,,,,,,,,,,,,
265.25,16.197711602176906,14.494511968087243,12.02826249721631,0.998942237314545,,,,,,,,,,,,,,,,,,,,,,,,,,,,,,,,,,,,,,,,,,,,,,,,,,,,,,,,,,,,,,,,,,,,,,,,,,,,,,,,,,,,,,,,,,,,,,,,
265.5,16.168693136727175,14.456606797081601,11.995758727933227,0.9991169915342666,,,,,,,,,,,,,,,,,,,,,,,,,,,,,,,,,,,,,,,,,,,,,,,,,,,,,,,,,,,,,,,,,,,,,,,,,,,,,,,,,,,,,,,,,,,,,,,,
265.75,16.1392441223222,14.418201069645054,11.962779911817055,0.9992740422576755,,,,,,,,,,,,,,,,,,,,,,,,,,,,,,,,,,,,,,,,,,,,,,,,,,,,,,,,,,,,,,,,,,,,,,,,,,,,,,,,,,,,,,,,,,,,,,,,
266.0,16.10936173867373,14.379373254436027,11.929326756996531,0.9994148161888652,,,,,,,,,,,,,,,,,,,,,,,,,,,,,,,,,,,,,,,,,,,,,,,,,,,,,,,,,,,,,,,,,,,,,,,,,,,,,,,,,,,,,,,,,,,,,,,,
266.25,16.079043579857263,14.340123190194632,11.895403697247927,0.9995399644335281,,,,,,,,,,,,,,,,,,,,,,,,,,,,,,,,,,,,,,,,,,,,,,,,,,,,,,,,,,,,,,,,,,,,,,,,,,,,,,,,,,,,,,,,,,,,,,,,
266.5,16.048288482314145,14.300441576066058,11.861018444273348,0.9996494263879921,,,,,,,,,,,,,,,,,,,,,,,,,,,,,,,,,,,,,,,,,,,,,,,,,,,,,,,,,,,,,,,,,,,,,,,,,,,,,,,,,,,,,,,,,,,,,,,,
266.75,16.017096648404824,14.260348028955077,11.826178242088137,0.9997435938455678,,,,,,,,,,,,,,,,,,,,,,,,,,,,,,,,,,,,,,,,,,,,,,,,,,,,,,,,,,,,,,,,,,,,,,,,,,,,,,,,,,,,,,,,,,,,,,,,
267.0,15.98546907026357,14.219861865419949,11.790890363965037,0.9998227997430774,,,,,,,,,,,,,,,,,,,,,,,,,,,,,,,,,,,,,,,,,,,,,,,,,,,,,,,,,,,,,,,,,,,,,,,,,,,,,,,,,,,,,,,,,,,,,,,,
267.25,15.953407386261153,14.178975421318324,11.755163171273216,0.9998870484794629,,,,,,,,,,,,,,,,,,,,,,,,,,,,,,,,,,,,,,,,,,,,,,,,,,,,,,,,,,,,,,,,,,,,,,,,,,,,,,,,,,,,,,,,,,,,,,,,
267.5,15.920913931952004,14.137754280459406,11.719005039764392,0.9999351200278277,,,,,,,,,,,,,,,,,,,,,,,,,,,,,,,,,,,,,,,,,,,,,,,,,,,,,,,,,,,,,,,,,,,,,,,,,,,,,,,,,,,,,,,,,,,,,,,,
267.75,15.887991650455545,14.096229920987435,11.682427115098818,0.9999697286456474,,,,,,,,,,,,,,,,,,,,,,,,,,,,,,,,,,,,,,,,,,,,,,,,,,,,,,,,,,,,,,,,,,,,,,,,,,,,,,,,,,,,,,,,,,,,,,,,
268.0,15.854644694282284,14.0543970190993,11.645444279258154,0.9999910165251915,,,,,,,,,,,,,,,,,,,,,,,,,,,,,,,,,,,,,,,,,,,,,,,,,,,,,,,,,,,,,,,,,,,,,,,,,,,,,,,,,,,,,,,,,,,,,,,,
268.25,15.820878758235432,14.012276032440276,11.608071795466158,0.9999994456911675,,,,,,,,,,,,,,,,,,,,,,,,,,,,,,,,,,,,,,,,,,,,,,,,,,,,,,,,,,,,,,,,,,,,,,,,,,,,,,,,,,,,,,,,,,,,,,,,
268.5,15.786700622052523,13.970813027072374,11.570328720426692,1.0,,,,,,,,,,,,,,,,,,,,,,,,,,,,,,,,,,,,,,,,,,,,,,,,,,,,,,,,,,,,,,,,,,,,,,,,,,,,,,,,,,,,,,,,,,,,,,,,
268.75,15.752120753333697,13.929914176876775,11.532286834039862,1.0,,,,,,,,,,,,,,,,,,,,,,,,,,,,,,,,,,,,,,,,,,,,,,,,,,,,,,,,,,,,,,,,,,,,,,,,,,,,,,,,,,,,,,,,,,,,,,,,
269.0,15.717164393268733,13.889440309006277,11.49405248081,1.0,,,,,,,,,,,,,,,,,,,,,,,,,,,,,,,,,,,,,,,,,,,,,,,,,,,,,,,,,,,,,,,,,,,,,,,,,,,,,,,,,,,,,,,,,,,,,,,,
269.25,15.681871286221183,13.849301966884624,11.455718206894295,1.0,,,,,,,,,,,,,,,,,,,,,,,,,,,,,,,,,,,,,,,,,,,,,,,,,,,,,,,,,,,,,,,,,,,,,,,,,,,,,,,,,,,,,,,,,,,,,,,,
269.5,15.646286563962443,13.809436803145665,11.417353068870321,1.0,,,,,,,,,,,,,,,,,,,,,,,,,,,,,,,,,,,,,,,,,,,,,,,,,,,,,,,,,,,,,,,,,,,,,,,,,,,,,,,,,,,,,,,,,,,,,,,,
269.75,15.61045403971164,13.769799458714902,11.379006356099586,1.0,,,,,,,,,,,,,,,,,,,,,,,,,,,,,,,,,,,,,,,,,,,,,,,,,,,,,,,,,,,,,,,,,,,,,,,,,,,,,,,,,,,,,,,,,,,,,,,,
270.0,15.574413167675132,13.730356035884464,11.340712650908713,1.0,,,,,,,,,,,,,,,,,,,,,,,,,,,,,,,,,,,,,,,,,,,,,,,,,,,,,,,,,,,,,,,,,,,,,,,,,,,,,,,,,,,,,,,,,,,,,,,,
270.25,15.538198169573366,13.691080732432773,11.302495929901212,1.0,,,,,,,,,,,,,,,,,,,,,,,,,,,,,,,,,,,,,,,,,,,,,,,,,,,,,,,,,,,,,,,,,,,,,,,,,,,,,,,,,,,,,,,,,,,,,,,,
270.5,15.501838180195247,13.651953637413541,11.264372564492202,1.0,,,,,,,,,,,,,,,,,,,,,,,,,,,,,,,,,,,,,,,,,,,,,,,,,,,,,,,,,,,,,,,,,,,,,,,,,,,,,,,,,,,,,,,,,,,,,,,,
270.75,15.465357797047481,13.612959216156925,11.226353458131152,1.0,,,,,,,,,,,,,,,,,,,,,,,,,,,,,,,,,,,,,,,,,,,,,,,,,,,,,,,,,,,,,,,,,,,,,,,,,,,,,,,,,,,,,,,,,,,,,,,,
271.0,15.428777739118404,13.574085233609924,11.188445565374238,1.0,,,,,,,,,,,,,,,,,,,,,,,,,,,,,,,,,,,,,,,,,,,,,,,,,,,,,,,,,,,,,,,,,,,,,,,,,,,,,,,,,,,,,,,,,,,,,,,,
271.25,15.392115484131766,13.535321970620737,11.150652979291872,1.0,,,,,,,,,,,,,,,,,,,,,,,,,,,,,,,,,,,,,,,,,,,,,,,,,,,,,,,,,,,,,,,,,,,,,,,,,,,,,,,,,,,,,,,,,,,,,,,,
271.5,15.355385833498392,13.496661643273585,11.112977717730814,1.0,,,,,,,,,,,,,,,,,,,,,,,,,,,,,,,,,,,,,,,,,,,,,,,,,,,,,,,,,,,,,,,,,,,,,,,,,,,,,,,,,,,,,,,,,,,,,,,,
271.75,15.318601391506323,13.458097966904496,11.07542029756362,1.0,,,,,,,,,,,,,,,,,,,,,,,,,,,,,,,,,,,,,,,,,,,,,,,,,,,,,,,,,,,,,,,,,,,,,,,,,,,,,,,,,,,,,,,,,,,,,,,,
272.0,15.281772961810795,13.419625825414975,11.037980157724334,1.0,,,,,,,,,,,,,,,,,,,,,,,,,,,,,,,,,,,,,,,,,,,,,,,,,,,,,,,,,,,,,,,,,,,,,,,,,,,,,,,,,,,,,,,,,,,,,,,,
272.25,15.244909870762957,13.381241018483214,11.00065597290648,1.0,,,,,,,,,,,,,,,,,,,,,,,,,,,,,,,,,,,,,,,,,,,,,,,,,,,,,,,,,,,,,,,,,,,,,,,,,,,,,,,,,,,,,,,,,,,,,,,,
272.5,15.208020228852712,13.342940067132622,10.96344588719139,1.0,,,,,,,,,,,,,,,,,,,,,,,,,,,,,,,,,,,,,,,,,,,,,,,,,,,,,,,,,,,,,,,,,,,,,,,,,,,,,,,,,,,,,,,,,,,,,,,,
272.75,15.171111141146616,13.304720063444782,10.926347688397446,1.0,,,,,,,,,,,,,,,,,,,,,,,,,,,,,,,,,,,,,,,,,,,,,,,,,,,,,,,,,,,,,,,,,,,,,,,,,,,,,,,,,,,,,,,,,,,,,,,,
273.0,15.134188876355381,13.266578553915132,10.889358938154443,1.0,,,,,,,,,,,,,,,,,,,,,,,,,,,,,,,,,,,,,,,,,,,,,,,,,,,,,,,,,,,,,,,,,,,,,,,,,,,,,,,,,,,,,,,,,,,,,,,,
273.25,15.09725900268266,13.228513448595825,10.852477068686731,1.0,,,,,,,,,,,,,,,,,,,,,,,,,,,,,,,,,,,,,,,,,,,,,,,,,,,,,,,,,,,,,,,,,,,,,,,,,,,,,,,,,,,,,,,,,,,,,,,,
273.5,15.060326497168859,13.190522950092955,10.815699454443966,1.0,,,,,,,,,,,,,,,,,,,,,,,,,,,,,,,,,,,,,,,,,,,,,,,,,,,,,,,,,,,,,,,,,,,,,,,,,,,,,,,,,,,,,,,,,,,,,,,,
273.75,15.023395833966967,13.152605497904512,10.77902346467058,1.0,,,,,,,,,,,,,,,,,,,,,,,,,,,,,,,,,,,,,,,,,,,,,,,,,,,,,,,,,,,,,,,,,,,,,,,,,,,,,,,,,,,,,,,,,,,,,,,,
274.0,14.986471055904657,13.114759724645367,10.742446501508123,1.0,,,,,,,,,,,,,,,,,,,,,,,,,,,,,,,,,,,,,,,,,,,,,,,,,,,,,,,,,,,,,,,,,,,,,,,,,,,,,,,,,,,,,,,,,,,,,,,,
274.25,14.94955583279465,13.076984421505445,10.705966027116364,1.0,,,,,,,,,,,,,,,,,,,,,,,,,,,,,,,,,,,,,,,,,,,,,,,,,,,,,,,,,,,,,,,,,,,,,,,,,,,,,,,,,,,,,,,,,,,,,,,,
274.5,14.9126535092323,13.039278510894823,10.669579582469481,1.0,,,,,,,,,,,,,,,,,,,,,,,,,,,,,,,,,,,,,,,,,,,,,,,,,,,,,,,,,,,,,,,,,,,,,,,,,,,,,,,,,,,,,,,,,,,,,,,,
274.75,14.87576714404091,13.001641024694003,10.633284799857671,1.0,,,,,,,,,,,,,,,,,,,,,,,,,,,,,,,,,,,,,,,,,,,,,,,,,,,,,,,,,,,,,,,,,,,,,,,,,,,,,,,,,,,,,,,,,,,,,,,,
275.0,14.838899543065404,12.964071086884168,10.597079410648927,1.0,,,,,,,,,,,,,,,,,,,,,,,,,,,,,,,,,,,,,,,,,,,,,,,,,,,,,,,,,,,,,,,,,,,,,,,,,,,,,,,,,,,,,,,,,,,,,,,,
275.25,14.802053286652402,12.926567899606784,10.560961249501966,1.0,,,,,,,,,,,,,,,,,,,,,,,,,,,,,,,,,,,,,,,,,,,,,,,,,,,,,,,,,,,,,,,,,,,,,,,,,,,,,,,,,,,,,,,,,,,,,,,,
275.5,14.76523075286871,12.889130731913944,10.524928255945143,1.0,,,,,,,,,,,,,,,,,,,,,,,,,,,,,,,,,,,,,,,,,,,,,,,,,,,,,,,,,,,,,,,,,,,,,,,,,,,,,,,,,,,,,,,,,,,,,,,,
275.75,14.728434137286314,12.8517589106349,10.488978474019115,1.0,,,,,,,,,,,,,,,,,,,,,,,,,,,,,,,,,,,,,,,,,,,,,,,,,,,,,,,,,,,,,,,,,,,,,,,,,,,,,,,,,,,,,,,,,,,,,,,,
276.0,14.691665469986134,12.814451812911209,10.453110050519621,1.0,,,,,,,,,,,,,,,,,,,,,,,,,,,,,,,,,,,,,,,,,,,,,,,,,,,,,,,,,,,,,,,,,,,,,,,,,,,,,,,,,,,,,,,,,,,,,,,,
276.25,14.654926630295215,12.777208860051623,10.41732123224836,1.0,,,,,,,,,,,,,,,,,,,,,,,,,,,,,,,,,,,,,,,,,,,,,,,,,,,,,,,,,,,,,,,,,,,,,,,,,,,,,,,,,,,,,,,,,,,,,,,,
276.5,14.618219359664419,12.740029512434186,10.381610362582695,1.0,,,,,,,,,,,,,,,,,,,,,,,,,,,,,,,,,,,,,,,,,,,,,,,,,,,,,,,,,,,,,,,,,,,,,,,,,,,,,,,,,,,,,,,,,,,,,,,,
276.75,14.581545273009416,12.702913265242675,10.345975877599635,1.0,,,,,,,,,,,,,,,,,,,,,,,,,,,,,,,,,,,,,,,,,,,,,,,,,,,,,,,,,,,,,,,,,,,,,,,,,,,,,,,,,,,,,,,,,,,,,,,,
277.0,14.544905868771766,12.665859644870583,10.310416301931506,1.0,,,,,,,,,,,,,,,,,,,,,,,,,,,,,,,,,,,,,,,,,,,,,,,,,,,,,,,,,,,,,,,,,,,,,,,,,,,,,,,,,,,,,,,,,,,,,,,,
277.25,14.508302537905191,12.628868205861945,10.27493024448604,1.0,,,,,,,,,,,,,,,,,,,,,,,,,,,,,,,,,,,,,,,,,,,,,,,,,,,,,,,,,,,,,,,,,,,,,,,,,,,,,,,,,,,,,,,,,,,,,,,,
277.5,14.471736571951654,12.591938528286246,10.239516394129279,1.0,,,,,,,,,,,,,,,,,,,,,,,,,,,,,,,,,,,,,,,,,,,,,,,,,,,,,,,,,,,,,,,,,,,,,,,,,,,,,,,,,,,,,,,,,,,,,,,,
277.75,14.435209170339872,12.555070215466523,10.204173515403365,1.0,,,,,,,,,,,,,,,,,,,,,,,,,,,,,,,,,,,,,,,,,,,,,,,,,,,,,,,,,,,,,,,,,,,,,,,,,,,,,,,,,,,,,,,,,,,,,,,,
278.0,14.398721447013987,12.51826289199681,10.168900444331074,1.0,,,,,,,,,,,,,,,,,,,,,,,,,,,,,,,,,,,,,,,,,,,,,,,,,,,,,,,,,,,,,,,,,,,,,,,,,,,,,,,,,,,,,,,,,,,,,,,,
278.25,14.362274436480153,12.481516201998327,10.133696084343542,1.0,,,,,,,,,,,,,,,,,,,,,,,,,,,,,,,,,,,,,,,,,,,,,,,,,,,,,,,,,,,,,,,,,,,,,,,,,,,,,,,,,,,,,,,,,,,,,,,,
278.5,14.325869099343372,12.444829807574221,10.09855940235593,1.0,,,,,,,,,,,,,,,,,,,,,,,,,,,,,,,,,,,,,,,,,,,,,,,,,,,,,,,,,,,,,,,,,,,,,,,,,,,,,,,,,,,,,,,,,,,,,,,,
278.75,14.28950632739428,12.408203387430847,10.063489425006853,1.0,,,,,,,,,,,,,,,,,,,,,,,,,,,,,,,,,,,,,,,,,,,,,,,,,,,,,,,,,,,,,,,,,,,,,,,,,,,,,,,,,,,,,,,,,,,,,,,,
279.0,14.253186948295914,12.37163663563981,10.028485235070804,1.0,,,,,,,,,,,,,,,,,,,,,,,,,,,,,,,,,,,,,,,,,,,,,,,,,,,,,,,,,,,,,,,,,,,,,,,,,,,,,,,,,,,,,,,,,,,,,,,,
279.25,14.216911729912445,12.335129260520135,9.99354596804771,1.0,,,,,,,,,,,,,,,,,,,,,,,,,,,,,,,,,,,,,,,,,,,,,,,,,,,,,,,,,,,,,,,,,,,,,,,,,,,,,,,,,,,,,,,,,,,,,,,,
279.5,14.180681384315566,12.298680983623782,9.95867080893019,1.0,,,,,,,,,,,,,,,,,,,,,,,,,,,,,,,,,,,,,,,,,,,,,,,,,,,,,,,,,,,,,,,,,,,,,,,,,,,,,,,,,,,,,,,,,,,,,,,,
279.75,14.14449657149916,12.262291538810796,9.923858989146268,1.0,,,,,,,,,,,,,,,,,,,,,,,,,,,,,,,,,,,,,,,,,,,,,,,,,,,,,,,,,,,,,,,,,,,,,,,,,,,,,,,,,,,,,,,,,,,,,,,,
280.0,14.10835790282857,12.225960671402925,9.8891097836735,1.0,,,,,,,,,,,,,,,,,,,,,,,,,,,,,,,,,,,,,,,,,,,,,,,,,,,,,,,,,,,,,,,,,,,,,,,,,,,,,,,,,,,,,,,,,,,,,,,,
280.25,14.072265944247574,12.189688137406382,9.854422508319074,1.0,,,,,,,,,,,,,,,,,,,,,,,,,,,,,,,,,,,,,,,,,,,,,,,,,,,,,,,,,,,,,,,,,,,,,,,,,,,,,,,,,,,,,,,,,,,,,,,,
280.5,14.03622121926314,12.153473702796,9.819796517159503,1.0,,,,,,,,,,,,,,,,,,,,,,,,,,,,,,,,,,,,,,,,,,,,,,,,,,,,,,,,,,,,,,,,,,,,,,,,,,,,,,,,,,,,,,,,,,,,,,,,
280.75,14.00022421172596,12.117317142854317,9.785231200133087,1.0,,,,,,,,,,,,,,,,,,,,,,,,,,,,,,,,,,,,,,,,,,,,,,,,,,,,,,,,,,,,,,,,,,,,,,,,,,,,,,,,,,,,,,,,,,,,,,,,
281.0,13.964275368422554,12.081218241560034,9.750725980777906,1.0,,,,,,,,,,,,,,,,,,,,,,,,,,,,,,,,,,,,,,,,,,,,,,,,,,,,,,,,,,,,,,,,,,,,,,,,,,,,,,,,,,,,,,,,,,,,,,,,
281.25,13.928375101493295,12.045176791021131,9.716280314108024,1.0,,,,,,,,,,,,,,,,,,,,,,,,,,,,,,,,,,,,,,,,,,,,,,,,,,,,,,,,,,,,,,,,,,,,,,,,,,,,,,,,,,,,,,,,,,,,,,,,
281.5,13.892523790689218,12.00919259094857,9.681893684620627,1.0,,,,,,,,,,,,,,,,,,,,,,,,,,,,,,,,,,,,,,,,,,,,,,,,,,,,,,,,,,,,,,,,,,,,,,,,,,,,,,,,,,,,,,,,,,,,,,,,
281.75,13.856721785479241,11.973265448167073,9.647565604426887,1.0,,,,,,,,,,,,,,,,,,,,,,,,,,,,,,,,,,,,,,,,,,,,,,,,,,,,,,,,,,,,,,,,,,,,,,,,,,,,,,,,,,,,,,,,,,,,,,,,
282.0,13.820969407018458,11.93739517615982,9.613295611499568,1.0,,,,,,,,,,,,,,,,,,,,,,,,,,,,,,,,,,,,,,,,,,,,,,,,,,,,,,,,,,,,,,,,,,,,,,,,,,,,,,,,,,,,,,,,,,,,,,,,
282.25,13.785266949987225,11.901581594644346,9.5790832680306,1.0,,,,,,,,,,,,,,,,,,,,,,,,,,,,,,,,,,,,,,,,,,,,,,,,,,,,,,,,,,,,,,,,,,,,,,,,,,,,,,,,,,,,,,,,,,,,,,,,
282.5,13.749614684309915,11.865824529177216,9.54492815889216,1.0,,,,,,,,,,,,,,,,,,,,,,,,,,,,,,,,,,,,,,,,,,,,,,,,,,,,,,,,,,,,,,,,,,,,,,,,,,,,,,,,,,,,,,,,,,,,,,,,
282.75,13.714012856761586,11.830123810785238,9.510829890195017,1.0,,,,,,,,,,,,,,,,,,,,,,,,,,,,,,,,,,,,,,,,,,,,,,,,,,,,,,,,,,,,,,,,,,,,,,,,,,,,,,,,,,,,,,,,,,,,,,,,
283.0,13.678461692470151,11.794479275621303,9.476788087938269,1.0,,,,,,,,,,,,,,,,,,,,,,,,,,,,,,,,,,,,,,,,,,,,,,,,,,,,,,,,,,,,,,,,,,,,,,,,,,,,,,,,,,,,,,,,,,,,,,,,
283.25,13.642961396320969,11.758890764642997,9.442802396744868,1.0,,,,,,,,,,,,,,,,,,,,,,,,,,,,,,,,,,,,,,,,,,,,,,,,,,,,,,,,,,,,,,,,,,,,,,,,,,,,,,,,,,,,,,,,,,,,,,,,
283.5,13.60751215427045,11.723358123312444,9.408872478677608,1.0,,,,,,,,,,,,,,,,,,,,,,,,,,,,,,,,,,,,,,,,,,,,,,,,,,,,,,,,,,,,,,,,,,,,,,,,,,,,,,,,,,,,,,,,,,,,,,,,
283.75,13.572114134574633,11.687881201315813,9.374998012130606,1.0,,,,,,,,,,,,,,,,,,,,,,,,,,,,,,,,,,,,,,,,,,,,,,,,,,,,,,,,,,,,,,,,,,,,,,,,,,,,,,,,,,,,,,,,,,,,,,,,
284.0,13.536767488938347,11.65245985230117,9.34117869079152,1.0,,,,,,,,,,,,,,,,,,,,,,,,,,,,,,,,,,,,,,,,,,,,,,,,,,,,,,,,,,,,,,,,,,,,,,,,,,,,,,,,,,,,,,,,,,,,,,,,
284.25,13.50147235359015,11.617093933633436,9.307414222670069,1.0,,,,,,,,,,,,,,,,,,,,,,,,,,,,,,,,,,,,,,,,,,,,,,,,,,,,,,,,,,,,,,,,,,,,,,,,,,,,,,,,,,,,,,,,,,,,,,,,
284.5,13.466228850287955,11.581783306165232,9.273704329188686,1.0,,,,,,,,,,,,,,,,,,,,,,,,,,,,,,,,,,,,,,,,,,,,,,,,,,,,,,,,,,,,,,,,,,,,,,,,,,,,,,,,,,,,,,,,,,,,,,,,
284.75,13.431037087259755,11.546527834022633,9.24004874433134,1.0,,,,,,,,,,,,,,,,,,,,,,,,,,,,,,,,,,,,,,,,,,,,,,,,,,,,,,,,,,,,,,,,,,,,,,,,,,,,,,,,,,,,,,,,,,,,,,,,
285.0,13.395897160083779,11.511327384404744,9.206447213846872,1.0,,,,,,,,,,,,,,,,,,,,,,,,,,,,,,,,,,,,,,,,,,,,,,,,,,,,,,,,,,,,,,,,,,,,,,,,,,,,,,,,,,,,,,,,,,,,,,,,
285.25,13.360809152511912,11.476181827396264,9.172899494503362,1.0,,,,,,,,,,,,,,,,,,,,,,,,,,,,,,,,,,,,,,,,,,,,,,,,,,,,,,,,,,,,,,,,,,,,,,,,,,,,,,,,,,,,,,,,,,,,,,,,
285.5,13.325773137240128,11.441091035792123,9.139405353390256,1.0,,,,,,,,,,,,,,,,,,,,,,,,,,,,,,,,,,,,,,,,,,,,,,,,,,,,,,,,,,,,,,,,,,,,,,,,,,,,,,,,,,,,,,,,,,,,,,,,
285.75,13.290789176629316,11.406054884933445,9.105964567265257,1.0,,,,,,,,,,,,,,,,,,,,,,,,,,,,,,,,,,,,,,,,,,,,,,,,,,,,,,,,,,,,,,,,,,,,,,,,,,,,,,,,,,,,,,,,,,,,,,,,
286.0,13.25585732337971,11.37107325255405,9.072576921943067,1.0,,,,,,,,,,,,,,,,,,,,,,,,,,,,,,,,,,,,,,,,,,,,,,,,,,,,,,,,,,,,,,,,,,,,,,,,,,,,,,,,,,,,,,,,,,,,,,,,
286.25,13.220977621161946,11.33614601863685,9.039242211723352,1.0,,,,,,,,,,,,,,,,,,,,,,,,,,,,,,,,,,,,,,,,,,,,,,,,,,,,,,,,,,,,,,,,,,,,,,,,,,,,,,,,,,,,,,,,,,,,,,,,
286.5,13.18615010520752,11.30127306527948,9.005960238855355,1.0,,,,,,,,,,,,,,,,,,,,,,,,,,,,,,,,,,,,,,,,,,,,,,,,,,,,,,,,,,,,,,,,,,,,,,,,,,,,,,,,,,,,,,,,,,,,,,,,
286.75,13.151374802861255,11.26645427656855,8.97273081303691,1.0,,,,,,,,,,,,,,,,,,,,,,,,,,,,,,,,,,,,,,,,,,,,,,,,,,,,,,,,,,,,,,,,,,,,,,,,,,,,,,,,,,,,,,,,,,,,,,,,
287.0,13.116651734098243,11.231689538461982,8.939553750945556,1.0,,,,,,,,,,,,,,,,,,,,,,,,,,,,,,,,,,,,,,,,,,,,,,,,,,,,,,,,,,,,,,,,,,,,,,,,,,,,,,,,,,,,,,,,,,,,,,,,
287.25,13.081980912007552,11.196978738678897,8.906428875799746,1.0,,,,,,,,,,,,,,,,,,,,,,,,,,,,,,,,,,,,,,,,,,,,,,,,,,,,,,,,,,,,,,,,,,,,,,,,,,,,,,,,,,,,,,,,,,,,,,,,
287.5,13.047362343244808,11.162321766596564,8.873356016948206,1.0,,,,,,,,,,,,,,,,,,,,,,,,,,,,,,,,,,,,,,,,,,,,,,,,,,,,,,,,,,,,,,,,,,,,,,,,,,,,,,,,,,,,,,,,,,,,,,,,
287.75,13.012796028455698,11.127718513153962,8.840335009485647,1.0,,,,,,,,,,,,,,,,,,,,,,,,,,,,,,,,,,,,,,,,,,,,,,,,,,,,,,,,,,,,,,,,,,,,,,,,,,,,,,,,,,,,,,,,,,,,,,,,
288.0,12.978281962672218,11.093168870761518,8.80736569389313,1.0,,,,,,,,,,,,,,,,,,,,,,,,,,,,,,,,,,,,,,,,,,,,,,,,,,,,,,,,,,,,,,,,,,,,,,,,,,,,,,,,,,,,,,,,,,,,,,,,
288.25,12.94382013568346,11.058672733216639,8.77444791570152,1.0,,,,,,,,,,,,,,,,,,,,,,,,,,,,,,,,,,,,,,,,,,,,,,,,,,,,,,,,,,,,,,,,,,,,,,,,,,,,,,,,,,,,,,,,,,,,,,,,
288.5,12.909410532382537,11.02422999562463,8.741581525176501,1.0,,,,,,,,,,,,,,,,,,,,,,,,,,,,,,,,,,,,,,,,,,,,,,,,,,,,,,,,,,,,,,,,,,,,,,,,,,,,,,,,,,,,,,,,,,,,,,,,
288.75,12.875053133091226,10.989840554324713,8.708766377023835,1.0,,,,,,,,,,,,,,,,,,,,,,,,,,,,,,,,,,,,,,,,,,,,,,,,,,,,,,,,,,,,,,,,,,,,,,,,,,,,,,,,,,,,,,,,,,,,,,,,
289.0,12.840747913863707,10.955504306820748,8.67600233011352,1.0,,,,,,,,,,,,,,,,,,,,,,,,,,,,,,,,,,,,,,,,,,,,,,,,,,,,,,,,,,,,,,,,,,,,,,,,,,,,,,,,,,,,,,,,,,,,,,,,
289.25,12.806494846770784,10.921221151716402,8.64328924722163,1.0,,,,,,,,,,,,,,,,,,,,,,,,,,,,,,,,,,,,,,,,,,,,,,,,,,,,,,,,,,,,,,,,,,,,,,,,,,,,,,,,,,,,,,,,,,,,,,,,
289.5,12.772293900165831,10.88699098865446,8.61062699478874,1.0,,,,,,,,,,,,,,,,,,,,,,,,,,,,,,,,,,,,,,,,,,,,,,,,,,,,,,,,,,,,,,,,,,,,,,,,,,,,,,,,,,,,,,,,,,,,,,,,
289.75,12.738145038933625,10.85281371826003,8.57801544269384,1.0,,,,,,,,,,,,,,,,,,,,,,,,,,,,,,,,,,,,,,,,,,,,,,,,,,,,,,,,,,,,,,,,,,,,,,,,,,,,,,,,,,,,,,,,,,,,,,,,
290.0,12.704048224723174,10.818689242087343,8.545454464042729,1.0,,,,,,,,,,,,,,,,,,,,,,,,,,,,,,,,,,,,,,,,,,,,,,,,,,,,,,,,,,,,,,,,,,,,,,,,,,,,,,,,,,,,,,,,,,,,,,,,
290.25,12.67000341616557,10.784617462569994,8.512943934970023,1.0,,,,,,,,,,,,,,,,,,,,,,,,,,,,,,,,,,,,,,,,,,,,,,,,,,,,,,,,,,,,,,,,,,,,,,,,,,,,,,,,,,,,,,,,,,,,,,,,
290.5,12.636010569077854,10.750598282974327,8.480483734453818,1.0,,,,,,,,,,,,,,,,,,,,,,,,,,,,,,,,,,,,,,,,,,,,,,,,,,,,,,,,,,,,,,,,,,,,,,,,,,,,,,,,,,,,,,,,,,,,,,,,
290.75,12.602069636653706,10.71663160735582,8.44807374414227,1.0,,,,,,,,,,,,,,,,,,,,,,,,,,,,,,,,,,,,,,,,,,,,,,,,,,,,,,,,,,,,,,,,,,,,,,,,,,,,,,,,,,,,,,,,,,,,,,,,
291.0,12.568180569641935,10.682717340518233,8.415713848191276,1.0,,,,,,,,,,,,,,,,,,,,,,,,,,,,,,,,,,,,,,,,,,,,,,,,,,,,,,,,,,,,,,,,,,,,,,,,,,,,,,,,,,,,,,,,,,,,,,,,
291.25,12.534343316513436,10.648855387975365,8.383403933112568,1.0,,,,,,,,,,,,,,,,,,,,,,,,,,,,,,,,,,,,,,,,,,,,,,,,,,,,,,,,,,,,,,,,,,,,,,,,,,,,,,,,,,,,,,,,,,,,,,,,
291.5,12.500557823617427,10.615045655915273,8.351143887631554,1.0,,,,,,,,,,,,,,,,,,,,,,,,,,,,,,,,,,,,,,,,,,,,,,,,,,,,,,,,,,,,,,,,,,,,,,,,,,,,,,,,,,,,,,,,,,,,,,,,
291.75,12.466824035327612,10.581288051166716,8.318933602554251,1.0,,,,,,,,,,,,,,,,,,,,,,,,,,,,,,,,,,,,,,,,,,,,,,,,,,,,,,,,,,,,,,,,,,,,,,,,,,,,,,,,,,,,,,,,,,,,,,,,
292.0,12.433141894178963,10.547582481167801,8.286772970642764,1.0,,,,,,,,,,,,,,,,,,,,,,,,,,,,,,,,,,,,,,,,,,,,,,,,,,,,,,,,,,,,,,,,,,,,,,,,,,,,,,,,,,,,,,,,,,,,,,,,
292.25,12.399511340995659,10.51392885393657,8.254661886498736,1.0,,,,,,,,,,,,,,,,,,,,,,,,,,,,,,,,,,,,,,,,,,,,,,,,,,,,,,,,,,,,,,,,,,,,,,,,,,,,,,,,,,,,,,,,,,,,,,,,
292.5,12.365932315010838,10.480327078043489,8.222600246454274,1.0,,,,,,,,,,,,,,,,,,,,,,,,,,,,,,,,,,,,,,,,,,,,,,,,,,,,,,,,,,,,,,,,,,,,,,,,,,,,,,,,,,,,,,,,,,,,,,,,
292.75,12.332404753978581,10.446777062585669,8.190587948469839,1.0,,,,,,,,,,,,,,,,,,,,,,,,,,,,,,,,,,,,,,,,,,,,,,,,,,,,,,,,,,,,,,,,,,,,,,,,,,,,,,,,,,,,,,,,,,,,,,,,
293.0,12.29892859427873,10.41327871716273,8.158624892038713,1.0,,,,,,,,,,,,,,,,,,,,,,,,,,,,,,,,,,,,,,,,,,,,,,,,,,,,,,,,,,,,,,,,,,,,,,,,,,,,,,,,,,,,,,,,,,,,,,,,
293.25,12.265503771014917,10.379831951854186,8.126710978097549,1.0,,,,,,,,,,,,,,,,,,,,,,,,,,,,,,,,,,,,,,,,,,,,,,,,,,,,,,,,,,,,,,,,,,,,,,,,,,,,,,,,,,,,,,,,,,,,,,,,
293.5,12.232130218106317,10.346436677198296,8.094846108942669,1.0,,,,,,,,,,,,,,,,,,,,,,,,,,,,,,,,,,,,,,,,,,,,,,,,,,,,,,,,,,,,,,,,,,,,,,,,,,,,,,,,,,,,,,,,,,,,,,,,
293.75,12.198807868373448,10.3130928041722,8.063030188151709,1.0,,,,,,,,,,,,,,,,,,,,,,,,,,,,,,,,,,,,,,,,,,,,,,,,,,,,,,,,,,,,,,,,,,,,,,,,,,,,,,,,,,,,,,,,,,,,,,,,
294.0,12.165536653618474,10.279800244173364,8.031263120510284,1.0,,,,,,,,,,,,,,,,,,,,,,,,,,,,,,,,,,,,,,,,,,,,,,,,,,,,,,,,,,,,,,,,,,,,,,,,,,,,,,,,,,,,,,,,,,,,,,,,
294.25,12.132316504700302,10.246558909002161,7.999544811943348,1.0,,,,,,,,,,,,,,,,,,,,,,,,,,,,,,,,,,,,,,,,,,,,,,,,,,,,,,,,,,,,,,,,,,,,,,,,,,,,,,,,,,,,,,,,,,,,,,,,
294.5,12.09914735160486,10.213368710845579,7.96787516945093,1.0,,,,,,,,,,,,,,,,,,,,,,,,,,,,,,,,,,,,,,,,,,,,,,,,,,,,,,,,,,,,,,,,,,,,,,,,,,,,,,,,,,,,,,,,,,,,,,,,
294.75,12.066029123510827,10.180229562261932,7.936254101047999,1.0,,,,,,,,,,,,,,,,,,,,,,,,,,,,,,,,,,,,,,,,,,,,,,,,,,,,,,,,,,,,,,,,,,,,,,,,,,,,,,,,,,,,,,,,,,,,,,,,
295.0,12.032961748851118,10.147141376166548,7.904681515708158,1.0,,,,,,,,,,,,,,,,,,,,,,,,,,,,,,,,,,,,,,,,,,,,,,,,,,,,,,,,,,,,,,,,,,,,,,,,,,,,,,,,,,,,,,,,,,,,,,,,
295.25,11.999945155370435,10.11410406581836,7.873157323310943,1.0,,,,,,,,,,,,,,,,,,,,,,,,,,,,,,,,,,,,,,,,,,,,,,,,,,,,,,,,,,,,,,,,,,,,,,,,,,,,,,,,,,,,,,,,,,,,,,,,
295.5,11.966979270179051,10.08111754480733,7.8416814345924895,1.0,,,,,,,,,,,,,,,,,,,,,,,,,,,,,,,,,,,,,,,,,,,,,,,,,,,,,,,,,,,,,,,,,,,,,,,,,,,,,,,,,,,,,,,,,,,,,,,,
295.75,11.934064019803152,10.048181727042666,7.810253761099347,1.0,,,,,,,,,,,,,,,,,,,,,,,,,,,,,,,,,,,,,,,,,,,,,,,,,,,,,,,,,,,,,,,,,,,,,,,,,,,,,,,,,,,,,,,,,,,,,,,,
296.0,11.901199330231929,10.015296526741768,7.778874215145245,1.0,,,,,,,,,,,,,,,,,,,,,,,,,,,,,,,,,,,,,,,,,,,,,,,,,,,,,,,,,,,,,,,,,,,,,,,,,,,,,,,,,,,,,,,,,,,,,,,,
296.25,11.868385126961607,9.982461858419887,7.747542709770615,1.0,,,,,,,,,,,,,,,,,,,,,,,,,,,,,,,,,,,,,,,,,,,,,,,,,,,,,,,,,,,,,,,,,,,,,,,,,,,,,,,,,,,,,,,,,,,,,,,,
296.5,11.835621335036647,9.94967763688041,7.716259158704691,1.0,,,,,,,,,,,,,,,,,,,,,,,,,,,,,,,,,,,,,,,,,,,,,,,,,,,,,,,,,,,,,,,,,,,,,,,,,,,,,,,,,,,,,,,,,,,,,,,,
296.75,11.802907879088261,9.91694377720575,7.685023476330042,1.0,,,,,,,,,,,,,,,,,,,,,,,,,,,,,,,,,,,,,,,,,,,,,,,,,,,,,,,,,,,,,,,,,,,,,,,,,,,,,,,,,,,,,,,,,,,,,,,,
297.0,11.770244683370459,9.88426019474882,7.653835577649345,1.0,,,,,,,,,,,,,,,,,,,,,,,,,,,,,,,,,,,,,,,,,,,,,,,,,,,,,,,,,,,,,,,,,,,,,,,,,,,,,,,,,,,,,,,,,,,,,,,,
297.25,11.73763167179374,9.851626805125004,7.622695378254288,1.0,,,,,,,,,,,,,,,,,,,,,,,,,,,,,,,,,,,,,,,,,,,,,,,,,,,,,,,,,,,,,,,,,,,,,,,,,,,,,,,,,,,,,,,,,,,,,,,,
297.5,11.705068767956611,9.819043524204668,7.591602794296443,1.0,,,,,,,,,,,,,,,,,,,,,,,,,,,,,,,,,,,,,,,,,,,,,,,,,,,,,,,,,,,,,,,,,,,,,,,,,,,,,,,,,,,,,,,,,,,,,,,,
297.75,11.672555895175067,9.786510268106094,7.560557742460004,1.0,,,,,,,,,,,,,,,,,,,,,,,,,,,,,,,,,,,,,,,,,,,,,,,,,,,,,,,,,,,,,,,,,,,,,,,,,,,,,,,,,,,,,,,,,,,,,,,,
298.0,11.640092976510141,9.754026953188864,7.529560139936247,1.0,,,,,,,,,,,,,,,,,,,,,,,,,,,,,,,,,,,,,,,,,,,,,,,,,,,,,,,,,,,,,,,,,,,,,,,,,,,,,,,,,,,,,,,,,,,,,,,,
298.25,11.60767993479369,9.721593496047667,7.498609904399621,1.0,,,,,,,,,,,,,,,,,,,,,,,,,,,,,,,,,,,,,,,,,,,,,,,,,,,,,,,,,,,,,,,,,,,,,,,,,,,,,,,,,,,,,,,,,,,,,,,,
298.5,11.575316692652475,9.68920981350645,7.467706953985351,1.0,,,,,,,,,,,,,,,,,,,,,,,,,,,,,,,,,,,,,,,,,,,,,,,,,,,,,,,,,,,,,,,,,,,,,,,,,,,,,,,,,,,,,,,,,,,,,,,,
298.75,11.543003172530724,9.656875822612959,7.436851207268465,1.0,,,,,,,,,,,,,,,,,,,,,,,,,,,,,,,,,,,,,,,,,,,,,,,,,,,,,,,,,,,,,,,,,,,,,,,,,,,,,,,,,,,,,,,,,,,,,,,,
299.0,11.51073929671116,9.624591440633585,7.4060425832441545,1.0,,,,,,,,,,,,,,,,,,,,,,,,,,,,,,,,,,,,,,,,,,,,,,,,,,,,,,,,,,,,,,,,,,,,,,,,,,,,,,,,,,,,,,,,,,,,,,,,
299.25,11.47852498733472,9.592356585048556,7.3752810013093715,1.0,,,,,,,,,,,,,,,,,,,,,,,,,,,,,,,,,,,,,,,,,,,,,,,,,,,,,,,,,,,,,,,,,,,,,,,,,,,,,,,,,,,,,,,,,,,,,,,,
299.5,11.446360166418968,9.560171173547378,7.344566381245597,1.0,,,,,,,,,,,,,,,,,,,,,,,,,,,,,,,,,,,,,,,,,,,,,,,,,,,,,,,,,,,,,,,,,,,,,,,,,,,,,,,,,,,,,,,,,,,,,,,,
299.75,11.414244755875284,9.528035124024585,7.313898643202692,1.0,,,,,,,,,,,,,,,,,,,,,,,,,,,,,,,,,,,,,,,,,,,,,,,,,,,,,,,,,,,,,,,,,,,,,,,,,,,,,,,,,,,,,,,,,,,,,,,,
300.0,11.382178677524973,9.495948354575722,7.283277707683776,1.0,,,,,,,,,,,,,,,,,,,,,,,,,,,,,,,,,,,,,,,,,,,,,,,,,,,,,,,,,,,,,,,,,,,,,,,,,,,,,,,,,,,,,,,,,,,,,,,,
300.25,11.350161853114278,9.463910783493585,7.252703495531055,1.0,,,,,,,,,,,,,,,,,,,,,,,,,,,,,,,,,,,,,,,,,,,,,,,,,,,,,,,,,,,,,,,,,,,,,,,,,,,,,,,,,,,,,,,,,,,,,,,,
300.5,11.318194204328446,9.431922329264665,7.222175927912547,1.0,,,,,,,,,,,,,,,,,,,,,,,,,,,,,,,,,,,,,,,,,,,,,,,,,,,,,,,,,,,,,,,,,,,,,,,,,,,,,,,,,,,,,,,,,,,,,,,,
300.75,11.28627565280485,9.399982910565818,7.1916949263096335,1.0,,,,,,,,,,,,,,,,,,,,,,,,,,,,,,,,,,,,,,,,,,,,,,,,,,,,,,,,,,,,,,,,,,,,,,,,,,,,,,,,,,,,,,,,,,,,,,,,
301.0,11.254406120145255,9.368092446261116,7.161260412505405,1.0,,,,,,,,,,,,,,,,,,,,,,,,,,,,,,,,,,,,,,,,,,,,,,,,,,,,,,,,,,,,,,,,,,,,,,,,,,,,,,,,,,,,,,,,,,,,,,,,
301.25,11.22258552792728,9.336250855398909,7.130872308573734,1.0,,,,,,,,,,,,,,,,,,,,,,,,,,,,,,,,,,,,,,,,,,,,,,,,,,,,,,,,,,,,,,,,,,,,,,,,,,,,,,,,,,,,,,,,,,,,,,,,
301.5,11.190813797715109,9.304458057209018,7.1005305368690275,1.0,,,,,,,,,,,,,,,,,,,,,,,,,,,,,,,,,,,,,,,,,,,,,,,,,,,,,,,,,,,,,,,,,,,,,,,,,,,,,,,,,,,,,,,,,,,,,,,,
301.75,11.15909085106948,9.272713971100124,7.07023502001663,1.0,,,,,,,,,,,,,,,,,,,,,,,,,,,,,,,,,,,,,,,,,,,,,,,,,,,,,,,,,,,,,,,,,,,,,,,,,,,,,,,,,,,,,,,,,,,,,,,,
302.0,11.127416609557045,9.241018516657292,7.039985680903817,1.0,,,,,,,,,,,,,,,,,,,,,,,,,,,,,,,,,,,,,,,,,,,,,,,,,,,,,,,,,,,,,,,,,,,,,,,,,,,,,,,,,,,,,,,,,,,,,,,,
302.25,11.095790994759065,9.209371613639627,7.009782442671357,1.0,,,,,,,,,,,,,,,,,,,,,,,,,,,,,,,,,,,,,,,,,,,,,,,,,,,,,,,,,,,,,,,,,,,,,,,,,,,,,,,,,,,,,,,,,,,,,,,,
302.5,11.064213928279575,9.17777318197809,6.979625228705596,1.0,,,,,,,,,,,,,,,,,,,,,,,,,,,,,,,,,,,,,,,,,,,,,,,,,,,,,,,,,,,,,,,,,,,,,,,,,,,,,,,,,,,,,,,,,,,,,,,,
302.75,11.032685331752974,9.146223141773412,6.9495139626310385,1.0,,,,,,,,,,,,,,,,,,,,,,,,,,,,,,,,,,,,,,,,,,,,,,,,,,,,,,,,,,,,,,,,,,,,,,,,,,,,,,,,,,,,,,,,,,,,,,,,
303.0,11.00120512685113,9.114721413294124,6.919448568303371,1.0,,,,,,,,,,,,,,,,,,,,,,,,,,,,,,,,,,,,,,,,,,,,,,,,,,,,,,,,,,,,,,,,,,,,,,,,,,,,,,,,,,,,,,,,,,,,,,,,
303.25,10.969773235289988,9.083267916974716,6.889428969802945,1.0,,,,,,,,,,,,,,,,,,,,,,,,,,,,,,,,,,,,,,,,,,,,,,,,,,,,,,,,,,,,,,,,,,,,,,,,,,,,,,,,,,,,,,,,,,,,,,,,
303.5,10.938389578835762,9.051862573413876,6.859455091428639,1.0,,,,,,,,,,,,,,,,,,,,,,,,,,,,,,,,,,,,,,,,,,,,,,,,,,,,,,,,,,,,,,,,,,,,,,,,,,,,,,,,,,,,,,,,,,,,,,,,
303.75,10.907054079310699,9.020505303372833,6.829526857692105,1.0,,,,,,,,,,,,,,,,,,,,,,,,,,,,,,,,,,,,,,,,,,,,,,,,,,,,,,,,,,,,,,,,,,,,,,,,,,,,,,,,,,,,,,,,,,,,,,,,
304.0,10.87576665859843,8.989196027773785,6.799644193312374,1.0,,,,,,,,,,,,,,,,,,,,,,,,,,,,,,,,,,,,,,,,,,,,,,,,,,,,,,,,,,,,,,,,,,,,,,,,,,,,,,,,,,,,,,,,,,,,,,,,
304.25,10.844527238649013,8.957934667698417,6.769807023210782,1.0,,,,,,,,,,,,,,,,,,,,,,,,,,,,,,,,,,,,,,,,,,,,,,,,,,,,,,,,,,,,,,,,,,,,,,,,,,,,,,,,,,,,,,,,,,,,,,,,
304.5,10.813335741483595,8.926721144386493,6.740015272506211,1.0,,,,,,,,,,,,,,,,,,,,,,,,,,,,,,,,,,,,,,,,,,,,,,,,,,,,,,,,,,,,,,,,,,,,,,,,,,,,,,,,,,,,,,,,,,,,,,,,
304.75,10.78219208919875,8.895555379234512,6.710268866510626,1.0,,,,,,,,,,,,,,,,,,,,,,,,,,,,,,,,,,,,,,,,,,,,,,,,,,,,,,,,,,,,,,,,,,,,,,,,,,,,,,,,,,,,,,,,,,,,,,,,
305.0,10.751096203970562,8.864437293794447,6.680567730724858,1.0,,,,,,,,,,,,,,,,,,,,,,,,,,,,,,,,,,,,,,,,,,,,,,,,,,,,,,,,,,,,,,,,,,,,,,,,,,,,,,,,,,,,,,,,,,,,,,,,
305.25,10.720048008058379,8.833366809772542,6.650911790834677,1.0,,,,,,,,,,,,,,,,,,,,,,,,,,,,,,,,,,,,,,,,,,,,,,,,,,,,,,,,,,,,,,,,,,,,,,,,,,,,,,,,,,,,,,,,,,,,,,,,
305.5,10.689047423808347,8.802343849028158,6.621300972707071,1.0,,,,,,,,,,,,,,,,,,,,,,,,,,,,,,,,,,,,,,,,,,,,,,,,,,,,,,,,,,,,,,,,,,,,,,,,,,,,,,,,,,,,,,,,,,,,,,,,
305.75,10.65809437365668,8.771368333572699,6.591735202386758,1.0,,,,,,,,,,,,,,,,,,,,,,,,,,,,,,,,,,,,,,,,,,,,,,,,,,,,,,,,,,,,,,,,,,,,,,,,,,,,,,,,,,,,,,,,,,,,,,,,
306.0,10.6271887801327,8.740440185568561,6.562214406092916,1.0,,,,,,,,,,,,,,,,,,,,,,,,,,,,,,,,,,,,,,,,,,,,,,,,,,,,,,,,,,,,,,,,,,,,,,,,,,,,,,,,,,,,,,,,,,,,,,,,
306.25,10.596330565861678,8.70955932732816,6.532738510216088,1.0,,,,,,,,,,,,,,,,,,,,,,,,,,,,,,,,,,,,,,,,,,,,,,,,,,,,,,,,,,,,,,,,,,,,,,,,,,,,,,,,,,,,,,,,,,,,,,,,
306.5,10.565519653567454,8.678725681312978,6.503307441315287,1.0,,,,,,,,,,,,,,,,,,,,,,,,,,,,,,,,,,,,,,,,,,,,,,,,,,,,,,,,,,,,,,,,,,,,,,,,,,,,,,,,,,,,,,,,,,,,,,,,
306.75,10.534755966074904,8.647939170132673,6.473921126115259,1.0,,,,,,,,,,,,,,,,,,,,,,,,,,,,,,,,,,,,,,,,,,,,,,,,,,,,,,,,,,,,,,,,,,,,,,,,,,,,,,,,,,,,,,,,,,,,,,,,
307.0,10.504039426312195,8.61719971654422,6.4445794915039105,1.0,,,,,,,,,,,,,,,,,,,,,,,,,,,,,,,,,,,,,,,,,,,,,,,,,,,,,,,,,,,,,,,,,,,,,,,,,,,,,,,,,,,,,,,,,,,,,,,,
307.25,10.473369957312892,8.58650724345109,6.415282464529886,1.0,,,,,,,,,,,,,,,,,,,,,,,,,,,,,,,,,,,,,,,,,,,,,,,,,,,,,,,,,,,,,,,,,,,,,,,,,,,,,,,,,,,,,,,,,,,,,,,,
307.5,10.442747482217928,8.555861673902466,6.386029972400284,1.0,,,,,,,,,,,,,,,,,,,,,,,,,,,,,,,,,,,,,,,,,,,,,,,,,,,,,,,,,,,,,,,,,,,,,,,,,,,,,,,,,,,,,,,,,,,,,,,,
307.75,10.412171924277406,8.525262931092492,6.356821942478502,1.0,,,,,,,,,,,,,,,,,,,,,,,,,,,,,,,,,,,,,,,,,,,,,,,,,,,,,,,,,,,,,,,,,,,,,,,,,,,,,,,,,,,,,,,,,,,,,,,,
308.0,10.38164320685227,8.494710938359553,6.327658302282208,1.0,,,,,,,,,,,,,,,,,,,,,,,,,,,,,,,,,,,,,,,,,,,,,,,,,,,,,,,,,,,,,,,,,,,,,,,,,,,,,,,,,,,,,,,,,,,,,,,,
308.25,10.35116125341588,8.464205619185583,6.298538979481424,1.0,,,,,,,,,,,,,,,,,,,,,,,,,,,,,,,,,,,,,,,,,,,,,,,,,,,,,,,,,,,,,,,,,,,,,,,,,,,,,,,,,,,,,,,,,,,,,,,,
308.5,10.32072598755542,8.433746897195407,6.269463901896714,1.0,,,,,,,,,,,,,,,,,,,,,,,,,,,,,,,,,,,,,,,,,,,,,,,,,,,,,,,,,,,,,,,,,,,,,,,,,,,,,,,,,,,,,,,,,,,,,,,,
308.75,10.290337332973246,8.40333469615609,6.240432997497479,1.0,,,,,,,,,,,,,,,,,,,,,,,,,,,,,,,,,,,,,,,,,,,,,,,,,,,,,,,,,,,,,,,,,,,,,,,,,,,,,,,,,,,,,,,,,,,,,,,,
309.0,10.259995213488107,8.37296893997634,6.211446194400343,1.0,,,,,,,,,,,,,,,,,,,,,,,,,,,,,,,,,,,,,,,,,,,,,,,,,,,,,,,,,,,,,,,,,,,,,,,,,,,,,,,,,,,,,,,,,,,,,,,,
309.25,10.229699553036266,8.3426495527059,6.1825034208676275,1.0,,,,,,,,,,,,,,,,,,,,,,,,,,,,,,,,,,,,,,,,,,,,,,,,,,,,,,,,,,,,,,,,,,,,,,,,,,,,,,,,,,,,,,,,,,,,,,,,
309.5,10.199450275672534,8.312376458534983,6.153604605305896,1.0,,,,,,,,,,,,,,,,,,,,,,,,,,,,,,,,,,,,,,,,,,,,,,,,,,,,,,,,,,,,,,,,,,,,,,,,,,,,,,,,,,,,,,,,,,,,,,,,
309.75,10.169247305571243,8.28214958179373,6.124749676264602,1.0,,,,,,,,,,,,,,,,,,,,,,,,,,,,,,,,,,,,,,,,,,,,,,,,,,,,,,,,,,,,,,,,,,,,,,,,,,,,,,,,,,,,,,,,,,,,,,,,
310.0,10.139090567027104,8.251968846951662,6.09593856243479,1.0,,,,,,,,,,,,,,,,,,,,,,,,,,,,,,,,,,,,,,,,,,,,,,,,,,,,,,,,,,,,,,,,,,,,,,,,,,,,,,,,,,,,,,,,,,,,,,,,
310.25,10.108979984456015,8.221834178617181,6.06717119264786,1.0,,,,,,,,,,,,,,,,,,,,,,,,,,,,,,,,,,,,,,,,,,,,,,,,,,,,,,,,,,,,,,,,,,,,,,,,,,,,,,,,,,,,,,,,,,,,,,,,
310.5,10.078915482395805,8.191745501537053,6.038447495874417,1.0,,,,,,,,,,,,,,,,,,,,,,,,,,,,,,,,,,,,,,,,,,,,,,,,,,,,,,,,,,,,,,,,,,,,,,,,,,,,,,,,,,,,,,,,,,,,,,,,
310.75,10.048896985506888,8.16170274059594,6.009767401223156,1.0,,,,,,,,,,,,,,,,,,,,,,,,,,,,,,,,,,,,,,,,,,,,,,,,,,,,,,,,,,,,,,,,,,,,,,,,,,,,,,,,,,,,,,,,,,,,,,,,
311.0,10.018924418572883,8.131705820815926,5.981130837939816,1.0,,,,,,,,,,,,,,,,,,,,,,,,,,,,,,,,,,,,,,,,,,,,,,,,,,,,,,,,,,,,,,,,,,,,,,,,,,,,,,,,,,,,,,,,,,,,,,,,
311.25,9.988997706501165,8.101754667356058,5.952537735406185,1.0,,,,,,,,,,,,,,,,,,,,,,,,,,,,,,,,,,,,,,,,,,,,,,,,,,,,,,,,,,,,,,,,,,,,,,,,,,,,,,,,,,,,,,,,,,,,,,,,
