time_s,time_h,layer,x_m,temperature_C
0.0,0.0,1,0.0,37.0
0.0,0.0,1,3.5e-05,37.0
0.0,0.0,1,7e-05,37.0
0.0,0.0,1,0.00010499999999999999,37.0
0.0,0.0,1,0.00014,37.0
0.0,0.0,1,0.00017499999999999997,37.0
0.0,0.0,1,0.00020999999999999998,37.0
0.0,0.0,1,0.000245,37.0
0.0,0.0,1,0.00028,37.0
0.0,0.0,1,0.00031499999999999996,37.0
0.0,0.0,1,0.00034999999999999994,37.0
0.0,0.0,1,0.000385,37.0
0.0,0.0,1,0.00041999999999999996,37.0
0.0,0.0,1,0.00045499999999999995,37.0
0.0,0.0,1,0.00049,37.0
0.0,0.0,1,0.000525,37.0
0.0,0.0,1,0.00056,37.0
0.0,0.0,1,0.0005949999999999999,37.0
0.0,0.0,1,0.0006299999999999999,37.0
0.0,0.0,1,0.0006649999999999999,37.0
0.0,0.0,1,0.0007,37.0
0.0,0.0,2,0.0007,37.0
0.0,0.0,2,0.00072,37.0
0.0,0.0,2,0.00074,37.00000000000001
0.0,0.0,2,0.00076,37.0
0.0,0.0,2,0.00078,37.0
0.0,0.0,2,0.0008,37.0
0.0,0.0,2,0.00082,37.0
0.0,0.0,2,0.00084,37.0
0.0,0.0,2,0.00086,37.0
0.0,0.0,2,0.00088,37.0
0.0,0.0,2,0.0009,37.0
0.0,0.0,2,0.00092,37.0
0.0,0.0,2,0.0009400000000000001,37.0
0.0,0.0,2,0.00096,37.0
0.0,0.0,2,0.00098,37.0
0.0,0.0,2,0.001,37.0
0.0,0.0,2,0.00102,37.0
0.0,0.0,2,0.0010400000000000001,37.0
0.0,0.0,2,0.00106,37.0
0.0,0.0,2,0.00108,37.0
0.0,0.0,2,0.0011,37.0
0.0,0.0,3,0.0011,37.0
0.0,0.0,3,0.001115,37.00034868074351
0.0,0.0,3,0.0011300000000000001,37.00000186927456
0.0,0.0,3,0.001145,36.99964254754588
0.0,0.0,3,0.00116,36.99999601940798
0.0,0.0,3,0.001175,37.00037614207153
0.0,0.0,3,0.00119,37.00000665725471
0.0,0.0,3,0.0012050000000000001,36.999592569041106
0.0,0.0,3,0.0012200000000000002,36.999989559528665
0.0,0.0,3,0.001235,37.00045658253007
0.0,0.0,3,0.00125,37.00001640523579
0.0,0.0,3,0.001265,36.999465976014335
0.0,0.0,3,0.00128,36.999972937059525
0.0,0.0,3,0.0012950000000000001,37.000662373840775
0.0,0.0,3,0.00131,37.00004960165111
0.0,0.0,3,0.001325,36.99910019740737
0.0,0.0,3,0.00134,36.99988780731332
0.0,0.0,3,0.001355,37.00144957186422
0.0,0.0,3,0.0013700000000000001,37.000419388456486
0.0,0.0,3,0.001385,36.99629988556589
0.0,0.0,3,0.0014,36.97912781995703
7200.0,2.0,1,0.0,24.503577032024214
7200.0,2.0,1,3.5e-05,24.487297803370218
7200.0,2.0,1,7e-05,24.47101836025301
7200.0,2.0,1,0.00010499999999999999,24.454738709217658
7200.0,2.0,1,0.00014,24.438458856982788
7200.0,2.0,1,0.00017499999999999997,24.42217881028067
7200.0,2.0,1,0.00020999999999999998,24.405898575664455
7200.0,2.0,1,0.000245,24.3896181596662
7200.0,2.0,1,0.00028,24.373337569005507
7200.0,2.0,1,0.00031499999999999996,24.357056810431466
7200.0,2.0,1,0.00034999999999999994,24.340775890489688
7200.0,2.0,1,0.000385,24.324494815683323
7200.0,2.0,1,0.00041999999999999996,24.30821359274404
7200.0,2.0,1,0.00045499999999999995,24.29193222846819
7200.0,2.0,1,0.00049,24.27565072938584
7200.0,2.0,1,0.000525,24.259369101919926
7200.0,2.0,1,0.00056,24.243087352814808
7200.0,2.0,1,0.0005949999999999999,24.226805489016957
7200.0,2.0,1,0.0006299999999999999,24.21052351709776
7200.0,2.0,1,0.0006649999999999999,24.194241443204188
7200.0,2.0,1,0.0007,24.177959274101404
7200.0,2.0,2,0.0007,24.177959274101404
7200.0,2.0,2,0.00072,24.16515078189533
7200.0,2.0,2,0.00074,24.146086812842807
7200.0,2.0,2,0.00076,24.120757236092302
7200.0,2.0,2,0.00078,24.08919647342383
7200.0,2.0,2,0.0008,24.051410518077788
7200.0,2.0,2,0.00082,24.007377016913445
7200.0,2.0,2,0.00084,23.957086092060663
7200.0,2.0,2,0.00086,23.900553539726154
7200.0,2.0,2,0.00088,23.837789848741558
7200.0,2.0,2,0.0009,23.768782328280004
7200.0,2.0,2,0.00092,23.693519797722345
7200.0,2.0,2,0.0009400000000000001,23.612013439824363
7200.0,2.0,2,0.00096,23.524275947597896
7200.0,2.0,2,0.00098,23.430296834419472
7200.0,2.0,2,0.001,23.330060306249464
7200.0,2.0,2,0.00102,23.223576243076547
7200.0,2.0,2,0.0010400000000000001,23.110867000179546
7200.0,2.0,2,0.00106,22.99192658652858
7200.0,2.0,2,0.00108,22.866720582588023
7200.0,2.0,2,0.0011,22.735259121311856
7200.0,2.0,3,0.0011,22.735259121311856
7200.0,2.0,3,0.001115,22.621072442025525
7200.0,2.0,3,0.0011300000000000001,22.50688574553382
7200.0,2.0,3,0.001145,22.39269903184247
7200.0,2.0,3,0.00116,22.27851230107752
7200.0,2.0,3,0.001175,22.164325553282957
7200.0,2.0,3,0.00119,22.050138788429823
7200.0,2.0,3,0.0012050000000000001,21.935952006527913
7200.0,2.0,3,0.0012200000000000002,21.82176520764949
7200.0,2.0,3,0.001235,21.707578391846607
7200.0,2.0,3,0.00125,21.59339155911959
7200.0,2.0,3,0.001265,21.479204709480662
7200.0,2.0,3,0.00128,21.36501784298636
7200.0,2.0,3,0.0012950000000000001,21.25083095968573
7200.0,2.0,3,0.00131,21.136644059588495
7200.0,2.0,3,0.001325,21.022457142709182
7200.0,2.0,3,0.00134,20.90827020909834
7200.0,2.0,3,0.001355,20.794083258803514
7200.0,2.0,3,0.0013700000000000001,20.679896291838325
7200.0,2.0,3,0.001385,20.565709308218068
7200.0,2.0,3,0.0014,20.451522307990746
14400.0,4.0,1,0.0,24.422026146295615
14400.0,4.0,1,3.5e-05,24.408195687268652
14400.0,4.0,1,7e-05,24.39436504626553
14400.0,4.0,1,0.00010499999999999999,24.380534228847377
14400.0,4.0,1,0.00014,24.366703240722305
14400.0,4.0,1,0.00017499999999999997,24.352872087610017
14400.0,4.0,1,0.00020999999999999998,24.339040775078473
14400.0,4.0,1,0.000245,24.325209308677785
14400.0,4.0,1,0.00028,24.311377694116892
14400.0,4.0,1,0.00031499999999999996,24.29754593712972
14400.0,4.0,1,0.00034999999999999994,24.283714043277854
14400.0,4.0,1,0.000385,24.269882018086925
14400.0,4.0,1,0.00041999999999999996,24.256049867276086
14400.0,4.0,1,0.00045499999999999995,24.242217596619295
14400.0,4.0,1,0.00049,24.22838521166497
14400.0,4.0,1,0.000525,24.214552717870806
14400.0,4.0,1,0.00056,24.200720120966697
14400.0,4.0,1,0.0005949999999999999,24.186887426853755
14400.0,4.0,1,0.0006299999999999999,24.173054641115392
14400.0,4.0,1,0.0006649999999999999,24.159221768975573
14400.0,4.0,1,0.0007,24.145388816181825
14400.0,4.0,2,0.0007,24.145388816181825
14400.0,4.0,2,0.00072,24.134138125233868
14400.0,4.0,2,0.00074,24.116553588912552
14400.0,4.0,2,0.00076,24.09262494927321
14400.0,4.0,2,0.00078,24.06238705915723
14400.0,4.0,2,0.0008,24.025845986709573
14400.0,4.0,2,0.00082,23.982979098569686
14400.0,4.0,2,0.00084,23.933776392942388
14400.0,4.0,2,0.00086,23.878253863756424
14400.0,4.0,2,0.00088,23.816422131070016
14400.0,4.0,2,0.0009,23.748268344884448
14400.0,4.0,2,0.00092,23.673781184332917
14400.0,4.0,2,0.0009400000000000001,23.592971972097274
14400.0,4.0,2,0.00096,23.505853560032357
14400.0,4.0,2,0.00098,23.412415329955728
14400.0,4.0,2,0.001,23.31264128977958
14400.0,4.0,2,0.00102,23.206541443098764
14400.0,4.0,2,0.0010400000000000001,23.09413842509012
14400.0,4.0,2,0.00106,22.97542616948649
14400.0,4.0,2,0.00108,22.850369825353077
14400.0,4.0,2,0.0011,22.71897965242056
14400.0,4.0,3,0.0011,22.71897965242056
14400.0,4.0,3,0.001115,22.604829628216613
14400.0,4.0,3,0.0011300000000000001,22.490679589484657
14400.0,4.0,3,0.001145,22.376529536229537
14400.0,4.0,3,0.00116,22.262379468557675
14400.0,4.0,3,0.001175,22.14822938650622
14400.0,4.0,3,0.00119,22.034079290050716
14400.0,4.0,3,0.0012050000000000001,21.91992917919942
14400.0,4.0,3,0.0012200000000000002,21.805779054013367
14400.0,4.0,3,0.001235,21.69162891453649
14400.0,4.0,3,0.00125,21.57747876076908
14400.0,4.0,3,0.001265,21.463328592721446
14400.0,4.0,3,0.00128,21.34917841044133
14400.0,4.0,3,0.0012950000000000001,21.235028213970136
14400.0,4.0,3,0.00131,21.12087800331608
14400.0,4.0,3,0.001325,21.006727778491427
14400.0,4.0,3,0.00134,20.892577539538856
14400.0,4.0,3,0.001355,20.77842728649851
14400.0,4.0,3,0.0013700000000000001,20.664277019381892
14400.0,4.0,3,0.001385,20.550126738201914
14400.0,4.0,3,0.0014,20.435976442999106
21600.0,6.0,1,0.0,24.352785504190123
21600.0,6.0,1,3.5e-05,24.341035521366805
21600.0,6.0,1,7e-05,24.329285383755007
21600.0,6.0,1,0.00010499999999999999,24.317535096078842
21600.0,6.0,1,0.00014,24.305784663187648
21600.0,6.0,1,0.00017499999999999997,24.294034089940652
21600.0,6.0,1,0.00020999999999999998,24.282283381067764
21600.0,6.0,1,0.000245,24.270532541283707
21600.0,6.0,1,0.00028,24.25878157543854
21600.0,6.0,1,0.00031499999999999996,24.247030488403606
21600.0,6.0,1,0.00034999999999999994,24.235279284903385
21600.0,6.0,1,0.000385,24.223527969631736
21600.0,6.0,1,0.00041999999999999996,24.211776547447414
21600.0,6.0,1,0.00045499999999999995,24.200025023255883
21600.0,6.0,1,0.00049,24.1882734017704
21600.0,6.0,1,0.000525,24.17652168762693
21600.0,6.0,1,0.00056,24.164769885693396
21600.0,6.0,1,0.0005949999999999999,24.153018000983593
21600.0,6.0,1,0.0006299999999999999,24.141266038240605
21600.0,6.0,1,0.0006649999999999999,24.12951400190123
21600.0,6.0,1,0.0007,24.117761896848407
21600.0,6.0,2,0.0007,24.11776189684841
21600.0,6.0,2,0.00072,24.10783470756307
21600.0,6.0,2,0.00074,24.091507085425427
21600.0,6.0,2,0.00076,24.06876866450362
21600.0,6.0,2,0.00078,24.039654663899643
21600.0,6.0,2,0.0008,24.00417121540287
21600.0,6.0,2,0.00082,23.962295447558244
21600.0,6.0,2,0.00084,23.914017253275233
21600.0,6.0,2,0.00086,23.859352794481445
21600.0,6.0,2,0.00088,23.798312802734756
21600.0,6.0,2,0.0009,23.730884292792894
21600.0,6.0,2,0.00092,23.657055824624845
21600.0,6.0,2,0.0009400000000000001,23.576838839803784
21600.0,6.0,2,0.00096,23.49024632514904
21600.0,6.0,2,0.00098,23.397267550696508
21600.0,6.0,2,0.001,23.297886356082746
21600.0,6.0,2,0.00102,23.192112849927373
21600.0,6.0,2,0.0010400000000000001,23.079969905228662
21600.0,6.0,2,0.00106,22.961451391792725
21600.0,6.0,2,0.00108,22.83652209213751
21600.0,6.0,2,0.0011,22.705192373712364
21600.0,6.0,3,0.0011,22.705192373712364
21600.0,6.0,3,0.001115,22.591073394189657
21600.0,6.0,3,0.0011300000000000001,22.47695440225088
21600.0,6.0,3,0.001145,22.36283539790018
21600.0,6.0,3,0.00116,22.2487163812285
21600.0,6.0,3,0.001175,22.134597352267598
21600.0,6.0,3,0.00119,22.020478310996555
21600.0,6.0,3,0.0012050000000000001,21.906359257422448
21600.0,6.0,3,0.0012200000000000002,21.79224019159742
21600.0,6.0,3,0.001235,21.67812111355903
21600.0,6.0,3,0.00125,21.56400202330751
21600.0,6.0,3,0.001265,21.44988292085168
21600.0,6.0,3,0.00128,21.33576380623234
21600.0,6.0,3,0.0012950000000000001,21.22164467948487
21600.0,6.0,3,0.00131,21.107525540616294
21600.0,6.0,3,0.001325,20.993406389637094
21600.0,6.0,3,0.00134,20.879287226583738
21600.0,6.0,3,0.001355,20.765168051490534
21600.0,6.0,3,0.0013700000000000001,20.65104886436732
21600.0,6.0,3,0.001385,20.536929665225113
21600.0,6.0,3,0.0014,20.422810454098567
28800.0,8.0,1,0.0,24.293921845452996
28800.0,8.0,1,3.5e-05,24.283939328789007
28800.0,8.0,1,7e-05,24.273956680987105
28800.0,8.0,1,0.00010499999999999999,24.263973906061718
28800.0,8.0,1,0.00014,24.25399100813296
28800.0,8.0,1,0.00017499999999999997,24.244007991329276
28800.0,8.0,1,0.00020999999999999998,24.234024859670033
28800.0,8.0,1,0.000245,24.224041617161728
28800.0,8.0,1,0.00028,24.21405826792507
28800.0,8.0,1,0.00031499999999999996,24.20407481609872
28800.0,8.0,1,0.00034999999999999994,24.19409126569747
28800.0,8.0,1,0.000385,24.184107620710222
28800.0,8.0,1,0.00041999999999999996,24.174123885265015
28800.0,8.0,1,0.00045499999999999995,24.16414006352931
28800.0,8.0,1,0.00049,24.15415615950841
28800.0,8.0,1,0.000525,24.144172177142394
28800.0,8.0,1,0.00056,24.13418812056703
28800.0,8.0,1,0.0005949999999999999,24.124203994041178
28800.0,8.0,1,0.0006299999999999999,24.114219801595297
28800.0,8.0,1,0.0006649999999999999,24.10423554700144
28800.0,8.0,1,0.0007,24.094251234408055
28800.0,8.0,2,0.0007,24.09425123440806
28800.0,8.0,2,0.00072,24.085448433131297
28800.0,8.0,2,0.00074,24.07018863427197
28800.0,8.0,2,0.00076,24.048461380165037
28800.0,8.0,2,0.00078,24.02030220104331
28800.0,8.0,2,0.0008,23.985717282760593
28800.0,8.0,2,0.00082,23.944683551605063
28800.0,8.0,2,0.00084,23.89719081103967
28800.0,8.0,2,0.00086,23.843255365703474
28800.0,8.0,2,0.00088,23.78288804187083
28800.0,8.0,2,0.0009,23.716075739412542
28800.0,8.0,2,0.00092,23.64280691706975
28800.0,8.0,2,0.0009400000000000001,23.563093117411196
28800.0,8.0,2,0.00096,23.476947441905626
28800.0,8.0,2,0.00098,23.384359065632403
28800.0,8.0,2,0.001,23.285311685281055
28800.0,8.0,2,0.00102,23.179815498687407
28800.0,8.0,2,0.0010400000000000001,23.067893580874095
28800.0,8.0,2,0.00106,22.949539747342477
28800.0,8.0,2,0.00108,22.824718469235705
28800.0,8.0,2,0.0011,22.693440205507763
28800.0,8.0,3,0.0011,22.693440205507763
28800.0,8.0,3,0.001115,22.5793476831191
28800.0,8.0,3,0.0011300000000000001,22.46525515032652
28800.0,8.0,3,0.001145,22.351162607133492
28800.0,8.0,3,0.00116,22.237070053616222
28800.0,8.0,3,0.001175,22.122977489801308
28800.0,8.0,3,0.00119,22.008884915671242
28800.0,8.0,3,0.0012050000000000001,21.894792331231933
28800.0,8.0,3,0.0012200000000000002,21.780699736527087
28800.0,8.0,3,0.001235,21.66660713158816
28800.0,8.0,3,0.00125,21.552514516415368
28800.0,8.0,3,0.001265,21.438421891016084
28800.0,8.0,3,0.00128,21.324329255424495
28800.0,8.0,3,0.0012950000000000001,21.210236609670254
28800.0,8.0,3,0.00131,21.096143953759245
28800.0,8.0,3,0.001325,20.982051287700244
28800.0,8.0,3,0.00134,20.867958611523814
28800.0,8.0,3,0.001355,20.753865925258697
28800.0,8.0,3,0.0013700000000000001,20.639773228913143
28800.0,8.0,3,0.001385,20.525680522496376
28800.0,8.0,3,0.0014,20.411587806037442
36000.0,10.0,1,0.0,24.244229967860694
36000.0,10.0,1,3.5e-05,24.23574950649605
36000.0,10.0,1,7e-05,24.2272689348569
36000.0,10.0,1,0.00010499999999999999,24.2187882563565
36000.0,10.0,1,0.00014,24.210307474495675
36000.0,10.0,1,0.00017499999999999997,24.201826592782226
36000.0,10.0,1,0.00020999999999999998,24.193345614633568
36000.0,10.0,1,0.000245,24.1848645434564
36000.0,10.0,1,0.00028,24.176383382751993
36000.0,10.0,1,0.00031499999999999996,24.16790213603657
36000.0,10.0,1,0.00034999999999999994,24.15942080672376
36000.0,10.0,1,0.000385,24.15093939820571
36000.0,10.0,1,0.00041999999999999996,24.142457913989784
36000.0,10.0,1,0.00045499999999999995,24.133976357616014
36000.0,10.0,1,0.00049,24.12549473249019
36000.0,10.0,1,0.000525,24.11701304196404
36000.0,10.0,1,0.00056,24.108531289551323
36000.0,10.0,1,0.0005949999999999999,24.100049478867742
36000.0,10.0,1,0.0006299999999999999,24.09156761333992
36000.0,10.0,1,0.0006649999999999999,24.08308569618047
36000.0,10.0,1,0.0007,24.074603730913655
36000.0,10.0,2,0.0007,24.074603730913655
36000.0,10.0,2,0.00072,24.066756468040296
36000.0,10.0,2,0.00074,24.052404092541522
36000.0,10.0,2,0.00076,24.03153606872204
36000.0,10.0,2,0.00078,24.004188191468295
36000.0,10.0,2,0.0008,23.970366692622104
36000.0,10.0,2,0.00082,23.930048326427936
36000.0,10.0,2,0.00084,23.883222820263597
36000.0,10.0,2,0.00086,23.82990660016103
36000.0,10.0,2,0.00088,23.770110572962007
36000.0,10.0,2,0.0009,23.703821540812093
36000.0,10.0,2,0.00092,23.631027876345854
36000.0,10.0,2,0.0009400000000000001,23.55174120804061
36000.0,10.0,2,0.00096,23.465974734887826
36000.0,10.0,2,0.00098,23.37371755119483
36000.0,10.0,2,0.001,23.274953232057417
36000.0,10.0,2,0.00102,23.16969205120024
36000.0,10.0,2,0.0010400000000000001,23.057957255491477
36000.0,10.0,2,0.00106,22.93974261423962
36000.0,10.0,2,0.00108,22.81501233372621
36000.0,10.0,2,0.0011,22.683776950740608
36000.0,10.0,3,0.0011,22.683776950740608
36000.0,10.0,3,0.001115,22.56970617548398
36000.0,10.0,3,0.0011300000000000001,22.45563539183432
36000.0,10.0,3,0.001145,22.341564599794424
36000.0,10.0,3,0.00116,22.227493799425776
36000.0,10.0,3,0.001175,22.113422990749832
36000.0,10.0,3,0.00119,21.99935217375246
36000.0,10.0,3,0.0012050000000000001,21.885281348438436
36000.0,10.0,3,0.0012200000000000002,21.77121051484301
36000.0,10.0,3,0.001235,21.657139672991562
36000.0,10.0,3,0.00125,21.54306882288426
36000.0,10.0,3,0.001265,21.428997964527056
36000.0,10.0,3,0.00128,21.314927097947532
36000.0,10.0,3,0.0012950000000000001,21.200856223169605
36000.0,10.0,3,0.00131,21.086785340198016
36000.0,10.0,3,0.001325,20.972714449039852
36000.0,10.0,3,0.00134,20.85864354971977
36000.0,10.0,3,0.001355,20.744572642260948
36000.0,10.0,3,0.0013700000000000001,20.630501726670044
36000.0,10.0,3,0.001385,20.516430802954503
36000.0,10.0,3,0.0014,20.402359871137744
43200.0,12.0,1,0.0,24.202477101619035
43200.0,12.0,1,3.5e-05,24.195273336645936
43200.0,12.0,1,7e-05,24.188069478847904
43200.0,12.0,1,0.00010499999999999999,24.180865531126493
43200.0,12.0,1,0.00014,24.173661496455992
43200.0,12.0,1,0.00017499999999999997,24.166457377816528
43200.0,12.0,1,0.00020999999999999998,24.159253178113165
43200.0,12.0,1,0.000245,24.152048900242022
43200.0,12.0,1,0.00028,24.14484454717773
43200.0,12.0,1,0.00031499999999999996,24.137640121907353
43200.0,12.0,1,0.00034999999999999994,24.130435627332826
43200.0,12.0,1,0.000385,24.12323106633821
43200.0,12.0,1,0.00041999999999999996,24.116026441903184
43200.0,12.0,1,0.00045499999999999995,24.10882175703457
43200.0,12.0,1,0.00049,24.10161701462779
43200.0,12.0,1,0.000525,24.094412217533364
43200.0,12.0,1,0.00056,24.087207368736287
43200.0,12.0,1,0.0005949999999999999,24.080002471306173
43200.0,12.0,1,0.0006299999999999999,24.072797528155714
43200.0,12.0,1,0.0006649999999999999,24.06559254202001
43200.0,12.0,1,0.0007,24.058387515892758
43200.0,12.0,2,0.0007,24.058387515892758
43200.0,12.0,2,0.00072,24.05135240210049
43200.0,12.0,2,0.00074,24.037771216636923
43200.0,12.0,2,0.00076,24.017633357381968
43200.0,12.0,2,0.00078,23.990974844514838
43200.0,12.0,2,0.0008,23.957801949025956
43200.0,12.0,2,0.00082,23.91809127870385
43200.0,12.0,2,0.00084,23.871832496157324
43200.0,12.0,2,0.00086,23.81904213075705
43200.0,12.0,2,0.00088,23.75973115792995
43200.0,12.0,2,0.0009,23.69388629663094
43200.0,12.0,2,0.00092,23.621495846194627
43200.0,12.0,2,0.0009400000000000001,23.54257150823021
43200.0,12.0,2,0.00096,23.4571265647479
43200.0,12.0,2,0.00098,23.365150041296193
43200.0,12.0,2,0.001,23.266625409461653
43200.0,12.0,2,0.00102,23.16156300757128
43200.0,12.0,2,0.0010400000000000001,23.049986228781005
43200.0,12.0,2,0.00106,22.93188880307681
43200.0,12.0,2,0.00108,22.807234711270905
43200.0,12.0,2,0.0011,22.67603455641206
43200.0,12.0,3,0.0011,22.67603455641206
43200.0,12.0,3,0.001115,22.561981205071202
43200.0,12.0,3,0.0011300000000000001,22.44792784693471
43200.0,12.0,3,0.001145,22.33387448200485
43200.0,12.0,3,0.00116,22.21982111033139
43200.0,12.0,3,0.001175,22.10576773193172
43200.0,12.0,3,0.00119,21.991714346794385
43200.0,12.0,3,0.0012050000000000001,21.877660954923254
43200.0,12.0,3,0.0012200000000000002,21.763607556346873
43200.0,12.0,3,0.001235,21.649554151085784
43200.0,12.0,3,0.00125,21.535500739140126
43200.0,12.0,3,0.001265,21.421447320514723
43200.0,12.0,3,0.00128,21.307393895231897
43200.0,12.0,3,0.0012950000000000001,21.193340463311017
43200.0,12.0,3,0.00131,21.079287024755928
43200.0,12.0,3,0.001325,20.965233579572356
43200.0,12.0,3,0.00134,20.851180127780268
43200.0,12.0,3,0.001355,20.737126669398442
43200.0,12.0,3,0.0013700000000000001,20.623073204432252
43200.0,12.0,3,0.001385,20.509019732887733
43200.0,12.0,3,0.0014,20.394966254783853
50400.0,14.0,1,0.0,24.16715619543702
50400.0,14.0,1,3.5e-05,24.161037126302457
50400.0,14.0,1,7e-05,24.154917978325397
50400.0,14.0,1,0.00010499999999999999,24.14879875397052
50400.0,14.0,1,0.00014,24.142679455764267
50400.0,14.0,1,0.00017499999999999997,24.13656008623803
50400.0,14.0,1,0.00020999999999999998,24.130440647859473
50400.0,14.0,1,0.000245,24.12432114308864
50400.0,14.0,1,0.00028,24.118201574452264
50400.0,14.0,1,0.00031499999999999996,24.11208194448764
50400.0,14.0,1,0.00034999999999999994,24.10596225565977
50400.0,14.0,1,0.000385,24.09984251041845
50400.0,14.0,1,0.00041999999999999996,24.09372271129471
50400.0,14.0,1,0.00045499999999999995,24.087602860842615
50400.0,14.0,1,0.00049,24.08148296152163
50400.0,14.0,1,0.000525,24.075363015753084
50400.0,14.0,1,0.00056,24.069243026072503
50400.0,14.0,1,0.0005949999999999999,24.06312299508729
50400.0,14.0,1,0.0006299999999999999,24.05700292527158
50400.0,14.0,1,0.0006649999999999999,24.050882818948665
50400.0,14.0,1,0.0007,24.044762678661467
50400.0,14.0,2,0.0007,24.04476267866147
50400.0,14.0,2,0.00072,24.03841755839097
50400.0,14.0,2,0.00074,24.025491548125885
50400.0,14.0,2,0.00076,24.00597398928035
50400.0,14.0,2,0.00078,23.97990109355004
50400.0,14.0,2,0.0008,23.947279165205096
50400.0,14.0,2,0.00082,23.908084687535673
50400.0,14.0,2,0.00084,23.862307268092355
50400.0,14.0,2,0.00086,23.809963524092037
50400.0,14.0,2,0.00088,23.75106448926462
50400.0,14.0,2,0.0009,23.685596811847038
50400.0,14.0,2,0.00092,23.61354872886369
50400.0,14.0,2,0.0009400000000000001,23.53493200409185
50400.0,14.0,2,0.00096,23.44975999011442
50400.0,14.0,2,0.00098,23.358021654029994
50400.0,14.0,2,0.001,23.25970037943479
50400.0,14.0,2,0.00102,23.154806559573114
50400.0,14.0,2,0.0010400000000000001,23.04336371195704
50400.0,14.0,2,0.00106,22.92536553314583
50400.0,14.0,2,0.00108,22.800775812285913
50400.0,14.0,2,0.0011,22.669605208752003
50400.0,14.0,3,0.0011,22.669605208752003
50400.0,14.0,3,0.001115,22.555566331430295
50400.0,14.0,3,0.0011300000000000001,22.44152744833831
50400.0,14.0,3,0.001145,22.32748855947797
50400.0,14.0,3,0.00116,22.213449664891545
50400.0,14.0,3,0.001175,22.099410764593785
50400.0,14.0,3,0.00119,21.985371858574975
50400.0,14.0,3,0.0012050000000000001,21.871332946838393
50400.0,14.0,3,0.0012200000000000002,21.75729402940828
50400.0,14.0,3,0.001235,21.643255106302078
50400.0,14.0,3,0.00125,21.52921617751991
50400.0,14.0,3,0.001265,21.415177243065862
50400.0,14.0,3,0.00128,21.301138302958897
50400.0,14.0,3,0.0012950000000000001,21.187099357215455
50400.0,14.0,3,0.00131,21.0730604058388
50400.0,14.0,3,0.001325,20.959021448833802
50400.0,14.0,3,0.00134,20.844982486217408
50400.0,14.0,3,0.001355,20.73094351800556
50400.0,14.0,3,0.0013700000000000001,20.61690454420283
50400.0,14.0,3,0.001385,20.502865564814336
50400.0,14.0,3,0.0014,20.38882657985618
57600.0,16.0,1,0.0,24.137073579012604
57600.0,16.0,1,3.5e-05,24.131875762543846
57600.0,16.0,1,7e-05,24.12667787874445
57600.0,16.0,1,0.00010499999999999999,24.12147992970711
57600.0,16.0,1,0.00014,24.116281917577695
57600.0,16.0,1,0.00017499999999999997,24.111083844506314
57600.0,16.0,1,0.00020999999999999998,24.105885712588204
57600.0,16.0,1,0.000245,24.100687523912082
57600.0,16.0,1,0.00028,24.095489280624076
57600.0,16.0,1,0.00031499999999999996,24.09029098487939
57600.0,16.0,1,0.00034999999999999994,24.085092638770963
57600.0,16.0,1,0.000385,24.07989424437869
57600.0,16.0,1,0.00041999999999999996,24.074695803852386
57600.0,16.0,1,0.00045499999999999995,24.06949731936171
57600.0,16.0,1,0.00049,24.06429879299484
57600.0,16.0,1,0.000525,24.059100226807132
57600.0,16.0,1,0.00056,24.053901622952292
57600.0,16.0,1,0.0005949999999999999,24.048702983645896
57600.0,16.0,1,0.0006299999999999999,24.043504310988766
57600.0,16.0,1,0.0006649999999999999,24.038305606951834
57600.0,16.0,1,0.0007,24.033106873695164
57600.0,16.0,2,0.0007,24.033106873695168
57600.0,16.0,2,0.00072,24.027347777436344
57600.0,16.0,2,0.00074,24.01497823066727
57600.0,16.0,2,0.00076,23.995987526863157
57600.0,16.0,2,0.00078,23.97041204031596
57600.0,16.0,2,0.0008,23.93825810355019
57600.0,16.0,2,0.00082,23.899502094157885
57600.0,16.0,2,0.00084,23.8541335729457
57600.0,16.0,2,0.00086,23.802169231711478
57600.0,16.0,2,0.00088,23.743620153684105
57600.0,16.0,2,0.0009,23.678472927061538
57600.0,16.0,2,0.00092,23.60671573596738
57600.0,16.0,2,0.0009400000000000001,23.5283603969593
57600.0,16.0,2,0.00096,23.443420322536024
57600.0,16.0,2,0.00098,23.351884430172746
57600.0,16.0,2,0.001,23.253736028762603
57600.0,16.0,2,0.00102,23.148985558174445
57600.0,16.0,2,0.0010400000000000001,23.037656641497964
57600.0,16.0,2,0.00106,22.91974294691349
57600.0,16.0,2,0.00108,22.79520810084469
57600.0,16.0,2,0.0011,22.664062810486726
57600.0,16.0,3,0.0011,22.664062810486726
57600.0,16.0,3,0.001115,22.550036412988344
57600.0,16.0,3,0.0011300000000000001,22.43601001044737
57600.0,16.0,3,0.001145,22.321983602865487
57600.0,16.0,3,0.00116,22.207957190279625
57600.0,16.0,3,0.001175,22.09393077270269
57600.0,16.0,3,0.00119,21.979904350126176
57600.0,16.0,3,0.0012050000000000001,21.86587792255296
57600.0,16.0,3,0.0012200000000000002,21.75185149000422
57600.0,16.0,3,0.001235,21.637825052495202
57600.0,16.0,3,0.00125,21.523798610026002
57600.0,16.0,3,0.001265,21.409772162600202
57600.0,16.0,3,0.00128,21.29574571023437
57600.0,16.0,3,0.0012950000000000001,21.18171925294287
57600.0,16.0,3,0.00131,21.06769279072856
57600.0,16.0,3,0.001325,20.95366632359569
57600.0,16.0,3,0.00134,20.839639851559074
57600.0,16.0,3,0.001355,20.72561337463264
57600.0,16.0,3,0.0013700000000000001,20.61158689282038
57600.0,16.0,3,0.001385,20.497560406126777
57600.0,16.0,3,0.0014,20.383533914565895
64800.0,18.0,1,0.0,24.111347772103738
64800.0,18.0,1,3.5e-05,24.10693226460423
64800.0,18.0,1,7e-05,24.10251669948957
64800.0,18.0,1,0.00010499999999999999,24.09810107853643
64800.0,18.0,1,0.00014,24.093685403567463
64800.0,18.0,1,0.00017499999999999997,24.089269676408968
64800.0,18.0,1,0.00020999999999999998,24.084853898839786
64800.0,18.0,1,0.000245,24.080438072633136
64800.0,18.0,1,0.00028,24.076022199611916
64800.0,18.0,1,0.00031499999999999996,24.071606281606854
64800.0,18.0,1,0.00034999999999999994,24.0671903203948
64800.0,18.0,1,0.000385,24.06277431774133
64800.0,18.0,1,0.00041999999999999996,24.058358275472532
64800.0,18.0,1,0.00045499999999999995,24.05394219543164
64800.0,18.0,1,0.00049,24.049526079391395
64800.0,18.0,1,0.000525,24.045109929096128
64800.0,18.0,1,0.00056,24.040693746375293
64800.0,18.0,1,0.0005949999999999999,24.036277533111875
64800.0,18.0,1,0.0006299999999999999,24.03186129108954
64800.0,18.0,1,0.0006649999999999999,24.02744502197957
64800.0,18.0,1,0.0007,24.023028727616918
64800.0,18.0,2,0.0007,24.023028727616918
64800.0,18.0,2,0.00072,24.017767278768247
64800.0,18.0,2,0.00074,24.005870300820003
64800.0,18.0,2,0.00076,23.987327046576876
64800.0,18.0,2,0.00078,23.96217402827446
64800.0,18.0,2,0.0008,23.93041760240771
64800.0,18.0,2,0.00082,23.892034056896335
64800.0,18.0,2,0.00084,23.847012912890293
64800.0,18.0,2,0.00086,23.79537092546049
64800.0,18.0,2,0.00088,23.737119219829793
64800.0,18.0,2,0.0009,23.672244333260196
64800.0,18.0,2,0.00092,23.600734404995237
64800.0,18.0,2,0.0009400000000000001,23.52260129637045
64800.0,18.0,2,0.00096,23.437858470716023
64800.0,18.0,2,0.00098,23.34649480340755
64800.0,18.0,2,0.001,23.24849353996144
64800.0,18.0,2,0.00102,23.143865159801916
64800.0,18.0,2,0.0010400000000000001,23.03263337558875
64800.0,18.0,2,0.00106,22.914791831426058
64800.0,18.0,2,0.00108,22.79030401568655
64800.0,18.0,2,0.0011,22.659180676135335
64800.0,18.0,3,0.0011,22.659180676135335
64800.0,18.0,3,0.001115,22.545165272371385
64800.0,18.0,3,0.0011300000000000001,22.431149864159124
64800.0,18.0,3,0.001145,22.317134451500046
64800.0,18.0,3,0.00116,22.203119034426727
64800.0,18.0,3,0.001175,22.08910361295054
64800.0,18.0,3,0.00119,21.975088187063992
64800.0,18.0,3,0.0012050000000000001,21.861072756769623
64800.0,18.0,3,0.0012200000000000002,21.747057322086103
64800.0,18.0,3,0.001235,21.63304188302689
64800.0,18.0,3,0.00125,21.519026439592075
64800.0,18.0,3,0.001265,21.405010991784806
64800.0,18.0,3,0.00128,21.290995539619693
64800.0,18.0,3,0.0012950000000000001,21.17698008310943
64800.0,18.0,3,0.00131,21.06296462225652
64800.0,18.0,3,0.001325,20.948949157064714
64800.0,18.0,3,0.00134,20.834933687547075
64800.0,18.0,3,0.001355,20.720918213715905
64800.0,18.0,3,0.0013700000000000001,20.606902735574717
64800.0,18.0,3,0.001385,20.49288725312746
64800.0,18.0,3,0.0014,20.37887176638655
72000.0,20.0,1,0.0,24.08937228100478
72000.0,20.0,1,3.5e-05,24.085621168638678
72000.0,20.0,1,7e-05,24.08187000712277
72000.0,20.0,1,0.00010499999999999999,24.07811879796588
72000.0,20.0,1,0.00014,24.074367542716292
72000.0,20.0,1,0.00017499999999999997,24.0706162429254
72000.0,20.0,1,0.00020999999999999998,24.066864900103877
72000.0,20.0,1,0.000245,24.063113515757582
72000.0,20.0,1,0.00028,24.05936209143501
72000.0,20.0,1,0.00031499999999999996,24.055610628691372
72000.0,20.0,1,0.00034999999999999994,24.05185912903563
72000.0,20.0,1,0.000385,24.04810759396707
72000.0,20.0,1,0.00041999999999999996,24.044356025036933
72000.0,20.0,1,0.00045499999999999995,24.040604423811175
72000.0,20.0,1,0.00049,24.036852791795216
72000.0,20.0,1,0.000525,24.033101130470115
72000.0,20.0,1,0.00056,24.029349441389996
72000.0,20.0,1,0.0005949999999999999,24.025597726154935
72000.0,20.0,1,0.0006299999999999999,24.02184598627975
72000.0,20.0,1,0.0006649999999999999,24.018094223182768
72000.0,20.0,1,0.0007,24.014342438422844
72000.0,20.0,2,0.0007,24.014342438422844
72000.0,20.0,2,0.00072,24.009503637525768
72000.0,20.0,2,0.00074,23.99800802528919
72000.0,20.0,2,0.00076,23.979844820003798
72000.0,20.0,2,0.00078,23.955050650967035
72000.0,20.0,2,0.0008,23.923631895015596
72000.0,20.0,2,0.00082,23.885564763971157
72000.0,20.0,2,0.00084,23.840838745330014
72000.0,20.0,2,0.00086,23.78947064785786
72000.0,20.0,2,0.00088,23.731471632414458
72000.0,20.0,2,0.0009,23.666828193036302
72000.0,20.0,2,0.00092,23.595528430880588
72000.0,20.0,2,0.0009400000000000001,23.517584245282226
72000.0,20.0,2,0.00096,23.43300914270796
72000.0,20.0,2,0.00098,23.34179196280662
72000.0,20.0,2,0.001,23.24391589731163
72000.0,20.0,2,0.00102,23.139391459214632
72000.0,20.0,2,0.0010400000000000001,23.0282424371864
72000.0,20.0,2,0.00106,22.910462454899363
72000.0,20.0,2,0.00108,22.786014883572996
72000.0,20.0,2,0.0011,22.65491050540085
72000.0,20.0,3,0.0011,22.65491050540085
72000.0,20.0,3,0.001115,22.540904715914998
72000.0,20.0,3,0.0011300000000000001,22.426898922569894
72000.0,20.0,3,0.001145,22.312893125366823
72000.0,20.0,3,0.00116,22.198887324334056
72000.0,20.0,3,0.001175,22.08488151948146
72000.0,20.0,3,0.00119,21.970875710802535
72000.0,20.0,3,0.0012050000000000001,21.856869898299472
72000.0,20.0,3,0.0012200000000000002,21.74286408198848
72000.0,20.0,3,0.001235,21.628858261881238
72000.0,20.0,3,0.00125,21.51485243797781
72000.0,20.0,3,0.001265,21.40084661028094
72000.0,20.0,3,0.00128,21.286840778803306
72000.0,20.0,3,0.0012950000000000001,21.172834943555902
72000.0,20.0,3,0.00131,21.058829104540916
72000.0,20.0,3,0.001325,20.944823261761602
72000.0,20.0,3,0.00134,20.83081741522929
72000.0,20.0,3,0.001355,20.71681156495465
72000.0,20.0,3,0.0013700000000000001,20.602805710940725
72000.0,20.0,3,0.001385,20.488799853190955
72000.0,20.0,3,0.0014,20.3747939917161
79200.0,22.0,1,0.0,24.070647520897353
79200.0,22.0,1,3.5e-05,24.067460754750325
79200.0,22.0,1,7e-05,24.06427394676234
79200.0,22.0,1,0.00010499999999999999,24.061087098214998
79200.0,22.0,1,0.00014,24.0579002104236
79200.0,22.0,1,0.00017499999999999997,24.054713284706096
79200.0,22.0,1,0.00020999999999999998,24.05152632234567
79200.0,22.0,1,0.000245,24.04833932462139
79200.0,22.0,1,0.00028,24.045152292848744
79200.0,22.0,1,0.00031499999999999996,24.041965228348936
79200.0,22.0,1,0.00034999999999999994,24.038778132403692
79200.0,22.0,1,0.000385,24.035591006286477
79200.0,22.0,1,0.00041999999999999996,24.03240385131511
79200.0,22.0,1,0.00045499999999999995,24.029216668819977
79200.0,22.0,1,0.00049,24.02602946007978
79200.0,22.0,1,0.000525,24.02284222635241
79200.0,22.0,1,0.00056,24.01965496895816
79200.0,22.0,1,0.0005949999999999999,24.016467689256555
79200.0,22.0,1,0.0006299999999999999,24.01328038853431
79200.0,22.0,1,0.0006649999999999999,24.010093067995754
79200.0,22.0,1,0.0007,24.00690572896522
79200.0,22.0,2,0.0007,24.00690572896522
79200.0,22.0,2,0.00072,24.002425935177225
79200.0,22.0,2,0.00074,23.991271260126947
79200.0,22.0,2,0.00076,23.973430892800486
79200.0,22.0,2,0.00078,23.94894156188792
79200.0,22.0,2,0.0008,23.917809661497234
79200.0,22.0,2,0.00082,23.880011338838173
79200.0,22.0,2,0.00084,23.83553605283294
79200.0,22.0,2,0.00086,23.78440065783733
79200.0,22.0,2,0.00088,23.726616344968942
79200.0,22.0,2,0.0009,23.66216957156311
79200.0,22.0,2,0.00092,23.591048406439334
79200.0,22.0,2,0.0009400000000000001,23.513264781196263
79200.0,22.0,2,0.00096,23.428832238926148
79200.0,22.0,2,0.00098,23.33773958894354
79200.0,22.0,2,0.001,23.239969977316747
79200.0,22.0,2,0.00102,23.13553394553815
79200.0,22.0,2,0.0010400000000000001,23.02445534681646
79200.0,22.0,2,0.00106,22.90672778747626
79200.0,22.0,2,0.00108,22.78231453926672
79200.0,22.0,2,0.0011,22.651226413613188
79200.0,22.0,3,0.0011,22.651226413613188
79200.0,22.0,3,0.001115,22.537228918025804
79200.0,22.0,3,0.0011300000000000001,22.423231419126072
79200.0,22.0,3,0.001145,22.3092339169151
79200.0,22.0,3,0.00116,22.195236411417152
79200.0,22.0,3,0.001175,22.081238902640692
79200.0,22.0,3,0.00119,21.967241390580146
79200.0,22.0,3,0.0012050000000000001,21.853243875237386
79200.0,22.0,3,0.0012200000000000002,21.73924635662634
79200.0,22.0,3,0.001235,21.625248834757013
79200.0,22.0,3,0.00125,21.511251309629472
79200.0,22.0,3,0.001265,21.39725378124607
79200.0,22.0,3,0.00128,21.283256249617686
79200.0,22.0,3,0.0012950000000000001,21.169258714753763
79200.0,22.0,3,0.00131,21.055261176656163
79200.0,22.0,3,0.001325,20.941263635327694
79200.0,22.0,3,0.00134,20.827266090778075
79200.0,22.0,3,0.001355,20.713268543016458
79200.0,22.0,3,0.0013700000000000001,20.599270992045472
79200.0,22.0,3,0.001385,20.48527343786805
79200.0,22.0,3,0.0014,20.371275880493435
86400.0,24.0,1,0.0,24.054719925641535
86400.0,24.0,1,3.5e-05,24.052012573383003
86400.0,24.0,1,7e-05,24.049305185557234
86400.0,24.0,1,0.00010499999999999999,24.046597763252965
86400.0,24.0,1,0.00014,24.043890307587617
86400.0,24.0,1,0.00017499999999999997,24.041182819680856
86400.0,24.0,1,0.00020999999999999998,24.038475300622775
86400.0,24.0,1,0.000245,24.03576775149996
86400.0,24.0,1,0.00028,24.03306017342999
86400.0,24.0,1,0.00031499999999999996,24.030352567535314
86400.0,24.0,1,0.00034999999999999994,24.027644934904764
86400.0,24.0,1,0.000385,24.024937276620175
86400.0,24.0,1,0.00041999999999999996,24.0222295938011
86400.0,24.0,1,0.00045499999999999995,24.0195218875778
86400.0,24.0,1,0.00049,24.016814159036535
86400.0,24.0,1,0.000525,24.014106409245894
86400.0,24.0,1,0.00056,24.011398639327535
86400.0,24.0,1,0.0005949999999999999,24.008690850436498
86400.0,24.0,1,0.0006299999999999999,24.005983043665882
86400.0,24.0,1,0.0006649999999999999,24.003275220038688
86400.0,24.0,1,0.0007,24.000567380680014
86400.0,24.0,2,0.0007,24.000567380680014
86400.0,24.0,2,0.00072,23.99639256634291
86400.0,24.0,2,0.00074,23.98552752293371
86400.0,24.0,2,0.00076,23.967961414548473
86400.0,24.0,2,0.00078,23.94373105429701
86400.0,24.0,2,0.0008,23.912842850956785
86400.0,24.0,2,0.00082,23.87527289685892
86400.0,24.0,2,0.00084,23.831010626655992
86400.0,24.0,2,0.00086,23.780072933426037
86400.0,24.0,2,0.00088,23.72247103398628
86400.0,24.0,2,0.0009,23.658191354499685
86400.0,24.0,2,0.00092,23.587221936319473
86400.0,24.0,2,0.0009400000000000001,23.50957473844767
86400.0,24.0,2,0.00096,23.42526333508462
86400.0,24.0,2,0.00098,23.334276509780217
86400.0,24.0,2,0.001,23.236597369816774
86400.0,24.0,2,0.00102,23.132236480893933
86400.0,24.0,2,0.0010400000000000001,23.021217751036083
86400.0,24.0,2,0.00106,22.903534771833293
86400.0,24.0,2,0.00108,22.779150730548917
86400.0,24.0,2,0.0011,22.648076463436475
86400.0,24.0,3,0.0011,22.648076463436475
86400.0,24.0,3,0.001115,22.5340860587501
86400.0,24.0,3,0.0011300000000000001,22.420095651241503
86400.0,24.0,3,0.001145,22.30610524091162
86400.0,24.0,3,0.00116,22.192114827781126
86400.0,24.0,3,0.001175,22.078124411857235
86400.0,24.0,3,0.00119,21.964133993135196
86400.0,24.0,3,0.0012050000000000001,21.850143571616606
86400.0,24.0,3,0.0012200000000000002,21.73615314731333
86400.0,24.0,3,0.001235,21.622162720233895
86400.0,24.0,3,0.00125,21.508172290378354
86400.0,24.0,3,0.001265,21.394181857748713
86400.0,24.0,3,0.00128,21.280191422354246
86400.0,24.0,3,0.0012950000000000001,21.166200984202987
86400.0,24.0,3,0.00131,21.052210543296543
86400.0,24.0,3,0.001325,20.93822009963728
86400.0,24.0,3,0.00134,20.824229653233502
86400.0,24.0,3,0.001355,20.710239204092996
86400.0,24.0,3,0.0013700000000000001,20.596248752218
86400.0,24.0,3,0.001385,20.482258297611015
86400.0,24.0,3,0.0014,20.368267840279923
93600.0,26.0,1,0.0,24.041187285421085
93600.0,26.0,1,3.5e-05,24.03888722310635
93600.0,26.0,1,7e-05,24.03658713058584
93600.0,26.0,1,0.00010499999999999999,24.03428700878454
93600.0,26.0,1,0.00014,24.03198685865176
93600.0,26.0,1,0.00017499999999999997,24.02968668113874
93600.0,26.0,1,0.00020999999999999998,24.027386477171603
93600.0,26.0,1,0.000245,24.025086247673507
93600.0,26.0,1,0.00028,24.022785993593907
93600.0,26.0,1,0.00031499999999999996,24.02048571588639
93600.0,26.0,1,0.00034999999999999994,24.018185415476022
93600.0,26.0,1,0.000385,24.015885093281913
93600.0,26.0,1,0.00041999999999999996,24.013584750255202
93600.0,26.0,1,0.00045499999999999995,24.01128438735611
93600.0,26.0,1,0.00049,24.008984005507514
93600.0,26.0,1,0.000525,24.00668360561729
93600.0,26.0,1,0.00056,24.00438318863835
93600.0,26.0,1,0.0005949999999999999,24.00208275555196
93600.0,26.0,1,0.0006299999999999999,23.99978230728679
93600.0,26.0,1,0.0006649999999999999,23.997481844712027
93600.0,26.0,1,0.0007,23.99518136878351
93600.0,26.0,2,0.0007,23.995181368783513
93600.0,26.0,2,0.00072,23.991265652649307
93600.0,26.0,2,0.00074,23.98064666870814
93600.0,26.0,2,0.00076,23.963313559910677
93600.0,26.0,2,0.00078,23.939303211085548
93600.0,26.0,2,0.0008,23.908622043472647
93600.0,26.0,2,0.00082,23.871246102780933
93600.0,26.0,2,0.00084,23.82716480304473
93600.0,26.0,2,0.00086,23.776395070238507
93600.0,26.0,2,0.00088,23.718948143012653
93600.0,26.0,2,0.0009,23.65481042104757
93600.0,26.0,2,0.00092,23.583969922362517
93600.0,26.0,2,0.0009400000000000001,23.506438629240034
93600.0,26.0,2,0.00096,23.422230142308344
93600.0,26.0,2,0.00098,23.331333223228974
93600.0,26.0,2,0.001,23.233730946333548
93600.0,26.0,2,0.00102,23.129433897886994
93600.0,26.0,2,0.0010400000000000001,23.01846603248236
93600.0,26.0,2,0.00106,22.90082092919198
93600.0,26.0,2,0.00108,22.776461703504257
93600.0,26.0,2,0.0011,22.645399212765483
93600.0,26.0,3,0.0011,22.645399212765483
93600.0,26.0,3,0.001115,22.531414834591203
93600.0,26.0,3,0.0011300000000000001,22.417430454023513
93600.0,26.0,3,0.001145,22.303446071063217
93600.0,26.0,3,0.00116,22.18946168572784
93600.0,26.0,3,0.001175,22.0754772980235
93600.0,26.0,3,0.00119,21.96149290794617
93600.0,26.0,3,0.0012050000000000001,21.84750851549721
93600.0,26.0,3,0.0012200000000000002,21.733524120686674
93600.0,26.0,3,0.001235,21.619539723521797
93600.0,26.0,3,0.00125,21.505555324002625
93600.0,26.0,3,0.001265,21.391570922130857
93600.0,26.0,3,0.00128,21.277586517914354
93600.0,26.0,3,0.0012950000000000001,21.16360211135994
93600.0,26.0,3,0.00131,21.049617702468964
93600.0,26.0,3,0.001325,20.935633291243448
93600.0,26.0,3,0.00134,20.821648877690418
93600.0,26.0,3,0.001355,20.707664461816492
93600.0,26.0,3,0.0013700000000000001,20.593680043623554
93600.0,26.0,3,0.001385,20.47969562311374
93600.0,26.0,3,0.0014,20.365711200293724
100800.0,28.0,1,0.0,24.029697784525524
100800.0,28.0,1,3.5e-05,24.02774375055842
100800.0,28.0,1,7e-05,24.025789690953218
100800.0,28.0,1,0.00010499999999999999,24.023835606495798
100800.0,28.0,1,0.00014,24.021881497992666
100800.0,28.0,1,0.00017499999999999997,24.019927366251974
100800.0,28.0,1,0.00020999999999999998,24.017973212060568
100800.0,28.0,1,0.000245,24.016019036202792
100800.0,28.0,1,0.00028,24.014064839485265
100800.0,28.0,1,0.00031499999999999996,24.01211062271813
100800.0,28.0,1,0.00034999999999999994,24.010156386687335
100800.0,28.0,1,0.000385,24.008202132173796
100800.0,28.0,1,0.00041999999999999996,24.006247859985564
100800.0,28.0,1,0.00045499999999999995,24.004293570938394
100800.0,28.0,1,0.00049,24.002339265816396
100800.0,28.0,1,0.000525,24.00038494539094
100800.0,28.0,1,0.00056,23.998430610471605
100800.0,28.0,1,0.0005949999999999999,23.996476261891967
100800.0,28.0,1,0.0006299999999999999,23.994521900441047
100800.0,28.0,1,0.0006649999999999999,23.992567526857435
100800.0,28.0,1,0.0007,23.99061314195317
100800.0,28.0,2,0.0007,23.99061314195317
100800.0,28.0,2,0.00072,23.9869175521442
100800.0,28.0,2,0.00074,23.976507615968394
100800.0,28.0,2,0.00076,23.95937245840993
100800.0,28.0,2,0.00078,23.935549025234412
100800.0,28.0,2,0.0008,23.905043748270636
100800.0,28.0,2,0.00082,23.867832633614317
100800.0,28.0,2,0.00084,23.823905077781152
100800.0,28.0,2,0.00086,23.77327803469659
100800.0,28.0,2,0.00088,23.715962761561872
100800.0,28.0,2,0.0009,23.651945635556096
100800.0,28.0,2,0.00092,23.581214654872454
100800.0,28.0,2,0.0009400000000000001,23.503781821574144
100800.0,28.0,2,0.00096,23.41966075874423
100800.0,28.0,2,0.00098,23.32884020944643
100800.0,28.0,2,0.001,23.231303220015338
100800.0,28.0,2,0.00102,23.12706039418946
100800.0,28.0,2,0.0010400000000000001,23.016135726129637
100800.0,28.0,2,0.00106,22.898522784272306
100800.0,28.0,2,0.00108,22.774184623121183
100800.0,28.0,2,0.0011,22.643132117944358
100800.0,28.0,3,0.0011,22.643132117944358
100800.0,28.0,3,0.001115,22.529152842858863
100800.0,28.0,3,0.0011300000000000001,22.415173565749257
100800.0,28.0,3,0.001145,22.301194286616205
100800.0,28.0,3,0.00116,22.187215005474542
100800.0,28.0,3,0.001175,22.073235722329443
100800.0,28.0,3,0.00119,21.959256437177494
100800.0,28.0,3,0.0012050000000000001,21.845277150019847
100800.0,28.0,3,0.0012200000000000002,21.73129786086501
100800.0,28.0,3,0.001235,21.617318569719092
100800.0,28.0,3,0.00125,21.503339276582135
100800.0,28.0,3,0.001265,21.389359981455584
100800.0,28.0,3,0.00128,21.275380684346082
100800.0,28.0,3,0.0012950000000000001,21.161401385259396
100800.0,28.0,3,0.00131,21.047422084196672
100800.0,28.0,3,0.001325,20.933442781159616
100800.0,28.0,3,0.00134,20.819463476154173
100800.0,28.0,3,0.001355,20.705484169185937
100800.0,28.0,3,0.0013700000000000001,20.59150486025651
100800.0,28.0,3,0.001385,20.477525549367684
100800.0,28.0,3,0.0014,20.363546236525117
108000.0,30.0,1,0.0,24.01994696789369
108000.0,30.0,1,3.5e-05,24.018286919176997
108000.0,30.0,1,7e-05,24.016626848705645
108000.0,30.0,1,0.00010499999999999999,24.014966757147352
108000.0,30.0,1,0.00014,24.013306645187313
108000.0,30.0,1,0.00017499999999999997,24.011646513512087
108000.0,30.0,1,0.00020999999999999998,24.00998636279021
108000.0,30.0,1,0.000245,24.008326193688095
108000.0,30.0,1,0.00028,24.00666600689102
108000.0,30.0,1,0.00031499999999999996,24.00500580308724
108000.0,30.0,1,0.00034999999999999994,24.003345582944537
108000.0,30.0,1,0.000385,24.001685347126404
108000.0,30.0,1,0.00041999999999999996,24.000025096319344
108000.0,30.0,1,0.00045499999999999995,23.998364831216364
108000.0,30.0,1,0.00049,23.996704552483678
108000.0,30.0,1,0.000525,23.995044260776716
108000.0,30.0,1,0.00056,23.99338395678325
108000.0,30.0,1,0.0005949999999999999,23.9917236412114
108000.0,30.0,1,0.0006299999999999999,23.990063314731536
108000.0,30.0,1,0.0006649999999999999,23.98840297797131
108000.0,30.0,1,0.0007,23.986742631620597
108000.0,30.0,2,0.0007,23.9867426316206
108000.0,30.0,2,0.00072,23.98323406039161
108000.0,30.0,2,0.00074,23.973001729069463
108000.0,30.0,2,0.00076,23.956034747371778
108000.0,30.0,2,0.00078,23.9323701128438
108000.0,30.0,2,0.0008,23.902014266311976
108000.0,30.0,2,0.00082,23.86494318021169
108000.0,30.0,2,0.00084,23.82114623617262
108000.0,30.0,2,0.00086,23.770640411870847
108000.0,30.0,2,0.00088,23.71343698027074
108000.0,30.0,2,0.0009,23.6495222994315
108000.0,30.0,2,0.00092,23.578884350699592
108000.0,30.0,2,0.0009400000000000001,23.501535152946335
108000.0,30.0,2,0.00096,23.41748834833524
108000.0,30.0,2,0.00098,23.326732664127015
108000.0,30.0,2,0.001,23.229251122866465
108000.0,30.0,2,0.00102,23.12505434313985
108000.0,30.0,2,0.0010400000000000001,23.01416635272973
108000.0,30.0,2,0.00106,22.89658071103497
108000.0,30.0,2,0.00108,22.77226042073908
108000.0,30.0,2,0.0011,22.641216372338757
108000.0,30.0,3,0.0011,22.641216372338757
108000.0,30.0,3,0.001115,22.52724140939261
108000.0,30.0,3,0.0011300000000000001,22.41326644473719
108000.0,30.0,3,0.001145,22.299291478373057
108000.0,30.0,3,0.00116,22.185316510312745
108000.0,30.0,3,0.001175,22.07134154056061
108000.0,30.0,3,0.00119,21.957366569113777
108000.0,30.0,3,0.0012050000000000001,21.843391595973227
108000.0,30.0,3,0.0012200000000000002,21.729416621146125
108000.0,30.0,3,0.001235,21.61544164463765
108000.0,30.0,3,0.00125,21.50146666644783
108000.0,30.0,3,0.001265,21.387491686577878
108000.0,30.0,3,0.00128,21.273516705033412
108000.0,30.0,3,0.0012950000000000001,21.159541721819302
108000.0,30.0,3,0.00131,21.045566736936507
108000.0,30.0,3,0.001325,20.93159175038648
108000.0,30.0,3,0.00134,20.817616762174236
108000.0,30.0,3,0.001355,20.703641772304497
108000.0,30.0,3,0.0013700000000000001,20.589666780778614
108000.0,30.0,3,0.001385,20.475691787598105
108000.0,30.0,3,0.0014,20.361716792767744
115200.0,32.0,1,0.0,24.011673389609342
115200.0,32.0,1,3.5e-05,24.010263110431072
115200.0,32.0,1,7e-05,24.008852812795663
115200.0,32.0,1,0.00010499999999999999,24.00744249727044
115200.0,32.0,1,0.00014,24.006032164437503
115200.0,32.0,1,0.00017499999999999997,24.00462181488014
115200.0,32.0,1,0.00020999999999999998,24.00321144916635
115200.0,32.0,1,0.000245,24.001801067862345
115200.0,32.0,1,0.00028,24.000390671550313
115200.0,32.0,1,0.00031499999999999996,23.998980260814964
115200.0,32.0,1,0.00034999999999999994,23.997569836223654
115200.0,32.0,1,0.000385,23.996159398340144
115200.0,32.0,1,0.00041999999999999996,23.994748947747635
115200.0,32.0,1,0.00045499999999999995,23.993338485034872
115200.0,32.0,1,0.00049,23.991928010767896
115200.0,32.0,1,0.000525,23.99051752550361
115200.0,32.0,1,0.00056,23.98910702982632
115200.0,32.0,1,0.0005949999999999999,23.98769652433755
115200.0,32.0,1,0.0006299999999999999,23.986286009606857
115200.0,32.0,1,0.0006649999999999999,23.984875486167642
115200.0,32.0,1,0.0007,23.983464954605974
115200.0,32.0,2,0.0007,23.983464954605978
115200.0,32.0,2,0.00072,23.980115273623166
115200.0,32.0,2,0.00074,23.970033833258565
115200.0,32.0,2,0.00076,23.953209730257065
115200.0,32.0,2,0.00078,23.929680006163537
115200.0,32.0,2,0.0008,23.899451109450162
115200.0,32.0,2,0.00082,23.86249898394954
115200.0,32.0,2,0.00084,23.818812998642002
115200.0,32.0,2,0.00086,23.768410151385687
115200.0,32.0,2,0.00088,23.71130172853962
115200.0,32.0,2,0.0009,23.647474071915916
115200.0,32.0,2,0.00092,23.57691514854562
115200.0,32.0,2,0.0009400000000000001,23.49963699158269
115200.0,32.0,2,0.00096,23.41565325940419
115200.0,32.0,2,0.00098,23.32495266584227
115200.0,32.0,2,0.001,23.22751821322645
115200.0,32.0,2,0.00102,23.123360532759815
115200.0,32.0,2,0.0010400000000000001,23.01250368079489
115200.0,32.0,2,0.00106,22.894941209050888
115200.0,32.0,2,0.00108,22.77063607617727
115200.0,32.0,2,0.0011,22.639599185611175
115200.0,32.0,3,0.0011,22.639599185611175
115200.0,32.0,3,0.001115,22.525627862738006
115200.0,32.0,3,0.0011300000000000001,22.411656538422317
115200.0,32.0,3,0.001145,22.297685212664593
115200.0,32.0,3,0.00116,22.183713885475395
115200.0,32.0,3,0.001175,22.069742556858408
115200.0,32.0,3,0.00119,21.95577122681121
115200.0,32.0,3,0.0012050000000000001,21.841799895334617
115200.0,32.0,3,0.0012200000000000002,21.727828562434684
115200.0,32.0,3,0.001235,21.61385722811578
115200.0,32.0,3,0.00125,21.49988589237793
115200.0,32.0,3,0.001265,21.385914555222158
115200.0,32.0,3,0.00128,21.271943216653195
115200.0,32.0,3,0.0012950000000000001,21.157971876675163
115200.0,32.0,3,0.00131,21.044000535288873
115200.0,32.0,3,0.001325,20.93002919249554
115200.0,32.0,3,0.00134,20.816057848299405
115200.0,32.0,3,0.001355,20.702086502704447
115200.0,32.0,3,0.0013700000000000001,20.58811515571181
115200.0,32.0,3,0.001385,20.47414380732278
115200.0,32.0,3,0.0014,20.360172457541378
122400.0,34.0,1,0.0,24.00465371061577
122400.0,34.0,1,3.5e-05,24.003455633694372
122400.0,34.0,1,7e-05,24.00225754111378
122400.0,34.0,1,0.00010499999999999999,24.00105943335601
122400.0,34.0,1,0.00014,23.999861310915577
122400.0,34.0,1,0.00017499999999999997,23.998663174288023
122400.0,34.0,1,0.00020999999999999998,23.997465023955925
122400.0,34.0,1,0.000245,23.99626686040036
122400.0,34.0,1,0.00028,23.995068684115925
122400.0,34.0,1,0.00031499999999999996,23.993870495599346
122400.0,34.0,1,0.00034999999999999994,23.99267229533268
122400.0,34.0,1,0.000385,23.991474083794905
122400.0,34.0,1,0.00041999999999999996,23.990275861481496
122400.0,34.0,1,0.00045499999999999995,23.989077628892595
122400.0,34.0,1,0.00049,23.98787938650912
122400.0,34.0,1,0.000525,23.98668113480428
122400.0,34.0,1,0.00056,23.985482874274446
122400.0,34.0,1,0.0005949999999999999,23.984284605430602
122400.0,34.0,1,0.0006299999999999999,23.983086328756652
122400.0,34.0,1,0.0006649999999999999,23.981888044705887
122400.0,34.0,1,0.0007,23.980689753776186
122400.0,34.0,2,0.0007,23.980689753776186
122400.0,34.0,2,0.00072,23.977475064217266
122400.0,34.0,2,0.00074,23.96752181790696
122400.0,34.0,2,0.00076,23.95081910056662
122400.0,34.0,2,0.00078,23.927403991129673
122400.0,34.0,2,0.0008,23.897282944565237
122400.0,34.0,2,0.00082,23.860431880400796
122400.0,34.0,2,0.00084,23.816840156867947
122400.0,34.0,2,0.00086,23.766524788974444
122400.0,34.0,2,0.00088,23.709497074461407
122400.0,34.0,2,0.0009,23.645743341335063
122400.0,34.0,2,0.00092,23.57525154446194
122400.0,34.0,2,0.0009400000000000001,23.498033729132647
122400.0,34.0,2,0.00096,23.414103567501666
122400.0,34.0,2,0.00098,23.323449761990283
122400.0,34.0,2,0.001,23.22605529775012
122400.0,34.0,2,0.00102,23.121930816705405
122400.0,34.0,2,0.0010400000000000001,23.01110039948589
122400.0,34.0,2,0.00106,22.893557591285038
122400.0,34.0,2,0.00108,22.769265313334508
122400.0,34.0,2,0.0011,22.638234480067563
122400.0,34.0,3,0.0011,22.638234480067563
122400.0,34.0,3,0.001115,22.524266228946477
122400.0,34.0,3,0.0011300000000000001,22.410297976608078
122400.0,34.0,3,0.001145,22.29632972305279
122400.0,34.0,3,0.00116,22.18236146828951
122400.0,34.0,3,0.001175,22.06839321232136
122400.0,34.0,3,0.00119,21.95442495514629
122400.0,34.0,3,0.0012050000000000001,21.840456696764992
122400.0,34.0,3,0.0012200000000000002,21.726488437182574
122400.0,34.0,3,0.001235,21.612520176402725
122400.0,34.0,3,0.00125,21.49855191442546
122400.0,34.0,3,0.001265,21.38458365125165
122400.0,34.0,3,0.00128,21.270615386885282
122400.0,34.0,3,0.0012950000000000001,21.15664712132984
122400.0,34.0,3,0.00131,21.042678854586
122400.0,34.0,3,0.001325,20.928710586654798
122400.0,34.0,3,0.00134,20.814742317539803
122400.0,34.0,3,0.001355,20.700774047244384
122400.0,34.0,3,0.0013700000000000001,20.586805775769495
122400.0,34.0,3,0.001385,20.472837503116224
122400.0,34.0,3,0.0014,20.35886922928797
129600.0,36.0,1,0.0,23.998697792291278
129600.0,36.0,1,3.5e-05,23.997679998564674
129600.0,36.0,1,7e-05,23.99666219155203
129600.0,36.0,1,0.00010499999999999999,23.995644371662863
129600.0,36.0,1,0.00014,23.994626539317302
129600.0,36.0,1,0.00017499999999999997,23.993608694936313
129600.0,36.0,1,0.00020999999999999998,23.992590838929917
129600.0,36.0,1,0.000245,23.991572971706827
129600.0,36.0,1,0.00028,23.99055509368723
129600.0,36.0,1,0.00031499999999999996,23.989537205293114
129600.0,36.0,1,0.00034999999999999994,23.988519306934037
129600.0,36.0,1,0.000385,23.98750139901696
129600.0,36.0,1,0.00041999999999999996,23.986483481962797
129600.0,36.0,1,0.00045499999999999995,23.985465556196424
129600.0,36.0,1,0.00049,23.98444762212645
129600.0,36.0,1,0.000525,23.983429680154934
129600.0,36.0,1,0.00056,23.982411730703568
129600.0,36.0,1,0.0005949999999999999,23.9813937742064
129600.0,36.0,1,0.0006299999999999999,23.980375811074563
129600.0,36.0,1,0.0006649999999999999,23.97935784169325
129600.0,36.0,1,0.0007,23.978339866485435
129600.0,36.0,2,0.0007,23.978339866485438
129600.0,36.0,2,0.00072,23.97523986277499
129600.0,36.0,2,0.00074,23.96539552636638
129600.0,36.0,2,0.00076,23.948795933613916
129600.0,36.0,2,0.00078,23.9254781952213
129600.0,36.0,2,0.0008,23.895448771678296
129600.0,36.0,2,0.00082,23.858683561859564
129600.0,36.0,2,0.00084,23.81517191486314
129600.0,36.0,2,0.00086,23.764930860269388
129600.0,36.0,2,0.00088,23.707971705491158
129600.0,36.0,2,0.0009,23.64428076680335
129600.0,36.0,2,0.00092,23.573845988735933
129600.0,36.0,2,0.0009400000000000001,23.496679426892424
129600.0,36.0,2,0.00096,23.41279476513443
129600.0,36.0,2,0.00098,23.322180696187036
129600.0,36.0,2,0.001,23.22482019060529
129600.0,36.0,2,0.00102,23.12072389942348
129600.0,36.0,2,0.0010400000000000001,23.009915923900557
129600.0,36.0,2,0.00106,22.89238980368482
129600.0,36.0,2,0.00108,22.76810842821281
129600.0,36.0,2,0.0011,22.637082721261553
129600.0,36.0,3,0.0011,22.637082721261553
129600.0,36.0,3,0.001115,22.523117062573398
129600.0,36.0,3,0.0011300000000000001,22.409151402857727
129600.0,36.0,3,0.001145,22.295185742114892
129600.0,36.0,3,0.00116,22.181220080352404
129600.0,36.0,3,0.001175,22.0672544175729
129600.0,36.0,3,0.00119,21.953288753774647
129600.0,36.0,3,0.0012050000000000001,21.839323088958235
129600.0,36.0,3,0.0012200000000000002,21.725357423127967
129600.0,36.0,3,0.001235,21.61139175628696
129600.0,36.0,3,0.00125,21.497426088435226
129600.0,36.0,3,0.001265,21.383460419573506
129600.0,36.0,3,0.00128,21.26949474970516
129600.0,36.0,3,0.0012950000000000001,21.15552907883313
129600.0,36.0,3,0.00131,21.041563406957987
129600.0,36.0,3,0.001325,20.927597734080607
129600.0,36.0,3,0.00134,20.813632060203997
129600.0,36.0,3,0.001355,20.699666385331
129600.0,36.0,3,0.0013700000000000001,20.58570070946243
129600.0,36.0,3,0.001385,20.471735032599206
129600.0,36.0,3,0.0014,20.357769354744182
136800.0,38.0,1,0.0,23.993644084352653
136800.0,38.0,1,3.5e-05,23.992779453776453
136800.0,38.0,1,7e-05,23.991914811926293
136800.0,38.0,1,0.00010499999999999999,23.991050159150085
136800.0,38.0,1,0.00014,23.99018549580475
136800.0,38.0,1,0.00017499999999999997,23.989320822247898
136800.0,38.0,1,0.00020999999999999998,23.98845613882789
136800.0,38.0,1,0.000245,23.98759144589197
136800.0,38.0,1,0.00028,23.98672674379709
136800.0,38.0,1,0.00031499999999999996,23.985862032901743
136800.0,38.0,1,0.00034999999999999994,23.984997313553894
136800.0,38.0,1,0.000385,23.98413258609929
136800.0,38.0,1,0.00041999999999999996,23.983267850895515
136800.0,38.0,1,0.00045499999999999995,23.982403108303505
136800.0,38.0,1,0.00049,23.98153835867041
136800.0,38.0,1,0.000525,23.980673602337838
136800.0,38.0,1,0.00056,23.979808839664024
136800.0,38.0,1,0.0005949999999999999,23.978944071017672
136800.0,38.0,1,0.0006299999999999999,23.978079296748078
136800.0,38.0,1,0.0006649999999999999,23.97721451718256
136800.0,38.0,1,0.0007,23.976349732680436
136800.0,38.0,2,0.0007,23.976349732680436
136800.0,38.0,2,0.00072,23.97334716225227
136800.0,38.0,2,0.00074,23.9635953512427
136800.0,38.0,2,0.00076,23.94708336804677
136800.0,38.0,2,0.00078,23.92384835036369
136800.0,38.0,2,0.0008,23.893896763374233
136800.0,38.0,2,0.00082,23.857204488404093
136800.0,38.0,2,0.00084,23.813760866790446
136800.0,38.0,2,0.00086,23.763582940496153
136800.0,38.0,2,0.00088,23.70668202515225
136800.0,38.0,2,0.0009,23.643044427065398
136800.0,38.0,2,0.00092,23.572658081982492
136800.0,38.0,2,0.0009400000000000001,23.495535054270025
136800.0,38.0,2,0.00096,23.411689037737283
136800.0,38.0,2,0.00098,23.321108716870413
136800.0,38.0,2,0.001,23.22377704982156
136800.0,38.0,2,0.00102,23.11970469536598
136800.0,38.0,2,0.0010400000000000001,23.008915772291413
136800.0,38.0,2,0.00106,22.89140381553444
136800.0,38.0,2,0.00108,22.767131687514915
136800.0,38.0,2,0.0011,22.63611031994938
136800.0,38.0,3,0.0011,22.63611031994938
136800.0,38.0,3,0.001115,22.522146849990005
136800.0,38.0,3,0.0011300000000000001,22.408183379162747
136800.0,38.0,3,0.001145,22.294219907467898
136800.0,38.0,3,0.00116,22.180256434911815
136800.0,38.0,3,0.001175,22.066292961496714
136800.0,38.0,3,0.00119,21.95232948722113
136800.0,38.0,3,0.0012050000000000001,21.838366012085565
136800.0,38.0,3,0.0012200000000000002,21.724402536093656
136800.0,38.0,3,0.001235,21.610439059248037
136800.0,38.0,3,0.00125,21.496475581548715
136800.0,38.0,3,0.001265,21.38251210299631
136800.0,38.0,3,0.00128,21.26854862359367
136800.0,38.0,3,0.0012950000000000001,21.154585143343276
136800.0,38.0,3,0.00131,21.04062166224561
136800.0,38.0,3,0.001325,20.926658180301406
136800.0,38.0,3,0.00134,20.812694697513216
136800.0,38.0,3,0.001355,20.698731213883434
136800.0,38.0,3,0.0013700000000000001,20.58476772941275
136800.0,38.0,3,0.001385,20.47080424410193
136800.0,38.0,3,0.0014,20.356840757953403
144000.0,40.0,1,0.0,23.98935484289468
144000.0,40.0,1,3.5e-05,23.98862033221268
144000.0,40.0,1,7e-05,23.987885811960826
144000.0,40.0,1,0.00010499999999999999,23.987151282434706
144000.0,40.0,1,0.00014,23.986416743937518
144000.0,40.0,1,0.00017499999999999997,23.98568219677307
144000.0,40.0,1,0.00020999999999999998,23.984947641237305
144000.0,40.0,1,0.000245,23.984213077625235
144000.0,40.0,1,0.00028,23.983478506240104
144000.0,40.0,1,0.00031499999999999996,23.98274392738645
144000.0,40.0,1,0.00034999999999999994,23.982009341359884
144000.0,40.0,1,0.000385,23.981274748454158
144000.0,40.0,1,0.00041999999999999996,23.980540148973038
144000.0,40.0,1,0.00045499999999999995,23.979805543223137
144000.0,40.0,1,0.00049,23.979070931499393
144000.0,40.0,1,0.000525,23.97833631409202
144000.0,40.0,1,0.00056,23.977601691305356
144000.0,40.0,1,0.0005949999999999999,23.9768670634526
144000.0,40.0,1,0.0006299999999999999,23.976132430830493
144000.0,40.0,1,0.0006649999999999999,23.975397793717153
144000.0,40.0,1,0.0007,23.974663152417826
144000.0,40.0,2,0.0007,23.974663152417826
144000.0,40.0,2,0.00072,23.971743356263115
144000.0,40.0,2,0.00074,23.962070149494995
144000.0,40.0,2,0.00076,23.94563259374582
144000.0,40.0,2,0.00078,23.922467849651856
144000.0,40.0,2,0.0008,23.892582386379587
144000.0,40.0,2,0.00082,23.855952070344095
144000.0,40.0,2,0.00084,23.812566236288454
144000.0,40.0,2,0.00086,23.76244193669644
144000.0,40.0,2,0.00088,23.70559049418175
144000.0,40.0,2,0.0009,23.64199820658144
144000.0,40.0,2,0.00092,23.57165300217978
144000.0,40.0,2,0.0009400000000000001,23.49456695278883
144000.0,40.0,2,0.00096,23.41075376067001
144000.0,40.0,2,0.00098,23.320202103309164
144000.0,40.0,2,0.001,23.222894928320223
144000.0,40.0,2,0.00102,23.118842901055586
144000.0,40.0,2,0.0010400000000000001,23.008070155196577
144000.0,40.0,2,0.00106,22.89057022167635
144000.0,40.0,2,0.00108,22.766305939959814
144000.0,40.0,2,0.0011,22.635288248509386
144000.0,40.0,3,0.0011,22.635288248509386
144000.0,40.0,3,0.001115,22.521326628927977
144000.0,40.0,3,0.0011300000000000001,22.407365008612235
144000.0,40.0,3,0.001145,22.29340338756241
144000.0,40.0,3,0.00116,22.179441765783878
144000.0,40.0,3,0.001175,22.065480143278513
144000.0,40.0,3,0.00119,21.951518520045084
144000.0,40.0,3,0.0012050000000000001,21.83755689608401
144000.0,40.0,3,0.0012200000000000002,21.723595271398366
144000.0,40.0,3,0.001235,21.609633645990378
144000.0,40.0,3,0.00125,21.495672019860056
144000.0,40.0,3,0.001265,21.381710393007932
144000.0,40.0,3,0.00128,21.26774876543641
144000.0,40.0,3,0.0012950000000000001,21.153787137147578
144000.0,40.0,3,0.00131,21.039825508141856
144000.0,40.0,3,0.001325,20.92586387841987
144000.0,40.0,3,0.00134,20.811902247983767
144000.0,40.0,3,0.001355,20.69794061683558
144000.0,40.0,3,0.0013700000000000001,20.58397898497589
144000.0,40.0,3,0.001385,20.470017352405346
144000.0,40.0,3,0.0014,20.356055719126
151200.0,42.0,1,0.0,23.985713567723014
151200.0,42.0,1,3.5e-05,23.985089598430996
151200.0,42.0,1,7e-05,23.984465621014376
151200.0,42.0,1,0.00010499999999999999,23.983841635724257
151200.0,42.0,1,0.00014,23.983217642818225
151200.0,42.0,1,0.00017499999999999997,23.982593642554363
151200.0,42.0,1,0.00020999999999999998,23.981969635184086
151200.0,42.0,1,0.000245,23.98134562095802
151200.0,42.0,1,0.00028,23.980721600133776
151200.0,42.0,1,0.00031499999999999996,23.980097572970067
151200.0,42.0,1,0.00034999999999999994,23.979473539718025
151200.0,42.0,1,0.000385,23.978849500627202
151200.0,42.0,1,0.00041999999999999996,23.978225455955656
151200.0,42.0,1,0.00045499999999999995,23.977601405963856
151200.0,42.0,1,0.00049,23.976977350902363
151200.0,42.0,1,0.000525,23.97635329101774
151200.0,42.0,1,0.00056,23.97572922656852
151200.0,42.0,1,0.0005949999999999999,23.975105157820753
151200.0,42.0,1,0.0006299999999999999,23.97448108502654
151200.0,42.0,1,0.0006649999999999999,23.973857008422176
151200.0,42.0,1,0.0007,23.973232928266967
151200.0,42.0,2,0.0007,23.973232928266967
151200.0,42.0,2,0.00072,23.970383451593012
151200.0,42.0,2,0.00074,23.960777021382814
151200.0,42.0,2,0.00076,23.944402693523067
151200.0,42.0,2,0.00078,23.921297648137692
151200.0,42.0,2,0.0008,23.891468357779516
151200.0,42.0,2,0.00082,23.854890676195318
151200.0,42.0,2,0.00084,23.811553932525733
151200.0,42.0,2,0.00086,23.761475188193273
151200.0,42.0,2,0.00088,23.7046657717442
151200.0,42.0,2,0.0009,23.641111973819694
151200.0,42.0,2,0.00092,23.570801716363636
151200.0,42.0,2,0.0009400000000000001,23.493747077513962
151200.0,42.0,2,0.00096,23.409961766713163
151200.0,42.0,2,0.00098,23.319434455499525
151200.0,42.0,2,0.001,23.22214808253353
151200.0,42.0,2,0.00102,23.118113318755658
151200.0,42.0,2,0.0010400000000000001,23.007354310501007
151200.0,42.0,2,0.00106,22.88986458530139
151200.0,42.0,2,0.00108,22.76560696311884
151200.0,42.0,2,0.0011,22.63459238814717
151200.0,42.0,3,0.0011,22.63459238814717
151200.0,42.0,3,0.001115,22.520632334864278
151200.0,42.0,3,0.0011300000000000001,22.406672280959548
151200.0,42.0,3,0.001145,22.292712226433178
151200.0,42.0,3,0.00116,22.178752171289734
151200.0,42.0,3,0.001175,22.0647921155308
151200.0,42.0,3,0.00119,21.950832059155328
151200.0,42.0,3,0.0012050000000000001,21.836872002163673
151200.0,42.0,3,0.0012200000000000002,21.72291194455845
151200.0,42.0,3,0.001235,21.608951886341533
151200.0,42.0,3,0.00125,21.494991827512933
151200.0,42.0,3,0.001265,21.381031768073104
151200.0,42.0,3,0.00128,21.267071708024073
151200.0,42.0,3,0.0012950000000000001,21.153111647367624
151200.0,42.0,3,0.00131,21.039151586104097
151200.0,42.0,3,0.001325,20.925191524234023
151200.0,42.0,3,0.00134,20.811231461759235
151200.0,42.0,3,0.001355,20.697271398681437
151200.0,42.0,3,0.0013700000000000001,20.583311335001127
151200.0,42.0,3,0.001385,20.46935127071886
151200.0,42.0,3,0.0014,20.355391205836373
158400.0,44.0,1,0.0,23.982621956877573
158400.0,44.0,1,3.5e-05,23.982091895216698
158400.0,44.0,1,7e-05,23.98156182665737
158400.0,44.0,1,0.00010499999999999999,23.981031751412917
158400.0,44.0,1,0.00014,23.98050166970215
158400.0,44.0,1,0.00017499999999999997,23.979971581744316
158400.0,44.0,1,0.00020999999999999998,23.979441487753004
158400.0,44.0,1,0.000245,23.978911387941128
158400.0,44.0,1,0.00028,23.97838128252753
158400.0,44.0,1,0.00031499999999999996,23.977851171731984
158400.0,44.0,1,0.00034999999999999994,23.97732105576784
158400.0,44.0,1,0.000385,23.9767909348471
158400.0,44.0,1,0.00041999999999999996,23.976260809188986
158400.0,44.0,1,0.00045499999999999995,23.975730679014767
158400.0,44.0,1,0.00049,23.9752005445373
158400.0,44.0,1,0.000525,23.974670405966062
158400.0,44.0,1,0.00056,23.974140263520667
158400.0,44.0,1,0.0005949999999999999,23.97361011742713
158400.0,44.0,1,0.0006299999999999999,23.973079967899604
158400.0,44.0,1,0.0006649999999999999,23.972549815138855
158400.0,44.0,1,0.0007,23.97201965936516
158400.0,44.0,2,0.0007,23.97201965936516
158400.0,44.0,2,0.00072,23.969229920718234
158400.0,44.0,2,0.00074,23.959680218509053
158400.0,44.0,2,0.00076,23.943359603742856
158400.0,44.0,2,0.00078,23.920305273100038
158400.0,44.0,2,0.0008,23.890523702010427
158400.0,44.0,2,0.00082,23.853990733457973
158400.0,44.0,2,0.00084,23.81069569182354
158400.0,44.0,2,0.00086,23.76065564612388
158400.0,44.0,2,0.00088,23.70388192994551
158400.0,44.0,2,0.0009,23.640360827816053
158400.0,44.0,2,0.00092,23.570080256292698
158400.0,44.0,2,0.0009400000000000001,23.49305229888776
158400.0,44.0,2,0.00096,23.409290671144685
158400.0,44.0,2,0.00098,23.31878403954878
158400.0,44.0,2,0.001,23.221515335153796
158400.0,44.0,2,0.00102,23.117495233647766
158400.0,44.0,2,0.0010400000000000001,23.006747892116305
158400.0,44.0,2,0.00106,22.88926683520147
158400.0,44.0,2,0.00108,22.765014866295893
158400.0,44.0,2,0.0011,22.634002934462703
158400.0,44.0,3,0.0011,22.634002934462703
158400.0,44.0,3,0.001115,22.520044207972976
158400.0,44.0,3,0.0011300000000000001,22.406085480956328
158400.0,44.0,3,0.001145,22.292126753412944
158400.0,44.0,3,0.00116,22.17816802534668
158400.0,44.0,3,0.001175,22.06420929675887
158400.0,44.0,3,0.00119,21.95025056764865
158400.0,44.0,3,0.0012050000000000001,21.8362918380163
158400.0,44.0,3,0.0012200000000000002,21.72233310786404
158400.0,44.0,3,0.001235,21.608374377193467
158400.0,44.0,3,0.00125,21.494415646004587
158400.0,44.0,3,0.001265,21.38045691429777
158400.0,44.0,3,0.00128,21.266498182074756
158400.0,44.0,3,0.0012950000000000001,21.152539449337038
158400.0,44.0,3,0.00131,21.038580716084923
158400.0,44.0,3,0.001325,20.924621982318847
158400.0,44.0,3,0.00134,20.810663248040356
158400.0,44.0,3,0.001355,20.696704513250918
158400.0,44.0,3,0.0013700000000000001,20.58274577795094
158400.0,44.0,3,0.001385,20.46878704214089
158400.0,44.0,3,0.0014,20.35482830582224
165600.0,46.0,1,0.0,23.979996765148975
165600.0,46.0,1,3.5e-05,23.979546479578048
165600.0,46.0,1,7e-05,23.97909618814922
165600.0,46.0,1,0.00010499999999999999,23.97864589104373
165600.0,46.0,1,0.00014,23.978195588447445
165600.0,46.0,1,0.00017499999999999997,23.97774528054662
165600.0,46.0,1,0.00020999999999999998,23.977294967522706
165600.0,46.0,1,0.000245,23.97684464955658
165600.0,46.0,1,0.00028,23.976394326834146
165600.0,46.0,1,0.00031499999999999996,23.9759439995421
165600.0,46.0,1,0.00034999999999999994,23.97549366786169
165600.0,46.0,1,0.000385,23.975043331973023
165600.0,46.0,1,0.00041999999999999996,23.97459299206232
165600.0,46.0,1,0.00045499999999999995,23.974142648317557
165600.0,46.0,1,0.00049,23.973692300919552
165600.0,46.0,1,0.000525,23.973241950046265
165600.0,46.0,1,0.00056,23.972791595884267
165600.0,46.0,1,0.0005949999999999999,23.97234123862554
165600.0,46.0,1,0.0006299999999999999,23.971890878452022
165600.0,46.0,1,0.0006649999999999999,23.971440515534276
165600.0,46.0,1,0.0007,23.970990150059425
165600.0,46.0,2,0.0007,23.97099015005943
165600.0,46.0,2,0.00072,23.968251159787854
165600.0,46.0,2,0.00074,23.958749648733573
165600.0,46.0,2,0.00076,23.942474663754705
165600.0,46.0,2,0.00078,23.919463415597512
165600.0,46.0,2,0.0008,23.889722382136014
165600.0,46.0,2,0.00082,23.85322739721041
165600.0,46.0,2,0.00084,23.809967781157816
165600.0,46.0,2,0.00086,23.759960609446818
165600.0,46.0,2,0.00088,23.703217219945955
165600.0,46.0,2,0.0009,23.63972389198898
165600.0,46.0,2,0.00092,23.569468537556716
165600.0,46.0,2,0.0009400000000000001,23.492463244727386
165600.0,46.0,2,0.00096,23.408721734227605
165600.0,46.0,2,0.00098,23.318232668249838
165600.0,46.0,2,0.001,23.220978971385392
165600.0,46.0,2,0.00102,23.11697132335569
165600.0,46.0,2,0.0010400000000000001,23.006233890379615
165600.0,46.0,2,0.00106,22.888760194644213
165600.0,46.0,2,0.00108,22.764513025465252
165600.0,46.0,2,0.0011,22.633503336042704
165600.0,46.0,3,0.0011,22.633503336042704
165600.0,46.0,3,0.001115,22.519545734094187
165600.0,46.0,3,0.0011300000000000001,22.405588131698966
165600.0,46.0,3,0.001145,22.29163052885719
165600.0,46.0,3,0.00116,22.177672925572132
165600.0,46.0,3,0.001175,22.063715321844935
165600.0,46.0,3,0.00119,21.94975771767485
165600.0,46.0,3,0.0012050000000000001,21.83580011306212
165600.0,46.0,3,0.0012200000000000002,21.72184250800863
165600.0,46.0,3,0.001235,21.60788490251573
165600.0,46.0,3,0.00125,21.493927296583422
165600.0,46.0,3,0.001265,21.37996969021203
165600.0,46.0,3,0.00128,21.266012083403016
165600.0,46.0,3,0.0012950000000000001,21.15205447615766
165600.0,46.0,3,0.00131,21.03809686847621
165600.0,46.0,3,0.001325,20.92413926035904
165600.0,46.0,3,0.00134,20.81018165180747
165600.0,46.0,3,0.001355,20.696224042822724
165600.0,46.0,3,0.0013700000000000001,20.58226643340517
165600.0,46.0,3,0.001385,20.468308823555187
165600.0,46.0,3,0.0014,20.354351213274033
172800.0,48.0,1,0.0,23.977767446786373
172800.0,48.0,1,3.5e-05,23.97738493182252
172800.0,48.0,1,7e-05,23.977002411884005
172800.0,48.0,1,0.00010499999999999999,23.976619887124784
172800.0,48.0,1,0.00014,23.97623735770276
172800.0,48.0,1,0.00017499999999999997,23.975854823776164
172800.0,48.0,1,0.00020999999999999998,23.975472285499123
172800.0,48.0,1,0.000245,23.975089743025308
172800.0,48.0,1,0.00028,23.974707196512632
172800.0,48.0,1,0.00031499999999999996,23.97432464611971
172800.0,48.0,1,0.00034999999999999994,23.973942092000502
172800.0,48.0,1,0.000385,23.97355953430802
172800.0,48.0,1,0.00041999999999999996,23.973176973200452
172800.0,48.0,1,0.00045499999999999995,23.972794408837487
172800.0,48.0,1,0.00049,23.972411841372733
172800.0,48.0,1,0.000525,23.972029270957368
172800.0,48.0,1,0.00056,23.971646697749886
172800.0,48.0,1,0.0005949999999999999,23.97126412191337
172800.0,48.0,1,0.0006299999999999999,23.970881543602385
172800.0,48.0,1,0.0006649999999999999,23.970498962961827
172800.0,48.0,1,0.0007,23.97011638015066
172800.0,48.0,2,0.0007,23.970116380150664
172800.0,48.0,2,0.00072,23.967420501097507
172800.0,48.0,2,0.00074,23.957959928771704
172800.0,48.0,2,0.00076,23.94172370650818
172800.0,48.0,2,0.00078,23.91874905700285
172800.0,48.0,2,0.0008,23.889042460206216
172800.0,48.0,2,0.00082,23.852579742190397
172800.0,48.0,2,0.00084,23.809350219857134
172800.0,48.0,2,0.00086,23.759370974156166
172800.0,48.0,2,0.00088,23.70265334659385
172800.0,48.0,2,0.0009,23.639183612091465
172800.0,48.0,2,0.00092,23.568949678741987
172800.0,48.0,2,0.0009400000000000001,23.4919636385026
172800.0,48.0,2,0.00096,23.408239216503308
172800.0,48.0,2,0.00098,23.31776507128957
172800.0,48.0,2,0.001,23.220524121962526
172800.0,48.0,2,0.00102,23.116527051670154
172800.0,48.0,2,0.0010400000000000001,23.005798034390537
172800.0,48.0,2,0.00106,22.888330590225046
172800.0,48.0,2,0.00108,22.76408749653045
172800.0,48.0,2,0.0011,22.63307971002117
172800.0,48.0,3,0.0011,22.63307971002117
172800.0,48.0,3,0.001115,22.51912306160955
172800.0,48.0,3,0.0011300000000000001,22.405166412819085
172800.0,48.0,3,0.001145,22.291209763649896
172800.0,48.0,3,0.00116,22.177253114104765
172800.0,48.0,3,0.001175,22.063296464184656
172800.0,48.0,3,0.00119,21.949339813888933
172800.0,48.0,3,0.0012050000000000001,21.835383163217813
172800.0,48.0,3,0.0012200000000000002,21.72142651217288
172800.0,48.0,3,0.001235,21.607469860755284
172800.0,48.0,3,0.00125,21.493513208965037
172800.0,48.0,3,0.001265,21.379556556802402
172800.0,48.0,3,0.00128,21.265599904268626
172800.0,48.0,3,0.0012950000000000001,21.15164325136478
172800.0,48.0,3,0.00131,21.037686598091092
172800.0,48.0,3,0.001325,20.923729944447874
172800.0,48.0,3,0.00134,20.809773290436244
172800.0,48.0,3,0.001355,20.69581663605724
172800.0,48.0,3,0.0013700000000000001,20.581859981311162
172800.0,48.0,3,0.001385,20.467903326198357
172800.0,48.0,3,0.0014,20.353946670719875
180000.0,50.0,1,0.0,23.975874185871582
180000.0,50.0,1,3.5e-05,23.975549242393768
180000.0,50.0,1,7e-05,23.975224294691113
180000.0,50.0,1,0.00010499999999999999,23.974899342894407
180000.0,50.0,1,0.00014,23.97457438713779
180000.0,50.0,1,0.00017499999999999997,23.974249427555666
180000.0,50.0,1,0.00020999999999999998,23.97392446427898
180000.0,50.0,1,0.000245,23.973599497438272
180000.0,50.0,1,0.00028,23.973274527167696
180000.0,50.0,1,0.00031499999999999996,23.972949553601982
180000.0,50.0,1,0.00034999999999999994,23.97262457687193
180000.0,50.0,1,0.000385,23.97229959710752
180000.0,50.0,1,0.00041999999999999996,23.97197461444314
180000.0,50.0,1,0.00045499999999999995,23.971649629014433
180000.0,50.0,1,0.00049,23.9713246409519
180000.0,50.0,1,0.000525,23.970999650383966
180000.0,50.0,1,0.00056,23.970674657445272
180000.0,50.0,1,0.0005949999999999999,23.970349662274355
180000.0,50.0,1,0.0006299999999999999,23.970024665002512
180000.0,50.0,1,0.0006649999999999999,23.96969966575285
180000.0,50.0,1,0.0007,23.969374664660396
180000.0,50.0,2,0.0007,23.969374664660396
180000.0,50.0,2,0.00072,23.96671540878093
180000.0,50.0,2,0.00074,23.957289614014993
180000.0,50.0,2,0.00076,23.941086320704414
180000.0,50.0,2,0.00078,23.918142761696814
180000.0,50.0,2,0.0008,23.888465418706748
180000.0,50.0,2,0.00082,23.852030111207032
180000.0,50.0,2,0.00084,23.808826153180938
180000.0,50.0,2,0.00086,23.758870630234657
180000.0,50.0,2,0.00088,23.702174886965
180000.0,50.0,2,0.0009,23.63872519454471
180000.0,50.0,2,0.00092,23.56850945776385
180000.0,50.0,2,0.0009400000000000001,23.49153977187496
180000.0,50.0,2,0.00096,23.40782986574887
180000.0,50.0,2,0.00098,23.317368394832776
180000.0,50.0,2,0.001,23.220138273563723
180000.0,50.0,2,0.00102,23.11615018800067
180000.0,50.0,2,0.0010400000000000001,23.00542831871343
180000.0,50.0,2,0.00106,22.887966184031526
180000.0,50.0,2,0.00108,22.763726551152097
180000.0,50.0,2,0.0011,22.632720379775215
180000.0,50.0,3,0.0011,22.632720379775215
180000.0,50.0,3,0.001115,22.518764540178303
180000.0,50.0,3,0.0011300000000000001,22.40480870026
180000.0,50.0,3,0.001145,22.290852860020404
180000.0,50.0,3,0.00116,22.17689701946188
180000.0,50.0,3,0.001175,22.062941178585238
180000.0,50.0,3,0.00119,21.948985337389942
180000.0,50.0,3,0.0012050000000000001,21.835029495876178
180000.0,50.0,3,0.0012200000000000002,21.72107365404529
180000.0,50.0,3,0.001235,21.60711781189826
180000.0,50.0,3,0.00125,21.49316196943508
180000.0,50.0,3,0.001265,21.379206126655987
180000.0,50.0,3,0.00128,21.265250283562033
180000.0,50.0,3,0.0012950000000000001,21.151294440154132
180000.0,50.0,3,0.00131,21.037338596432477
180000.0,50.0,3,0.001325,20.923382752397323
180000.0,50.0,3,0.00134,20.80942690804963
180000.0,50.0,3,0.001355,20.695471063390272
180000.0,50.0,3,0.0013700000000000001,20.58151521841951
180000.0,50.0,3,0.001385,20.467559373137632
180000.0,50.0,3,0.0014,20.353603527545527
187200.0,52.0,1,0.0,23.97426624374955
187200.0,52.0,1,3.5e-05,23.973990207319858
187200.0,52.0,1,7e-05,23.97371416730196
187200.0,52.0,1,0.00010499999999999999,23.97343812380697
187200.0,52.0,1,0.00014,23.973162076948835
187200.0,52.0,1,0.00017499999999999997,23.972886026841735
187200.0,52.0,1,0.00020999999999999998,23.972609973596903
187200.0,52.0,1,0.000245,23.972333917325237
187200.0,52.0,1,0.00028,23.972057858140694
187200.0,52.0,1,0.00031499999999999996,23.97178179615774
187200.0,52.0,1,0.00034999999999999994,23.971505731487472
187200.0,52.0,1,0.000385,23.971229664240322
187200.0,52.0,1,0.00041999999999999996,23.970953594530446
187200.0,52.0,1,0.00045499999999999995,23.97067752247308
187200.0,52.0,1,0.00049,23.97040144817907
187200.0,52.0,1,0.000525,23.970125371757526
187200.0,52.0,1,0.00056,23.969849293322824
187200.0,52.0,1,0.0005949999999999999,23.969573212992643
187200.0,52.0,1,0.0006299999999999999,23.96929713087853
187200.0,52.0,1,0.0006649999999999999,23.969021047085054
187200.0,52.0,1,0.0007,23.968744961726934
187200.0,52.0,2,0.0007,23.968744961726934
187200.0,52.0,2,0.00072,23.966116817256154
187200.0,52.0,2,0.00074,23.95672056599768
187200.0,52.0,2,0.00076,23.940545245750638
187200.0,52.0,2,0.00078,23.9176280979868
187200.0,52.0,2,0.0008,23.887975605919326
187200.0,52.0,2,0.00082,23.851563583414762
187200.0,52.0,2,0.00084,23.808381341977043
187200.0,52.0,2,0.00086,23.75844597116815
187200.0,52.0,2,0.00088,23.70176881821033
187200.0,52.0,2,0.0009,23.638336151091803
187200.0,52.0,2,0.00092,23.56813587179677
187200.0,52.0,2,0.0009400000000000001,23.49118007837723
187200.0,52.0,2,0.00096,23.407482502881955
187200.0,52.0,2,0.00098,23.31703179812611
187200.0,52.0,2,0.001,23.219810874584407
187200.0,52.0,2,0.00102,23.115830420788807
187200.0,52.0,2,0.0010400000000000001,23.005114622908984
187200.0,52.0,2,0.00106,22.8876569977692
187200.0,52.0,2,0.00108,22.763420303935714
187200.0,52.0,2,0.0011,22.632415503645003
187200.0,52.0,3,0.0011,22.632415503645003
187200.0,52.0,3,0.001115,22.518460350292738
187200.0,52.0,3,0.0011300000000000001,22.40450519666775
187200.0,52.0,3,0.001145,22.29055004277013
187200.0,52.0,3,0.00116,22.176594888601876
187200.0,52.0,3,0.001175,22.062639734163685
187200.0,52.0,3,0.00119,21.9486845794551
187200.0,52.0,3,0.0012050000000000001,21.834729424476272
187200.0,52.0,3,0.0012200000000000002,21.720774269228347
187200.0,52.0,3,0.001235,21.606819113712152
187200.0,52.0,3,0.00125,21.492863957927693
187200.0,52.0,3,0.001265,21.37890880187516
187200.0,52.0,3,0.00128,21.264953645555448
187200.0,52.0,3,0.0012950000000000001,21.15099848896934
187200.0,52.0,3,0.00131,21.037043332116983
187200.0,52.0,3,0.001325,20.92308817499861
187200.0,52.0,3,0.00134,20.80913301761503
187200.0,52.0,3,0.001355,20.695177859966986
187200.0,52.0,3,0.0013700000000000001,20.581222702054696
187200.0,52.0,3,0.001385,20.467267543878403
187200.0,52.0,3,0.0014,20.353312385438866
194400.0,54.0,1,0.0,23.972900568258392
194400.0,54.0,1,3.5e-05,23.972666078268038
194400.0,54.0,1,7e-05,23.972431585230076
194400.0,54.0,1,0.00010499999999999999,23.97219708923889
194400.0,54.0,1,0.00014,23.971962590391282
194400.0,54.0,1,0.00017499999999999997,23.971728088784246
194400.0,54.0,1,0.00020999999999999998,23.971493584512274
194400.0,54.0,1,0.000245,23.971259077669576
194400.0,54.0,1,0.00028,23.97102456835296
194400.0,54.0,1,0.00031499999999999996,23.97079005665965
194400.0,54.0,1,0.00034999999999999994,23.97055554268404
194400.0,54.0,1,0.000385,23.970321026519933
194400.0,54.0,1,0.00041999999999999996,23.97008650826431
194400.0,54.0,1,0.00045499999999999995,23.969851988015048
194400.0,54.0,1,0.00049,23.96961746586633
194400.0,54.0,1,0.000525,23.96938294191084
194400.0,54.0,1,0.00056,23.969148416245734
194400.0,54.0,1,0.0005949999999999999,23.968913888970977
194400.0,54.0,1,0.0006299999999999999,23.968679360181333
194400.0,54.0,1,0.0006649999999999999,23.968444829965637
194400.0,54.0,1,0.0007,23.96821029842134
194400.0,54.0,2,0.0007,23.96821029842134
194400.0,54.0,2,0.00072,23.96560858301435
194400.0,54.0,2,0.00074,23.956237428855932
194400.0,54.0,2,0.00076,23.94008587158512
194400.0,54.0,2,0.00078,23.917191160000083
194400.0,54.0,2,0.0008,23.887559778587086
194400.0,54.0,2,0.00082,23.85116753645002
194400.0,54.0,2,0.00084,23.80800374298658
194400.0,54.0,2,0.00086,23.75808549111927
194400.0,54.0,2,0.00088,23.701424130300694
194400.0,54.0,2,0.0009,23.638005925813776
194400.0,54.0,2,0.00092,23.56781877725905
194400.0,54.0,2,0.0009400000000000001,23.49087478506673
194400.0,54.0,2,0.00096,23.407187683985324
194400.0,54.0,2,0.00098,23.316746124593998
194400.0,54.0,2,0.001,23.21953301400143
194400.0,54.0,2,0.00102,23.11555904284041
194400.0,54.0,2,0.0010400000000000001,23.00484840203781
194400.0,54.0,2,0.00106,22.887394607139168
194400.0,54.0,2,0.00108,22.76316040937861
194400.0,54.0,2,0.0011,22.63215677314735
194400.0,54.0,3,0.0011,22.63215677314735
194400.0,54.0,3,0.001115,22.518202202170947
194400.0,54.0,3,0.0011300000000000001,22.404247630963077
194400.0,54.0,3,0.001145,22.29029305952382
194400.0,54.0,3,0.00116,22.176338487854867
194400.0,54.0,3,0.001175,22.062383915956815
194400.0,54.0,3,0.00119,21.94842934382927
194400.0,54.0,3,0.0012050000000000001,21.834474771472365
194400.0,54.0,3,0.0012200000000000002,21.720520198887073
194400.0,54.0,3,0.001235,21.60656562607409
194400.0,54.0,3,0.00125,21.49261105303343
194400.0,54.0,3,0.001265,21.378656479765244
194400.0,54.0,3,0.00128,21.264701906270304
194400.0,54.0,3,0.0012950000000000001,21.150747332549262
194400.0,54.0,3,0.00131,21.036792758602253
194400.0,54.0,3,0.001325,20.92283818442947
194400.0,54.0,3,0.00134,20.808883610031593
194400.0,54.0,3,0.001355,20.694929035409263
194400.0,54.0,3,0.0013700000000000001,20.58097446056266
194400.0,54.0,3,0.001385,20.467019885491997
194400.0,54.0,3,0.0014,20.35306531019791
201600.0,56.0,1,0.0,23.971740620663724
201600.0,56.0,1,3.5e-05,23.971541424181446
201600.0,56.0,1,7e-05,23.971342225110636
201600.0,56.0,1,0.00010499999999999999,23.971143023531464
201600.0,56.0,1,0.00014,23.970943819526173
201600.0,56.0,1,0.00017499999999999997,23.97074461317715
201600.0,56.0,1,0.00020999999999999998,23.970545404564675
201600.0,56.0,1,0.000245,23.970346193768773
201600.0,56.0,1,0.00028,23.970146980871675
201600.0,56.0,1,0.00031499999999999996,23.969947765955986
201600.0,56.0,1,0.00034999999999999994,23.969748549101887
201600.0,56.0,1,0.000385,23.96954933038906
201600.0,56.0,1,0.00041999999999999996,23.969350109899896
201600.0,56.0,1,0.00045499999999999995,23.969150887717532
201600.0,56.0,1,0.00049,23.968951663921988
201600.0,56.0,1,0.000525,23.968752438591988
201600.0,56.0,1,0.00056,23.968553211810068
201600.0,56.0,1,0.0005949999999999999,23.968353983661157
201600.0,56.0,1,0.0006299999999999999,23.968154754225736
201600.0,56.0,1,0.0006649999999999999,23.96795552357929
201600.0,56.0,1,0.0007,23.967756291804594
201600.0,56.0,2,0.0007,23.967756291804594
201600.0,56.0,2,0.00072,23.965177027754244
201600.0,56.0,2,0.00074,23.955827193431094
201600.0,56.0,2,0.00076,23.93969582263918
201600.0,56.0,2,0.00078,23.916820170400527
201600.0,56.0,2,0.0008,23.887206722282926
201600.0,56.0,2,0.00082,23.85083128334432
201600.0,56.0,2,0.00084,23.80768316119313
201600.0,56.0,2,0.00086,23.757779451606673
201600.0,56.0,2,0.00088,23.701131505932263
201600.0,56.0,2,0.0009,23.637725587154648
201600.0,56.0,2,0.00092,23.567549592849403
201600.0,56.0,2,0.0009400000000000001,23.490615625467065
201600.0,56.0,2,0.00096,23.406937422049598
201600.0,56.0,2,0.00098,23.31650363127667
201600.0,56.0,2,0.001,23.21929715739746
201600.0,56.0,2,0.00102,23.11532869282944
201600.0,56.0,2,0.0010400000000000001,23.004622432540792
201600.0,56.0,2,0.00106,22.887171890990746
201600.0,56.0,2,0.00108,22.762939813184712
201600.0,56.0,2,0.0011,22.631937165344354
201600.0,56.0,3,0.0011,22.631937165344354
201600.0,56.0,3,0.001115,22.51798308868279
201600.0,56.0,3,0.0011300000000000001,22.404029011824747
201600.0,56.0,3,0.001145,22.29007493477028
201600.0,56.0,3,0.00116,22.176120857520843
201600.0,56.0,3,0.001175,22.062166780076936
201600.0,56.0,3,0.00119,21.948212702438216
201600.0,56.0,3,0.0012050000000000001,21.834258624604807
201600.0,56.0,3,0.0012200000000000002,21.72030454657753
201600.0,56.0,3,0.001235,21.606350468356975
201600.0,56.0,3,0.00125,21.492396389943153
201600.0,56.0,3,0.001265,21.3784423113362
201600.0,56.0,3,0.00128,21.26448823253676
201600.0,56.0,3,0.0012950000000000001,21.150534153545394
201600.0,56.0,3,0.00131,21.036580074362217
201600.0,56.0,3,0.001325,20.922625994987385
201600.0,56.0,3,0.00134,20.80867191542149
201600.0,56.0,3,0.001355,20.69471783566506
201600.0,56.0,3,0.0013700000000000001,20.580763755718255
201600.0,56.0,3,0.001385,20.466809675581253
201600.0,56.0,3,0.0014,20.3528555952546
208800.0,58.0,1,0.0,23.970755384576243
208800.0,58.0,1,3.5e-05,23.970586169690485
208800.0,58.0,1,7e-05,23.970416952606065
208800.0,58.0,1,0.00010499999999999999,23.970247733391087
208800.0,58.0,1,0.00014,23.970078512115414
208800.0,58.0,1,0.00017499999999999997,23.96990928884903
208800.0,58.0,1,0.00020999999999999998,23.969740063660137
208800.0,58.0,1,0.000245,23.969570836616715
208800.0,58.0,1,0.00028,23.96940160778862
208800.0,58.0,1,0.00031499999999999996,23.96923237724602
208800.0,58.0,1,0.00034999999999999994,23.969063145057024
208800.0,58.0,1,0.000385,23.968893911289335
208800.0,58.0,1,0.00041999999999999996,23.968724676012933
208800.0,58.0,1,0.00045499999999999995,23.96855543929845
208800.0,58.0,1,0.00049,23.968386201213846
208800.0,58.0,1,0.000525,23.968216961826016
208800.0,58.0,1,0.00056,23.968047721205068
208800.0,58.0,1,0.0005949999999999999,23.967878479423142
208800.0,58.0,1,0.0006299999999999999,23.96770923654861
208800.0,58.0,1,0.0006649999999999999,23.967539992645598
208800.0,58.0,1,0.0007,23.967370747784422
208800.0,58.0,2,0.0007,23.967370747784422
208800.0,58.0,2,0.00072,23.964810556002174
208800.0,58.0,2,0.00074,23.95547883271031
208800.0,58.0,2,0.00076,23.939364610153987
208800.0,58.0,2,0.00078,23.916505148642475
208800.0,58.0,2,0.0008,23.886906934662303
208800.0,58.0,2,0.00082,23.850545769834373
208800.0,58.0,2,0.00084,23.8074109602471
208800.0,58.0,2,0.00086,23.757519604102974
208800.0,58.0,2,0.00088,23.700883054358897
208800.0,58.0,2,0.0009,23.637487572047288
208800.0,58.0,2,0.00092,23.567321053023495
208800.0,58.0,2,0.0009400000000000001,23.490395601454352
208800.0,58.0,2,0.00096,23.40672495633013
208800.0,58.0,2,0.00098,23.316297764716857
208800.0,58.0,2,0.001,23.219096928434535
208800.0,58.0,2,0.00102,23.11513314141674
208800.0,58.0,2,0.0010400000000000001,23.004430602064797
208800.0,58.0,2,0.00106,22.8869828239151
208800.0,58.0,2,0.00108,22.762752546681693
208800.0,58.0,2,0.0011,22.631750738141246
208800.0,58.0,3,0.0011,22.631750738141246
208800.0,58.0,3,0.001115,22.51779708110846
208800.0,58.0,3,0.0011300000000000001,22.403843423908864
208800.0,58.0,3,0.001145,22.289889766542522
208800.0,58.0,3,0.00116,22.17593610901065
208800.0,58.0,3,0.001175,22.06198245131368
208800.0,58.0,3,0.00119,21.948028793451325
208800.0,58.0,3,0.0012050000000000001,21.83407513542368
208800.0,58.0,3,0.0012200000000000002,21.72012147723145
208800.0,58.0,3,0.001235,21.606167818875143
208800.0,58.0,3,0.00125,21.49221416035475
208800.0,58.0,3,0.001265,21.378260501670397
208800.0,58.0,3,0.00128,21.264306842822634
208800.0,58.0,3,0.0012950000000000001,21.15035318381193
208800.0,58.0,3,0.00131,21.036399524638387
208800.0,58.0,3,0.001325,20.922445865302134
208800.0,58.0,3,0.00134,20.808492205803674
208800.0,58.0,3,0.001355,20.69453854614346
208800.0,58.0,3,0.0013700000000000001,20.580584886321624
208800.0,58.0,3,0.001385,20.46663122633832
208800.0,58.0,3,0.0014,20.352677566194007
216000.0,60.0,1,0.0,23.969918527582518
216000.0,60.0,1,3.5e-05,23.969774781807878
216000.0,60.0,1,7e-05,23.96963103416569
216000.0,60.0,1,0.00010499999999999999,23.969487284713807
216000.0,60.0,1,0.00014,23.96934353351157
216000.0,60.0,1,0.00017499999999999997,23.969199780618442
216000.0,60.0,1,0.00020999999999999998,23.969056026092353
216000.0,60.0,1,0.000245,23.96891226999105
216000.0,60.0,1,0.00028,23.96876851237388
216000.0,60.0,1,0.00031499999999999996,23.968624753300446
216000.0,60.0,1,0.00034999999999999994,23.968480992828617
216000.0,60.0,1,0.000385,23.968337231015887
216000.0,60.0,1,0.00041999999999999996,23.96819346792171
216000.0,60.0,1,0.00045499999999999995,23.9680497036061
216000.0,60.0,1,0.00049,23.967905938126776
216000.0,60.0,1,0.000525,23.967762171540564
216000.0,60.0,1,0.00056,23.967618403907025
216000.0,60.0,1,0.0005949999999999999,23.967474635287438
216000.0,60.0,1,0.0006299999999999999,23.967330865739893
216000.0,60.0,1,0.0006649999999999999,23.96718709531885
216000.0,60.0,1,0.0007,23.96704332408405
216000.0,60.0,2,0.0007,23.96704332408405
216000.0,60.0,2,0.00072,23.96449933402593
216000.0,60.0,2,0.00074,23.95518299588366
216000.0,60.0,2,0.00076,23.939083340578136
216000.0,60.0,2,0.00078,23.91623763291015
216000.0,60.0,2,0.0008,23.886652360146726
216000.0,60.0,2,0.00082,23.85030332098896
216000.0,60.0,2,0.00084,23.80717982023402
216000.0,60.0,2,0.00086,23.75729895814461
216000.0,60.0,2,0.00088,23.700672089044968
216000.0,60.0,2,0.0009,23.637285472308996
216000.0,60.0,2,0.00092,23.567127002330718
216000.0,60.0,2,0.0009400000000000001,23.490208784734964
216000.0,60.0,2,0.00096,23.406544560167088
216000.0,60.0,2,0.00098,23.316122974322333
216000.0,60.0,2,0.001,23.21892692695711
216000.0,60.0,2,0.00102,23.114967113292938
216000.0,60.0,2,0.0010400000000000001,23.004267734647577
216000.0,60.0,2,0.00106,22.886822303773503
216000.0,60.0,2,0.00108,22.762593555889715
216000.0,60.0,2,0.0011,22.631592460093863
216000.0,60.0,3,0.0011,22.631592460093863
216000.0,60.0,3,0.001115,22.517639159329004
216000.0,60.0,3,0.0011300000000000001,22.403685858422524
216000.0,60.0,3,0.001145,22.289732557374457
216000.0,60.0,3,0.00116,22.17577925618585
216000.0,60.0,3,0.001175,22.06182595485707
216000.0,60.0,3,0.00119,21.94787265338787
216000.0,60.0,3,0.0012050000000000001,21.833919351778327
216000.0,60.0,3,0.0012200000000000002,21.719966050029043
216000.0,60.0,3,0.001235,21.606012748140447
216000.0,60.0,3,0.00125,21.492059446112542
216000.0,60.0,3,0.001265,21.37810614394542
216000.0,60.0,3,0.00128,21.264152841639554
216000.0,60.0,3,0.0012950000000000001,21.150199539195345
216000.0,60.0,3,0.00131,21.036246236612875
216000.0,60.0,3,0.001325,20.922292933892262
216000.0,60.0,3,0.00134,20.80833963103392
216000.0,60.0,3,0.001355,20.694386328038245
216000.0,60.0,3,0.0013700000000000001,20.580433024905346
216000.0,60.0,3,0.001385,20.466479721635345
216000.0,60.0,3,0.0014,20.352526418228646
223200.0,62.0,1,0.0,23.96920769139616
223200.0,62.0,1,3.5e-05,23.969085581378025
223200.0,62.0,1,7e-05,23.968963469773552
223200.0,62.0,1,0.00010499999999999999,23.96884135663191
223200.0,62.0,1,0.00014,23.9687192420035
223200.0,62.0,1,0.00017499999999999997,23.968597125938828
223200.0,62.0,1,0.00020999999999999998,23.968475008487108
223200.0,62.0,1,0.000245,23.968352889697403
223200.0,62.0,1,0.00028,23.96823076962012
223200.0,62.0,1,0.00031499999999999996,23.96810864830589
223200.0,62.0,1,0.00034999999999999994,23.967986525803877
223200.0,62.0,1,0.000385,23.967864402162924
223200.0,62.0,1,0.00041999999999999996,23.96774227743353
223200.0,62.0,1,0.00045499999999999995,23.967620151666676
223200.0,62.0,1,0.00049,23.9674980249114
223200.0,62.0,1,0.000525,23.967375897215973
223200.0,62.0,1,0.00056,23.967253768630982
223200.0,62.0,1,0.0005949999999999999,23.9671316392085
223200.0,62.0,1,0.0006299999999999999,23.967009508997858
223200.0,62.0,1,0.0006649999999999999,23.966887378045328
223200.0,62.0,1,0.0007,23.96676524640166
223200.0,62.0,2,0.0007,23.96676524640166
223200.0,62.0,2,0.00072,23.96423501954323
223200.0,62.0,2,0.00074,23.954931750920203
223200.0,62.0,2,0.00076,23.938844470328515
223200.0,62.0,2,0.00078,23.916010446384508
223200.0,62.0,2,0.0008,23.886436167018235
223200.0,62.0,2,0.00082,23.850097428450425
223200.0,62.0,2,0.00084,23.806983534381324
223200.0,62.0,2,0.00086,23.757111586823775
223200.0,62.0,2,0.00088,23.70049294126359
223200.0,62.0,2,0.0009,23.63711385566575
223200.0,62.0,2,0.00092,23.566962223182895
223200.0,62.0,2,0.0009400000000000001,23.490050150678393
223200.0,62.0,2,0.00096,23.406391380203637
223200.0,62.0,2,0.00098,23.31597455628935
223200.0,62.0,2,0.001,23.218782576938935
223200.0,62.0,2,0.00102,23.114826138468015
223200.0,62.0,2,0.0010400000000000001,23.004129444671882
223200.0,62.0,2,0.00106,22.88668600763705
223200.0,62.0,2,0.00108,22.762458558763985
223200.0,62.0,2,0.0011,22.631458068272504
223200.0,62.0,3,0.0011,22.631458068272504
223200.0,62.0,3,0.001115,22.517505070010124
223200.0,62.0,3,0.0011300000000000001,22.40355207162748
223200.0,62.0,3,0.001145,22.289599073124624
223200.0,62.0,3,0.00116,22.175646074502428
223200.0,62.0,3,0.001175,22.061693075761205
223200.0,62.0,3,0.00119,21.94774007690075
223200.0,62.0,3,0.0012050000000000001,21.833787077921126
223200.0,62.0,3,0.0012200000000000002,21.71983407882285
223200.0,62.0,3,0.001235,21.605881079606274
223200.0,62.0,3,0.00125,21.491928080271407
223200.0,62.0,3,0.001265,21.377975080818334
223200.0,62.0,3,0.00128,21.264022081247447
223200.0,62.0,3,0.0012950000000000001,21.150069081559092
223200.0,62.0,3,0.00131,21.03611608175333
223200.0,62.0,3,0.001325,20.922163081830274
223200.0,62.0,3,0.00134,20.80821008179027
223200.0,62.0,3,0.001355,20.694257081633648
223200.0,62.0,3,0.0013700000000000001,20.58030408136051
223200.0,62.0,3,0.001385,20.466351080970956
223200.0,62.0,3,0.0014,20.352398080465328
230400.0,64.0,1,0.0,23.968603890402573
230400.0,64.0,1,3.5e-05,23.968500159718587
230400.0,64.0,1,7e-05,23.96839642768713
230400.0,64.0,1,0.00010499999999999999,23.968292694349955
230400.0,64.0,1,0.00014,23.96818895974989
230400.0,64.0,1,0.00017499999999999997,23.968085223929833
230400.0,64.0,1,0.00020999999999999998,23.967981486931595
230400.0,64.0,1,0.000245,23.96787774879685
230400.0,64.0,1,0.00028,23.96777400956842
230400.0,64.0,1,0.00031499999999999996,23.967670269289318
230400.0,64.0,1,0.00034999999999999994,23.9675665280013
230400.0,64.0,1,0.000385,23.967462785745866
230400.0,64.0,1,0.00041999999999999996,23.967359042565914
230400.0,64.0,1,0.00045499999999999995,23.967255298504742
230400.0,64.0,1,0.00049,23.967151553604022
230400.0,64.0,1,0.000525,23.96704780790475
230400.0,64.0,1,0.00056,23.9669440614499
230400.0,64.0,1,0.0005949999999999999,23.966840314283708
230400.0,64.0,1,0.0006299999999999999,23.96673656644808
230400.0,64.0,1,0.0006649999999999999,23.966632817982326
230400.0,64.0,1,0.0007,23.966529068929557
230400.0,64.0,2,0.0007,23.96652906892956
230400.0,64.0,2,0.00072,23.964010533753296
230400.0,64.0,2,0.00074,23.9547183675326
230400.0,64.0,2,0.00076,23.938641599107747
230400.0,64.0,2,0.00078,23.915817500336388
230400.0,64.0,2,0.0008,23.886252559711806
230400.0,64.0,2,0.00082,23.849922571347673
230400.0,64.0,2,0.00084,23.8068168380124
230400.0,64.0,2,0.00086,23.756952463205575
230400.0,64.0,2,0.00088,23.70034080339975
230400.0,64.0,2,0.0009,23.636968115363047
230400.0,64.0,2,0.00092,23.56682229119354
230400.0,64.0,2,0.0009400000000000001,23.48991543880675
230400.0,64.0,2,0.00096,23.40626130144847
230400.0,64.0,2,0.00098,23.31584852266019
230400.0,64.0,2,0.001,23.21865999895613
230400.0,64.0,2,0.00102,23.11470642758135
230400.0,64.0,2,0.0010400000000000001,23.004012014435794
230400.0,64.0,2,0.00106,22.88657027104025
230400.0,64.0,2,0.00108,22.762343925551345
230400.0,64.0,2,0.0011,22.63134394914218
230400.0,64.0,3,0.0011,22.63134394914218
230400.0,64.0,3,0.001115,22.517391207750503
230400.0,64.0,3,0.0011300000000000001,22.403438466256706
230400.0,64.0,3,0.001145,22.289485724660825
230400.0,64.0,3,0.00116,22.175532982963603
230400.0,64.0,3,0.001175,22.061580241165302
230400.0,64.0,3,0.00119,21.947627499265753
230400.0,64.0,3,0.0012050000000000001,21.833674757265012
230400.0,64.0,3,0.0012200000000000002,21.719722015163505
230400.0,64.0,3,0.001235,21.60576927296155
230400.0,64.0,3,0.00125,21.491816530659136
230400.0,64.0,3,0.001265,21.37786378825635
230400.0,64.0,3,0.00128,21.263911045753517
230400.0,64.0,3,0.0012950000000000001,21.149958303150928
230400.0,64.0,3,0.00131,21.036005560448647
230400.0,64.0,3,0.001325,20.922052817646755
230400.0,64.0,3,0.00134,20.808100074745553
230400.0,64.0,3,0.001355,20.694147331745324
230400.0,64.0,3,0.0013700000000000001,20.58019458864615
230400.0,64.0,3,0.001385,20.46624184544812
230400.0,64.0,3,0.0014,20.35228910215152
237600.0,66.0,1,0.0,23.968091001770436
237600.0,66.0,1,3.5e-05,23.968002884107957
237600.0,66.0,1,7e-05,23.96791476530089
237600.0,66.0,1,0.00010499999999999999,23.9678266453847
237600.0,66.0,1,0.00014,23.967738524395767
237600.0,66.0,1,0.00017499999999999997,23.96765040237054
237600.0,66.0,1,0.00020999999999999998,23.96756227934453
237600.0,66.0,1,0.000245,23.96747415535314
237600.0,66.0,1,0.00028,23.96738603043275
237600.0,66.0,1,0.00031499999999999996,23.967297904619898
237600.0,66.0,1,0.00034999999999999994,23.96720977795005
237600.0,66.0,1,0.000385,23.967121650458466
237600.0,66.0,1,0.00041999999999999996,23.96703352218158
237600.0,66.0,1,0.00045499999999999995,23.966945393156188
237600.0,66.0,1,0.00049,23.96685726341767
237600.0,66.0,1,0.000525,23.966769133000863
237600.0,66.0,1,0.00056,23.966681001942273
237600.0,66.0,1,0.0005949999999999999,23.966592870279477
237600.0,66.0,1,0.0006299999999999999,23.96650473804807
237600.0,66.0,1,0.0006649999999999999,23.966416605281452
237600.0,66.0,1,0.0007,23.966328472016237
237600.0,66.0,2,0.0007,23.96632847201624
237600.0,66.0,2,0.00072,23.963819868780327
237600.0,66.0,2,0.00074,23.95453713390961
237600.0,66.0,2,0.00076,23.93846929543255
237600.0,66.0,2,0.00078,23.915653627960282
237600.0,66.0,2,0.0008,23.886096620464535
237600.0,66.0,2,0.00082,23.849774065269052
237600.0,66.0,2,0.00084,23.806675264350655
237600.0,66.0,2,0.00086,23.756817322471917
237600.0,66.0,2,0.00088,23.700211596943618
237600.0,66.0,2,0.0009,23.636844343517154
237600.0,66.0,2,0.00092,23.566703453394744
237600.0,66.0,2,0.0009400000000000001,23.489801035385725
237600.0,66.0,2,0.00096,23.40615083375051
237600.0,66.0,2,0.00098,23.315741491190252
237600.0,66.0,2,0.001,23.218555902954108
237600.0,66.0,2,0.00102,23.114604767076692
237600.0,66.0,2,0.0010400000000000001,23.00391229124585
237600.0,66.0,2,0.00106,22.88647198650177
237600.0,66.0,2,0.00108,22.76224657824547
237600.0,66.0,2,0.0011,22.631247038459865
237600.0,66.0,3,0.0011,22.631247038459865
237600.0,66.0,3,0.001115,22.517294515204416
237600.0,66.0,3,0.0011300000000000001,22.40334199186225
237600.0,66.0,3,0.001145,22.28938946843338
237600.0,66.0,3,0.00116,22.175436944918452
237600.0,66.0,3,0.001175,22.061484421317687
237600.0,66.0,3,0.00119,21.947531897630938
237600.0,66.0,3,0.0012050000000000001,21.833579373858253
237600.0,66.0,3,0.0012200000000000002,21.719626849999997
237600.0,66.0,3,0.001235,21.605674326056434
237600.0,66.0,3,0.00125,21.491721802027563
237600.0,66.0,3,0.001265,21.377769277913448
237600.0,66.0,3,0.00128,21.263816753714373
237600.0,66.0,3,0.0012950000000000001,21.14986422943058
237600.0,66.0,3,0.00131,21.035911705062126
237600.0,66.0,3,0.001325,20.92195918060908
237600.0,66.0,3,0.00134,20.808006656071697
237600.0,66.0,3,0.001355,20.69405413145022
237600.0,66.0,3,0.0013700000000000001,20.58010160674471
237600.0,66.0,3,0.001385,20.466149081955255
237600.0,66.0,3,0.0014,20.352196557082085
244800.0,68.0,1,0.0,23.967655333010146
244800.0,68.0,1,3.5e-05,23.96758047840731
244800.0,68.0,1,7e-05,23.96750562283221
244800.0,68.0,1,0.00010499999999999999,23.967430766314973
244800.0,68.0,1,0.00014,23.967355908886507
244800.0,68.0,1,0.00017499999999999997,23.96728105057777
244800.0,68.0,1,0.00020999999999999998,23.96720619141893
244800.0,68.0,1,0.000245,23.96713133144006
244800.0,68.0,1,0.00028,23.967056470672073
244800.0,68.0,1,0.00031499999999999996,23.966981609145993
244800.0,68.0,1,0.00034999999999999994,23.96690674689196
244800.0,68.0,1,0.000385,23.966831883939925
244800.0,68.0,1,0.00041999999999999996,23.966757020320834
244800.0,68.0,1,0.00045499999999999995,23.966682156065943
244800.0,68.0,1,0.00049,23.966607291205314
244800.0,68.0,1,0.000525,23.966532425768534
244800.0,68.0,1,0.00056,23.966457559786623
244800.0,68.0,1,0.0005949999999999999,23.96638269329149
244800.0,68.0,1,0.0006299999999999999,23.966307826313383
244800.0,68.0,1,0.0006649999999999999,23.96623295888067
244800.0,68.0,1,0.0007,23.966158091024454
244800.0,68.0,2,0.0007,23.966158091024457
244800.0,68.0,2,0.00072,23.963657924841936
244800.0,68.0,2,0.00074,23.95438320177654
244800.0,68.0,2,0.00076,23.93832294916708
244800.0,68.0,2,0.00078,23.91551444396373
244800.0,68.0,2,0.0008,23.885964175544707
244800.0,68.0,2,0.00082,23.849647934713186
244800.0,68.0,2,0.00084,23.80655502277355
244800.0,68.0,2,0.00086,23.756702545561275
244800.0,68.0,2,0.00088,23.700101861099203
244800.0,68.0,2,0.0009,23.636739224275026
244800.0,68.0,2,0.00092,23.566602525529948
244800.0,68.0,2,0.0009400000000000001,23.489703874432585
244800.0,68.0,2,0.00096,23.406057016105276
244800.0,68.0,2,0.00098,23.315650592535306
244800.0,68.0,2,0.001,23.21846749789717
244800.0,68.0,2,0.00102,23.11451843089621
244800.0,68.0,2,0.0010400000000000001,23.003827600739076
244800.0,68.0,2,0.00106,22.886388518057693
244800.0,68.0,2,0.00108,22.762163905912203
244800.0,68.0,2,0.0011,22.631164736973442
244800.0,68.0,3,0.0011,22.631164736973442
244800.0,68.0,3,0.001115,22.517212398970393
244800.0,68.0,3,0.0011300000000000001,22.403260060893697
244800.0,68.0,3,0.001145,22.289307722743366
244800.0,68.0,3,0.00116,22.175355384519953
244800.0,68.0,3,0.001175,22.061403046223635
244800.0,68.0,3,0.00119,21.947450707854298
244800.0,68.0,3,0.0012050000000000001,21.833498369411974
244800.0,68.0,3,0.0012200000000000002,21.71954603089698
244800.0,68.0,3,0.001235,21.605593692309533
244800.0,68.0,3,0.00125,21.491641353649637
244800.0,68.0,3,0.001265,21.377689014917348
244800.0,68.0,3,0.00128,21.263736676112902
244800.0,68.0,3,0.0012950000000000001,21.149784337236515
244800.0,68.0,3,0.00131,21.03583199828822
244800.0,68.0,3,0.001325,20.92187965926809
244800.0,68.0,3,0.00134,20.80792732017633
244800.0,68.0,3,0.001355,20.693974981013152
244800.0,68.0,3,0.0013700000000000001,20.58002264177861
244800.0,68.0,3,0.001385,20.466070302472772
244800.0,68.0,3,0.0014,20.35211796309584
252000.0,70.0,1,0.0,23.967285255097742
252000.0,70.0,1,3.5e-05,23.96722166728328
252000.0,70.0,1,7e-05,23.967158078642928
252000.0,70.0,1,0.00010499999999999999,23.967094489202278
252000.0,70.0,1,0.00014,23.96703089898759
252000.0,70.0,1,0.00017499999999999997,23.966967308025158
252000.0,70.0,1,0.00020999999999999998,23.966903716340607
252000.0,70.0,1,0.000245,23.966840123959496
252000.0,70.0,1,0.00028,23.966776530908064
252000.0,70.0,1,0.00031499999999999996,23.966712937212687
252000.0,70.0,1,0.00034999999999999994,23.966649342898958
252000.0,70.0,1,0.000385,23.966585747992315
252000.0,70.0,1,0.00041999999999999996,23.96652215251906
252000.0,70.0,1,0.00045499999999999995,23.966458556505735
252000.0,70.0,1,0.00049,23.96639495997788
252000.0,70.0,1,0.000525,23.966331362960624
252000.0,70.0,1,0.00056,23.966267765480325
252000.0,70.0,1,0.0005949999999999999,23.966204167564086
252000.0,70.0,1,0.0006299999999999999,23.966140569237602
252000.0,70.0,1,0.0006649999999999999,23.966076970524973
252000.0,70.0,1,0.0007,23.96601337145262
252000.0,70.0,2,0.0007,23.966013371452622
252000.0,70.0,2,0.00072,23.963520372431
252000.0,70.0,2,0.00074,23.954252455281868
252000.0,70.0,2,0.00076,23.938198646758206
252000.0,70.0,2,0.00078,23.9153962257972
252000.0,70.0,2,0.0008,23.885851682122336
252000.0,70.0,2,0.00082,23.849540805245105
252000.0,70.0,2,0.00084,23.80645289589866
252000.0,70.0,2,0.00086,23.756605060829873
252000.0,70.0,2,0.00088,23.700008658666505
252000.0,70.0,2,0.0009,23.636649943562528
252000.0,70.0,2,0.00092,23.566516805312673
252000.0,70.0,2,0.0009400000000000001,23.489621354130556
252000.0,70.0,2,0.00096,23.405977335870713
252000.0,70.0,2,0.00098,23.315573391914
252000.0,70.0,2,0.001,23.218392415522008
252000.0,70.0,2,0.00102,23.114445105969843
252000.0,70.0,2,0.0010400000000000001,23.003755673754366
252000.0,70.0,2,0.00106,22.886317629160693
252000.0,70.0,2,0.00108,22.76209369326042
252000.0,70.0,2,0.0011,22.631094839308762
252000.0,70.0,3,0.0011,22.631094839308762
252000.0,70.0,3,0.001115,22.517142658638356
252000.0,70.0,3,0.0011300000000000001,22.4031904779054
252000.0,70.0,3,0.001145,22.28923829710991
252000.0,70.0,3,0.00116,22.175286116252348
252000.0,70.0,3,0.001175,22.06133393533287
252000.0,70.0,3,0.00119,21.94738175435137
252000.0,70.0,3,0.0012050000000000001,21.83342957330789
252000.0,70.0,3,0.0012200000000000002,21.719477392202684
252000.0,70.0,3,0.001235,21.60552521103595
252000.0,70.0,3,0.00125,21.491573029807682
252000.0,70.0,3,0.001265,21.377620848517928
252000.0,70.0,3,0.00128,21.263668667166897
252000.0,70.0,3,0.0012950000000000001,21.149716485754755
252000.0,70.0,3,0.00131,21.03576430428155
252000.0,70.0,3,0.001325,20.921812122747333
252000.0,70.0,3,0.00134,20.80785994115228
252000.0,70.0,3,0.001355,20.69390775949657
252000.0,70.0,3,0.0013700000000000001,20.579955577780254
252000.0,70.0,3,0.001385,20.46600339600338
252000.0,70.0,3,0.0014,20.352051214166135
259200.0,72.0,1,0.0,23.96697089114517
259200.0,72.0,1,3.5e-05,23.966916874307394
259200.0,72.0,1,7e-05,23.966862856768063
259200.0,72.0,1,0.00010499999999999999,23.966808838548918
259200.0,72.0,1,0.00014,23.966754819672264
259200.0,72.0,1,0.00017499999999999997,23.966700800160435
259200.0,72.0,1,0.00020999999999999998,23.966646780035205
259200.0,72.0,1,0.000245,23.966592759318274
259200.0,72.0,1,0.00028,23.96653873803195
259200.0,72.0,1,0.00031499999999999996,23.966484716198625
259200.0,72.0,1,0.00034999999999999994,23.966430693840042
259200.0,72.0,1,0.000385,23.96637667097782
259200.0,72.0,1,0.00041999999999999996,23.96632264763429
259200.0,72.0,1,0.00045499999999999995,23.966268623832
259200.0,72.0,1,0.00049,23.96621459959265
259200.0,72.0,1,0.000525,23.966160574937593
259200.0,72.0,1,0.00056,23.966106549889204
259200.0,72.0,1,0.0005949999999999999,23.96605252447052
259200.0,72.0,1,0.0006299999999999999,23.965998498703367
259200.0,72.0,1,0.0006649999999999999,23.96594447260821
259200.0,72.0,1,0.0007,23.9658904462075
259200.0,72.0,2,0.0007,23.9658904462075
259200.0,72.0,2,0.00072,23.963403535586565
259200.0,72.0,2,0.00074,23.954141399964396
259200.0,72.0,2,0.00076,23.938093065596295
259200.0,72.0,2,0.00078,23.915295813107385
259200.0,72.0,2,0.0008,23.885756132514473
259200.0,72.0,2,0.00082,23.849449812231775
259200.0,72.0,2,0.00084,23.80636615250718
259200.0,72.0,2,0.00086,23.756522260861797
259200.0,72.0,2,0.00088,23.69992949643724
259200.0,72.0,2,0.0009,23.636574112764215
259200.0,72.0,2,0.00092,23.566443999088264
259200.0,72.0,2,0.0009400000000000001,23.489551266170924
259200.0,72.0,2,0.00096,23.40590966048873
259200.0,72.0,2,0.00098,23.3155078229074
259200.0,72.0,2,0.001,23.21832864591299
259200.0,72.0,2,0.00102,23.114382829264635
259200.0,72.0,2,0.0010400000000000001,23.00369458455522
259200.0,72.0,2,0.00106,22.886257421775245
259200.0,72.0,2,0.00108,22.762034060307045
259200.0,72.0,2,0.0011,22.631035473902262
259200.0,72.0,3,0.0011,22.631035473902262
259200.0,72.0,3,0.001115,22.517083426857447
259200.0,72.0,3,0.0011300000000000001,22.4031313797595
259200.0,72.0,3,0.001145,22.289179332608445
259200.0,72.0,3,0.00116,22.175227285404667
259200.0,72.0,3,0.001175,22.061275238148298
259200.0,72.0,3,0.00119,21.94732319083926
259200.0,72.0,3,0.0012050000000000001,21.833371143477574
259200.0,72.0,3,0.0012200000000000002,21.71941909606347
259200.0,72.0,3,0.001235,21.605467048597102
259200.0,72.0,3,0.00125,21.491515001078476
259200.0,72.0,3,0.001265,21.377562953507624
259200.0,72.0,3,0.00128,21.263610905884725
259200.0,72.0,3,0.0012950000000000001,21.14965885820993
259200.0,72.0,3,0.00131,21.035706810483266
259200.0,72.0,3,0.001325,20.92175476270478
259200.0,72.0,3,0.00134,20.807802714874633
259200.0,72.0,3,0.001355,20.69385066699296
259200.0,72.0,3,0.0013700000000000001,20.57989861905982
259200.0,72.0,3,0.001385,20.465946571075243
259200.0,72.0,3,0.0014,20.35199452303938
