时间（s）,层号,距人体侧位置（m）,温度（℃）
0.0,1,0.0,37.0
0.0,1,2.3333333333333332e-05,37.0
0.0,1,4.6666666666666665e-05,37.0
0.0,1,7e-05,37.0
0.0,1,9.333333333333333e-05,37.0
0.0,1,0.00011666666666666667,37.0
0.0,1,0.00014,37.0
0.0,1,0.00016333333333333334,37.0
0.0,1,0.00018666666666666666,37.0
0.0,1,0.00020999999999999998,37.0
0.0,1,0.00023333333333333333,37.0
0.0,1,0.00025666666666666665,37.0
0.0,1,0.00028,37.0
0.0,1,0.0003033333333333333,37.0
0.0,1,0.0003266666666666667,37.0
0.0,1,0.00035,37.0
0.0,1,0.0003733333333333333,37.0
0.0,1,0.00039666666666666664,37.0
0.0,1,0.00041999999999999996,37.0
0.0,1,0.00044333333333333334,37.0
0.0,1,0.00046666666666666666,37.0
0.0,1,0.00049,37.0
0.0,1,0.0005133333333333333,37.0
0.0,1,0.0005366666666666666,37.0
0.0,1,0.00056,37.0
0.0,1,0.0005833333333333333,37.0
0.0,1,0.0006066666666666666,37.0
0.0,1,0.00063,37.0
0.0,1,0.0006533333333333333,37.0
0.0,1,0.0006766666666666667,37.0
0.0,1,0.0007,37.0
0.0,2,0.0007,37.0
0.0,2,0.0007133333333333333,37.0
0.0,2,0.0007266666666666667,37.0
0.0,2,0.00074,37.00000000000001
0.0,2,0.0007533333333333333,37.0
0.0,2,0.0007666666666666667,37.0
0.0,2,0.00078,37.0
0.0,2,0.0007933333333333333,37.0
0.0,2,0.0008066666666666667,37.0
0.0,2,0.00082,37.0
0.0,2,0.0008333333333333333,37.0
0.0,2,0.0008466666666666667,37.0
0.0,2,0.00086,37.0
0.0,2,0.0008733333333333334,37.0
0.0,2,0.0008866666666666667,37.0
0.0,2,0.0009,37.0
0.0,2,0.0009133333333333333,37.0
0.0,2,0.0009266666666666667,37.0
0.0,2,0.00094,37.0
0.0,2,0.0009533333333333334,37.0
0.0,2,0.0009666666666666667,37.0
0.0,2,0.00098,37.0
0.0,2,0.0009933333333333333,37.0
0.0,2,0.0010066666666666666,37.0
0.0,2,0.00102,37.0
0.0,2,0.0010333333333333334,37.0
0.0,2,0.0010466666666666667,37.0
0.0,2,0.00106,37.0
0.0,2,0.0010733333333333333,37.0
0.0,2,0.0010866666666666668,37.0
0.0,2,0.0011,37.0
0.0,3,0.0011,37.0
0.0,3,0.00111,37.00016975805333
0.0,3,0.0011200000000000001,36.99982993208381
0.0,3,0.0011300000000000001,36.99999921041141
0.0,3,0.00114,37.00017370880734
0.0,3,0.00115,36.99982532218558
0.0,3,0.00116,36.99999831838907
0.0,3,0.00117,37.00018243512679
0.0,3,0.00118,36.999815805684634
0.0,3,0.00119,36.999997187006144
0.0,3,0.0012000000000000001,37.00019718049466
0.0,3,0.0012100000000000001,36.9998000008791
0.0,3,0.0012200000000000002,36.99999558673577
0.0,3,0.00123,37.00022039794451
0.0,3,0.00124,36.99977520182588
0.0,3,0.00125,36.99999306075059
0.0,3,0.00126,37.00025693638301
0.0,3,0.00127,36.99973601691115
0.0,3,0.00128,36.99998853834307
0.0,3,0.0012900000000000001,37.000317249224175
0.0,3,0.0013,36.99967060743856
0.0,3,0.00131,36.99997893682161
0.0,3,0.00132,37.00042795470118
0.0,3,0.00133,36.999547860997794
0.0,3,0.00134,36.99995201586229
0.0,3,0.00135,37.00068074923304
0.0,3,0.00136,36.99925442423573
0.0,3,0.0013700000000000001,36.99981509157536
0.0,3,0.0013800000000000002,37.00170402910134
0.0,3,0.0013900000000000002,36.99799694753282
0.0,3,0.0014,36.98434519982072
10.0,1,0.0,35.768900948694736
10.0,1,2.3333333333333332e-05,35.76666561286438
10.0,1,4.6666666666666665e-05,35.76248805772256
10.0,1,7e-05,35.75636534412553
10.0,1,9.333333333333333e-05,35.748298557973534
10.0,1,0.00011666666666666667,35.73827901920441
10.0,1,0.00014,35.72630191084951
10.0,1,0.00016333333333333334,35.71236672034502
10.0,1,0.00018666666666666666,35.69646283982149
10.0,1,0.00020999999999999998,35.67858361606251
10.0,1,0.00023333333333333333,35.65872715402669
10.0,1,0.00025666666666666665,35.63688086439242
10.0,1,0.00028,35.613036323782666
10.0,1,0.0003033333333333333,35.58719056222065
10.0,1,0.0003266666666666667,35.5593289516314
10.0,1,0.00035,35.529441374497424
10.0,1,0.0003733333333333333,35.49752423196368
10.0,1,0.00039666666666666664,35.46356075593561
10.0,1,0.00041999999999999996,35.427539186328175
10.0,1,0.00044333333333333334,35.38945598449947
10.0,1,0.00046666666666666666,35.34929201896587
10.0,1,0.00049,35.307033817110096
10.0,1,0.0005133333333333333,35.26267910643249
10.0,1,0.0005366666666666666,35.21620587617403
10.0,1,0.00056,35.167598385183794
10.0,1,0.0005833333333333333,35.1168582528842
10.0,1,0.0006066666666666666,35.0639594474867
10.0,1,0.00063,35.008880752442266
10.0,1,0.0006533333333333333,34.951635917452286
10.0,1,0.0006766666666666667,34.89219782913673
10.0,1,0.0007,34.830523967809334
10.0,2,0.0007,34.830523967809334
10.0,2,0.0007133333333333333,34.789717363372766
10.0,2,0.0007266666666666667,34.74780160139631
10.0,2,0.00074,34.70478629360575
10.0,2,0.0007533333333333333,34.66067348404962
10.0,2,0.0007666666666666667,34.61544479442965
10.0,2,0.00078,34.56909956783378
10.0,2,0.0007933333333333333,34.52163981878885
10.0,2,0.0008066666666666667,34.473053226354615
10.0,2,0.00082,34.423336813830296
10.0,2,0.0008333333333333333,34.372491353114725
10.0,2,0.0008466666666666667,34.32050668298729
10.0,2,0.00086,34.267379237511626
10.0,2,0.0008733333333333334,34.21310935198225
10.0,2,0.0008866666666666667,34.157687833404665
10.0,2,0.0009,34.10111091974913
10.0,2,0.0009133333333333333,34.04337904232475
10.0,2,0.0009266666666666667,33.98448340817338
10.0,2,0.00094,33.924420153490104
10.0,2,0.0009533333333333334,33.863190278089824
10.0,2,0.0009666666666666667,33.80078495442802
10.0,2,0.00098,33.73720013224593
10.0,2,0.0009933333333333333,33.67243801707046
10.0,2,0.0010066666666666666,33.606489213965894
10.0,2,0.00102,33.53934906578438
10.0,2,0.0010333333333333334,33.47102230920582
10.0,2,0.0010466666666666667,33.40149811592169
10.0,2,0.00106,33.33076930094651
10.0,2,0.0010733333333333333,33.25884744818999
10.0,2,0.0010866666666666668,33.1857216436816
10.0,2,0.0011,33.11137333307653
10.0,3,0.0011,33.11137333307653
10.0,3,0.00111,33.04720560427938
10.0,3,0.0011200000000000001,32.98206602505703
10.0,3,0.0011300000000000001,32.91596591509389
10.0,3,0.00114,32.8489099947857
10.0,3,0.00115,32.78088542373307
10.0,3,0.00116,32.71189454641368
10.0,3,0.00117,32.64194190416373
10.0,3,0.00118,32.5710202467046
10.0,3,0.00119,32.49912997668521
10.0,3,0.0012000000000000001,32.426274383746936
10.0,3,0.0012100000000000001,32.3524484399754
10.0,3,0.0012200000000000002,32.27765216803949
10.0,3,0.00123,32.20188826663697
10.0,3,0.00124,32.12515295479292
10.0,3,0.00125,32.047446262154516
10.0,3,0.00126,31.968770655380915
10.0,3,0.00127,31.88912320561857
10.0,3,0.00128,31.808504094688246
10.0,3,0.0012900000000000001,31.72691575827466
10.0,3,0.0013,31.644355916938892
10.0,3,0.00131,31.560824967424306
10.0,3,0.00132,31.47632543391324
10.0,3,0.00133,31.39085556088447
10.0,3,0.00134,31.304415985872843
10.0,3,0.00135,31.217009397131257
10.0,3,0.00136,31.12863447384435
10.0,3,0.0013700000000000001,31.039292102447682
10.0,3,0.0013800000000000002,30.948985188629095
10.0,3,0.0013900000000000002,30.857712777299064
10.0,3,0.0014,30.765476004462123
20.0,1,0.0,33.159572219951556
20.0,1,2.3333333333333332e-05,33.154564219190945
20.0,1,4.6666666666666665e-05,33.147441190432176
20.0,1,7e-05,33.13820102014668
20.0,1,9.333333333333333e-05,33.12684612490794
20.0,1,0.00011666666666666667,33.11337013943803
20.0,1,0.00014,33.09777106535932
20.0,1,0.00016333333333333334,33.08005169160223
20.0,1,0.00018666666666666666,33.06020569097102
20.0,1,0.00020999999999999998,33.03823117110102
20.0,1,0.00023333333333333333,33.01413144048997
20.0,1,0.00025666666666666665,32.98790008522966
20.0,1,0.00028,32.959535298110005
20.0,1,0.0003033333333333333,32.929041107912276
20.0,1,0.0003266666666666667,32.89641085131882
20.0,1,0.00035,32.86164276097707
20.0,1,0.0003733333333333333,32.82474188643944
20.0,1,0.00039666666666666664,32.785701075725946
20.0,1,0.00041999999999999996,32.74451849763998
20.0,1,0.00044333333333333334,32.701200721470364
20.0,1,0.00046666666666666666,32.65573971151445
20.0,1,0.00049,32.60813331118262
20.0,1,0.0005133333333333333,32.558390563459426
20.0,1,0.0005366666666666666,32.506501824025655
20.0,1,0.00056,32.45246382870769
20.0,1,0.0005833333333333333,32.396290362772454
20.0,1,0.0006066666666666666,32.3379687851609
20.0,1,0.00063,32.27749132171695
20.0,1,0.0006533333333333333,32.21488412172695
20.0,1,0.0006766666666666667,32.150134034960686
20.0,1,0.0007,32.083213134619754
20.0,2,0.0007,32.08321313461976
20.0,2,0.0007133333333333333,32.039037738916015
20.0,2,0.0007266666666666667,31.993796672319746
20.0,2,0.00074,31.947503518869535
20.0,2,0.0007533333333333333,31.90016493904954
20.0,2,0.0007666666666666667,31.8517679615368
20.0,2,0.00078,31.80231624411248
20.0,2,0.0007933333333333333,31.751816350817755
20.0,2,0.0008066666666666667,31.700261168624312
20.0,2,0.00082,31.647652082081706
20.0,2,0.0008333333333333333,31.59399436244692
20.0,2,0.0008466666666666667,31.539282976265973
20.0,2,0.00086,31.48351868502287
20.0,2,0.0008733333333333334,31.42670621342629
20.0,2,0.0008866666666666667,31.368841442329032
20.0,2,0.0009,31.309924870571283
20.0,2,0.0009133333333333333,31.24996115287173
20.0,2,0.0009266666666666667,31.188946528151355
20.0,2,0.00094,31.126881311905162
20.0,2,0.0009533333333333334,31.063770500550994
20.0,2,0.0009666666666666667,30.999610281004216
20.0,2,0.00098,30.934400710549134
20.0,2,0.0009933333333333333,30.868147681032994
20.0,2,0.0010066666666666666,30.800846855112297
20.0,2,0.00102,30.73249767779554
20.0,2,0.0010333333333333334,30.663108089419406
20.0,2,0.0010466666666666667,30.592672489864093
20.0,2,0.00106,30.521188082390704
20.0,2,0.0010733333333333333,30.448668587879606
20.0,2,0.0010866666666666668,30.37510832280616
20.0,2,0.0011,30.30049468927586
20.0,3,0.0011,30.30049468927586
20.0,3,0.00111,30.236196882514278
20.0,3,0.0011200000000000001,30.171066275037646
20.0,3,0.0011300000000000001,30.105114220624298
20.0,3,0.00114,30.038346395175136
20.0,3,0.00115,29.970753379348636
20.0,3,0.00116,29.902338768788194
20.0,3,0.00117,29.833108017082505
20.0,3,0.00118,29.76305641996508
20.0,3,0.00119,29.69218580571376
20.0,3,0.0012000000000000001,29.620500438441766
20.0,3,0.0012100000000000001,29.54799739344934
20.0,3,0.0012200000000000002,29.474678031267132
20.0,3,0.00123,29.40054595516652
20.0,3,0.00124,29.32559914665512
20.0,3,0.00125,29.24983879784338
20.0,3,0.00126,29.173268129362505
20.0,3,0.00127,29.095885662919642
20.0,3,0.00128,29.01769252274262
20.0,3,0.0012900000000000001,28.938691698113946
20.0,3,0.0013,28.85888205820153
20.0,3,0.00131,28.778264697028238
20.0,3,0.00132,28.696842461223618
20.0,3,0.00133,28.61461444790359
20.0,3,0.00134,28.53158173326498
20.0,3,0.00135,28.44774707806954
20.0,3,0.00136,28.36310972421749
20.0,3,0.0013700000000000001,28.277670731831066
20.0,3,0.0013800000000000002,28.191432817596603
20.0,3,0.0013900000000000002,28.104395305976592
20.0,3,0.0014,28.016559239496235
30.0,1,0.0,30.586356260681963
30.0,1,2.3333333333333332e-05,30.578755767344138
30.0,1,4.6666666666666665e-05,30.56915342280024
30.0,1,7e-05,30.55754729106876
30.0,1,9.333333333333333e-05,30.54393973266327
30.0,1,0.00011666666666666667,30.528324905833692
30.0,1,0.00014,30.51070111162177
30.0,1,0.00016333333333333334,30.491071188205762
30.0,1,0.00018666666666666666,30.469429456525553
30.0,1,0.00020999999999999998,30.445774442695537
30.0,1,0.00023333333333333333,30.42010959658613
30.0,1,0.00025666666666666665,30.39242927966428
30.0,1,0.00028,30.3627322177469
30.0,1,0.0003033333333333333,30.331022654281423
30.0,1,0.0003266666666666667,30.29729483116735
30.0,1,0.00035,30.261547623289633
30.0,1,0.0003733333333333333,30.22378634092657
30.0,1,0.00039666666666666664,30.184004872122713
30.0,1,0.00041999999999999996,30.142202133009413
30.0,1,0.00044333333333333334,30.098384957876494
30.0,1,0.00046666666666666666,30.052546497803476
30.0,1,0.00049,30.004685451453945
30.0,1,0.0005133333333333333,29.954811058619267
30.0,1,0.0005366666666666666,29.90291503751342
30.0,1,0.00056,29.848995118433677
30.0,1,0.0005833333333333333,29.79306505886631
30.0,1,0.0006066666666666666,29.735113821740537
30.0,1,0.00063,29.67513495400564
30.0,1,0.0006533333333333333,29.613153865048314
30.0,1,0.0006766666666666667,29.5491590749596
30.0,1,0.0007,29.483125236158724
30.0,2,0.0007,29.483125236158724
30.0,2,0.0007133333333333333,29.43957534547773
30.0,2,0.0007266666666666667,29.39502521189059
30.0,2,0.00074,29.34948787482476
30.0,2,0.0007533333333333333,29.30296989814309
30.0,2,0.0007666666666666667,29.25545941845204
30.0,2,0.00078,29.206960154183644
30.0,2,0.0007933333333333333,29.15747857395105
30.0,2,0.0008066666666666667,29.107008315247796
30.0,2,0.00082,29.05555095957019
30.0,2,0.0008333333333333333,29.003111755199644
30.0,2,0.0008466666666666667,28.94968629140204
30.0,2,0.00086,28.895275560628342
30.0,2,0.0008733333333333334,28.839884289260965
30.0,2,0.0008866666666666667,28.783508923143504
30.0,2,0.0009,28.72615020273135
30.0,2,0.0009133333333333333,28.667812777397558
30.0,2,0.0009266666666666667,28.608493426722557
30.0,2,0.00094,28.54819271279555
30.0,2,0.0009533333333333334,28.486915591565804
30.0,2,0.0009666666666666667,28.424658791934732
30.0,2,0.00098,28.36142262779144
30.0,2,0.0009933333333333333,28.29721287755723
30.0,2,0.0010066666666666666,28.232025778865733
30.0,2,0.00102,28.165861068447178
30.0,2,0.0010333333333333334,28.098726421598784
30.0,2,0.0010466666666666667,28.0306168978057
30.0,2,0.00106,27.961530141631197
30.0,2,0.0010733333333333333,27.89147920091589
30.0,2,0.0010866666666666668,27.820459056501043
30.0,2,0.0011,27.748458227496634
30.0,3,0.0011,27.748458227496634
30.0,3,0.00111,27.68643205151137
30.0,3,0.0011200000000000001,27.623630871538133
30.0,3,0.0011300000000000001,27.56006537147967
30.0,3,0.00114,27.49574094970765
30.0,3,0.00115,27.430648953509692
30.0,3,0.00116,27.364792841978467
30.0,3,0.00117,27.298177801285288
30.0,3,0.00118,27.230799560703105
30.0,3,0.00119,27.162659926658105
30.0,3,0.0012000000000000001,27.093762969395765
30.0,3,0.0012100000000000001,27.024106064611924
30.0,3,0.0012200000000000002,26.95369057250564
30.0,3,0.00123,26.88251993646497
30.0,3,0.00124,26.810592363012596
30.0,3,0.00125,26.7379090422238
30.0,3,0.00126,26.66447304730618
30.0,3,0.00127,26.590283072929143
30.0,3,0.00128,26.51534023082602
30.0,3,0.0012900000000000001,26.439647363265596
30.0,3,0.0013,26.36320347231314
30.0,3,0.00131,26.286009625263915
30.0,3,0.00132,26.20806851501827
30.0,3,0.00133,26.12937933898549
30.0,3,0.00134,26.049943130876947
30.0,3,0.00135,25.969762486541303
30.0,3,0.00136,25.888836720907992
30.0,3,0.0013700000000000001,25.807166835414026
30.0,3,0.0013800000000000002,25.724755367518036
30.0,3,0.0013900000000000002,25.641601691591863
30.0,3,0.0014,25.557706775275225
40.0,1,0.0,28.16648869939731
40.0,1,2.3333333333333332e-05,28.156459245580674
40.0,1,4.6666666666666665e-05,28.144552440266143
40.0,1,7e-05,28.130766471476583
40.0,1,9.333333333333333e-05,28.115103557073795
40.0,1,0.00011666666666666667,28.097558228772588
40.0,1,0.00014,28.078128904015973
40.0,1,0.00016333333333333334,28.05681825559593
40.0,1,0.00018666666666666666,28.03362097482983
40.0,1,0.00020999999999999998,28.00853569714058
40.0,1,0.00023333333333333333,27.981565675588705
40.0,1,0.00025666666666666665,27.952705646230925
40.0,1,0.00028,27.92195443828199
40.0,1,0.0003033333333333333,27.88931605510315
40.0,1,0.0003266666666666667,27.85478512690747
40.0,1,0.00035,27.81836062867066
40.0,1,0.0003733333333333333,27.780047569575846
40.0,1,0.00039666666666666664,27.739840253708973
40.0,1,0.00041999999999999996,27.697737700019744
40.0,1,0.00044333333333333334,27.653746351295332
40.0,1,0.00046666666666666666,27.607859825566432
40.0,1,0.00049,27.560076942388974
40.0,1,0.0005133333333333333,27.51040640353729
40.0,1,0.0005366666666666666,27.458840487728377
40.0,1,0.00056,27.405377110272408
40.0,1,0.0005833333333333333,27.35002921081987
40.0,1,0.0006066666666666666,27.292786488121457
40.0,1,0.00063,27.23364293852277
40.0,1,0.0006533333333333333,27.172622425827807
40.0,1,0.0006766666666666667,27.109714235294756
40.0,1,0.0007,27.044894653301373
40.0,2,0.0007,27.04489465330137
40.0,2,0.0007133333333333333,27.002180306392827
40.0,2,0.0007266666666666667,26.95852837624836
40.0,2,0.00074,26.913951099730035
40.0,2,0.0007533333333333333,26.86845464475081
40.0,2,0.0007666666666666667,26.822027906220978
40.0,2,0.00078,26.77467438357474
40.0,2,0.0007933333333333333,26.726400155045635
40.0,2,0.0008066666666666667,26.677199271703955
40.0,2,0.00082,26.627073229490605
40.0,2,0.0008333333333333333,26.57602696213056
40.0,2,0.0008466666666666667,26.524056349837874
40.0,2,0.00086,26.471162335827863
40.0,2,0.0008733333333333334,26.417349363803034
40.0,2,0.0008866666666666667,26.36261411636973
40.0,2,0.0009,26.306957299811423
40.0,2,0.0009133333333333333,26.250383284647253
40.0,2,0.0009266666666666667,26.192889065691276
40.0,2,0.00094,26.13447518122846
40.0,2,0.0009533333333333334,26.075146287994734
40.0,2,0.0009666666666666667,26.01489933268146
40.0,2,0.00098,25.953734620136068
40.0,2,0.0009933333333333333,25.89165757674227
40.0,2,0.0010066666666666666,25.82866468823532
40.0,2,0.00102,25.764755717878995
40.0,2,0.0010333333333333334,25.6999378685401
40.0,2,0.0010466666666666667,25.63420652151776
40.0,2,0.00106,25.56755947913428
40.0,2,0.0010733333333333333,25.500008977625708
40.0,2,0.0010866666666666668,25.431550324307977
40.0,2,0.0011,25.362172770731128
40.0,3,0.0011,25.362172770731128
40.0,3,0.00111,25.302420948845224
40.0,3,0.0011200000000000001,25.24194295842579
40.0,3,0.0011300000000000001,25.18074881130917
40.0,3,0.00114,25.11884356677119
40.0,3,0.00115,25.056219118273997
40.0,3,0.00116,24.99287870775767
40.0,3,0.00117,24.92882719522995
40.0,3,0.00118,24.864060579482675
40.0,3,0.00119,24.798580553292286
40.0,3,0.0012000000000000001,24.732390930334276
40.0,3,0.0012100000000000001,24.665489251275822
40.0,3,0.0012200000000000002,24.5978767899072
40.0,3,0.00123,24.52955677160461
40.0,3,0.00124,24.460527514513256
40.0,3,0.00125,24.390790131975486
40.0,3,0.00126,24.32034750143033
40.0,3,0.00127,24.24919839729859
40.0,3,0.00128,24.17734385838343
40.0,3,0.0012900000000000001,24.104786544588936
40.0,3,0.0013,24.031525517207008
40.0,3,0.00131,23.957561772246844
40.0,3,0.00132,23.88289782850395
40.0,3,0.00133,23.807532929161603
40.0,3,0.00134,23.73146803762974
40.0,3,0.00135,23.65470558064976
40.0,3,0.00136,23.577244910417473
40.0,3,0.0013700000000000001,23.499086959015795
40.0,3,0.0013800000000000002,23.420234097403785
40.0,3,0.0013900000000000002,23.34068573241626
40.0,3,0.0014,23.260442763422937
50.0,1,0.0,26.142168912625866
50.0,1,2.3333333333333332e-05,26.13038018215256
50.0,1,4.6666666666666665e-05,26.117365782198284
50.0,1,7e-05,26.103125364190376
50.0,1,9.333333333333333e-05,26.087661278047158
50.0,1,0.00011666666666666667,26.070972373468145
50.0,1,0.00014,26.05306012170747
50.0,1,0.00016333333333333334,26.033928810352762
50.0,1,0.00018666666666666666,26.01357906822111
50.0,1,0.00020999999999999998,25.99201417348025
50.0,1,0.00023333333333333333,25.969240408481724
50.0,1,0.00025666666666666665,25.945260108952603
50.0,1,0.00028,25.92007833359934
50.0,1,0.0003033333333333333,25.893703433734526
50.0,1,0.0003266666666666667,25.866139354130873
50.0,1,0.00035,25.837392887419515
50.0,1,0.0003733333333333333,25.80747456383767
50.0,1,0.00039666666666666664,25.776389789825483
50.0,1,0.00041999999999999996,25.74414699935519
50.0,1,0.00044333333333333334,25.71075907820491
50.0,1,0.00046666666666666666,25.676232639459183
50.0,1,0.00049,25.640577545469778
50.0,1,0.0005133333333333333,25.603809365030934
50.0,1,0.0005366666666666666,25.56593543220793
50.0,1,0.00056,25.52696648798234
50.0,1,0.0005833333333333333,25.48692161187733
50.0,1,0.0006066666666666666,25.445807936106522
50.0,1,0.00063,25.40363516821556
50.0,1,0.0006533333333333333,25.360429066613737
50.0,1,0.0006766666666666667,25.316197286983616
50.0,1,0.0007,25.270940737821636
50.0,2,0.0007,25.270940737821636
50.0,2,0.0007133333333333333,25.24081111272675
50.0,2,0.0007266666666666667,25.208923200585044
50.0,2,0.00074,25.1753138177623
50.0,2,0.0007533333333333333,25.14000820553279
50.0,2,0.0007666666666666667,25.102998506149806
50.0,2,0.00078,25.064303544092123
50.0,2,0.0007933333333333333,25.023946487326498
50.0,2,0.0008066666666666667,24.98192704156288
50.0,2,0.00082,24.93825776874937
50.0,2,0.0008333333333333333,24.892956966097664
50.0,2,0.0008466666666666667,24.846025011338806
50.0,2,0.00086,24.797470520100482
50.0,2,0.0008733333333333334,24.74730787235183
50.0,2,0.0008866666666666667,24.69553602185653
50.0,2,0.0009,24.642160164612108
50.0,2,0.0009133333333333333,24.58719152798153
50.0,2,0.0009266666666666667,24.530626745687634
50.0,2,0.00094,24.472467770719334
50.0,2,0.0009533333333333334,24.412723390440824
50.0,2,0.0009666666666666667,24.351387307464364
50.0,2,0.00098,24.28845818145675
50.0,2,0.0009933333333333333,24.223943316829555
50.0,2,0.0010066666666666666,24.157832839249892
50.0,2,0.00102,24.090121718704086
50.0,2,0.0010333333333333334,24.020817822970855
50.0,2,0.0010466666666666667,23.949906863323843
50.0,2,0.00106,23.877378017582526
50.0,2,0.0010733333333333333,23.803246184137933
50.0,2,0.0010866666666666668,23.72749527538802
50.0,2,0.0011,23.650097742913903
50.0,3,0.0011,23.650097742913903
50.0,3,0.00111,23.583408294195365
50.0,3,0.0011200000000000001,23.51635123282672
50.0,3,0.0011300000000000001,23.448929964467347
50.0,3,0.00114,23.381145410846557
50.0,3,0.00115,23.312991876405885
50.0,3,0.00116,23.244469408456812
50.0,3,0.00117,23.175578898847707
50.0,3,0.00118,23.1063168079761
50.0,3,0.00119,23.036682505124183
50.0,3,0.0012000000000000001,22.966676472372715
50.0,3,0.0012100000000000001,22.896296078634357
50.0,3,0.0012200000000000002,22.825540626385372
50.0,3,0.00123,22.754410457404926
50.0,3,0.00124,22.682903499361284
50.0,3,0.00125,22.611019150457143
50.0,3,0.00126,22.53875776228878
50.0,3,0.00127,22.466117685173668
50.0,3,0.00128,22.39309847898302
50.0,3,0.0012900000000000001,22.319700590508106
50.0,3,0.0013,22.245922724185075
50.0,3,0.00131,22.17176463178336
50.0,3,0.00132,22.097226905646732
50.0,3,0.00133,22.022308561110783
50.0,3,0.00134,21.9470095547567
50.0,3,0.00135,21.871330655307816
50.0,3,0.00136,21.79527115693855
50.0,3,0.0013700000000000001,21.718831225135077
50.0,3,0.0013800000000000002,21.642011825719635
50.0,3,0.0013900000000000002,21.56481250591254
50.0,3,0.0014,21.487233640344822
60.0,1,0.0,24.988839469519316
60.0,1,2.3333333333333332e-05,24.976127068128598
60.0,1,4.6666666666666665e-05,24.96271713991156
60.0,1,7e-05,24.948609352416057
60.0,1,9.333333333333333e-05,24.933804900305848
60.0,1,0.00011666666666666667,24.918302737522215
60.0,1,0.00014,24.90210329816583
60.0,1,0.00016333333333333334,24.885208614799662
60.0,1,0.00018666666666666666,24.867618382624833
60.0,1,0.00020999999999999998,24.849333793641403
60.0,1,0.00023333333333333333,24.830357752248702
60.0,1,0.00025666666666666665,24.810690650293875
60.0,1,0.00028,24.79033442098591
60.0,1,0.0003033333333333333,24.769292885120397
60.0,1,0.0003266666666666667,24.74756707139286
60.0,1,0.00035,24.725159625980787
60.0,1,0.0003733333333333333,24.702075353694138
60.0,1,0.00039666666666666664,24.678315832371233
60.0,1,0.00041999999999999996,24.65388436841637
60.0,1,0.00044333333333333334,24.62878686393325
60.0,1,0.00046666666666666666,24.603025300131932
60.0,1,0.00049,24.576603527839566
60.0,1,0.0005133333333333333,24.549528764775552
60.0,1,0.0005366666666666666,24.521803126555042
60.0,1,0.00056,24.493430708806482
60.0,1,0.0005833333333333333,24.46442059205845
60.0,1,0.0006066666666666666,24.43477452012077
60.0,1,0.00063,24.40449573731386
60.0,1,0.0006533333333333333,24.37359719048646
60.0,1,0.0006766666666666667,24.342080781899995
60.0,1,0.0007,24.30994428465591
60.0,2,0.0007,24.30994428465591
60.0,2,0.0007133333333333333,24.288256583364614
60.0,2,0.0007266666666666667,24.26438868128856
60.0,2,0.00074,24.238381413689048
60.0,2,0.0007533333333333333,24.21026142594895
60.0,2,0.0007666666666666667,24.18001459033245
60.0,2,0.00078,24.147660009137613
60.0,2,0.0007933333333333333,24.11322248139527
60.0,2,0.0008066666666666667,24.076698151911252
60.0,2,0.00082,24.038099463290582
60.0,2,0.0008333333333333333,23.99744642223384
60.0,2,0.0008466666666666667,23.954737355063813
60.0,2,0.00086,23.909981241480278
60.0,2,0.0008733333333333334,23.8631946934415
60.0,2,0.0008866666666666667,23.814375739095194
60.0,2,0.0009,23.763530574627087
60.0,2,0.0009133333333333333,23.71067332975198
60.0,2,0.0009266666666666667,23.655800558588677
60.0,2,0.00094,23.598915810631922
60.0,2,0.0009533333333333334,23.540031530922604
60.0,2,0.0009666666666666667,23.479141966382695
60.0,2,0.00098,23.416247881137053
60.0,2,0.0009933333333333333,23.3513611292316
60.0,2,0.0010066666666666666,23.2844727377651
60.0,2,0.00102,23.21558003302429
60.0,2,0.0010333333333333334,23.14469657093153
60.0,2,0.0010466666666666667,23.071808815317052
60.0,2,0.00106,22.99690767464679
60.0,2,0.0010733333333333333,22.92001593735023
60.0,2,0.0010866666666666668,22.84111825771499
60.0,2,0.0011,22.760185183657693
60.0,3,0.0011,22.760185183657693
60.0,3,0.00111,22.690413991300677
60.0,3,0.0011200000000000001,22.62042053652003
60.0,3,0.0011300000000000001,22.550207353798434
60.0,3,0.00114,22.47977546920012
60.0,3,0.00115,22.409121894316044
60.0,3,0.00116,22.33824711361317
60.0,3,0.00117,22.267152114983567
60.0,3,0.00118,22.195835191544536
60.0,3,0.00119,22.124296387701285
60.0,3,0.0012000000000000001,22.05253640957114
60.0,3,0.0012100000000000001,21.980554063247514
60.0,3,0.0012200000000000002,21.908349311455783
60.0,3,0.00123,21.83592273068276
60.0,3,0.00124,21.763273417827953
60.0,3,0.00125,21.6904013430581
60.0,3,0.00126,21.61730703573159
60.0,3,0.00127,21.54398979352706
60.0,3,0.00128,21.470449627317237
60.0,3,0.0012900000000000001,21.396687065209207
60.0,3,0.0013,21.322701559076805
60.0,3,0.00131,21.248493174491756
60.0,3,0.00132,21.17406246517774
60.0,3,0.00133,21.0994090079907
60.0,3,0.00134,21.024532928551185
60.0,3,0.00135,20.949434822890918
60.0,3,0.00136,20.87411437186126
60.0,3,0.0013700000000000001,20.798571762416362
60.0,3,0.0013800000000000002,20.722807644565616
60.0,3,0.0013900000000000002,20.646821786905647
60.0,3,0.0014,20.570614437466293
70.0,1,0.0,24.274246975512128
70.0,1,2.3333333333333332e-05,24.26090836438072
70.0,1,4.6666666666666665e-05,24.24709143390969
70.0,1,7e-05,24.232795854990265
70.0,1,9.333333333333333e-05,24.21802233691831
70.0,1,0.00011666666666666667,24.20276986980907
70.0,1,0.00014,24.187038448033423
70.0,1,0.00016333333333333334,24.17082915699975
70.0,1,0.00018666666666666666,24.1541412927913
70.0,1,0.00020999999999999998,24.136975168668997
70.0,1,0.00023333333333333333,24.119332273210073
70.0,1,0.00025666666666666665,24.10121217846779
70.0,1,0.00028,24.08261550743648
70.0,1,0.0003033333333333333,24.063544187920364
70.0,1,0.0003266666666666667,24.04399802801587
70.0,1,0.00035,24.023977944064082
70.0,1,0.0003733333333333333,24.00348635742092
70.0,1,0.00039666666666666664,23.98252325361062
70.0,1,0.00041999999999999996,23.961089810320008
70.0,1,0.00044333333333333334,23.939189033383766
70.0,1,0.00046666666666666666,23.91682098901155
70.0,1,0.00049,23.893987043978285
70.0,1,0.0005133333333333333,23.870690964157678
70.0,1,0.0005366666666666666,23.846932719419726
70.0,1,0.00056,23.82271367103144
70.0,1,0.0005833333333333333,23.79803877572153
70.0,1,0.0006066666666666666,23.772907573145027
70.0,1,0.00063,23.747320660209706
70.0,1,0.0006533333333333333,23.721285701244263
70.0,1,0.0006766666666666667,23.69480225108905
70.0,1,0.0007,23.667866824816407
70.0,2,0.0007,23.66786682481641
70.0,2,0.0007133333333333333,23.649547081220202
70.0,2,0.0007266666666666667,23.62893534578762
70.0,2,0.00074,23.606068597101135
70.0,2,0.0007533333333333333,23.58096898335836
70.0,2,0.0007666666666666667,23.55361612269823
70.0,2,0.00078,23.524024934398195
70.0,2,0.0007933333333333333,23.49221654438143
70.0,2,0.0008066666666666667,23.458182349230576
70.0,2,0.00082,23.421931384065335
70.0,2,0.0008333333333333333,23.38348090510511
70.0,2,0.0008466666666666667,23.342825731063545
70.0,2,0.00086,23.299972410016526
70.0,2,0.0008733333333333334,23.25493579044273
70.0,2,0.0008866666666666667,23.207711477184684
70.0,2,0.0009,23.158304199047485
70.0,2,0.0009133333333333333,23.106727315249024
70.0,2,0.0009266666666666667,23.052975940002693
70.0,2,0.00094,22.997053088652393
70.0,2,0.0009533333333333334,22.938971445258876
70.0,2,0.0009666666666666667,22.878724724630096
70.0,2,0.00098,22.816314054416907
70.0,2,0.0009933333333333333,22.75175259050377
70.0,2,0.0010066666666666666,22.68503166350179
70.0,2,0.00102,22.616149800136675
70.0,2,0.0010333333333333334,22.545123054161195
70.0,2,0.0010466666666666667,22.471938886498688
70.0,2,0.00106,22.39658993226945
70.0,2,0.0010733333333333333,22.319103020599467
70.0,2,0.0010866666666666668,22.239464419596423
70.0,2,0.0011,22.157645584559862
70.0,3,0.0011,22.157645584559862
70.0,3,0.00111,22.087095584256417
70.0,3,0.0011200000000000001,22.016379806129162
70.0,3,0.0011300000000000001,21.945500334447146
70.0,3,0.00114,21.874458125657007
70.0,3,0.00115,21.803251136331998
70.0,3,0.00116,21.73187991352583
70.0,3,0.00117,21.66034537673506
70.0,3,0.00118,21.588646429079866
70.0,3,0.00119,21.51678327672852
70.0,3,0.0012000000000000001,21.444756614727904
70.0,3,0.0012100000000000001,21.372565713569724
70.0,3,0.0012200000000000002,21.300210701228405
70.0,3,0.00123,21.227692157365475
70.0,3,0.00124,21.15500954979012
70.0,3,0.00125,21.08216299108212
70.0,3,0.00126,21.009153003777776
70.0,3,0.00127,20.935979182828422
70.0,3,0.00128,20.862641647694286
70.0,3,0.0012900000000000001,20.789140895845872
70.0,3,0.0013,20.715476612735962
70.0,3,0.00131,20.641648933615667
70.0,3,0.00132,20.567658349701446
70.0,3,0.00133,20.493504614137915
70.0,3,0.00134,20.41918788119119
70.0,3,0.00135,20.344708647709968
70.0,3,0.00136,20.27006671844416
70.0,3,0.0013700000000000001,20.195262267352998
70.0,3,0.0013800000000000002,20.120295805457623
70.0,3,0.0013900000000000002,20.045167176888658
70.0,3,0.0014,19.969876575078956
80.0,1,0.0,23.747227536422315
80.0,1,2.3333333333333332e-05,23.73339657404253
80.0,1,4.6666666666666665e-05,23.719187833325726
80.0,1,7e-05,23.704601005070067
80.0,1,9.333333333333333e-05,23.689636595644608
80.0,1,0.00011666666666666667,23.674293665198455
80.0,1,0.00014,23.658572061558726
80.0,1,0.00016333333333333334,23.642472491515115
80.0,1,0.00018666666666666666,23.62599415841433
80.0,1,0.00020999999999999998,23.60913706427791
80.0,1,0.00023333333333333333,23.591902139698583
80.0,1,0.00025666666666666665,23.574288708056688
80.0,1,0.00028,23.556296919742906
80.0,1,0.0003033333333333333,23.53792796065743
80.0,1,0.0003266666666666667,23.519181243647992
80.0,1,0.00035,23.50005705649734
80.0,1,0.0003733333333333333,23.480556887767015
80.0,1,0.00039666666666666664,23.460680194903567
80.0,1,0.00041999999999999996,23.440427380576004
80.0,1,0.00044333333333333334,23.419800315025146
80.0,1,0.00046666666666666666,23.39879842628664
80.0,1,0.00049,23.37742217914352
80.0,1,0.0005133333333333333,23.355673977452504
80.0,1,0.0005366666666666666,23.333553084332454
80.0,1,0.00056,23.31105987883721
80.0,1,0.0005833333333333333,23.288197665949088
80.0,1,0.0006066666666666666,23.264965286794506
80.0,1,0.00063,23.241362431861415
80.0,1,0.0006533333333333333,23.217394573811696
80.0,1,0.0006766666666666667,23.193060522445613
80.0,1,0.0007,23.16835658662968
80.0,2,0.0007,23.16835658662968
80.0,2,0.0007133333333333333,23.151491113651154
80.0,2,0.0007266666666666667,23.13230584085143
80.0,2,0.00074,23.110834680470774
80.0,2,0.0007533333333333333,23.087096555264598
80.0,2,0.0007666666666666667,23.061067516032228
80.0,2,0.00078,23.03275955581712
80.0,2,0.0007933333333333333,23.002191029101926
80.0,2,0.0008066666666666667,22.969350389113696
80.0,2,0.00082,22.934244228515606
80.0,2,0.0008333333333333333,22.896887572552476
80.0,2,0.0008466666666666667,22.857272904867507
80.0,2,0.00086,22.81540489751696
80.0,2,0.0008733333333333334,22.771296758880055
80.0,2,0.0008866666666666667,22.724942362574176
80.0,2,0.0009,22.676345154954344
80.0,2,0.0009133333333333333,22.625517477368298
80.0,2,0.0009266666666666667,22.572453314916352
80.0,2,0.00094,22.517155005302218
80.0,2,0.0009533333333333334,22.4596348612339
80.0,2,0.0009666666666666667,22.399886061232756
80.0,2,0.00098,22.33790965729779
80.0,2,0.0009933333333333333,22.27371910682235
80.0,2,0.0010066666666666666,22.207305774402776
80.0,2,0.00102,22.13866868990833
80.0,2,0.0010333333333333334,22.067824932302177
80.0,2,0.0010466666666666667,21.994762513829738
80.0,2,0.00106,21.91947503092631
80.0,2,0.0010733333333333333,21.84199118806503
80.0,2,0.0010866666666666668,21.762298266710356
80.0,2,0.0011,21.6803685612526
80.0,3,0.0011,21.6803685612526
80.0,3,0.00111,21.60971713225153
80.0,3,0.0011200000000000001,21.538927830215187
80.0,3,0.0011300000000000001,21.46800246764956
80.0,3,0.00114,21.396941917972324
80.0,3,0.00115,21.32574455741179
80.0,3,0.00116,21.254410916726552
80.0,3,0.00117,21.182941835210013
80.0,3,0.00118,21.1113364725921
80.0,3,0.00119,21.03959507104902
80.0,3,0.0012000000000000001,20.96771827747237
80.0,3,0.0012100000000000001,20.8957055510063
80.0,3,0.0012200000000000002,20.823557061848142
80.0,3,0.00123,20.751273353395064
80.0,3,0.00124,20.678854040996377
80.0,3,0.00125,20.606299273584263
80.0,3,0.00126,20.53360953815348
80.0,3,0.00127,20.46078454662718
80.0,3,0.00128,20.387824444122646
80.0,3,0.0012900000000000001,20.31472968696751
80.0,3,0.0013,20.241500052360106
80.0,3,0.00131,20.168135688334512
80.0,3,0.00132,20.09463703563665
80.0,3,0.00133,20.021003917293594
80.0,3,0.00134,19.94723648656522
80.0,3,0.00135,19.87333517821301
80.0,3,0.00136,19.79929984748149
80.0,3,0.0013700000000000001,19.725130653254038
80.0,3,0.0013800000000000002,19.650828031296456
80.0,3,0.0013900000000000002,19.576391858819964
80.0,3,0.0014,19.50182230010303
90.0,1,0.0,23.312408105557687
90.0,1,2.3333333333333332e-05,23.29815635341886
90.0,1,4.6666666666666665e-05,23.283580576551426
90.0,1,7e-05,23.268680485586867
90.0,1,9.333333333333333e-05,23.253456488767128
90.0,1,0.00011666666666666667,23.237907709862395
90.0,1,0.00014,23.222033945832298
90.0,1,0.00016333333333333334,23.205835729319144
90.0,1,0.00018666666666666666,23.189312258418067
90.0,1,0.00020999999999999998,23.17246341414387
90.0,1,0.00023333333333333333,23.155289874307492
90.0,1,0.00025666666666666665,23.137790891366205
90.0,1,0.00028,23.119966425675226
90.0,1,0.0003033333333333333,23.1018173282643
90.0,1,0.0003266666666666667,23.083342879664315
90.0,1,0.00035,23.06454311052003
90.0,1,0.0003733333333333333,23.045419087246508
90.0,1,0.00039666666666666664,23.025970079944596
90.0,1,0.00041999999999999996,23.006196170859912
90.0,1,0.00044333333333333334,22.986098712386948
90.0,1,0.00046666666666666666,22.96567690112375
90.0,1,0.00049,22.944930827041613
90.0,1,0.0005133333333333333,22.923862264790916
90.0,1,0.0005366666666666666,22.902470222791777
90.0,1,0.00056,22.880754674389646
90.0,1,0.0005833333333333333,22.858718145077898
90.0,1,0.0006066666666666666,22.836359237810417
90.0,1,0.00063,22.81367729059938
90.0,1,0.0006533333333333333,22.790676700925992
90.0,1,0.0006766666666666667,22.767356021470984
90.0,1,0.0007,22.743711609252625
90.0,2,0.0007,22.743711609252625
90.0,2,0.0007133333333333333,22.727542023088805
90.0,2,0.0007266666666666667,22.709050471521667
90.0,2,0.00074,22.688268878392247
90.0,2,0.0007533333333333333,22.665214179675193
90.0,2,0.0007666666666666667,22.63986050276984
90.0,2,0.00078,22.612218074778657
90.0,2,0.0007933333333333333,22.582303532856315
90.0,2,0.0008066666666666667,22.550103688278735
90.0,2,0.00082,22.51562366811424
90.0,2,0.0008333333333333333,22.478877096819524
90.0,2,0.0008466666666666667,22.43985512602014
90.0,2,0.00086,22.398561284597797
90.0,2,0.0008733333333333334,22.35500771837783
90.0,2,0.0008866666666666667,22.309187297876747
90.0,2,0.0009,22.261102668032166
90.0,2,0.0009133333333333333,22.210765466989113
90.0,2,0.0009266666666666667,22.158169021052565
90.0,2,0.00094,22.103315222507547
90.0,2,0.0009533333333333334,22.046216057261006
90.0,2,0.0009666666666666667,21.986864396782885
90.0,2,0.00098,21.92526120976867
90.0,2,0.0009933333333333333,21.861420017755396
90.0,2,0.0010066666666666666,21.795332228942843
90.0,2,0.00102,21.726997149554258
90.0,2,0.0010333333333333334,21.656432337414515
90.0,2,0.0010466666666666667,21.583626190812197
90.0,2,0.00106,21.508572912310985
90.0,2,0.0010733333333333333,21.43130215268715
90.0,2,0.0010866666666666668,21.351801903200677
90.0,2,0.0011,21.270045172803652
90.0,3,0.0011,21.270045172803652
90.0,3,0.00111,21.19954128619272
90.0,3,0.0011200000000000001,21.128915607454342
90.0,3,0.0011300000000000001,21.05816977871219
90.0,3,0.00114,20.987304611947987
90.0,3,0.00115,20.916318712021205
90.0,3,0.00116,20.845212587058025
90.0,3,0.00117,20.77398701708027
90.0,3,0.00118,20.702641297071093
90.0,3,0.00119,20.631175677524908
90.0,3,0.0012000000000000001,20.559590765447325
90.0,3,0.0012100000000000001,20.487886117053474
90.0,3,0.0012200000000000002,20.41606191556284
90.0,3,0.00123,20.344118672563834
90.0,3,0.00124,20.272056078076417
90.0,3,0.00125,20.199874292067147
90.0,3,0.00126,20.127573771616582
90.0,3,0.00127,20.055154287238043
90.0,3,0.00128,19.98261599053093
90.0,3,0.0012900000000000001,19.909959306354132
90.0,3,0.0013,19.83718405767607
90.0,3,0.00131,19.76429039336481
90.0,3,0.00132,19.69127871913685
90.0,3,0.00133,19.618148893035368
90.0,3,0.00134,19.544901063088833
90.0,3,0.00135,19.471535624244133
90.0,3,0.00136,19.398052457517434
90.0,3,0.0013700000000000001,19.32445171040253
90.0,3,0.0013800000000000002,19.250733773227505
90.0,3,0.0013900000000000002,19.176898540914824
90.0,3,0.0014,19.10294616022495
100.0,1,0.0,22.92954817913782
100.0,1,2.3333333333333332e-05,22.91491824899191
100.0,1,4.6666666666666665e-05,22.899996251551894
100.0,1,7e-05,22.88478191258974
100.0,1,9.333333333333333e-05,22.86927558557835
100.0,1,0.00011666666666666667,22.853476441875845
100.0,1,0.00014,22.837384258257124
100.0,1,0.00016333333333333334,22.820999473990874
100.0,1,0.00018666666666666666,22.80432130055224
100.0,1,0.00020999999999999998,22.787349563776743
100.0,1,0.00023333333333333333,22.77008480786829
100.0,1,0.00025666666666666665,22.75252626640807
100.0,1,0.00028,22.73467381024333
100.0,1,0.0003033333333333333,22.71652811442137
100.0,1,0.0003266666666666667,22.698088410965035
100.0,1,0.00035,22.67935460786094
100.0,1,0.0003733333333333333,22.660327549962066
100.0,1,0.00039666666666666664,22.641006433129796
100.0,1,0.00041999999999999996,22.621391186110053
100.0,1,0.00044333333333333334,22.60148288888399
100.0,1,0.00046666666666666666,22.581280644665917
100.0,1,0.00049,22.560784364321705
100.0,1,0.0005133333333333333,22.539995489219578
100.0,1,0.0005366666666666666,22.518912927540914
100.0,1,0.00056,22.49753646164233
100.0,1,0.0005833333333333333,22.475868197905577
100.0,1,0.0006066666666666666,22.45390665543047
100.0,1,0.00063,22.43165101960609
100.0,1,0.0006533333333333333,22.409105091541527
100.0,1,0.0006766666666666667,22.386267332413496
100.0,1,0.0007,22.36313419645516
100.0,2,0.0007,22.36313419645516
100.0,2,0.0007133333333333333,22.347305032360705
100.0,2,0.0007266666666666667,22.32916243340907
100.0,2,0.00074,22.308737002722427
100.0,2,0.0007533333333333333,22.286044418128164
100.0,2,0.0007666666666666667,22.261057764764075
100.0,2,0.00078,22.23378616478136
100.0,2,0.0007933333333333333,22.204245149462206
100.0,2,0.0008066666666666667,22.17242059317118
100.0,2,0.00082,22.138316712066626
100.0,2,0.0008333333333333333,22.101946222647673
100.0,2,0.0008466666666666667,22.063299505800128
100.0,2,0.00086,22.022379380959542
100.0,2,0.0008733333333333334,21.97919729848122
100.0,2,0.0008866666666666667,21.933745553268178
100.0,2,0.0009,21.886026295728875
100.0,2,0.0009133333333333333,21.836050693142116
100.0,2,0.0009266666666666667,21.783811708558865
100.0,2,0.00094,21.729310964611766
100.0,2,0.0009533333333333334,21.67256020894151
100.0,2,0.0009666666666666667,21.61355217141509
100.0,2,0.00098,21.552287780773995
100.0,2,0.0009933333333333333,21.488780556201036
100.0,2,0.0010066666666666666,21.423021988324397
100.0,2,0.00102,21.355011572184257
100.0,2,0.0010333333333333334,21.28476709839629
100.0,2,0.0010466666666666667,21.212277267820312
100.0,2,0.00106,21.137536691451604
100.0,2,0.0010733333333333333,21.060575479805284
100.0,2,0.0010866666666666668,20.98138212188683
100.0,2,0.0011,20.89993019183927
100.0,3,0.0011,20.89993019183927
100.0,3,0.00111,20.829689427962638
100.0,3,0.0011200000000000001,20.759336933875904
100.0,3,0.0011300000000000001,20.68887423844009
100.0,3,0.00114,20.618302108640076
100.0,3,0.00115,20.54761928603272
100.0,3,0.00116,20.47682625822437
100.0,3,0.00117,20.405923761903324
100.0,3,0.00118,20.3349111706636
100.0,3,0.00119,20.263788734304313
100.0,3,0.0012000000000000001,20.192557029143476
100.0,3,0.0012100000000000001,20.12121566666626
100.0,3,0.0012200000000000002,20.049764832960065
100.0,3,0.00123,19.97820501464777
100.0,3,0.00124,19.906535943700195
100.0,3,0.00125,19.83475778244903
100.0,3,0.00126,19.762870964967682
100.0,3,0.00127,19.690875294449484
100.0,3,0.00128,19.618770922826553
100.0,3,0.0012900000000000001,19.54655825181107
100.0,3,0.0013,19.474237129870378
100.0,3,0.00131,19.401807703522987
100.0,3,0.00132,19.329270353968806
100.0,3,0.00133,19.256624958878955
100.0,3,0.00134,19.183871660997717
100.0,3,0.00135,19.111010828621456
100.0,3,0.00136,19.038042357466313
100.0,3,0.0013700000000000001,18.964966386743523
100.0,3,0.0013800000000000002,18.891783277464132
100.0,3,0.0013900000000000002,18.818492935054852
100.0,3,0.0014,18.745095495004527
110.0,1,0.0,22.578729217235544
110.0,1,2.3333333333333332e-05,22.563748335091045
110.0,1,4.6666666666666665e-05,22.548495802905414
110.0,1,7e-05,22.532971356990096
110.0,1,9.333333333333333e-05,22.517175316899284
110.0,1,0.00011666666666666667,22.501106886756954
110.0,1,0.00014,22.48476583300842
110.0,1,0.00016333333333333334,22.468152537990214
110.0,1,0.00018666666666666666,22.451266225729437
110.0,1,0.00020999999999999998,22.434106690964313
110.0,1,0.00023333333333333333,22.416674396763387
110.0,1,0.00025666666666666665,22.398968570139285
110.0,1,0.00028,22.380989030310616
110.0,1,0.0003033333333333333,22.36273634538351
110.0,1,0.0003266666666666667,22.34420972313742
110.0,1,0.00035,22.32540899988575
110.0,1,0.0003733333333333333,22.306334885368795
110.0,1,0.00039666666666666664,22.286986535725507
110.0,1,0.00041999999999999996,22.267363789133437
110.0,1,0.00044333333333333334,22.247467558532826
110.0,1,0.00046666666666666666,22.227296895821564
110.0,1,0.00049,22.206851605411753
110.0,1,0.0005133333333333333,22.186132922874513
110.0,1,0.0005366666666666666,22.16513970105783
110.0,1,0.00056,22.143871608501172
110.0,1,0.0005833333333333333,22.122330490624822
110.0,1,0.0006066666666666666,22.100514821905506
110.0,1,0.00063,22.07842369874788
110.0,1,0.0006533333333333333,22.056060546962236
110.0,1,0.0006766666666666667,22.03342377817168
110.0,1,0.0007,22.01050991881516
110.0,2,0.0007,22.01050991881516
110.0,2,0.0007133333333333333,21.994831754133624
110.0,2,0.0007266666666666667,21.97685445026437
110.0,2,0.00074,21.956607578377533
110.0,2,0.0007533333333333333,21.934105891307677
110.0,2,0.0007666666666666667,21.909321861611403
110.0,2,0.00078,21.882263828634525
110.0,2,0.0007933333333333333,21.852946525390387
110.0,2,0.0008066666666666667,21.821355258377114
110.0,2,0.00082,21.787493626961627
110.0,2,0.0008333333333333333,21.751373706244006
110.0,2,0.0008466666666666667,21.712985414965807
110.0,2,0.00086,21.672331104388537
110.0,2,0.0008733333333333334,21.62942173666481
110.0,2,0.0008866666666666667,21.584249273317745
110.0,2,0.0009,21.536815546824066
110.0,2,0.0009133333333333333,21.4871313903053
110.0,2,0.0009266666666666667,21.435189575958262
110.0,2,0.00094,21.38099156335253
110.0,2,0.0009533333333333334,21.324548921320083
110.0,2,0.0009666666666666667,21.26585434124067
110.0,2,0.00098,21.204908748575818
110.0,2,0.0009933333333333333,21.14172563839413
110.0,2,0.0010066666666666666,21.076296623561575
110.0,2,0.00102,21.008621361829768
110.0,2,0.0010333333333333334,20.93871776888465
110.0,2,0.0010466666666666667,20.866574838641824
110.0,2,0.00106,20.792187526838614
110.0,2,0.0010733333333333333,20.715586190295177
110.0,2,0.0010866666666666668,20.636759765073293
110.0,2,0.0011,20.555682382649554
110.0,3,0.0011,20.555682382649554
110.0,3,0.00111,20.485765910473447
110.0,3,0.0011200000000000001,20.415744271776134
110.0,3,0.0011300000000000001,20.34561892230713
110.0,3,0.00114,20.275390600458074
110.0,3,0.00115,20.205058137690962
110.0,3,0.00116,20.134622008955702
110.0,3,0.00117,20.06408292338413
110.0,3,0.00118,19.993440306529482
110.0,3,0.00119,19.922694408396488
110.0,3,0.0012000000000000001,19.851845785917657
110.0,3,0.0012100000000000001,19.780894087228127
110.0,3,0.0012200000000000002,19.70983950085328
110.0,3,0.00123,19.638682497665545
110.0,3,0.00124,19.567422837496764
110.0,3,0.00125,19.49606068468406
110.0,3,0.00126,19.424596458721126
110.0,3,0.00127,19.35302998450772
110.0,3,0.00128,19.281361414548048
110.0,3,0.0012900000000000001,19.209591135776602
110.0,3,0.0013,19.13771901357775
110.0,3,0.00131,19.065745193189148
110.0,3,0.00132,18.993670040038555
110.0,3,0.00133,18.921493444786663
110.0,3,0.00134,18.849215546887667
110.0,3,0.00135,18.776836697381885
110.0,3,0.00136,18.704356801671743
110.0,3,0.0013700000000000001,18.631775993636523
110.0,3,0.0013800000000000002,18.55909461520846
110.0,3,0.0013900000000000002,18.48631257868254
110.0,3,0.0014,18.413430012186616
120.0,1,0.0,22.248675712431982
120.0,1,2.3333333333333332e-05,22.23336174577632
120.0,1,4.6666666666666665e-05,22.217789512985025
120.0,1,7e-05,22.201958757507796
120.0,1,9.333333333333333e-05,22.185869776867996
120.0,1,0.00011666666666666667,22.169521797382053
120.0,1,0.00014,22.152914579422898
120.0,1,0.00016333333333333334,22.13604846867728
120.0,1,0.00018666666666666666,22.11892269860434
120.0,1,0.00020999999999999998,22.10153704475607
120.0,1,0.00023333333333333333,22.083891918183564
120.0,1,0.00025666666666666665,22.065986543337406
120.0,1,0.00028,22.0478207073443
120.0,1,0.0003033333333333333,22.02939490992712
120.0,1,0.0003266666666666667,22.010708345331732
120.0,1,0.00035,21.991760805270754
120.0,1,0.0003733333333333333,21.972552913254884
120.0,1,0.00039666666666666664,21.953083802454238
120.0,1,0.00041999999999999996,21.933353254783867
120.0,1,0.00044333333333333334,21.91336207671404
120.0,1,0.00046666666666666666,21.893109290384093
120.0,1,0.00049,21.8725946343375
120.0,1,0.0005133333333333333,21.85181921297577
120.0,1,0.0005366666666666666,21.830781847625477
120.0,1,0.00056,21.80948213696889
120.0,1,0.0005833333333333333,21.787921759672045
120.0,1,0.0006066666666666666,21.766099166555332
120.0,1,0.00063,21.74401340128917
120.0,1,0.0006533333333333333,21.721667648069044
120.0,1,0.0006766666666666667,21.699060292141997
120.0,1,0.0007,21.676187914068137
120.0,2,0.0007,21.676187914068137
120.0,2,0.0007133333333333333,21.66054538392813
120.0,2,0.0007266666666666667,21.642621518677828
120.0,2,0.00074,21.62244508098928
120.0,2,0.0007533333333333333,21.60003013948766
120.0,2,0.0007666666666666667,21.575348842633673
120.0,2,0.00078,21.54840896240476
120.0,2,0.0007933333333333333,21.519224631284604
120.0,2,0.0008066666666666667,21.487780815606015
120.0,2,0.00082,21.454080677037556
120.0,2,0.0008333333333333333,21.418135807734828
120.0,2,0.0008466666666666667,21.379935844878105
120.0,2,0.00086,21.339482811305103
120.0,2,0.0008733333333333334,21.296787298701982
120.0,2,0.0008866666666666667,21.251841072298586
120.0,2,0.0009,21.204645745191023
120.0,2,0.0009133333333333333,21.15521189028833
120.0,2,0.0009266666666666667,21.103532182731243
120.0,2,0.00094,21.049607974345186
120.0,2,0.0009533333333333334,20.993450681514375
120.0,2,0.0009666666666666667,20.935053007099757
120.0,2,0.00098,20.874415883566833
120.0,2,0.0009933333333333333,20.811552755476182
120.0,2,0.0010066666666666666,20.746455363379848
120.0,2,0.00102,20.679123491475867
120.0,2,0.0010333333333333334,20.609575091295717
120.0,2,0.0010466666666666667,20.5377994091657
120.0,2,0.00106,20.463791665225767
120.0,2,0.0010733333333333333,20.387582285794885
120.0,2,0.0010866666666666668,20.309160559027184
120.0,2,0.0011,20.228501094468058
120.0,3,0.0011,20.228501094468058
120.0,3,0.00111,20.158946802339294
120.0,3,0.0011200000000000001,20.08929169668601
120.0,3,0.0011300000000000001,20.01953718395159
120.0,3,0.00114,19.949683982758373
120.0,3,0.00115,19.879730983411612
120.0,3,0.00116,19.809678651687378
120.0,3,0.00117,19.739527677677128
120.0,3,0.00118,19.669277520657626
120.0,3,0.00119,19.598928430050535
120.0,3,0.0012000000000000001,19.52848094923494
120.0,3,0.0012100000000000001,19.45793474998879
120.0,3,0.0012200000000000002,19.38729002181561
120.0,3,0.00123,19.31654722453146
120.0,3,0.00124,19.245706135871508
120.0,3,0.00125,19.174766920958195
120.0,3,0.00126,19.10372998910232
120.0,3,0.00127,19.032595179123515
120.0,3,0.00128,18.961362643460834
120.0,3,0.0012900000000000001,18.890032758835574
120.0,3,0.0013,18.818605401476226
120.0,3,0.00131,18.74708071542698
120.0,3,0.00132,18.675459055342785
120.0,3,0.00133,18.60374032022229
120.0,3,0.00134,18.531924647091166
120.0,3,0.00135,18.460012375328983
120.0,3,0.00136,18.388003416579846
120.0,3,0.0013700000000000001,18.315897901033612
120.0,3,0.0013800000000000002,18.243696157844802
120.0,3,0.0013900000000000002,18.171398103771853
120.0,3,0.0014,18.09900386199721
130.0,1,0.0,21.932091846498352
130.0,1,2.3333333333333332e-05,21.91645618085101
130.0,1,4.6666666666666665e-05,21.900570659993974
130.0,1,7e-05,21.884435030929104
130.0,1,9.333333333333333e-05,21.868049576371245
130.0,1,0.00011666666666666667,21.851413533825355
130.0,1,0.00014,21.834526657034694
130.0,1,0.00016333333333333334,21.817389265837715
130.0,1,0.00018666666666666666,21.800000594957318
130.0,1,0.00020999999999999998,21.782360403167463
130.0,1,0.00023333333333333333,21.76446906414851
130.0,1,0.00025666666666666665,21.746325794117638
130.0,1,0.00028,21.727930353359568
130.0,1,0.0003033333333333333,21.709283192053377
130.0,1,0.0003266666666666667,21.69038348727951
130.0,1,0.00035,21.671230994027127
130.0,1,0.0003733333333333333,21.65182627313543
130.0,1,0.00039666666666666664,21.632168432546738
130.0,1,0.00041999999999999996,21.612257208029977
130.0,1,0.00044333333333333334,21.592093328768332
130.0,1,0.00046666666666666666,21.571675785189854
130.0,1,0.00049,21.55100426152261
130.0,1,0.0005133333333333333,21.530079767624056
130.0,1,0.0005366666666666666,21.508901089773932
130.0,1,0.00056,21.487467767743823
130.0,1,0.0005833333333333333,21.46578136207994
130.0,1,0.0006066666666666666,21.4438402913924
130.0,1,0.00063,21.421643549059375
130.0,1,0.0006533333333333333,21.39919415440022
130.0,1,0.0006766666666666667,21.37649045755364
130.0,1,0.0007,21.35352905240309
130.0,2,0.0007,21.35352905240309
130.0,2,0.0007133333333333333,21.3378377131265
130.0,2,0.0007266666666666667,21.319886197664573
130.0,2,0.00074,21.299702512922654
130.0,2,0.0007533333333333333,21.277300119770093
130.0,2,0.0007666666666666667,21.252650978395227
130.0,2,0.00078,21.22576237234281
130.0,2,0.0007933333333333333,21.196647904159235
130.0,2,0.0008066666666666667,21.16529231083883
130.0,2,0.00082,21.131698393054627
130.0,2,0.0008333333333333333,21.0958773232936
130.0,2,0.0008466666666666667,21.057818549794877
130.0,2,0.00086,21.017523832100142
130.0,2,0.0008733333333333334,20.975003441262604
130.0,2,0.0008866666666666667,20.930249021020618
130.0,2,0.0009,20.88326201477511
130.0,2,0.0009133333333333333,20.834052767566533
130.0,2,0.0009266666666666667,20.782613914097322
130.0,2,0.00094,20.728946730557382
130.0,2,0.0009533333333333334,20.673062492474603
130.0,2,0.0009666666666666667,20.614953952526662
130.0,2,0.00098,20.554622063759005
130.0,2,0.0009933333333333333,20.49208020780515
130.0,2,0.0010066666666666666,20.427320274049407
130.0,2,0.00102,20.360342169376988
130.0,2,0.0010333333333333334,20.291163840219202
130.0,2,0.0010466666666666667,20.219774793138907
130.0,2,0.00106,20.14617050006625
130.0,2,0.0010733333333333333,20.07038137451376
130.0,2,0.0010866666666666668,19.9923970502699
130.0,2,0.0011,19.91219263073271
130.0,3,0.0011,19.91219263073271
130.0,3,0.00111,19.843032907548455
130.0,3,0.0011200000000000001,19.773774985293514
130.0,3,0.0011300000000000001,19.704420243589063
130.0,3,0.00114,19.634969391934632
130.0,3,0.00115,19.56542135864556
130.0,3,0.00116,19.495776606656683
130.0,3,0.00117,19.426035817245733
130.0,3,0.00118,19.356198472470563
130.0,3,0.00119,19.286264823879886
130.0,3,0.0012000000000000001,19.2162354091189
130.0,3,0.0012100000000000001,19.14610991646184
130.0,3,0.0012200000000000002,19.075888538217097
130.0,3,0.00123,19.00557172968593
130.0,3,0.00124,18.93515928135928
130.0,3,0.00125,18.864651360735984
130.0,3,0.00126,18.794048372809748
130.0,3,0.00127,18.723350166428087
130.0,3,0.00128,18.652556895548692
130.0,3,0.0012900000000000001,18.5816689322023
130.0,3,0.0013,18.510686160438492
130.0,3,0.00131,18.43960872477706
130.0,3,0.00132,18.36843697447719
130.0,3,0.00133,18.29717081448325
130.0,3,0.00134,18.225810381182438
130.0,3,0.00135,18.154356007652087
130.0,3,0.00136,18.082807609850526
130.0,3,0.0013700000000000001,18.011165316199207
130.0,3,0.0013800000000000002,17.9394294485074
130.0,3,0.0013900000000000002,17.867599926408783
130.0,3,0.0014,17.79567687019252
140.0,1,0.0,21.623430614125734
140.0,1,2.3333333333333332e-05,21.607479381398267
140.0,1,4.6666666666666665e-05,21.59128264608313
140.0,1,7e-05,21.574840155033176
140.0,1,9.333333333333333e-05,21.558152181207902
140.0,1,0.00011666666666666667,21.541217962077244
140.0,1,0.00014,21.524037241974472
140.0,1,0.00016333333333333334,21.5066103213397
140.0,1,0.00018666666666666666,21.48893642569434
140.0,1,0.00020999999999999998,21.47101529512767
140.0,1,0.00023333333333333333,21.452847274035886
140.0,1,0.00025666666666666665,21.434431560417245
140.0,1,0.00028,21.415767886591617
140.0,1,0.0003033333333333333,21.39685666323755
140.0,1,0.0003266666666666667,21.37769704039479
140.0,1,0.00035,21.358288735835036
140.0,1,0.0003733333333333333,21.33863226021557
140.0,1,0.00039666666666666664,21.318726685955266
140.0,1,0.00041999999999999996,21.298571702531422
140.0,1,0.00044333333333333334,21.278167977624477
140.0,1,0.00046666666666666666,21.25751445839927
140.0,1,0.00049,21.236610774383685
140.0,1,0.0005133333333333333,21.215457861665886
140.0,1,0.0005366666666666666,21.194054457208388
140.0,1,0.00056,21.172400039677665
140.0,1,0.0005833333333333333,21.150496081431374
140.0,1,0.0006066666666666666,21.128340949172173
140.0,1,0.00063,21.105933575487818
140.0,1,0.0006533333333333333,21.083276868144917
140.0,1,0.0006766666666666667,21.060369121634235
140.0,1,0.0007,21.037206894858684
140.0,2,0.0007,21.037206894858688
140.0,2,0.0007133333333333333,21.02139462924869
140.0,2,0.0007266666666666667,21.003346847262126
140.0,2,0.00074,20.983090785480684
140.0,2,0.0007533333333333333,20.960639307076253
140.0,2,0.0007666666666666667,20.935964258847783
140.0,2,0.00078,20.909072455176595
140.0,2,0.0007933333333333333,20.879976980461887
140.0,2,0.0008066666666666667,20.848662399631525
140.0,2,0.00082,20.815131179554736
140.0,2,0.0008333333333333333,20.779394088332143
140.0,2,0.0008466666666666667,20.741440434413228
140.0,2,0.00086,20.701271740732768
140.0,2,0.0008733333333333334,20.65889797108399
140.0,2,0.0008866666666666667,20.61431068994679
140.0,2,0.0009,20.567511193782657
140.0,2,0.0009133333333333333,20.51850960767405
140.0,2,0.0009266666666666667,20.467298561458747
140.0,2,0.00094,20.413879272991345
140.0,2,0.0009533333333333334,20.3582628769388
140.0,2,0.0009666666666666667,20.300442205461252
140.0,2,0.00098,20.240418243961006
140.0,2,0.0009933333333333333,20.178204301085607
140.0,2,0.0010066666666666666,20.11379244074777
140.0,2,0.00102,20.047182700650858
140.0,2,0.0010333333333333334,19.97839299846432
140.0,2,0.0010466666666666667,19.907413126539502
140.0,2,0.00106,19.834238820463383
140.0,2,0.0010733333333333333,19.758900430571266
140.0,2,0.0010866666666666668,19.68138795806362
140.0,2,0.0011,19.60167704542365
140.0,3,0.0011,19.60167704542365
140.0,3,0.00111,19.532945376741903
140.0,3,0.0011200000000000001,19.464116598153453
140.0,3,0.0011300000000000001,19.395192083718197
140.0,3,0.00114,19.326172544667322
140.0,3,0.00115,19.25705693051901
140.0,3,0.00116,19.187845708396004
140.0,3,0.00117,19.118539561185383
140.0,3,0.00118,19.04913798552748
140.0,3,0.00119,18.97964123885432
140.0,3,0.0012000000000000001,18.910049861281095
140.0,3,0.0012100000000000001,18.840363552595562
140.0,3,0.0012200000000000002,18.770582510761518
140.0,3,0.00123,18.70070719350615
140.0,3,0.00124,18.630737400697758
140.0,3,0.00125,18.560673304694774
140.0,3,0.00126,18.49051531235216
140.0,3,0.00127,18.420263280093117
140.0,3,0.00128,18.34991736568759
140.0,3,0.0012900000000000001,18.279477942163627
140.0,3,0.0013,18.208944899508555
140.0,3,0.00131,18.138318384887544
140.0,3,0.00132,18.067598747521487
140.0,3,0.00133,17.996785896765353
140.0,3,0.00134,17.92587997043546
140.0,3,0.00135,17.854881300437498
140.0,3,0.00136,17.78378980570473
140.0,3,0.0013700000000000001,17.71260561485898
140.0,3,0.0013800000000000002,17.64132904734507
140.0,3,0.0013900000000000002,17.569960024414954
140.0,3,0.0014,17.498498665332455
150.0,1,0.0,21.31776508929018
150.0,1,2.3333333333333332e-05,21.30149941192891
150.0,1,4.6666666666666665e-05,21.284988650786033
150.0,1,7e-05,21.268232548317936
150.0,1,9.333333333333333e-05,21.25123137190334
150.0,1,0.00011666666666666667,21.23398434619766
150.0,1,0.00014,21.216491201454446
150.0,1,0.00016333333333333334,21.198752222956116
150.0,1,0.00018666666666666666,21.18076661366927
150.0,1,0.00020999999999999998,21.16253408988098
150.0,1,0.00023333333333333333,21.144054971279942
150.0,1,0.00025666666666666665,21.125328423466723
150.0,1,0.00028,21.106354145173757
150.0,1,0.0003033333333333333,21.0871325128525
150.0,1,0.0003266666666666667,21.067662634160914
150.0,1,0.00035,21.04794418340755
150.0,1,0.0003733333333333333,21.02797762757422
150.0,1,0.00039666666666666664,21.007761986556428
150.0,1,0.00041999999999999996,20.98729689643035
150.0,1,0.00044333333333333334,20.966582972021367
150.0,1,0.00046666666666666666,20.945619097779616
150.0,1,0.00049,20.92440484002908
150.0,1,0.0005133333333333333,20.902941073677024
150.0,1,0.0005366666666666666,20.881226463083728
150.0,1,0.00056,20.859260414446407
150.0,1,0.0005833333333333333,20.837044332843682
150.0,1,0.0006066666666666666,20.814576503398627
150.0,1,0.00063,20.791855777331694
150.0,1,0.0006533333333333333,20.768884994793087
150.0,1,0.0006766666666666667,20.74566236352921
150.0,1,0.0007,20.72218434811715
150.0,2,0.0007,20.722184348117146
150.0,2,0.0007133333333333333,20.70617723253537
150.0,2,0.0007266666666666667,20.687963505282276
150.0,2,0.00074,20.66756957079422
150.0,2,0.0007533333333333333,20.64500766108094
150.0,2,0.0007666666666666667,20.62024955513151
150.0,2,0.00078,20.59330157779095
150.0,2,0.0007933333333333333,20.564176264995613
150.0,2,0.0008066666666666667,20.53285803541192
150.0,2,0.00082,20.49934901472929
150.0,2,0.0008333333333333333,20.463659545488493
150.0,2,0.0008466666666666667,20.425778817972176
150.0,2,0.00086,20.385708117660744
150.0,2,0.0008733333333333334,20.343457086015512
150.0,2,0.0008866666666666667,20.299017230210826
150.0,2,0.0009,20.252389703756606
150.0,2,0.0009133333333333333,20.20358440049285
150.0,2,0.0009266666666666667,20.152593969396424
150.0,2,0.00094,20.099419577898868
150.0,2,0.0009533333333333334,20.04407220996977
150.0,2,0.0009666666666666667,19.98654480426316
150.0,2,0.00098,19.92683838993071
150.0,2,0.0009933333333333333,19.86496619111947
150.0,2,0.0010066666666666666,19.800920477266697
150.0,2,0.00102,19.73470143215406
150.0,2,0.0010333333333333334,19.66632692554193
150.0,2,0.0010466666666666667,19.59578707235293
150.0,2,0.00106,19.52307789639201
150.0,2,0.0010733333333333333,19.448229641076583
150.0,2,0.0010866666666666668,19.371232710944327
150.0,2,0.0011,19.29206335093813
150.0,3,0.0011,19.29206335093813
150.0,3,0.00111,19.223801490095152
150.0,3,0.0011200000000000001,19.15544203749868
150.0,3,0.0011300000000000001,19.086986384533926
150.0,3,0.00114,19.01843525631739
150.0,3,0.00115,18.949787607203458
150.0,3,0.00116,18.881043916686924
150.0,3,0.00117,18.812204880927275
150.0,3,0.00118,18.743270003596407
150.0,3,0.00119,18.674239552754145
150.0,3,0.0012000000000000001,18.605114080285855
150.0,3,0.0012100000000000001,18.535893293171675
150.0,3,0.0012200000000000002,18.466577398749727
150.0,3,0.00123,18.397166865072165
150.0,3,0.00124,18.32766149861159
150.0,3,0.00125,18.258061479815524
150.0,3,0.00126,18.188367224398146
150.0,3,0.00127,18.118578594420644
150.0,3,0.00128,18.04869575437697
150.0,3,0.0012900000000000001,17.978719084660128
150.0,3,0.0013,17.908648479717087
150.0,3,0.00131,17.83848409201445
150.0,3,0.00132,17.768226276632966
150.0,3,0.00133,17.6978749460895
150.0,3,0.00134,17.627430242050465
150.0,3,0.00135,17.55689250078452
150.0,3,0.00136,17.48626164302336
150.0,3,0.0013700000000000001,17.41553779977918
150.0,3,0.0013800000000000002,17.344721293383593
150.0,3,0.0013900000000000002,17.273812045486757
150.0,3,0.0014,17.202810176284974
160.0,1,0.0,21.009987196056024
160.0,1,2.3333333333333332e-05,20.993402740442956
160.0,1,4.6666666666666665e-05,20.976569288829676
160.0,1,7e-05,20.9594865739862
160.0,1,9.333333333333333e-05,20.94215486167762
160.0,1,0.00011666666666666667,20.92457334785362
160.0,1,0.00014,20.90674174168909
160.0,1,0.00016333333333333334,20.88866031611588
160.0,1,0.00018666666666666666,20.870328233747067
160.0,1,0.00020999999999999998,20.85174517829022
160.0,1,0.00023333333333333333,20.832911446637574
160.0,1,0.00025666666666666665,20.813826151946806
160.0,1,0.00028,20.794488948688418
160.0,1,0.0003033333333333333,20.774900180461675
160.0,1,0.0003266666666666667,20.755058889812286
160.0,1,0.00035,20.734964694830428
160.0,1,0.0003733333333333333,20.714618020235694
160.0,1,0.00039666666666666664,20.69401780738475
160.0,1,0.00041999999999999996,20.673163623825143
160.0,1,0.00044333333333333334,20.652056034023673
160.0,1,0.00046666666666666666,20.630693829531573
160.0,1,0.00049,20.609076495413163
160.0,1,0.0005133333333333333,20.587204851122753
160.0,1,0.0005366666666666666,20.565077452598825
160.0,1,0.00056,20.54269361106062
160.0,1,0.0005833333333333333,20.520054678491054
160.0,1,0.0006066666666666666,20.497158814290852
160.0,1,0.00063,20.474004754349135
160.0,1,0.0006533333333333333,20.450595311037688
160.0,1,0.0006766666666666667,20.426928558954987
160.0,1,0.0007,20.403000789431545
160.0,2,0.0007,20.403000789431545
160.0,2,0.0007133333333333333,20.386712892942256
160.0,2,0.0007266666666666667,20.368252782320784
160.0,2,0.00074,20.34764591854729
160.0,2,0.0007533333333333333,20.32490382784284
160.0,2,0.0007666666666666667,20.299998250602012
160.0,2,0.00078,20.272934968212688
160.0,2,0.0007933333333333333,20.243725902572002
160.0,2,0.0008066666666666667,20.212355335313795
160.0,2,0.00082,20.178825020128453
160.0,2,0.0008333333333333333,20.143144826366598
160.0,2,0.0008466666666666667,20.10530383515286
160.0,2,0.00086,20.06530307681369
160.0,2,0.0008733333333333334,20.023151834966367
160.0,2,0.0008866666666666667,19.978841572450083
160.0,2,0.0009,19.932373291846755
160.0,2,0.0009133333333333333,19.883756628737014
160.0,2,0.0009266666666666667,19.832984270202424
160.0,2,0.00094,19.780057333986928
160.0,2,0.0009533333333333334,19.724986632341704
160.0,2,0.0009666666666666667,19.66776523732459
160.0,2,0.00098,19.608394231727715
160.0,2,0.0009933333333333333,19.546886737673905
160.0,2,0.0010066666666666666,19.48323526809843
160.0,2,0.00102,19.41744017481748
160.0,2,0.0010333333333333334,19.3495192612257
160.0,2,0.0010466666666666667,19.279463019242748
160.0,2,0.00106,19.207267804347982
160.0,2,0.0010733333333333333,19.132963714152083
160.0,2,0.0010866666666666668,19.056541618607344
160.0,2,0.0011,18.97797846349586
160.0,3,0.0011,18.97797846349586
160.0,3,0.00111,18.91024255258069
160.0,3,0.0011200000000000001,18.842406748704647
160.0,3,0.0011300000000000001,18.774472488617974
160.0,3,0.00114,18.70644052691218
160.0,3,0.00115,18.638309805296064
160.0,3,0.00116,18.57008082659044
160.0,3,0.00117,18.501754315188798
160.0,3,0.00118,18.433329774457047
160.0,3,0.00119,18.364807489962754
160.0,3,0.0012000000000000001,18.296188037483912
160.0,3,0.0012100000000000001,18.227471127486012
160.0,3,0.0012200000000000002,18.15865698224781
160.0,3,0.00123,18.089746090508804
160.0,3,0.00124,18.020738263286585
160.0,3,0.00125,17.951633693960517
160.0,3,0.00126,17.882432816256657
160.0,3,0.00127,17.81313549660957
160.0,3,0.00128,17.743741910530698
160.0,3,0.0012900000000000001,17.674252454012407
160.0,3,0.0013,17.604667025035617
160.0,3,0.00131,17.53498578516643
160.0,3,0.00132,17.465209102831896
160.0,3,0.00133,17.39533689284311
160.0,3,0.00134,17.325369304030822
160.0,3,0.00135,17.255306683877365
160.0,3,0.00136,17.185148953912087
160.0,3,0.0013700000000000001,17.11489625036511
160.0,3,0.0013800000000000002,17.044548904756695
160.0,3,0.0013900000000000002,16.97410683786214
160.0,3,0.0014,16.903570173146182
170.0,1,0.0,20.694325904726355
170.0,1,2.3333333333333332e-05,20.677412109664406
170.0,1,4.6666666666666665e-05,20.660240500278796
170.0,1,7e-05,20.642810793797793
170.0,1,9.333333333333333e-05,20.62512325889511
170.0,1,0.00011666666666666667,20.60717704534558
170.0,1,0.00014,20.588971833763754
170.0,1,0.00016333333333333334,20.570507888264416
170.0,1,0.00018666666666666666,20.551784311852504
170.0,1,0.00020999999999999998,20.532800746574292
170.0,1,0.00023333333333333333,20.513557469488887
170.0,1,0.00025666666666666665,20.494053520040286
170.0,1,0.00028,20.47428849778945
170.0,1,0.0003033333333333333,20.454262716461926
170.0,1,0.0003266666666666667,20.433975129917936
170.0,1,0.00035,20.413425287827266
170.0,1,0.0003733333333333333,20.392613576505394
170.0,1,0.00039666666666666664,20.371538832458768
170.0,1,0.00041999999999999996,20.350200540856306
170.0,1,0.00044333333333333334,20.32859922192879
170.0,1,0.00046666666666666666,20.30673354450328
170.0,1,0.00049,20.28460289644949
170.0,1,0.0005133333333333333,20.262208052689694
170.0,1,0.0005366666666666666,20.23954742586863
170.0,1,0.00056,20.216620212552566
170.0,1,0.0005833333333333333,20.19342773312958
170.0,1,0.0006066666666666666,20.16996797826723
170.0,1,0.00063,20.14623953713668
170.0,1,0.0006533333333333333,20.122245245267433
170.0,1,0.0006766666666666667,20.09798299934855
170.0,1,0.0007,20.073448836681656
170.0,2,0.0007,20.07344883668166
170.0,2,0.0007133333333333333,20.05677971622917
170.0,2,0.0007266666666666667,20.03797916110391
170.0,2,0.00074,20.017071634672792
170.0,2,0.0007533333333333333,19.994067937991964
170.0,2,0.0007666666666666667,19.96893986354821
170.0,2,0.00078,19.941692635060324
170.0,2,0.0007933333333333333,19.912337523954733
170.0,2,0.0008066666666666667,19.880858716575148
170.0,2,0.00082,19.847257583956903
170.0,2,0.0008333333333333333,19.81154348694111
170.0,2,0.0008466666666666667,19.773705422675317
170.0,2,0.00086,19.73374415702243
170.0,2,0.0008733333333333334,19.69166858262092
170.0,2,0.0008866666666666667,19.64747013743001
170.0,2,0.0009,19.601149665710007
170.0,2,0.0009133333333333333,19.552716512864578
170.0,2,0.0009266666666666667,19.50216342235826
170.0,2,0.00094,19.449491457102127
170.0,2,0.0009533333333333334,19.394711224995717
170.0,2,0.0009666666666666667,19.337815951263014
170.0,2,0.00098,19.278806769780427
170.0,2,0.0009933333333333333,19.217696663469795
170.0,2,0.0010066666666666666,19.154478411543025
170.0,2,0.00102,19.089152533751665
170.0,2,0.0010333333333333334,19.021736715112496
170.0,2,0.0010466666666666667,18.952221849406666
170.0,2,0.00106,18.880604628196036
170.0,2,0.0010733333333333333,18.806914904655546
170.0,2,0.0010866666666666668,18.731144023073977
170.0,2,0.0011,18.65326967398013
170.0,3,0.0011,18.65326967398013
170.0,3,0.00111,18.586131348188232
170.0,3,0.0011200000000000001,18.518888794809794
170.0,3,0.0011300000000000001,18.451543525587123
170.0,3,0.00114,18.38409634032437
170.0,3,0.00115,18.316546146911303
170.0,3,0.00116,18.24889348210332
170.0,3,0.00117,18.181139113645298
170.0,3,0.00118,18.113282534851724
170.0,3,0.00119,18.04532405497416
170.0,3,0.0012000000000000001,17.977264285763425
170.0,3,0.0012100000000000001,17.90910293562758
170.0,3,0.0012200000000000002,17.84084024665706
170.0,3,0.00123,17.77247673856713
170.0,3,0.00124,17.704012223401744
170.0,3,0.00125,17.63544691172815
170.0,3,0.00126,17.566781264422232
170.0,3,0.00127,17.49801514986719
170.0,3,0.00128,17.429148758445745
170.0,3,0.0012900000000000001,17.360182510076655
170.0,3,0.0013,17.291116304445467
170.0,3,0.00131,17.221950315736567
170.0,3,0.00132,17.15268493343401
170.0,3,0.00133,17.08332007309735
170.0,3,0.00134,17.013855893918343
170.0,3,0.00135,16.944292761810956
170.0,3,0.00136,16.87463059762366
170.0,3,0.0013700000000000001,16.804869545672265
170.0,3,0.0013800000000000002,16.735009953483782
170.0,3,0.0013900000000000002,16.665051739387902
170.0,3,0.0014,16.594995032647144
180.0,1,0.0,20.36431449959366
180.0,1,2.3333333333333332e-05,20.347053894826306
180.0,1,4.6666666666666665e-05,20.329521246073064
180.0,1,7e-05,20.3117162493178
180.0,1,9.333333333333333e-05,20.293639182106354
180.0,1,0.00011666666666666667,20.2752891307914
180.0,1,0.00014,20.25666574141078
180.0,1,0.00016333333333333334,20.23776927557206
180.0,1,0.00018666666666666666,20.21859875887707
180.0,1,0.00020999999999999998,20.19915378530125
180.0,1,0.00023333333333333333,20.179434619041338
180.0,1,0.00025666666666666665,20.159440207069558
180.0,1,0.00028,20.139170087072
180.0,1,0.0003033333333333333,20.118624550928853
180.0,1,0.0003266666666666667,20.09780244351578
180.0,1,0.00035,20.076703238267786
180.0,1,0.0003733333333333333,20.055327292772656
180.0,1,0.00039666666666666664,20.033673316003306
180.0,1,0.00041999999999999996,20.011740701583445
180.0,1,0.00044333333333333334,19.98952993789992
180.0,1,0.00046666666666666666,19.967039544715238
180.0,1,0.00049,19.944268801276564
180.0,1,0.0005133333333333333,19.921218455385684
180.0,1,0.0005366666666666666,19.897886744346923
180.0,1,0.00056,19.874272734247267
180.0,1,0.0005833333333333333,19.850377742245506
180.0,1,0.0006066666666666666,19.82619954897256
180.0,1,0.00063,19.80173656793623
180.0,1,0.0006533333333333333,19.776991717416905
180.0,1,0.0006766666666666667,19.75196267257309
180.0,1,0.0007,19.726645134166723
180.0,2,0.0007,19.726645134166727
180.0,2,0.0007133333333333333,19.70948129457066
180.0,2,0.0007266666666666667,19.690233839907872
180.0,2,0.00074,19.668926231591197
180.0,2,0.0007533333333333333,19.645568582204692
180.0,2,0.0007666666666666667,19.620132895542056
180.0,2,0.00078,19.592623881817772
180.0,2,0.0007933333333333333,19.563052180797335
180.0,2,0.0008066666666666667,19.531401984871145
180.0,2,0.00082,19.497674321022036
180.0,2,0.0008333333333333333,19.461878047931812
180.0,2,0.0008466666666666667,19.424002145527375
180.0,2,0.00086,19.384047137063497
180.0,2,0.0008733333333333334,19.342021513886284
180.0,2,0.0008866666666666667,19.297916730584102
180.0,2,0.0009,19.251733478300483
180.0,2,0.0009133333333333333,19.203480784822002
180.0,2,0.0009266666666666667,19.15315147226063
180.0,2,0.00094,19.100746538438337
180.0,2,0.0009533333333333334,19.04627634046159
180.0,2,0.0009666666666666667,18.989734262325804
180.0,2,0.00098,18.931121462828933
180.0,2,0.0009933333333333333,18.870450715069694
180.0,2,0.0010066666666666666,18.807715054891442
180.0,2,0.00102,18.74291512895887
180.0,2,0.0010333333333333334,18.676068401227507
180.0,2,0.0010466666666666667,18.607166148495963
180.0,2,0.00106,18.536205356010463
180.0,2,0.0010733333333333333,18.46321547713184
180.0,2,0.0010866666666666668,18.388188299525442
180.0,2,0.0011,18.311102270233327
180.0,3,0.0011,18.311102270233327
180.0,3,0.00111,18.244647778911677
180.0,3,0.0011200000000000001,18.178082533435482
180.0,3,0.0011300000000000001,18.111408152076415
180.0,3,0.00114,18.044625496415193
180.0,3,0.00115,17.97773341729945
180.0,3,0.00116,17.910732496442762
180.0,3,0.00117,17.843623560816347
180.0,3,0.00118,17.776406082753176
180.0,3,0.00119,17.709080401409526
180.0,3,0.0012000000000000001,17.641647177084135
180.0,3,0.0012100000000000001,17.574106109701045
180.0,3,0.0012200000000000002,17.506457465952593
180.0,3,0.00123,17.438701807153546
180.0,3,0.00124,17.37083894211406
180.0,3,0.00125,17.302869102707906
180.0,3,0.00126,17.2347927863436
180.0,3,0.00127,17.16660986027957
180.0,3,0.00128,17.098320533472545
180.0,3,0.0012900000000000001,17.02992525830463
180.0,3,0.0013,16.961423933773588
180.0,3,0.00131,16.892816750074452
180.0,3,0.00132,16.82410412568312
180.0,3,0.00133,16.75528597489435
180.0,3,0.00134,16.68636247039066
180.0,3,0.00135,16.617334004016378
180.0,3,0.00136,16.548200494103025
180.0,3,0.0013700000000000001,16.478962095940766
180.0,3,0.0013800000000000002,16.409619180252236
180.0,3,0.0013900000000000002,16.340171661113473
180.0,3,0.0014,16.270619676241264
190.0,1,0.0,20.013535448501983
190.0,1,2.3333333333333332e-05,19.99590443227678
190.0,1,4.6666666666666665e-05,19.97798268597235
190.0,1,7e-05,19.959769882357314
190.0,1,9.333333333333333e-05,19.94126631550919
190.0,1,0.00011666666666666667,19.92247100226679
190.0,1,0.00014,19.903383557349517
190.0,1,0.00016333333333333334,19.884004253208975
190.0,1,0.00018666666666666666,19.86433203707021
190.0,1,0.00020999999999999998,19.844366463350823
190.0,1,0.00023333333333333333,19.824107802739906
190.0,1,0.00025666666666666665,19.80355491373069
190.0,1,0.00028,19.782707285950732
190.0,1,0.0003033333333333333,19.761565215250915
190.0,1,0.0003266666666666667,19.740127446322848
190.0,1,0.00035,19.718393395555438
190.0,1,0.0003733333333333333,19.69636342478131
190.0,1,0.00039666666666666664,19.674036128807614
190.0,1,0.00041999999999999996,19.65141083427307
190.0,1,0.00044333333333333334,19.628488038893426
190.0,1,0.00046666666666666666,19.6052661307392
190.0,1,0.00049,19.581744309976376
190.0,1,0.0005133333333333333,19.557923348309725
190.0,1,0.0005366666666666666,19.53380132765177
190.0,1,0.00056,19.509377216436484
190.0,1,0.0005833333333333333,19.484652392927494
190.0,1,0.0006066666666666666,19.459624447045503
190.0,1,0.00063,19.4342916457501
190.0,1,0.0006533333333333333,19.408657079813526
190.0,1,0.0006766666666666667,19.38271822437058
190.0,1,0.0007,19.35647043974054
190.0,2,0.0007,19.356470439740544
190.0,2,0.0007133333333333333,19.33871745556276
190.0,2,0.0007266666666666667,19.318933371857852
190.0,2,0.00074,19.29714090781651
190.0,2,0.0007533333333333333,19.273349760545912
190.0,2,0.0007666666666666667,19.247532476670532
190.0,2,0.00078,19.219693488835883
190.0,2,0.0007933333333333333,19.189843006571895
190.0,2,0.0008066666666666667,19.157965463016165
190.0,2,0.00082,19.124061714974765
190.0,2,0.0008333333333333333,19.088140256421973
190.0,2,0.0008466666666666667,19.050190209499995
190.0,2,0.00086,19.010211965491383
190.0,2,0.0008733333333333334,18.968213688653762
190.0,2,0.0008866666666666667,18.924186941568372
190.0,2,0.0009,18.878132309805263
190.0,2,0.0009133333333333333,18.830058513817892
190.0,2,0.0009266666666666667,18.77995848142536
190.0,2,0.00094,18.72783313104806
190.0,2,0.0009533333333333334,18.673692515141067
190.0,2,0.0009666666666666667,18.617530142805872
190.0,2,0.00098,18.559347123902008
190.0,2,0.0009933333333333333,18.49915590314624
190.0,2,0.0010066666666666666,18.436949682968475
190.0,2,0.00102,18.37272910727632
190.0,2,0.0010333333333333334,18.306511231437998
190.0,2,0.0010466666666666667,18.238287572181928
190.0,2,0.00106,18.168055228720842
190.0,2,0.0010733333333333333,18.09584297666175
190.0,2,0.0010866666666666668,18.021642843730454
190.0,2,0.0011,17.94543384642511
190.0,3,0.0011,17.94543384642511
190.0,3,0.00111,17.879739966566266
190.0,3,0.0011200000000000001,17.813927357184994
190.0,3,0.0011300000000000001,17.74799775592321
190.0,3,0.00114,17.681952089202056
190.0,3,0.00115,17.615789127834468
190.0,3,0.00116,17.549509498140175
190.0,3,0.00117,17.483114089311485
190.0,3,0.00118,17.416602338259505
190.0,3,0.00119,17.349974611089817
190.0,3,0.0012000000000000001,17.283231618104804
190.0,3,0.0012100000000000001,17.21637303996459
190.0,3,0.0012200000000000002,17.14939916483064
190.0,3,0.00123,17.082310596608913
190.0,3,0.00124,17.015107132387094
190.0,3,0.00125,16.947789022679608
190.0,3,0.00126,16.880356802546036
190.0,3,0.00127,16.812810331381595
190.0,3,0.00128,16.74514983476904
190.0,3,0.0012900000000000001,16.67737579912332
190.0,3,0.0013,16.609488117481096
190.0,3,0.00131,16.54148699491981
190.0,3,0.00132,16.473372881106982
190.0,3,0.00133,16.405145685074025
190.0,3,0.00134,16.336805592715823
190.0,3,0.00135,16.268353024738005
190.0,3,0.00136,16.19978789408499
190.0,3,0.0013700000000000001,16.13111036759003
190.0,3,0.0013800000000000002,16.062320842897748
190.0,3,0.0013900000000000002,15.993419227971874
190.0,3,0.0014,15.924405670387234
200.0,1,0.0,19.63818354975573
200.0,1,2.3333333333333332e-05,19.62015619746211
200.0,1,4.6666666666666665e-05,19.60181817224761
200.0,1,7e-05,19.583169127307055
200.0,1,9.333333333333333e-05,19.564209379643057
200.0,1,0.00011666666666666667,19.544937887375063
200.0,1,0.00014,19.525354247507323
200.0,1,0.00016333333333333334,19.505458759722096
200.0,1,0.00018666666666666666,19.485250313775055
200.0,1,0.00020999999999999998,19.464728448328483
200.0,1,0.00023333333333333333,19.44389346720979
200.0,1,0.00025666666666666665,19.42274417180135
200.0,1,0.00028,19.401280038056772
200.0,1,0.0003033333333333333,19.379501403104154
200.0,1,0.0003266666666666667,19.357406953766336
200.0,1,0.00035,19.334996094856685
200.0,1,0.0003733333333333333,19.31226924089919
200.0,1,0.00039666666666666664,19.28922492634071
200.0,1,0.00041999999999999996,19.265862467886986
200.0,1,0.00044333333333333334,19.242182432522462
200.0,1,0.00046666666666666666,19.21818314226973
200.0,1,0.00049,19.193863787009224
200.0,1,0.0005133333333333333,19.169225233562514
200.0,1,0.0005366666666666666,19.144265485620217
200.0,1,0.00056,19.118983493828996
200.0,1,0.0005833333333333333,19.093380778565148
200.0,1,0.0006066666666666666,19.06745482621596
200.0,1,0.00063,19.041203846329076
200.0,1,0.0006533333333333333,19.014631189270204
200.0,1,0.0006766666666666667,18.987734223720338
200.0,1,0.0007,18.960508066061628
200.0,2,0.0007,18.960508066061628
200.0,2,0.0007133333333333333,18.942134796593066
200.0,2,0.0007266666666666667,18.92178310021556
200.0,2,0.00074,18.89947535458817
200.0,2,0.0007533333333333333,18.875221227788533
200.0,2,0.0007666666666666667,18.848994168452695
200.0,2,0.00078,18.820798661528357
200.0,2,0.0007933333333333333,18.790644791725118
200.0,2,0.0008066666666666667,18.758517507733867
200.0,2,0.00082,18.72441773811623
200.0,2,0.0008333333333333333,18.688353830807657
200.0,2,0.0008466666666666667,18.650315242788434
200.0,2,0.00086,18.61030239443034
200.0,2,0.0008733333333333334,18.568323261913005
200.0,2,0.0008866666666666667,18.524369631962976
200.0,2,0.0009,18.47844206937876
200.0,2,0.0009133333333333333,18.430549049847993
200.0,2,0.0009266666666666667,18.380683649026906
200.0,2,0.00094,18.328846716369164
200.0,2,0.0009533333333333334,18.2750479868168
200.0,2,0.0009666666666666667,18.219281063603006
200.0,2,0.00098,18.161546944022735
200.0,2,0.0009933333333333333,18.10185765487543
200.0,2,0.0010066666666666666,18.040206459700816
200.0,2,0.00102,17.97659385914072
200.0,2,0.0010333333333333334,17.91103632723741
200.0,2,0.0010466666666666667,17.843525434753783
200.0,2,0.00106,17.77405817260528
200.0,2,0.0010733333333333333,17.70266237384917
200.0,2,0.0010866666666666668,17.629330042004213
200.0,2,0.0011,17.55404048556541
200.0,3,0.0011,17.55404048556541
200.0,3,0.00111,17.489143926729486
200.0,3,0.0011200000000000001,17.424120832792248
200.0,3,0.0011300000000000001,17.358973044188136
200.0,3,0.00114,17.29370153696418
200.0,3,0.00115,17.22830499018013
200.0,3,0.00116,17.162784060383316
200.0,3,0.00117,17.09713968446169
200.0,3,0.00118,17.03137125193261
200.0,3,0.00119,16.965479142790695
200.0,3,0.0012000000000000001,16.899464104138556
200.0,3,0.0012100000000000001,16.833325786188617
200.0,3,0.0012200000000000002,16.76706448690695
200.0,3,0.00123,16.700680841126395
200.0,3,0.00124,16.634174624311118
200.0,3,0.00125,16.567546095550508
200.0,3,0.00126,16.500795817605155
200.0,3,0.00127,16.4339236336742
200.0,3,0.00128,16.366929777651343
200.0,3,0.0012900000000000001,16.299814761859963
200.0,3,0.0013,16.232578466771464
200.0,3,0.00131,16.1652211058661
200.0,3,0.00132,16.09774315375599
200.0,3,0.00133,16.030144509412093
200.0,3,0.00134,15.962425367330392
200.0,3,0.00135,15.89458617271745
200.0,3,0.00136,15.826626830169678
200.0,3,0.0013700000000000001,15.758547515322318
200.0,3,0.0013800000000000002,15.690348650255105
200.0,3,0.0013900000000000002,15.62203013570044
200.0,3,0.0014,15.553592128210251
210.0,1,0.0,19.23978118680205
210.0,1,2.3333333333333332e-05,19.22133556340903
210.0,1,4.6666666666666665e-05,19.202562925398702
210.0,1,7e-05,19.18346291526015
210.0,1,9.333333333333333e-05,19.16403587474705
210.0,1,0.00011666666666666667,19.144280729109163
210.0,1,0.00014,19.12419707679307
210.0,1,0.00016333333333333334,19.103785256170355
210.0,1,0.00018666666666666666,19.083044135714548
210.0,1,0.00020999999999999998,19.0619732675743
210.0,1,0.00023333333333333333,19.040573009178626
210.0,1,0.00025666666666666665,19.01884215127301
210.0,1,0.00028,18.99678019511153
210.0,1,0.0003033333333333333,18.974387547640628
210.0,1,0.0003266666666666667,18.951662894438023
210.0,1,0.00035,18.928605676978137
210.0,1,0.0003733333333333333,18.905216397756252
210.0,1,0.00039666666666666664,18.88149359748958
210.0,1,0.00041999999999999996,18.857436639922927
210.0,1,0.00044333333333333334,18.833046201321633
210.0,1,0.00046666666666666666,18.808320614299145
210.0,1,0.00049,18.78325912375946
210.0,1,0.0005133333333333333,18.757862733052047
210.0,1,0.0005366666666666666,18.732129454771098
210.0,1,0.00056,18.706058295916787
210.0,1,0.0005833333333333333,18.679650955033146
210.0,1,0.0006066666666666666,18.652904914233787
210.0,1,0.00063,18.625818414837976
210.0,1,0.0006533333333333333,18.59839507783899
210.0,1,0.0006766666666666667,18.570632269044882
210.0,1,0.0007,18.54252499951689
210.0,2,0.0007,18.542524999516893
210.0,2,0.0007133333333333333,18.52359382582259
210.0,2,0.0007266666666666667,18.502731961531232
210.0,2,0.00074,18.47996170561412
210.0,2,0.0007533333333333333,18.455292934963285
210.0,2,0.0007666666666666667,18.428700146478008
210.0,2,0.00078,18.400188096488034
210.0,2,0.0007933333333333333,18.369766979187663
210.0,2,0.0008066666666666667,18.33742242279559
210.0,2,0.00082,18.303155615595195
210.0,2,0.0008333333333333333,18.266974958492987
210.0,2,0.0008466666666666667,18.228870382832262
210.0,2,0.00086,18.188842482419947
210.0,2,0.0008733333333333334,18.14689919576676
210.0,2,0.0008866666666666667,18.10303262985712
210.0,2,0.0009,18.057243420634727
210.0,2,0.0009133333333333333,18.009539894797637
210.0,2,0.0009266666666666667,17.95991532017098
210.0,2,0.00094,17.908370513367313
210.0,2,0.0009533333333333334,17.854914932579725
210.0,2,0.0009666666666666667,17.799542265979266
210.0,2,0.00098,17.742253380361596
210.0,2,0.0009933333333333333,17.683059876213857
210.0,2,0.0010066666666666666,17.621955020217396
210.0,2,0.00102,17.55893910586722
210.0,2,0.0010333333333333334,17.494027984143113
210.0,2,0.0010466666666666667,17.42721318652599
210.0,2,0.00106,17.358491500630713
210.0,2,0.0010733333333333333,17.287889776620172
210.0,2,0.0010866666666666668,17.215399894254098
210.0,2,0.0011,17.141001329710893
210.0,3,0.0011,17.141001329710893
210.0,3,0.00111,17.076877598061152
210.0,3,0.0011200000000000001,17.012621591210223
210.0,3,0.0011300000000000001,16.94823521600577
210.0,3,0.00114,16.88371947593232
210.0,3,0.00115,16.819072973773853
210.0,3,0.00116,16.754296379481637
210.0,3,0.00117,16.689390656320047
210.0,3,0.00118,16.624355150540623
210.0,3,0.00119,16.559190244067445
210.0,3,0.0012000000000000001,16.493896702979345
210.0,3,0.0012100000000000001,16.428474147338363
210.0,3,0.0012200000000000002,16.362922874784253
210.0,3,0.00123,16.297243535622155
210.0,3,0.00124,16.231435882513903
210.0,3,0.00125,16.165500174245103
210.0,3,0.00126,16.09943698765694
210.0,3,0.00127,16.03324614815489
210.0,3,0.00128,15.966927890201106
210.0,3,0.0012900000000000001,15.90048273998758
210.0,3,0.0013,15.833910563995927
210.0,3,0.00131,15.767211577510345
210.0,3,0.00132,15.700386269498233
210.0,3,0.00133,15.633434527996974
210.0,3,0.00134,15.566356550688852
210.0,3,0.00135,15.49915279806336
210.0,3,0.00136,15.431823166308002
210.0,3,0.0013700000000000001,15.364367835670542
210.0,3,0.0013800000000000002,15.296787244753109
210.0,3,0.0013900000000000002,15.229081287993726
210.0,3,0.0014,15.161250127984944
220.0,1,0.0,18.82396863808747
220.0,1,2.3333333333333332e-05,18.805088970931703
220.0,1,4.6666666666666665e-05,18.785870255080134
220.0,1,7e-05,18.76631212312192
220.0,1,9.333333333333333e-05,18.74641493304759
220.0,1,0.00011666666666666667,18.726177579845068
220.0,1,0.00014,18.705599656922775
220.0,1,0.00016333333333333334,18.68468152511359
220.0,1,0.00018666666666666666,18.66342202697639
220.0,1,0.00020999999999999998,18.64182071427284
220.0,1,0.00023333333333333333,18.61987797372093
220.0,1,0.00025666666666666665,18.597592573578535
220.0,1,0.00028,18.574964018971336
220.0,1,0.0003033333333333333,18.551992753739082
220.0,1,0.0003266666666666667,18.528677443153494
220.0,1,0.00035,18.5050175361752
220.0,1,0.0003733333333333333,18.481013581001505
220.0,1,0.00039666666666666664,18.4566640984482
220.0,1,0.00041999999999999996,18.431968462288694
220.0,1,0.00044333333333333334,18.406927405483042
220.0,1,0.00046666666666666666,18.381539238426075
220.0,1,0.00049,18.355803216575875
220.0,1,0.0005133333333333333,18.329720415565543
220.0,1,0.0005366666666666666,18.303288818878034
220.0,1,0.00056,18.276507439699017
220.0,1,0.0005833333333333333,18.249378076195544
220.0,1,0.0006066666666666666,18.221898166284205
220.0,1,0.00063,18.194065933930336
220.0,1,0.0006533333333333333,18.16588516807901
220.0,1,0.0006766666666666667,18.137353188252604
220.0,1,0.0007,18.10846487872179
220.0,2,0.0007,18.10846487872179
220.0,2,0.0007133333333333333,18.089040777882605
220.0,2,0.0007266666666666667,18.067731890279198
220.0,2,0.00074,18.04456016041384
220.0,2,0.0007533333333333333,18.019535406247915
220.0,2,0.0007666666666666667,17.992632899781846
220.0,2,0.00078,17.963857443945308
220.0,2,0.0007933333333333333,17.933219149372697
220.0,2,0.0008066666666666667,17.900704138275565
220.0,2,0.00082,17.866313710250278
220.0,2,0.0008333333333333333,17.83005620235408
220.0,2,0.0008466666666666667,17.791921913842664
220.0,2,0.00086,17.751911536280485
220.0,2,0.0008733333333333334,17.71003292407406
220.0,2,0.0008866666666666667,17.66627846860723
220.0,2,0.0009,17.620648868125972
220.0,2,0.0009133333333333333,17.573152319093516
220.0,2,0.0009266666666666667,17.52378231032431
220.0,2,0.00094,17.472539679358977
220.0,2,0.0009533333333333334,17.41943368860847
220.0,2,0.0009666666666666667,17.364458201496877
220.0,2,0.00098,17.307614068776505
220.0,2,0.0009933333333333333,17.24891260727646
220.0,2,0.0010066666666666666,17.188347237363345
220.0,2,0.00102,17.125918219747152
220.0,2,0.0010333333333333334,17.06164098774366
220.0,2,0.0010466666666666667,16.995507243039278
220.0,2,0.00106,16.927513801299664
220.0,2,0.0010733333333333333,16.857686799400007
220.0,2,0.0010866666666666668,16.786018256483793
220.0,2,0.0011,16.712488082686637
220.0,3,0.0011,16.712488082686637
220.0,3,0.00111,16.64911793845994
220.0,3,0.0011200000000000001,16.58561110587116
220.0,3,0.0011300000000000001,16.52196955199286
220.0,3,0.00114,16.458194310437495
220.0,3,0.00115,16.394283934111463
220.0,3,0.00116,16.33023911204279
220.0,3,0.00117,16.266060836398992
220.0,3,0.00118,16.201748428483544
220.0,3,0.00119,16.13730227986564
220.0,3,0.0012000000000000001,16.072723179149943
220.0,3,0.0012100000000000001,16.008010730800088
220.0,3,0.0012200000000000002,15.943165239536032
220.0,3,0.00123,15.878187374596452
220.0,3,0.00124,15.813076877753895
220.0,3,0.00125,15.747834013887116
220.0,3,0.00126,15.6824593766484
220.0,3,0.00127,15.616952783322871
220.0,3,0.00128,15.551314474014491
220.0,3,0.0012900000000000001,15.485544990411801
220.0,3,0.0013,15.419644192632607
220.0,3,0.00131,15.35361230136264
220.0,3,0.00132,15.287449820234626
220.0,3,0.00133,15.221156632060087
220.0,3,0.00134,15.154732939763813
220.0,3,0.00135,15.088179217986339
220.0,3,0.00136,15.02149535840248
220.0,3,0.0013700000000000001,14.954681546368064
220.0,3,0.0013800000000000002,14.887738234357725
220.0,3,0.0013900000000000002,14.82066531269303
220.0,3,0.0014,14.7534629489431
230.0,1,0.0,18.39265208591387
230.0,1,2.3333333333333332e-05,18.373321105887868
230.0,1,4.6666666666666665e-05,18.353636405037626
230.0,1,7e-05,18.333597590120114
230.0,1,9.333333333333333e-05,18.313205024627017
230.0,1,0.00011666666666666667,18.29245752609861
230.0,1,0.00014,18.27135464034476
230.0,1,0.00016333333333333334,18.249896713997064
230.0,1,0.00018666666666666666,18.228082489415414
230.0,1,0.00020999999999999998,18.205911448376483
230.0,1,0.00023333333333333333,18.18338394430235
230.0,1,0.00025666666666666665,18.160498620656504
230.0,1,0.00028,18.13725488912195
230.0,1,0.0003033333333333333,18.113653141860844
230.0,1,0.0003266666666666667,18.089691892239678
230.0,1,0.00035,18.065370470718108
230.0,1,0.0003733333333333333,18.040689356737854
230.0,1,0.00039666666666666664,18.015646888752173
230.0,1,0.00041999999999999996,17.990242294839188
230.0,1,0.00044333333333333334,17.96447622529563
230.0,1,0.00046666666666666666,17.93834677343859
230.0,1,0.00049,17.91185301910188
230.0,1,0.0005133333333333333,17.884995949574304
230.0,1,0.0005366666666666666,17.857773291059072
230.0,1,0.00056,17.830183846073673
230.0,1,0.0005833333333333333,17.802229340851923
230.0,1,0.0006066666666666666,17.773906907701708
230.0,1,0.00063,17.745214500729634
230.0,1,0.0006533333333333333,17.716155925145053
230.0,1,0.0006766666666666667,17.686728175572014
230.0,1,0.0007,17.656925681915652
230.0,2,0.0007,17.656925681915656
230.0,2,0.0007133333333333333,17.636924758317647
230.0,2,0.0007266666666666667,17.615095757115316
230.0,2,0.00074,17.591459381707608
230.0,2,0.0007533333333333333,17.566024603475554
230.0,2,0.0007666666666666667,17.538766935348484
230.0,2,0.00078,17.509690569830724
230.0,2,0.0007933333333333333,17.478804893459237
230.0,2,0.0008066666666666667,17.446096083189914
230.0,2,0.00082,17.411565083241175
230.0,2,0.0008333333333333333,17.375219708225515
230.0,2,0.0008466666666666667,17.337050328200476
230.0,2,0.00086,17.297057435279687
230.0,2,0.0008733333333333334,17.255248507970126
230.0,2,0.0008866666666666667,17.21161607120936
230.0,2,0.0009,17.166160745866318
230.0,2,0.0009133333333333333,17.11889046133114
230.0,2,0.0009266666666666667,17.069798922848015
230.0,2,0.00094,17.018887001032194
230.0,2,0.0009533333333333334,16.966163772926237
230.0,2,0.0009666666666666667,16.911623420237845
230.0,2,0.00098,16.855266940442537
230.0,2,0.0009933333333333333,16.797105518731183
230.0,2,0.0010066666666666666,16.737133024755533
230.0,2,0.00102,16.67535000456675
230.0,2,0.0010333333333333334,16.61177175961572
230.0,2,0.0010466666666666667,16.546390618087404
230.0,2,0.00106,16.4792039094303
230.0,2,0.0010733333333333333,16.410237434863596
230.0,2,0.0010866666666666668,16.339483937354217
230.0,2,0.0011,16.266924439035957
230.0,3,0.0011,16.266924439035957
230.0,3,0.00111,16.204396849008756
230.0,3,0.0011200000000000001,16.14172543053919
230.0,3,0.0011300000000000001,16.078912285544124
230.0,3,0.00114,16.01595853325446
230.0,3,0.00115,15.952862681666582
230.0,3,0.00116,15.88962548649133
230.0,3,0.00117,15.826248021885169
230.0,3,0.00118,15.762729602767312
230.0,3,0.00119,15.699070669672931
230.0,3,0.0012000000000000001,15.635272080106681
230.0,3,0.0012100000000000001,15.57133344431976
230.0,3,0.0012200000000000002,15.507255108502676
230.0,3,0.00123,15.443037801363486
230.0,3,0.00124,15.37868127429485
230.0,3,0.00125,15.314185828004389
230.0,3,0.00126,15.249552107941456
230.0,3,0.00127,15.184779941135158
230.0,3,0.00128,15.119869598270562
230.0,3,0.0012900000000000001,15.05482166606976
230.0,3,0.0013,14.989636012534312
230.0,3,0.00131,14.924312883750781
230.0,3,0.00132,14.858852822188027
230.0,3,0.00133,14.793255715504564
230.0,3,0.00134,14.727521786850277
230.0,3,0.00135,14.66165154392874
230.0,3,0.00136,14.595644879473252
230.0,3,0.0013700000000000001,14.52950199389243
230.0,3,0.0013800000000000002,14.463223367316555
230.0,3,0.0013900000000000002,14.396808886818174
230.0,3,0.0014,14.330258729857904
240.0,1,0.0,17.934166199352127
240.0,1,2.3333333333333332e-05,17.91434727517249
240.0,1,4.6666666666666665e-05,17.894142561979486
240.0,1,7e-05,17.873551599095236
240.0,1,9.333333333333333e-05,17.852574750091254
240.0,1,0.00011666666666666667,17.83121063148468
240.0,1,0.00014,17.80945865210995
240.0,1,0.00016333333333333334,17.78731909403107
240.0,1,0.00018666666666666666,17.764790426831105
240.0,1,0.00020999999999999998,17.741871924495044
240.0,1,0.00023333333333333333,17.718563812899006
240.0,1,0.00025666666666666665,17.69486438694397
240.0,1,0.00028,17.67077277755621
240.0,1,0.0003033333333333333,17.646289188491096
240.0,1,0.0003266666666666667,17.621411703375454
240.0,1,0.00035,17.596139295794956
240.0,1,0.0003733333333333333,17.570472199698376
240.0,1,0.00039666666666666664,17.544408235581244
240.0,1,0.00041999999999999996,17.517946194466774
240.0,1,0.00044333333333333334,17.491086432634805
240.0,1,0.00046666666666666666,17.463826428505985
240.0,1,0.00049,17.43616473974285
240.0,1,0.0005133333333333333,17.408102032157252
240.0,1,0.0005366666666666666,17.37963530921067
240.0,1,0.00056,17.350762756393394
240.0,1,0.0005833333333333333,17.321485805532102
240.0,1,0.0006066666666666666,17.291800742184268
240.0,1,0.00063,17.26170475510344
240.0,1,0.0006533333333333333,17.23120155453577
240.0,1,0.0006766666666666667,17.200287236576962
240.0,1,0.0007,17.168955027172945
240.0,2,0.0007,17.168955027172945
240.0,2,0.0007133333333333333,17.14798414472547
240.0,2,0.0007266666666666667,17.125273827306437
240.0,2,0.00074,17.100842291738754
240.0,2,0.0007533333333333333,17.074696637807975
240.0,2,0.0007666666666666667,17.04681222469356
240.0,2,0.00078,17.017191780677216
240.0,2,0.0007933333333333333,16.985843060833453
240.0,2,0.0008066666666666667,16.952751857646604
240.0,2,0.00082,16.917918131943473
240.0,2,0.0008333333333333333,16.881348479317783
240.0,2,0.0008466666666666667,16.843033014095376
240.0,2,0.00086,16.802971602770228
240.0,2,0.0008733333333333334,16.761170855015077
240.0,2,0.0008866666666666667,16.71762325888601
240.0,2,0.0009,16.672329125713357
240.0,2,0.0009133333333333333,16.625295815587158
240.0,2,0.0009266666666666667,16.57651725297703
240.0,2,0.00094,16.5259943008351
240.0,2,0.0009533333333333334,16.47373572734936
240.0,2,0.0009666666666666667,16.419736220054247
240.0,2,0.00098,16.363997074969436
240.0,2,0.0009933333333333333,16.306529384543527
240.0,2,0.0010066666666666666,16.24732785132715
240.0,2,0.00102,16.186393656594507
240.0,2,0.0010333333333333334,16.123742131779398
240.0,2,0.0010466666666666667,16.05936681606323
240.0,2,0.00106,15.993266118430714
240.0,2,0.0010733333333333333,15.925465649020966
240.0,2,0.0010866666666666668,15.855959574292774
240.0,2,0.0011,15.784730946158255
240.0,3,0.0011,15.784730946158255
240.0,3,0.00111,15.723358200434987
240.0,3,0.0011200000000000001,15.661824519437229
240.0,3,0.0011300000000000001,15.600132340817549
240.0,3,0.00114,15.53828300143896
240.0,3,0.00115,15.476274913854008
240.0,3,0.00116,15.414109005733849
240.0,3,0.00117,15.35178655970299
240.0,3,0.00118,15.289306887035236
240.0,3,0.00119,15.226670557068687
240.0,3,0.0012000000000000001,15.163878603611629
240.0,3,0.0012100000000000001,15.100930661573136
240.0,3,0.0012200000000000002,15.037827187001236
240.0,3,0.00123,14.974569061233717
240.0,3,0.00124,14.911156068364006
240.0,3,0.00125,14.847588604206477
240.0,3,0.00126,14.78386744714833
240.0,3,0.00127,14.719992455853056
240.0,3,0.00128,14.655963982105558
240.0,3,0.0012900000000000001,14.591782727868603
240.0,3,0.0013,14.527448586786571
240.0,3,0.00131,14.462961872048371
240.0,3,0.00132,14.39832322488657
240.0,3,0.00133,14.333532549667591
240.0,3,0.00134,14.268590122548623
240.0,3,0.00135,14.203496534442321
240.0,3,0.00136,14.138251683970253
240.0,3,0.0013700000000000001,14.072855810391344
240.0,3,0.0013800000000000002,14.007309462308532
240.0,3,0.0013900000000000002,13.941612520570969
240.0,3,0.0014,13.875765187321944
250.0,1,0.0,17.410770182070824
250.0,1,2.3333333333333332e-05,17.39037277217306
250.0,1,4.6666666666666665e-05,17.369509874626907
250.0,1,7e-05,17.34818085552175
250.0,1,9.333333333333333e-05,17.32638607294112
250.0,1,0.00011666666666666667,17.30412362703634
250.0,1,0.00014,17.281392569253136
250.0,1,0.00016333333333333334,17.258193004356855
250.0,1,0.00018666666666666666,17.234522695776942
250.0,1,0.00020999999999999998,17.21038037265405
250.0,1,0.00023333333333333333,17.185765915858287
250.0,1,0.00025666666666666665,17.160676713999358
250.0,1,0.00028,17.13511116004589
250.0,1,0.0003033333333333333,17.109068950080246
250.0,1,0.0003266666666666667,17.082547047277636
250.0,1,0.00035,17.055543485685746
250.0,1,0.0003733333333333333,17.028057837842997
250.0,1,0.00039666666666666664,17.00008657114394
250.0,1,0.00041999999999999996,16.971627324451763
250.0,1,0.00044333333333333334,16.942679659715637
250.0,1,0.00046666666666666666,16.913239446773783
250.0,1,0.00049,16.883303865319625
250.0,1,0.0005133333333333333,16.85287270657606
250.0,1,0.0005366666666666666,16.821941082096885
250.0,1,0.00056,16.79050554906298
250.0,1,0.0005833333333333333,16.7585667227554
250.0,1,0.0006066666666666666,16.726118673763867
250.0,1,0.00063,16.693156578841723
250.0,1,0.0006533333333333333,16.659683827620317
250.0,1,0.0006766666666666667,16.625694163751472
250.0,1,0.0007,16.591177687913756
250.0,2,0.0007,16.591177687913756
250.0,2,0.0007133333333333333,16.568176589269576
250.0,2,0.0007266666666666667,16.543600506049433
250.0,2,0.00074,16.51746344953808
250.0,2,0.0007533333333333333,16.489769414005085
250.0,2,0.0007666666666666667,16.460493783091383
250.0,2,0.00078,16.429636831637378
250.0,2,0.0007933333333333333,16.3972034975878
250.0,2,0.0008066666666666667,16.363179015299963
250.0,2,0.00082,16.32756163979819
250.0,2,0.0008333333333333333,16.290355791147157
250.0,2,0.0008466666666666667,16.251551163662928
250.0,2,0.00086,16.211146499253037
250.0,2,0.0008733333333333334,16.1691468141174
250.0,2,0.0008866666666666667,16.12554452528983
250.0,2,0.0009,16.080339355347697
250.0,2,0.0009133333333333333,16.03353758087508
250.0,2,0.0009266666666666667,15.985133487774371
250.0,2,0.00094,15.935127869950474
250.0,2,0.0009533333333333334,15.883528857216678
250.0,2,0.0009666666666666667,15.830331992585307
250.0,2,0.00098,15.775539033249785
250.0,2,0.0009933333333333333,15.719160794899743
250.0,2,0.0010066666666666666,15.661193396162092
250.0,2,0.00102,15.601639048228224
250.0,2,0.0010333333333333334,15.54051296551658
250.0,2,0.0010466666666666667,15.477810717419837
250.0,2,0.00106,15.413532462895914
250.0,2,0.0010733333333333333,15.347703175093944
250.0,2,0.0010866666666666668,15.280319329189634
250.0,2,0.0011,15.211367379034408
250.0,3,0.0011,15.211367379034408
250.0,3,0.00111,15.151968718770908
250.0,3,0.0011200000000000001,15.092365682738103
250.0,3,0.0011300000000000001,15.032561573236322
250.0,3,0.00114,14.972558291679784
250.0,3,0.00115,14.912354019782192
250.0,3,0.00116,14.851950133391759
250.0,3,0.00117,14.791348455788459
250.0,3,0.00118,14.730548299823615
250.0,3,0.00119,14.66955057250332
250.0,3,0.0012000000000000001,14.60835676558697
250.0,3,0.0012100000000000001,14.546966586342307
250.0,3,0.0012200000000000002,14.485380779158579
250.0,3,0.00123,14.423600621907116
250.0,3,0.00124,14.361625990118139
250.0,3,0.00125,14.299457529074141
250.0,3,0.00126,14.23709636223063
250.0,3,0.00127,14.174542435502925
250.0,3,0.00128,14.1117963130704
250.0,3,0.0012900000000000001,14.048858995507837
250.0,3,0.0013,13.985730446987258
250.0,3,0.00131,13.922411156038622
250.0,3,0.00132,13.858902019167045
250.0,3,0.00133,13.795202987100755
250.0,3,0.00134,13.731314474084487
250.0,3,0.00135,13.667237285363656
250.0,3,0.00136,13.602971337030771
250.0,3,0.0013700000000000001,13.538516969085611
250.0,3,0.0013800000000000002,13.473874905665243
250.0,3,0.0013900000000000002,13.409045012975863
250.0,3,0.0014,13.344027556580105
260.0,1,0.0,16.71806629024429
260.0,1,2.3333333333333332e-05,16.696847440761164
260.0,1,4.6666666666666665e-05,16.674945508503683
260.0,1,7e-05,16.652359353618163
260.0,1,9.333333333333333e-05,16.629089286021713
260.0,1,0.00011666666666666667,16.60513189779059
260.0,1,0.00014,16.580485165147532
260.0,1,0.00016333333333333334,16.555148610036017
260.0,1,0.00018666666666666666,16.529117902019173
260.0,1,0.00020999999999999998,16.502390115388692
260.0,1,0.00023333333333333333,16.474964023844944
260.0,1,0.00025666666666666665,16.446834305503412
260.0,1,0.00028,16.41799710093947
260.0,1,0.0003033333333333333,16.38845048665666
260.0,1,0.0003266666666666667,16.35818805638768
260.0,1,0.00035,16.3272049672331
260.0,1,0.0003733333333333333,16.295498681541904
260.0,1,0.00039666666666666664,16.263061582369613
260.0,1,0.00041999999999999996,16.229887772045693
260.0,1,0.00044333333333333334,16.195974266788014
260.0,1,0.00046666666666666666,16.161312069279628
260.0,1,0.00049,16.12589412312935
260.0,1,0.0005133333333333333,16.089717385507505
260.0,1,0.0005366666666666666,16.052771239295158
260.0,1,0.00056,16.015047238742408
260.0,1,0.0005833333333333333,15.976543272096869
260.0,1,0.0006066666666666666,15.937246714934327
260.0,1,0.00063,15.897146608115397
260.0,1,0.0006533333333333333,15.856244972751172
260.0,1,0.0006766666666666667,15.8145284331368
260.0,1,0.0007,15.771977780363008
260.0,2,0.0007,15.771977780363011
260.0,2,0.0007133333333333333,15.74383040891847
260.0,2,0.0007266666666666667,15.714476012849236
260.0,2,0.00074,15.68392270557
260.0,2,0.0007533333333333333,15.652170929784226
260.0,2,0.0007666666666666667,15.61919928350855
260.0,2,0.00078,15.585005504156994
260.0,2,0.0007933333333333333,15.549590957368297
260.0,2,0.0008066666666666667,15.512942049450523
260.0,2,0.00082,15.475055341507673
260.0,2,0.0008333333333333333,15.435932265277817
260.0,2,0.0008466666666666667,15.395563173871157
260.0,2,0.00086,15.353945611734268
260.0,2,0.0008733333333333334,15.31108213969981
260.0,2,0.0008866666666666667,15.266965898217126
260.0,2,0.0009,15.221595919923834
260.0,2,0.0009133333333333333,15.174976493289034
260.0,2,0.0009266666666666667,15.12710294938899
260.0,2,0.00094,15.07797590996059
260.0,2,0.0009533333333333334,15.027601858972606
260.0,2,0.0009666666666666667,14.975977842132451
260.0,2,0.00098,14.923105960155164
260.0,2,0.0009933333333333333,14.868995483518166
260.0,2,0.0010066666666666666,14.813644565864848
260.0,2,0.00102,14.757056273831022
260.0,2,0.0010333333333333334,14.699243825146445
260.0,2,0.0010466666666666667,14.640205412131168
260.0,2,0.00106,14.579942897257698
260.0,2,0.0010733333333333333,14.518477328722295
260.0,2,0.0010866666666666668,14.455807804693636
260.0,2,0.0011,14.391925746342933
260.0,3,0.0011,14.391925746342933
260.0,3,0.00111,14.336917134829182
260.0,3,0.0011200000000000001,14.281580983476577
260.0,3,0.0011300000000000001,14.225923132457664
260.0,3,0.00114,14.169947168935517
260.0,3,0.00115,14.113650702669915
260.0,3,0.00116,14.057036462703946
260.0,3,0.00117,14.000107886231312
260.0,3,0.00118,13.942864368596373
260.0,3,0.00119,13.885307850629081
260.0,3,0.0012000000000000001,13.82744119670732
260.0,3,0.0012100000000000001,13.769264390019616
260.0,3,0.0012200000000000002,13.710779060762802
260.0,3,0.00123,13.651987676505215
260.0,3,0.00124,13.5928904336313
260.0,3,0.00125,13.533488743292502
260.0,3,0.00126,13.473784762594828
260.0,3,0.00127,13.413778736091546
260.0,3,0.00128,13.353471878054052
260.0,3,0.0012900000000000001,13.292866080119932
260.0,3,0.0013,13.23196154672956
260.0,3,0.00131,13.17075930036582
260.0,3,0.00132,13.109260994570835
260.0,3,0.00133,13.04746674069537
260.0,3,0.00134,12.985377370165704
260.0,3,0.00135,12.922994318060352
260.0,3,0.00136,12.860317568115383
260.0,3,0.0013700000000000001,12.797347760590057
260.0,3,0.0013800000000000002,12.734086128464035
260.0,3,0.0013900000000000002,12.670532503612248
260.0,3,0.0014,12.60668733515228
270.0,1,0.0,15.574413167675132
270.0,1,2.3333333333333332e-05,15.551779921858657
270.0,1,4.6666666666666665e-05,15.527988270006501
270.0,1,7e-05,15.503036737039265
270.0,1,9.333333333333333e-05,15.476926262623042
270.0,1,0.00011666666666666667,15.449652485427288
270.0,1,0.00014,15.421213369614428
270.0,1,0.00016333333333333334,15.39160945268677
270.0,1,0.00018666666666666666,15.360835789640925
270.0,1,0.00020999999999999998,15.328889815412525
270.0,1,0.00023333333333333333,15.295771795801688
270.0,1,0.00025666666666666665,15.261476182957626
270.0,1,0.00028,15.225999931469625
270.0,1,0.0003033333333333333,15.189343220240833
270.0,1,0.0003266666666666667,15.151499879729899
270.0,1,0.00035,15.11246643994519
270.0,1,0.0003733333333333333,15.072243255057039
270.0,1,0.00039666666666666664,15.030823488232219
270.0,1,0.00041999999999999996,14.988203282136887
270.0,1,0.00044333333333333334,14.944383556029925
270.0,1,0.00046666666666666666,14.899356679196131
270.0,1,0.00049,14.853118358294157
270.0,1,0.0005133333333333333,14.805670732716978
270.0,1,0.0005366666666666666,14.757005056939828
270.0,1,0.00056,14.707116243247729
270.0,1,0.0005833333333333333,14.656009055833662
270.0,1,0.0006066666666666666,14.603672911897895
270.0,1,0.00063,14.550100030970299
270.0,1,0.0006533333333333333,14.495302286466483
270.0,1,0.0006766666666666667,14.43926875718519
270.0,1,0.0007,14.38197994878731
270.0,2,0.0007,14.38197994878731
270.0,2,0.0007133333333333333,14.344394105793416
270.0,2,0.0007266666666666667,14.306189560873612
270.0,2,0.00074,14.26737339869977
270.0,2,0.0007533333333333333,14.227948642827732
270.0,2,0.0007666666666666667,14.187906931428055
270.0,2,0.00078,14.147249617838074
270.0,2,0.0007933333333333333,14.1059797070605
270.0,2,0.0008066666666666667,14.064092266374805
270.0,2,0.00082,14.021587375947679
270.0,2,0.0008333333333333333,13.978467349314807
270.0,2,0.0008466666666666667,13.934728509941253
270.0,2,0.00086,13.890370637958824
270.0,2,0.0008733333333333334,13.84539580411446
270.0,2,0.0008866666666666667,13.799800924201653
270.0,2,0.0009,13.753585697370232
270.0,2,0.0009133333333333333,13.706752238324261
270.0,2,0.0009266666666666667,13.659297736950377
270.0,2,0.00094,13.611221860052348
270.0,2,0.0009533333333333334,13.562527010025839
270.0,2,0.0009666666666666667,13.513210408837471
270.0,2,0.00098,13.463271641732923
270.0,2,0.0009933333333333333,13.412713721546963
270.0,2,0.0010066666666666666,13.361533614484221
270.0,2,0.00102,13.309730602042015
270.0,2,0.0010333333333333334,13.257308981959783
270.0,2,0.0010466666666666667,13.204265010684905
270.0,2,0.00106,13.150596676908783
270.0,2,0.0010733333333333333,13.09631177148973
270.0,2,0.0010866666666666668,13.04140652587805
270.0,2,0.0011,12.985873104005181
270.0,3,0.0011,12.985873104005181
270.0,3,0.00111,12.938104023757573
270.0,3,0.0011200000000000001,12.889837940365345
270.0,3,0.0011300000000000001,12.841081563026325
270.0,3,0.00114,12.791838213514165
270.0,3,0.00115,12.742102207095463
270.0,3,0.00116,12.691875626362368
270.0,3,0.00117,12.641161663954051
270.0,3,0.00118,12.589957452886116
270.0,3,0.00119,12.538264026002741
270.0,3,0.0012000000000000001,12.486083871523926
270.0,3,0.0012100000000000001,12.433415190065732
270.0,3,0.0012200000000000002,12.380258741333089
270.0,3,0.00123,12.32661662529947
270.0,3,0.00124,12.272487589386659
270.0,3,0.00125,12.217872298730772
270.0,3,0.00126,12.162772630655622
270.0,3,0.00127,12.107187660239834
270.0,3,0.00128,12.051118016984155
270.0,3,0.0012900000000000001,11.994565444513233
270.0,3,0.0013,11.93752922900576
270.0,3,0.00131,11.880009985088385
270.0,3,0.00132,11.822009373768259
270.0,3,0.00133,11.763526819095963
270.0,3,0.00134,11.704562926276946
270.0,3,0.00135,11.645119305679579
270.0,3,0.00136,11.58519546777104
270.0,3,0.0013700000000000001,11.52479200766628
270.0,3,0.0013800000000000002,11.463910508471452
270.0,3,0.0013900000000000002,11.402550528567046
270.0,3,0.0014,11.340712650908713
280.0,1,0.0,14.108357902828573
280.0,1,2.3333333333333332e-05,14.084215725775712
280.0,1,4.6666666666666665e-05,14.058915895050145
280.0,1,7e-05,14.032457275392623
280.0,1,9.333333333333333e-05,14.004841214347053
280.0,1,0.00011666666666666667,13.97606428877232
280.0,1,0.00014,13.946125469209294
280.0,1,0.00016333333333333334,13.915026348798511
280.0,1,0.00018666666666666666,13.882763567394992
280.0,1,0.00020999999999999998,13.849336194978386
280.0,1,0.00023333333333333333,13.814746148784781
280.0,1,0.00025666666666666665,13.77899006162739
280.0,1,0.00028,13.742067089197034
280.0,1,0.0003033333333333333,13.70397957951182
280.0,1,0.0003266666666666667,13.664724066701478
280.0,1,0.00035,13.624299764189114
280.0,1,0.0003733333333333333,13.582709610906972
280.0,1,0.00039666666666666664,13.539949908045893
280.0,1,0.00041999999999999996,13.496019866076862
280.0,1,0.00044333333333333334,13.450923282259868
280.0,1,0.00046666666666666666,13.404656004847002
280.0,1,0.00049,13.357217093832327
280.0,1,0.0005133333333333333,13.308611719316655
280.0,1,0.0005366666666666666,13.258834876091464
280.0,1,0.00056,13.207885041675606
280.0,1,0.0005833333333333333,13.15576998906902
280.0,1,0.0006066666666666666,13.1024830969552
280.0,1,0.00063,13.048020399965516
280.0,1,0.0006533333333333333,12.99239642019849
280.0,1,0.0006766666666666667,12.935604268733476
280.0,1,0.0007,12.877629006861056
280.0,2,0.0007,12.877629006861058
280.0,2,0.0007133333333333333,12.839627504093626
280.0,2,0.0007266666666666667,12.80104543193498
280.0,2,0.00074,12.761890277123863
280.0,2,0.0007533333333333333,12.722165760416395
280.0,2,0.0007666666666666667,12.6818649066929
280.0,2,0.00078,12.640989792988252
280.0,2,0.0007933333333333333,12.599544085249484
280.0,2,0.0008066666666666667,12.55752399933094
280.0,2,0.00082,12.51493037146866
280.0,2,0.0008333333333333333,12.471766159763783
280.0,2,0.0008466666666666667,12.428028711104457
280.0,2,0.00086,12.383718519069015
280.0,2,0.0008733333333333334,12.33883823936101
280.0,2,0.0008866666666666667,12.293385714151015
280.0,2,0.0009,12.24736128992131
280.0,2,0.0009133333333333333,12.200767578560445
280.0,2,0.0009266666666666667,12.153602613948916
280.0,2,0.00094,12.10586663820417
280.0,2,0.0009533333333333334,12.057562442755911
280.0,2,0.0009666666666666667,12.008688029828702
280.0,2,0.00098,11.959243496511801
280.0,2,0.0009933333333333333,11.909232114524203
280.0,2,0.0010066666666666666,11.85865159807215
280.0,2,0.00102,11.807501707533586
280.0,2,0.0010333333333333334,11.755786821408503
280.0,2,0.0010466666666666667,11.703503965741701
280.0,2,0.00106,11.65065168094111
280.0,2,0.0010733333333333333,11.597237478910223
280.0,2,0.0010866666666666668,11.54325833884352
280.0,2,0.0011,11.48870748029573
280.0,3,0.0011,11.48870748029573
280.0,3,0.00111,11.441809044017377
280.0,3,0.0011200000000000001,11.39445866383271
280.0,3,0.0011300000000000001,11.346662511636241
280.0,3,0.00114,11.298423677532602
280.0,3,0.00115,11.249737058921959
280.0,3,0.00116,11.200604615521554
280.0,3,0.00117,11.15102931428928
280.0,3,0.00118,11.101008608385149
280.0,3,0.00119,11.050543494774978
280.0,3,0.0012000000000000001,10.999636290776062
280.0,3,0.0012100000000000001,10.948285410719464
280.0,3,0.0012200000000000002,10.89649159272379
280.0,3,0.00123,10.84425679009527
280.0,3,0.00124,10.791579903255244
280.0,3,0.00125,10.73846157294698
280.0,3,0.00126,10.684903538619325
280.0,3,0.00127,10.63090498747562
280.0,3,0.00128,10.576466516908017
280.0,3,0.0012900000000000001,10.521589734211032
280.0,3,0.0013,10.466274008497017
280.0,3,0.00131,10.410519914095138
280.0,3,0.00132,10.354328974223288
280.0,3,0.00133,10.29770067507588
280.0,3,0.00134,10.240635574742187
280.0,3,0.00135,10.18313514334209
280.0,3,0.00136,10.125198939222054
280.0,3,0.0013700000000000001,10.066827505409124
280.0,3,0.0013800000000000002,10.008022281841164
280.0,3,0.0013900000000000002,9.948782865479142
280.0,3,0.0014,9.8891097836735
290.0,1,0.0,12.704048224723174
290.0,1,2.3333333333333332e-05,12.678493112912621
290.0,1,4.6666666666666665e-05,12.651845892467414
290.0,1,7e-05,12.624105504631977
290.0,1,9.333333333333333e-05,12.595273234561557
290.0,1,0.00011666666666666667,12.56534588761705
290.0,1,0.00014,12.534322529138391
290.0,1,0.00016333333333333334,12.50220469972466
290.0,1,0.00018666666666666666,12.468989288182822
290.0,1,0.00020999999999999998,12.43467547731177
290.0,1,0.00023333333333333333,12.399265136191621
290.0,1,0.00025666666666666665,12.362755170221957
290.0,1,0.00028,12.325144865627438
290.0,1,0.0003033333333333333,12.286436519063793
290.0,1,0.0003266666666666667,12.246626964892911
290.0,1,0.00035,12.205715564877316
290.0,1,0.0003733333333333333,12.16370519217651
290.0,1,0.00039666666666666664,12.120592481950002
290.0,1,0.00041999999999999996,12.076376812391114
290.0,1,0.00044333333333333334,12.031061882551787
290.0,1,0.00046666666666666666,11.984643919077849
290.0,1,0.00049,11.937122175281875
290.0,1,0.0005133333333333333,11.888501657410092
290.0,1,0.0005366666666666666,11.838777803874876
290.0,1,0.00056,11.787949333553525
290.0,1,0.0005833333333333333,11.736023713663418
290.0,1,0.0006066666666666666,11.68299487328991
290.0,1,0.00063,11.628859242815633
290.0,1,0.0006533333333333333,11.573630646798925
290.0,1,0.0006766666666666667,11.517302769217121
290.0,1,0.0007,11.459861722398951
290.0,2,0.0007,11.459861722398953
290.0,2,0.0007133333333333333,11.42223317410602
290.0,2,0.0007266666666666667,11.384058518505922
290.0,2,0.00074,11.34534485269502
290.0,2,0.0007533333333333333,11.306095735633924
290.0,2,0.0007666666666666667,11.266304665145892
290.0,2,0.00078,11.225973648922745
290.0,2,0.0007933333333333333,11.185106193442643
290.0,2,0.0008066666666666667,11.143698798471814
290.0,2,0.00082,11.101752303885121
290.0,2,0.0008333333333333333,11.05926954896705
290.0,2,0.0008466666666666667,11.016248097287232
290.0,2,0.00086,10.972688465528499
290.0,2,0.0008733333333333334,10.92859320676808
290.0,2,0.0008866666666666667,10.883960350069003
290.0,2,0.0009,10.838790272624259
290.0,2,0.0009133333333333333,10.793085484069032
290.0,2,0.0009266666666666667,10.746844193252816
290.0,2,0.00094,10.700066677913345
290.0,2,0.0009533333333333334,10.652755613803418
290.0,2,0.0009666666666666667,10.604909179539087
290.0,2,0.00098,10.556527515235318
290.0,2,0.0009933333333333333,10.507613744940683
290.0,2,0.0010066666666666666,10.45816577640267
290.0,2,0.00102,10.408183432453512
290.0,2,0.0010333333333333334,10.357670873277904
290.0,2,0.0010466666666666667,10.306625360566894
290.0,2,0.00106,10.255045571775819
290.0,2,0.0010733333333333333,10.202938604450132
290.0,2,0.0010866666666666668,10.150301676094736
290.0,2,0.0011,10.097128473023542
290.0,3,0.0011,10.097128473023542
290.0,3,0.00111,10.051426145835277
290.0,3,0.0011200000000000001,10.005299954684611
290.0,3,0.0011300000000000001,9.958755709442762
290.0,3,0.00114,9.911796329343193
290.0,3,0.00115,9.864417049290633
290.0,3,0.00116,9.816619727700033
290.0,3,0.00117,9.768407167261213
290.0,3,0.00118,9.719776998679583
290.0,3,0.00119,9.670730175871414
290.0,3,0.0012000000000000001,9.621268890478571
290.0,3,0.0012100000000000001,9.571391672756594
290.0,3,0.0012200000000000002,9.521099231705362
290.0,3,0.00123,9.470393415238446
290.0,3,0.00124,9.419273207045112
290.0,3,0.00125,9.367739222172466
290.0,3,0.00126,9.31579310520173
290.0,3,0.00127,9.26343410593366
290.0,3,0.00128,9.210662795791393
290.0,3,0.0012900000000000001,9.157480692357817
290.0,3,0.0013,9.103887212929138
290.0,3,0.00131,9.049882904118755
290.0,3,0.00132,8.995469201426243
290.0,3,0.00133,8.940645628696306
290.0,3,0.00134,8.885412714016834
290.0,3,0.00135,8.829771839769908
290.0,3,0.00136,8.773722594140821
290.0,3,0.0013700000000000001,8.717265487747852
290.0,3,0.0013800000000000002,8.660401871315521
290.0,3,0.0013900000000000002,8.603131365893386
290.0,3,0.0014,8.545454464042729
300.0,1,0.0,11.382178677524973
300.0,1,2.3333333333333332e-05,11.355295254102371
300.0,1,4.6666666666666665e-05,11.32738477181312
300.0,1,7e-05,11.2984462354969
300.0,1,9.333333333333333e-05,11.268480854389312
300.0,1,0.00011666666666666667,11.237485625618692
300.0,1,0.00014,11.205459671779431
300.0,1,0.00016333333333333334,11.172404443359984
300.0,1,0.00018666666666666666,11.138317016992103
300.0,1,0.00020999999999999998,11.103196626737388
300.0,1,0.00023333333333333333,11.067045032957843
300.0,1,0.00025666666666666665,11.029859328855633
300.0,1,0.00028,10.99163884668397
300.0,1,0.0003033333333333333,10.952385749768967
300.0,1,0.0003266666666666667,10.912097065381323
300.0,1,0.00035,10.87077219763117
300.0,1,0.0003733333333333333,10.828413852729035
300.0,1,0.00039666666666666664,10.78501887136817
300.0,1,0.00041999999999999996,10.740586673798134
300.0,1,0.00044333333333333334,10.695120743475547
300.0,1,0.00046666666666666666,10.648617537545004
300.0,1,0.00049,10.601076359361793
300.0,1,0.0005133333333333333,10.552501922051109
300.0,1,0.0005366666666666666,10.5028899419903
300.0,1,0.00056,10.452239220368327
300.0,1,0.0005833333333333333,10.40055678474916
300.0,1,0.0006066666666666666,10.347836932529958
300.0,1,0.00063,10.294076313202536
300.0,1,0.0006533333333333333,10.239287932485285
300.0,1,0.0006766666666666667,10.183465857440853
300.0,1,0.0007,10.126597035344993
300.0,2,0.0007,10.126597035344993
300.0,2,0.0007133333333333333,10.089364648862972
300.0,2,0.0007266666666666667,10.051618745730275
300.0,2,0.00074,10.013366001115712
300.0,2,0.0007533333333333333,9.97460976326125
300.0,2,0.0007666666666666667,9.935343919667957
300.0,2,0.00078,9.895570359749804
300.0,2,0.0007933333333333333,9.855292382307871
300.0,2,0.0008066666666666667,9.814506697554656
300.0,2,0.00082,9.77321409665862
300.0,2,0.0008333333333333333,9.73141725089455
300.0,2,0.0008466666666666667,9.689113870652493
300.0,2,0.00086,9.646304443026736
300.0,2,0.0008733333333333334,9.602991369966954
300.0,2,0.0008866666666666667,9.559172799392371
300.0,2,0.0009,9.514849087023755
300.0,2,0.0009133333333333333,9.470022593725412
300.0,2,0.0009266666666666667,9.424691636261624
300.0,2,0.00094,9.378856476603262
300.0,2,0.0009533333333333334,9.33251963156058
300.0,2,0.0009666666666666667,9.285679389251477
300.0,2,0.00098,9.238335882009086
300.0,2,0.0009933333333333333,9.190492047923218
300.0,2,0.0010066666666666666,9.142145920214908
300.0,2,0.00102,9.093297332675434
300.0,2,0.0010333333333333334,9.043950197438548
300.0,2,0.0010466666666666667,8.994101940090006
300.0,2,0.00106,8.943751317297055
300.0,2,0.0010733333333333333,8.892905002964449
300.0,2,0.0010866666666666668,8.841560381029206
300.0,2,0.0011,8.789711515044866
300.0,3,0.0011,8.789711515044866
300.0,3,0.00111,8.74515784066442
300.0,3,0.0011200000000000001,8.700205617911495
300.0,3,0.0011300000000000001,8.65486030846645
300.0,3,0.00114,8.6091246560067
300.0,3,0.00115,8.562994178829126
300.0,3,0.00116,8.516470623097046
300.0,3,0.00117,8.469556622806262
300.0,3,0.00118,8.42224994883544
300.0,3,0.00119,8.374551496731472
300.0,3,0.0012000000000000001,8.326463325777995
300.0,3,0.0012100000000000001,8.277984052496718
300.0,3,0.0012200000000000002,8.229114341953418
300.0,3,0.00123,8.17985593002783
300.0,3,0.00124,8.130207859376114
300.0,3,0.00125,8.080170706498595
300.0,3,0.00126,8.029746015857329
300.0,3,0.00127,7.97893308009204
300.0,3,0.00128,7.927732434450017
300.0,3,0.0012900000000000001,7.876145503746429
300.0,3,0.0013,7.824171737880756
300.0,3,0.00131,7.771811648545184
300.0,3,0.00132,7.719066583152378
300.0,3,0.00133,7.665936091570815
300.0,3,0.00134,7.612420667865389
300.0,3,0.00135,7.558521609302962
300.0,3,0.00136,7.504238526056186
300.0,3,0.0013700000000000001,7.449571895577757
300.0,3,0.0013800000000000002,7.394522985188389
300.0,3,0.0013900000000000002,7.339091435788485
300.0,3,0.0014,7.283277707683776
310.0,1,0.0,10.139090567027104
310.0,1,2.3333333333333332e-05,10.110957987435897
310.0,1,4.6666666666666665e-05,10.08185950129528
310.0,1,7e-05,10.05179417244285
310.0,1,9.333333333333333e-05,10.02076313784749
310.0,1,0.00011666666666666667,9.988763572683014
310.0,1,0.00014,9.955794651017685
310.0,1,0.00016333333333333334,9.921857736203785
310.0,1,0.00018666666666666666,9.886950077666528
310.0,1,0.00020999999999999998,9.851070953786838
310.0,1,0.00023333333333333333,9.814222018835132
310.0,1,0.00025666666666666665,9.776400537291506
310.0,1,0.00028,9.73760587935654
310.0,1,0.0003033333333333333,9.697840077765731
310.0,1,0.0003266666666666667,9.657100334450025
310.0,1,0.00035,9.615386086652205
310.0,1,0.0003733333333333333,9.57269987716362
310.0,1,0.00039666666666666664,9.529038731886686
310.0,1,0.00041999999999999996,9.484402102696219
310.0,1,0.00044333333333333334,9.438793262861182
310.0,1,0.00046666666666666666,9.392208876999963
310.0,1,0.00049,9.344648286506363
310.0,1,0.0005133333333333333,9.29611592066384
310.0,1,0.0005366666666666666,9.246607746862706
310.0,1,0.00056,9.196122633701602
310.0,1,0.0005833333333333333,9.144667186803668
310.0,1,0.0006066666666666666,9.092236038534308
310.0,1,0.00063,9.03882603336627
310.0,1,0.0006533333333333333,8.984449399231847
310.0,1,0.0006766666666666667,8.929100551580925
310.0,1,0.0007,8.872767209427378
310.0,2,0.0007,8.872767209427378
310.0,2,0.0007133333333333333,8.835905579123416
310.0,2,0.0007266666666666667,8.798560967905239
310.0,2,0.00074,8.760739652105665
310.0,2,0.0007533333333333333,8.722444778747978
310.0,2,0.0007666666666666667,8.683670596665381
310.0,2,0.00078,8.644418880993172
310.0,2,0.0007933333333333333,8.604692732224338
310.0,2,0.0008066666666666667,8.564489053950473
310.0,2,0.00082,8.523808588291407
310.0,2,0.0008333333333333333,8.48265384547
310.0,2,0.0008466666666666667,8.441022669650303
310.0,2,0.00086,8.398915516849616
310.0,2,0.0008733333333333334,8.356334643899435
310.0,2,0.0008866666666666667,8.313278306320749
310.0,2,0.0009,8.269746836437923
310.0,2,0.0009133333333333333,8.225742452351788
310.0,2,0.0009266666666666667,8.181263568216051
310.0,2,0.00094,8.13631042803748
310.0,2,0.0009533333333333334,8.090885396513826
310.0,2,0.0009666666666666667,8.04498686067319
310.0,2,0.00098,7.998614942447585
310.0,2,0.0009933333333333333,7.951772402728524
310.0,2,0.0010066666666666666,7.904457388612779
310.0,2,0.00102,7.8566697410894735
310.0,2,0.0010333333333333334,7.80841313723671
310.0,2,0.0010466666666666667,7.759685152437827
310.0,2,0.00106,7.710484614371337
310.0,2,0.0010733333333333333,7.660817798012202
310.0,2,0.0010866666666666668,7.6106822394820846
310.0,2,0.0011,7.560072351697971
310.0,3,0.0011,7.560072351697971
310.0,3,0.00111,7.516593264448187
310.0,3,0.0011200000000000001,7.472739268223777
310.0,3,0.0011300000000000001,7.428515498226489
310.0,3,0.00114,7.383924532880306
310.0,3,0.00115,7.338962153830478
310.0,3,0.00116,7.293630001143132
310.0,3,0.00117,7.247930550037
310.0,3,0.00118,7.2018617010797765
310.0,3,0.00119,7.155424294138129
310.0,3,0.0012000000000000001,7.108620263764419
310.0,3,0.0012100000000000001,7.0614483059562625
310.0,3,0.0012200000000000002,7.013909043719487
310.0,3,0.00123,6.966004107333887
310.0,3,0.00124,6.917732593600382
310.0,3,0.00125,6.8690950421616925
310.0,3,0.00126,6.820092903186123
310.0,3,0.00127,6.770725508584319
310.0,3,0.00128,6.720993359153436
310.0,3,0.0012900000000000001,6.670897792478714
310.0,3,0.0013,6.620438288375284
310.0,3,0.00131,6.569615325463712
310.0,3,0.00132,6.518430168507711
310.0,3,0.00133,6.466882391359352
310.0,3,0.00134,6.4149724560645645
310.0,3,0.00135,6.362701580231484
310.0,3,0.00136,6.310069394462998
310.0,3,0.0013700000000000001,6.25707634521007
310.0,3,0.0013800000000000002,6.203723621949719
310.0,3,0.0013900000000000002,6.150010884234381
310.0,3,0.0014,6.09593856243479
311.25,1,0.0,9.988997706501163
311.25,1,2.3333333333333332e-05,9.960714293197917
311.25,1,4.6666666666666665e-05,9.931472340581275
311.25,1,7e-05,9.90127091959213
311.25,1,9.333333333333333e-05,9.870111158488001
311.25,1,0.00011666666666666667,9.837990253880154
311.25,1,0.00014,9.804907386025015
311.25,1,0.00016333333333333334,9.770863907763635
311.25,1,0.00018666666666666666,9.735857089317433
311.25,1,0.00020999999999999998,9.699886214385208
311.25,1,0.00023333333333333333,9.662952924434544
311.25,1,0.00025666666666666665,9.625054504551086
311.25,1,0.00028,9.586190329477862
311.25,1,0.0003033333333333333,9.546362416188844
311.25,1,0.0003266666666666667,9.505567987620589
311.25,1,0.00035,9.46380648497132
311.25,1,0.0003733333333333333,9.4210804313097
311.25,1,0.00039666666666666664,9.377386874808067
311.25,1,0.00041999999999999996,9.332725271109071
311.25,1,0.00044333333333333334,9.28709886811978
311.25,1,0.00046666666666666666,9.240504355405173
311.25,1,0.00049,9.192941078894572
311.25,1,0.0005133333333333333,9.144413433632987
311.25,1,0.0005366666666666666,9.094917417197907
311.25,1,0.00056,9.044451906257864
311.25,1,0.0005833333333333333,8.993023455559436
311.25,1,0.0006066666666666666,8.940626737765445
311.25,1,0.00063,8.887258620783005
311.25,1,0.0006533333333333333,8.832931238802002
311.25,1,0.0006766666666666667,8.777639049184613
311.25,1,0.0007,8.721369863852189
311.25,2,0.0007,8.721369863852189
311.25,2,0.0007133333333333333,8.684552669977379
311.25,2,0.0007266666666666667,8.647256173405157
311.25,2,0.00074,8.609486602411064
311.25,2,0.0007533333333333333,8.571247079764557
311.25,2,0.0007666666666666667,8.532531897807917
311.25,2,0.00078,8.493342817896382
311.25,2,0.0007933333333333333,8.453682916620346
311.25,2,0.0008066666666666667,8.41354912084997
311.25,2,0.00082,8.372942166783186
311.25,2,0.0008333333333333333,8.331864545229038
311.25,2,0.0008466666666666667,8.290314116451205
311.25,2,0.00086,8.248291332711
311.25,2,0.0008733333333333334,8.205798433346791
311.25,2,0.0008866666666666667,8.162833686827753
311.25,2,0.0009,8.119397422648813
311.25,2,0.0009133333333333333,8.07549184170296
311.25,2,0.0009266666666666667,8.031115369863292
311.25,2,0.00094,7.986268248963014
311.25,2,0.0009533333333333334,7.940952825367725
311.25,2,0.0009666666666666667,7.89516749800947
311.25,2,0.00098,7.848912387559212
311.25,2,0.0009933333333333333,7.802190233556501
311.25,2,0.0010066666666666666,7.754999196805916
311.25,2,0.00102,7.70733911915667
311.25,2,0.0010333333333333334,7.65921364936767
311.25,2,0.0010466666666666667,7.610620380857767
311.25,2,0.00106,7.5615581498526865
311.25,2,0.0010733333333333333,7.512033183271297
311.25,2,0.0010866666666666668,7.462043035558921
311.25,2,0.0011,7.411582161706664
311.25,3,0.0011,7.411582161706664
311.25,3,0.00111,7.368232319702804
311.25,3,0.0011200000000000001,7.324510415992778
311.25,3,0.0011300000000000001,7.2804215464605155
311.25,3,0.00114,7.235968269631192
311.25,3,0.00115,7.191146398874666
311.25,3,0.00116,7.145957561483768
311.25,3,0.00117,7.100404213559178
311.25,3,0.00118,7.054484271295366
311.25,3,0.00119,7.008198567859222
311.25,3,0.0012000000000000001,6.961549022786871
311.25,3,0.0012100000000000001,6.914534341656021
311.25,3,0.0012200000000000002,6.8671551424146084
311.25,3,0.00123,6.819413042631952
311.25,3,0.00124,6.771307145639592
311.25,3,0.00125,6.722837986650573
311.25,3,0.00126,6.674007004486168
311.25,3,0.00127,6.624813535797852
311.25,3,0.00128,6.575258077244783
311.25,3,0.0012900000000000001,6.525341955917694
311.25,3,0.0013,6.475064655247453
311.25,3,0.00131,6.424426649884352
311.25,3,0.00132,6.373429194651014
311.25,3,0.00133,6.32207186630238
311.25,3,0.00134,6.2703551230424805
311.25,3,0.00135,6.218280172900061
311.25,3,0.00136,6.165846648954388
311.25,3,0.0013700000000000001,6.113054993938501
311.25,3,0.0013800000000000002,6.059906387970057
311.25,3,0.0013900000000000002,6.006400492865072
311.25,3,0.0014,5.952537735406185
