扫描速率（K/min）,潜热（kJ/kg）,时间（s）,贴身侧温度（℃）,界面12温度（℃）,功能层平均温度（℃）,界面23温度（℃）,外表面温度（℃）,固化进度
2.0,611.5637399999999,0.0,37.0,37.0,37.0,37.0,36.98434519982072,0.0
2.0,611.5637399999999,0.25,36.9999999976847,36.99994943665386,36.99695812207632,36.98482403790169,35.968779223695044,0.0
2.0,611.5637399999999,0.5,36.99999970474444,36.999112774925266,36.97987747756809,36.91198011542911,35.55010508017531,0.0
2.0,611.5637399999999,0.75,36.99999385707807,36.99494300098015,36.944887650783436,36.803754114033325,35.22970089048682,0.0
2.0,611.5637399999999,1.0,36.99994591244762,36.984745861479226,36.894690215063555,36.67959073955328,34.96088656593171,0.0
2.0,611.5637399999999,1.25,36.99972867935438,36.96722806388106,36.83316611729607,36.54922875654545,34.725474146086654,0.0
2.0,611.5637399999999,1.5,36.99907966934355,36.94233650052321,36.763583635896076,36.41741583708,34.51383963207205,0.0
2.0,611.5637399999999,1.75,36.99761757172154,36.91068157347421,36.688386972477446,36.28650696681468,34.320145850708606,0.0
2.0,611.5637399999999,2.0,36.994903473431805,36.87312189677966,36.609342381603234,36.157670251965726,34.14056778408699,0.0
2.0,611.5637399999999,2.25,36.99050616362228,36.8305428901877,36.52771686621013,36.03146137283387,33.972457200280274,0.0
2.0,611.5637399999999,2.5,36.98404812855918,36.78375741809953,36.44442092023693,35.908110768317655,33.813899386381976,0.0
2.0,611.5637399999999,2.75,36.9752285856747,36.73347076001559,36.360111418265355,35.787673315894864,33.66345997573189,0.0
2.0,611.5637399999999,3.0,36.96382898258945,36.68027643511712,36.27526365284284,35.67010886988397,33.520032274359956,0.0
2.0,611.5637399999999,3.25,36.949707879822725,36.62466539623209,36.190221644148295,35.55532663003382,33.382741002421035,0.0
2.0,611.5637399999999,3.5,36.93279067021011,36.567039926297774,36.105233574187395,35.44321000438006,33.25087923004838,0.0
2.0,611.5637399999999,3.75,36.9130576490474,36.50772814583944,36.02047706267435,35.33363070367268,33.12386564192941,0.0
2.0,611.5637399999999,4.0,36.89053240135021,36.44699735127032,35.9360774423553,35.22645678027637,33.001214704016604,0.0
2.0,611.5637399999999,4.25,36.865271447477554,36.38506554556383,35.85212114014581,35.12155721011917,32.88251529034818,0.0
2.0,611.5637399999999,4.5,36.83735548146682,36.32211106673828,35.76866558122468,35.01880447566243,32.76741502536854,0.0
2.0,611.5637399999999,4.75,36.80688221020518,36.25828046005132,35.68574658375785,34.91807597982966,32.65560859315732,0.0
2.0,611.5637399999999,5.0,36.77396064621248,36.19369482853286,35.60338391675803,34.819254769411586,32.54682886654452,0.0
2.0,611.5637399999999,5.25,36.73870664821708,36.128454911834744,35.52158549699801,34.72222984721809,32.4408400826768,0.0
2.0,611.5637399999999,5.5,36.70123949606476,36.06264512567251,35.44035056758949,34.62689623797577,32.33743253005545,0.0
2.0,611.5637399999999,5.75,36.661679303148475,35.99633676384649,35.35967210865583,34.53315490671834,32.23641836843483,0.0
2.0,611.5637399999999,6.0,36.62014509574554,35.92959053200557,35.27953866552761,34.44091258957929,32.13762830822448,0.0
2.0,611.5637399999999,6.25,36.57675341671515,35.86245855156703,35.199935733220926,34.35008157385447,32.04090894865325,0.0
2.0,611.5637399999999,6.5,36.531617337265175,35.79498594533963,35.12084680191123,34.26057945034642,31.946120625185877,0.0
2.0,611.5637399999999,6.75,36.484845783447206,35.727212093831774,35.04225414293728,34.17232885254368,31.853135653549646,0.0
2.0,611.5637399999999,7.0,36.43654310332413,35.65917163273063,34.96413939604283,34.08525719193524,31.761836884709094,0.0
2.0,611.5637399999999,7.25,36.386808816559,35.5908952471173,34.88648400436064,33.999296395438705,31.672116505150004,0.0
2.0,611.5637399999999,7.5,36.33573750091385,35.52241030607455,34.809269532854614,33.91438264877886,31.583875031863172,0.0
2.0,611.5637399999999,7.75,36.28341878029752,35.45374137191048,34.732477897697024,33.83045614824693,31.49702046280331,0.0
2.0,611.5637399999999,8.0,36.22993738702289,35.384910610787294,34.656091527741495,33.74746086232989,31.41146755228354,0.0
2.0,611.5637399999999,8.25,36.17537327723471,35.3159381257068,34.580093474395504,33.66534430406152,31.327137187430978,0.0
2.0,611.5637399999999,8.5,36.1198017833942,35.246842228233035,34.504467482453705,33.584057314508655,31.24395584696544,0.0
2.0,611.5637399999999,8.75,36.0632937915444,35.17763966175821,34.42919803156561,33.50355385750386,31.161855127538118,0.0
2.0,611.5637399999999,9.0,36.00591593405871,35.10834578632761,34.35427035578002,33.42379082552696,31.08077132595122,0.0
2.0,611.5637399999999,9.25,35.94773079088287,35.03897473286187,34.27967044688479,33.34472785649433,31.000645067979818,0.0
2.0,611.5637399999999,9.5,35.88879709406211,34.969539532916805,34.20538504592754,33.266327161118596,30.921420976389776,0.0
2.0,611.5637399999999,9.75,35.82916993171819,34.90005222879736,34.13140162627227,33.18855336043802,30.8430473722096,0.0
2.0,611.5637399999999,10.0,35.768900948694736,34.830523967809334,34.05770837075092,33.11137333307653,30.765476004462123,0.0
2.0,611.5637399999999,10.25,35.70803854189663,34.76096508362787,33.98429414485382,33.03475607177398,30.688661804463923,0.0
2.0,611.5637399999999,10.5,35.6466280489643,34.691385167132786,33.91114846742801,32.958672548718326,30.612562661511443,0.0
2.0,611.5637399999999,10.75,35.58471192939078,34.62179312857062,33.8382614799869,32.88309558921219,30.53713921733488,0.0
2.0,611.5637399999999,11.0,35.52232993754174,34.552197252519754,33.7656239154527,32.80799975321391,30.462354677146863,0.0
2.0,611.5637399999999,11.25,35.45951928730276,34.482605246834986,33.69322706693694,32.73336122430563,30.38817463546839,0.0
2.0,611.5637399999999,11.5,35.39631480827359,34.41302428651319,33.62106275699786,32.65915770565606,30.314566915198792,0.0
2.0,611.5637399999999,11.75,35.33274909357293,34.34346105323735,33.549123307687125,32.58536832256324,30.2415014186234,0.0
2.0,611.5637399999999,12.0,35.268852639420466,34.27392177121138,33.47740151160123,32.511973531181056,30.1689499892424,0.0
2.0,611.5637399999999,12.25,35.20465397673557,34.20441223978434,33.40589060407965,32.43895503305267,30.096886283447464,0.0
2.0,611.5637399999999,12.5,35.14017979504159,34.13493786327228,33.3345842366365,32.36629569509351,30.025285651202537,0.0
2.0,611.5637399999999,12.75,35.07545505899632,34.06550367831489,33.26347645167102,32.29397947468548,29.954125024983398,0.0
2.0,611.5637399999999,13.0,35.01050311788783,33.996114379047356,33.192561658471206,32.221991349563204,29.883382816316427,0.0
2.0,611.5637399999999,13.25,34.94534580844305,33.92677434032255,33.12183461050264,32.1503172521913,29.813038819327726,0.0
2.0,611.5637399999999,13.5,34.88000355129814,33.857487639182615,33.05129038395807,32.078944008349254,29.743074120773887,0.0
2.0,611.5637399999999,13.75,34.81449544147515,33.78825807474953,32.98092435753177,32.00785927965753,29.67347101607696,0.0
2.0,611.5637399999999,14.0,34.748839333201786,33.71908918668092,32.91073219337512,31.93705150979451,29.604212930930753,0.0
2.0,611.5637399999999,14.25,34.68305191940019,33.64998427231773,32.84070981918451,31.866509874169303,29.53528434808184,0.0
2.0,611.5637399999999,14.5,34.617148806158475,33.580946402634865,32.770853411369984,31.7962242328298,29.466670738926393,0.0
2.0,611.5637399999999,14.75,34.55114458248505,33.51197843709251,32.701159379251266,31.72618508639928,29.398358499588372,0.0
2.0,611.5637399999999,15.0,34.4850528856317,33.4430830374751,32.631624350227895,31.65638353484766,29.330334891174758,0.0
2.0,611.5637399999999,15.25,34.418886462256886,33.37426268079562,32.56224515587066,31.58681123891576,29.262587983925147,0.0
2.0,611.5637399999999,15.5,34.35265722568646,33.305519671335176,32.49301881888255,31.517460384022378,29.19510660499468,0.0
2.0,611.5637399999999,15.75,34.286376309514836,33.23685615188102,32.423942540879196,31.448323646494796,29.127880289628248,0.0
2.0,611.5637399999999,16.0,34.22005411777583,33.16827411422056,32.35501369094086,31.37939416197347,29.06089923550135,0.0
2.0,611.5637399999999,16.25,34.15370037189903,33.099775408943756,32.28622979488936,31.310665495851172,28.994154260018817,0.0
2.0,611.5637399999999,16.5,34.08732415465497,33.031361754602074,32.21758852524666,31.242131615615737,28.927636760377098,0.0
2.0,611.5637399999999,16.75,34.02093395127999,32.96303474626806,32.14908769183277,31.173786864973984,28.861338676209197,0.0
2.0,611.5637399999999,17.0,33.954537687960055,32.89479586353635,32.080725232963786,31.105625939642195,28.79525245464358,0.0
2.0,611.5637399999999,17.25,33.888142767841956,32.82664647800371,32.012499207212635,31.037643864695905,28.729371017619904,0.0
2.0,611.5637399999999,17.5,33.82175610472961,32.75858786026291,31.944407785697162,30.969835973378604,28.66368773131471,0.0
2.0,611.5637399999999,17.75,33.755384154613715,32.6906211864428,31.87644924486253,30.902197887275438,28.59819637754016,0.0
2.0,611.5637399999999,18.0,33.68903294517316,32.62274754432454,31.808621959726533,30.834725497763994,28.53289112698786,0.0
2.0,611.5637399999999,18.25,33.62270810337848,32.55496793906188,31.740924397558505,30.76741494865994,28.467766514198328,0.0
2.0,611.5637399999999,18.5,33.556414881318936,32.487283298531466,31.673355111964362,30.70026261998057,28.402817414144373,0.0
2.0,611.5637399999999,18.75,33.49015818036741,32.419694478337334,31.605912737351662,30.633265112754216,28.338039020324075,0.0
2.0,611.5637399999999,19.0,33.423942573789596,32.3522022664922,31.538595983750643,30.56641923480821,28.27342682426584,0.0
2.0,611.5637399999999,19.25,33.35777232789788,32.28480738779652,31.471403631968304,30.499721987472313,28.208976596354272,0.0
2.0,611.5637399999999,19.5,33.29165142184304,32.217510507934925,31.404334529054267,30.433170553138655,28.144684367891667,0.0
2.0,611.5637399999999,19.75,33.225583566131746,32.15031223730849,31.337387584058426,30.366762283623025,28.080546414315336,0.0
2.0,611.5637399999999,20.0,33.159572219951556,32.08321313461976,31.270561764061647,30.30049468927586,28.016559239496235,0.0
2.0,611.5637399999999,20.25,33.09362060738028,32.01621371022672,31.20385609046198,30.234365428794664,27.952719561049133,0.0
2.0,611.5637399999999,20.5,33.02773173255151,31.949314429280513,31.137269635499962,30.168372299692617,27.889024296589124,0.0
2.0,611.5637399999999,20.75,32.96190839384341,31.882515714660926,31.070801519007667,30.102513229381167,27.825470550873412,0.0
2.0,611.5637399999999,21.0,32.896153197153765,31.815817949722742,31.004450905367055,30.036786266827,27.762055603771422,0.0
2.0,611.5637399999999,21.25,32.83046856832009,31.74922148086509,30.938217000664228,29.97118957474641,27.698776899009694,0.0
2.0,611.5637399999999,21.5,32.76485676473967,31.68272661993524,30.87209905002692,29.905721422302417,27.635632033641752,0.0
2.0,611.5637399999999,21.75,32.699319886241376,31.61633364647758,30.806096335133454,29.840380178272277,27.572618748196195,0.0
2.0,611.5637399999999,22.0,32.633859885257145,31.550042809837645,30.740208171882134,29.77516430465508,27.50973491745928,0.0
2.0,611.5637399999999,22.25,32.5684785763384,31.48385433113063,30.674433908210705,29.710072350691032,27.446978541851177,0.0
2.0,611.5637399999999,22.5,32.50317764505948,31.417768405083095,30.60877292205629,29.64510294726598,27.38434773935754,0.0
2.0,611.5637399999999,22.75,32.43795865634768,31.351785201756012,30.543224619446637,29.58025480167628,27.321840737980775,0.0
2.0,611.5637399999999,23.0,32.3728230622767,31.28590486815683,30.477788432714362,29.51552669273086,27.25945586867739,0.0
2.0,611.5637399999999,23.25,32.30777220935816,31.220127529747682,30.41246381882614,29.450917466168708,27.19719155875015,0.0
2.0,611.5637399999999,23.5,32.24280734536348,31.15445329185644,30.3472502578195,29.386426030371503,27.135046325665826,0.0
2.0,611.5637399999999,23.75,32.177929625706334,31.088882240996877,30.2821472513403,29.322051352352332,27.073018771270956,0.0
2.0,611.5637399999999,24.0,32.11314011941407,31.02341444610376,30.21715432127435,29.25779245400275,27.011107576380148,0.0
2.0,611.5637399999999,24.25,32.0484398147144,30.95804995968841,30.15227100846718,29.19364840858152,26.949311495712834,0.0
2.0,611.5637399999999,24.5,31.983829624262416,30.892788818919772,30.087496871526184,29.12961833742946,26.88762935315604,0.0
2.0,611.5637399999999,24.75,31.919310390030766,30.827631046635886,30.02283148569995,29.065701406895844,26.82606003733221,0.0
2.0,611.5637399999999,25.0,31.854882887884962,30.762576652290143,29.958274441829687,29.00189682546272,26.764602497452383,0.0
2.0,611.5637399999999,25.25,31.790547831863943,30.697625632836598,29.893825345368185,28.9382038410544,26.703255739436422,0.0
2.0,611.5637399999999,25.5,31.726305878184906,30.63277797355824,29.82948381546193,28.874621738520194,26.642018822282996,0.0
2.0,611.5637399999999,25.75,31.662157628990258,30.56803364884188,29.765249484092262,28.811149837279217,26.580890854673303,0.0
2.0,611.5637399999999,26.0,31.598103635853093,30.503392622903096,29.701121995271887,28.74778748911686,26.519870991793464,0.0
2.0,611.5637399999999,26.25,31.534144403057013,30.438854850464487,29.637101004293026,28.684534076123114,26.45895843236149,0.0
2.0,611.5637399999999,26.5,31.47028039066456,30.374420277390193,29.573186177023995,28.621389008763632,26.39815241584564,0.0
2.0,611.5637399999999,26.75,31.406512017388103,30.310088841279512,29.509377189251033,28.558351724074992,26.337452219861884,0.0
2.0,611.5637399999999,27.0,31.342839663275708,30.245860472022272,29.44567372606251,28.495421683976133,26.276857157738895,0.0
2.0,611.5637399999999,27.25,31.279263672224097,30.181735092318394,29.382075481272693,28.43259837368849,26.21636657623979,0.0
2.0,611.5637399999999,27.5,31.215784354329625,30.117712618163942,29.318582156882652,28.36988130025784,26.155979853430548,0.0
2.0,611.5637399999999,27.75,31.152401988087895,30.053792959305866,29.25519346257581,28.307269991171307,26.095696396685636,0.0
2.0,611.5637399999999,28.0,31.089116822451665,29.989976019667402,29.19190911524593,28.244763993063344,26.035515640821988,0.0
2.0,611.5637399999999,28.25,31.02592907875615,29.92626169774603,29.1287288385555,28.18236287050507,25.975437046353157,0.0
2.0,611.5637399999999,28.5,30.962838952520332,29.862649886985782,29.06565236252245,28.12006620487147,25.915460097855753,0.0
2.0,611.5637399999999,28.75,30.899846615132226,29.79914047612554,29.002679423133525,28.05787359328153,25.855584302441112,0.0
2.0,611.5637399999999,29.0,30.83695221542557,29.735733349524835,28.93980976198245,27.995784647606577,25.795809188325258,0.0
2.0,611.5637399999999,29.25,30.77415588115492,29.67242838746865,28.87704312593137,27.93379899354242,25.736134303490946,0.0
2.0,611.5637399999999,29.5,30.71145772037573,29.609225466452536,28.814379266794063,27.871916269741224,25.676559214435787,0.0
2.0,611.5637399999999,29.75,30.648857822735554,29.546124459449345,28.751817941039498,27.810136126999208,25.61708350500095,0.0
2.0,611.5637399999999,30.0,30.586356260681963,29.483125236158724,28.689358909514443,27.748458227496634,25.557706775275225,0.0
2.0,611.5637399999999,30.25,30.523953090592723,29.420227663240514,28.627001937183895,27.686882244086682,25.49842864056961,0.0
2.0,611.5637399999999,30.5,30.461648353833116,29.357431604533065,28.56474679288816,27.625407859630066,25.439248730457887,0.0
2.0,611.5637399999999,30.75,30.399442077745125,29.29473692125746,28.50259324911558,27.564034766372465,25.380166687878905,0.0
2.0,611.5637399999999,31.0,30.33733427657288,29.232143472208534,28.440541081789785,27.502762665361985,25.321182168296662,0.0
2.0,611.5637399999999,31.25,30.275324952328482,29.169651113933554,28.378590070070658,27.44159126590409,25.26229483891436,0.0
2.0,611.5637399999999,31.5,30.213414095602015,29.10725970089935,28.316739996168018,27.380520285051592,25.203504377939087,0.0
2.0,611.5637399999999,31.75,30.151601686319356,29.044969085648628,28.25499064516733,27.319549447127418,25.14481047389392,0.0
2.0,611.5637399999999,32.0,30.089887694451146,28.982779118946198,28.193341804866495,27.258678483278107,25.086212824973465,0.0
2.0,611.5637399999999,32.25,30.02827208067605,28.92068964991571,28.13179326562321,27.19790713105594,25.02771113844237,0.0
2.0,611.5637399999999,32.5,29.966754797001304,28.858700526167556,28.070344820212004,27.137235134027975,24.969305130071184,0.0
2.0,611.5637399999999,32.75,29.905335787343198,28.796811593918502,28.00899626369052,27.07666224141023,24.91099452360902,0.0
2.0,611.5637399999999,33.0,29.844014988070185,28.73502269810354,27.947747393274312,27.016188207725325,24.85277905029007,0.0
2.0,611.5637399999999,33.25,29.782792328510943,28.673333682480518,27.88659800821969,26.955812792482167,24.79465844837186,0.0
2.0,611.5637399999999,33.5,29.721667731429715,28.61174438972799,27.825547909714043,26.895535759876186,24.73663246270316,0.0
2.0,611.5637399999999,33.75,29.660641113470934,28.55025466153669,27.76459690077317,26.83535687850883,24.678700844319675,0.0
2.0,611.5637399999999,34.0,29.599712385575256,28.488864338695116,27.703744786145204,26.775275921125086,24.62086335006574,0.0
2.0,611.5637399999999,34.25,29.538881453368656,28.427573261169496,27.642991372220642,26.71529266436786,24.56311974224031,0.0
2.0,611.5637399999999,34.5,29.47814821752656,28.366381268178625,27.582336466948178,26.655406888548093,24.5054697882657,0.0
2.0,611.5637399999999,34.75,29.417512574114312,28.30528819826379,27.52177987975582,26.595618377429677,24.44791326037758,0.0
2.0,611.5637399999999,35.0,29.356974414905864,28.24429388935416,27.461321421477123,26.535926918028146,24.390449935334992,0.0
2.0,611.5637399999999,35.25,29.296533627681722,28.183398178827943,27.4009609042821,26.47633230042228,24.333079594148828,0.0
2.0,611.5637399999999,35.5,29.236190096507812,28.12260090356951,27.34069814161252,26.416834317577816,24.275802021827904,0.0
2.0,611.5637399999999,35.75,29.175943701996236,28.061901900022843,27.28053294812132,26.35743276518245,24.218617007141216,0.0
2.0,611.5637399999999,36.0,29.11579432154925,28.00130100424147,27.22046513961592,26.298127441491406,24.16152434239554,0.0
2.0,611.5637399999999,36.25,29.055741829587483,27.940798051935143,27.1604945330051,26.238918147182932,24.10452382322726,0.0
2.0,611.5637399999999,36.5,28.99578609776338,27.880392878513465,27.100620946249226,26.179804685223022,24.047615248407585,0.0
2.0,611.5637399999999,36.75,28.935926995160898,27.82008531912667,27.040844198313735,26.120786860738825,23.990798419660226,0.0
2.0,611.5637399999999,37.0,28.876164388482284,27.75987520870371,26.981164109125444,26.06186448090015,23.93407314149082,0.0
2.0,611.5637399999999,37.25,28.81649814222277,27.699762381987878,26.92158049953173,26.003037354808562,23.87743922102724,0.0
2.0,611.5637399999999,37.5,28.756928118834,27.63974667357005,26.862093191262222,25.944305293393555,23.82089646787017,0.0
2.0,611.5637399999999,37.75,28.697454178876853,27.579827917919772,26.80270200689296,25.885668109315386,23.76444469395327,0.0
2.0,611.5637399999999,38.0,28.63807618116442,27.520005949414298,26.743406769812776,25.82712561687412,23.708083713412243,0.0
2.0,611.5637399999999,38.25,28.578793982895704,27.460280602365692,26.68420730419184,25.76867763192446,23.651813342462383,0.0
2.0,611.5637399999999,38.5,28.51960743978068,27.40065171104615,26.62510343495215,25.710323971796054,23.595633399283866,0.0
2.0,611.5637399999999,38.75,28.46051640615722,27.34111910971166,26.56609498773987,25.65206445521884,23.539543703914443,0.0
2.0,611.5637399999999,39.0,28.401520735100537,27.281682632624065,26.507181788899466,25.593898902253216,23.483544078149,0.0
2.0,611.5637399999999,39.25,28.34262027852542,27.222342114071694,26.448363665449364,25.535827134224586,23.427634345445476,0.0
2.0,611.5637399999999,39.5,28.283814887281927,27.16309738838858,26.389640445059218,25.47784897366215,23.37181433083691,0.0
2.0,611.5637399999999,39.75,28.225104411244846,27.10394828997243,26.331011956028572,25.419964244241545,23.316083860848988,0.0
2.0,611.5637399999999,40.0,28.16648869939731,27.04489465330137,26.27247802726679,25.362172770731128,23.260442763422937,0.0
2.0,611.5637399999999,40.25,28.107967599909067,26.985936312949587,26.21403848827434,25.304474378941716,23.204890867843318,0.0
2.0,611.5637399999999,40.5,28.049540960209605,26.927073103601888,26.155693169125154,25.24686889567948,23.149428004670405,0.0
2.0,611.5637399999999,40.75,27.991208627056533,26.868304860067312,26.09744190045011,25.189356148701844,23.094054005676917,0.0
2.0,611.5637399999999,41.0,27.93297044659952,26.809631417291794,26.03928451342153,25.13193596667617,23.038768703788744,0.0
2.0,611.5637399999999,41.25,27.874826264440067,26.751052610369985,25.98122083973865,25.07460817914107,22.983571933029452,0.0
2.0,611.5637399999999,41.5,27.816776024474102,26.69472565483847,25.92654481316163,25.019375509068375,22.928478397771844,6.0321468998518435e-06
2.0,611.5637399999999,41.75,27.758830463015826,26.64124880603252,25.875620915304065,24.9668157476036,22.873692935465435,3.415447382207266e-05
2.0,611.5637399999999,42.0,27.70105400604292,26.590218506225046,25.827526353664414,24.916580083662772,22.819585406089,8.277545798614347e-05
2.0,611.5637399999999,42.25,27.643572264358404,26.54132321180803,25.781760859540213,24.868407489373418,22.7664879130871,0.00015075845298949552
2.0,611.5637399999999,42.5,27.58653508906159,26.494198042493814,25.73782136604357,24.82199040425336,22.714622618781465,0.00023539301019211682
2.0,611.5637399999999,42.75,27.530083914710268,26.448695897251035,25.695563422114784,24.77722303692475,22.664112966716445,0.0003393121728363829
2.0,611.5637399999999,43.0,27.474336370302545,26.404592517901808,25.654712470577113,24.733922472643126,22.615017891458095,0.00045769394881442553
2.0,611.5637399999999,43.25,27.419384283584705,26.361818266300432,25.615222026562336,24.692042707026392,22.56735362117762,0.0005908345573905035
2.0,611.5637399999999,43.5,27.36529602053895,26.32027993084472,25.5769915177252,24.651508535193507,22.52111186326566,0.0007385078983079673
2.0,611.5637399999999,43.75,27.312121245607127,26.279819001671044,25.539823995872986,24.612177369425005,22.476271461728572,0.000901198148449328
2.0,611.5637399999999,44.0,27.259895001190156,26.240459944684876,25.50378416131152,24.574071536316097,22.432795458544376,0.0010787693528320145
2.0,611.5637399999999,44.25,27.208639655548346,26.202056834409504,25.468680859891506,24.537051520545855,22.39064330237596,0.0012682360187588936
2.0,611.5637399999999,44.5,27.158368480722867,26.164604282074105,25.434527170134267,24.501104811764314,22.349769065855124,0.0014707925024151911
2.0,611.5637399999999,44.75,27.109086992196602,26.12802952198165,25.401233809287422,24.466154937891385,22.310123695109784,0.001685139987196161
2.0,611.5637399999999,45.0,27.060794642221907,26.09229242167508,25.368758072263805,24.432154106042148,22.27165769518265,0.001911070924438271
2.0,611.5637399999999,45.25,27.013486096067766,26.05736439391065,25.33707068969585,24.399064445796473,22.234320554685517,0.002148120588740101
2.0,611.5637399999999,45.5,26.967152132169115,26.023220250637213,25.3061449407504,24.366850902143156,22.198063441833984,0.0023962894711113147
2.0,611.5637399999999,45.75,26.92178078262156,25.989793633086137,25.275898258908928,24.335440855256973,22.162839922175703,0.0026538422846158587
2.0,611.5637399999999,46.0,26.877358047572095,25.95712717771741,25.246394939391283,24.304861055599755,22.128603061744823,0.002922465956632627
2.0,611.5637399999999,46.25,26.83386802282712,25.92511941127178,25.21750291595403,24.275008086375873,22.09531108984989,0.0032016622269498357
2.0,611.5637399999999,46.5,26.79129411886764,25.893787697616677,25.189252847819997,24.245886292692607,22.062922042465857,0.00349034747550418
2.0,611.5637399999999,46.75,26.74961850823019,25.863097740206527,25.16160351648499,24.217454244883942,22.03139486724075,0.003788002433626191
2.0,611.5637399999999,47.0,26.708822509675105,25.833030158369144,25.13453436400679,24.189684426011166,22.0006917244575,0.0040935669815419995
2.0,611.5637399999999,47.25,26.668887067057632,25.803561909352382,25.108019784215156,24.16254667156824,21.970776361585152,0.00440707594962676
2.0,611.5637399999999,47.5,26.629792821476794,25.77464494959599,25.082002373349468,24.13598897126248,21.941613988676387,0.004727283428014404
2.0,611.5637399999999,47.75,26.591520060287998,25.74630102464044,25.05651548926706,24.110022309105595,21.913169312186106,0.005059083705123584
2.0,611.5637399999999,48.0,26.554048489798177,25.718475958072386,25.03149293273286,24.08459062579459,21.885410370572618,0.005397489633054932
2.0,611.5637399999999,48.25,26.517357939459774,25.691155166638673,25.006921342120783,24.059673432598263,21.858306362186536,0.005740274727180084
2.0,611.5637399999999,48.5,26.481428127877184,25.664370587658677,24.982845272987966,24.035292373908504,21.83182672427685,0.006090439106758068
2.0,611.5637399999999,48.75,26.446238762250413,25.638075403404372,24.959207516354894,24.01139981379807,21.805946473412256,0.006451307123181805
2.0,611.5637399999999,49.0,26.411770572153472,25.61226001555697,24.935999928238665,23.98798137013274,21.78064242386363,0.006816393493465252
2.0,611.5637399999999,49.25,26.37800492405455,25.5869125277475,24.913210927938216,23.965021244166184,21.755891224146833,0.007185670466567924
2.0,611.5637399999999,49.5,26.34492344774245,25.562008388787987,24.890813147256292,23.942492879202266,21.731670869824953,0.007564377438834626
2.0,611.5637399999999,49.75,26.312508083078026,25.537551596860677,24.868815217577396,23.92039535120521,21.707959838461452,0.007948400384774111
2.0,611.5637399999999,50.0,26.280740997343806,25.51352847708208,24.847202942742523,23.89871263124456,21.68473849074091,0.008335865232797767
2.0,611.5637399999999,50.25,26.249604893116448,25.48989748278906,24.825928002839525,23.877404299737382,21.66198891703959,0.008731509782371846
2.0,611.5637399999999,50.5,26.219082964877213,25.46666790868826,24.80500596542916,23.856474982330447,21.63969178682874,0.009131579280428645
2.0,611.5637399999999,50.75,26.1891583319167,25.44383887476315,24.78443858035634,23.835920874837612,21.617828771462428,0.009533855086411984
2.0,611.5637399999999,51.0,26.159814416382595,25.42136965524187,24.764178505974535,23.815703249629255,21.596384408150275,0.009946960778966434
2.0,611.5637399999999,51.25,26.13103530991413,25.399252143684226,24.74421961175175,23.795812126394065,21.575342361454336,0.010360198362744388
2.0,611.5637399999999,51.5,26.10280518401927,25.377484043607264,24.724562370167426,23.776242988428596,21.554685611171717,0.010779528084317189
2.0,611.5637399999999,51.75,26.075108196739144,25.35605608208164,24.70519835020953,23.756985433689927,21.534398795309674,0.011204307892831411
2.0,611.5637399999999,52.0,26.047928895101442,25.33495728628821,24.686117043160575,23.738027724169203,21.51446806358124,0.011629491668089471
2.0,611.5637399999999,52.25,26.021252366639356,25.31419774684114,24.667333519997644,23.719376892416957,21.494880448147107,0.012064862173257663
2.0,611.5637399999999,52.5,25.99506427277858,25.29376360084467,24.648833060241184,23.701019209108498,21.475625129960797,0.012499186385686086
2.0,611.5637399999999,52.75,25.969351133126185,25.273632987628634,24.630591637034083,23.682933962948262,21.456692414678997,0.012941774363211403
2.0,611.5637399999999,53.0,25.94410014062508,25.25379962028286,24.612604453827405,23.665114241339207,21.438071598000267,0.013384693180895323
2.0,611.5637399999999,53.25,25.919298675861462,25.23426143207837,24.59487155585914,23.64755706420654,21.419751707011663,0.01383332440331142
2.0,611.5637399999999,53.5,25.894934279074842,25.21500223629661,24.577375733614776,23.630247151476514,21.401722770255063,0.014285128996291975
2.0,611.5637399999999,53.75,25.870994843029624,25.196007590470714,24.560102162268425,23.61317075756188,21.383974943693772,0.014739742843531268
2.0,611.5637399999999,54.0,25.847468481350482,25.17728258865717,24.543059583540543,23.59633144501413,21.366497884563604,0.015198070922612735
2.0,611.5637399999999,54.25,25.824343414592608,25.158830110856506,24.526253546688363,23.579731050602586,21.34928243028706,0.01565908293640135
2.0,611.5637399999999,54.5,25.80160831599257,25.140633979163056,24.509666504332213,23.563354705778607,21.33232140960557,0.016125418084280935
2.0,611.5637399999999,54.75,25.779252570885646,25.12268193723739,24.493285972965218,23.547190972473967,21.315607793738423,0.01659219994360107
2.0,611.5637399999999,55.0,25.757265983935202,25.104968347868276,24.477107444392043,23.531234319588066,21.2991337501849,0.017063996889115307
2.0,611.5637399999999,55.25,25.73563848546694,25.08748691384341,24.461125483429765,23.515478722658955,21.28289139344737,0.01753731409027143
2.0,611.5637399999999,55.5,25.714360144878146,25.070232026473544,24.44533542252097,23.499918815163678,21.266873227708988,0.018013846203120167
2.0,611.5637399999999,55.75,25.693421256858787,25.053198318402117,24.429732815163398,23.484549491161,21.25107217783065,0.01849377649409133
2.0,611.5637399999999,56.0,25.672812393157265,25.036381873814694,24.41431488554696,23.469366978406587,21.23548159339464,0.01897413551084799
2.0,611.5637399999999,56.25,25.65252443478287,25.01978185361312,24.399082433038025,23.454370295874867,21.220095338299096,0.01946068770192392
2.0,611.5637399999999,56.5,25.63254862340132,25.00339174011538,24.38402934256965,23.43955350612144,21.204908020197255,0.01994485026654475
2.0,611.5637399999999,56.75,25.612876626579258,24.987207537697707,24.369152542679252,23.42491293466608,21.189914623110607,0.02043775924142507
2.0,611.5637399999999,57.0,25.593500483243673,24.971222549366068,24.354445681071414,23.41044256088549,21.175110284379073,0.02092489563370824
2.0,611.5637399999999,57.25,25.57441253355376,24.955428740065585,24.33990083691839,23.396135190185564,21.16049014480142,0.021424088145010386
2.0,611.5637399999999,57.5,25.555605331868968,24.939820249531948,24.325512703180877,23.381985563573675,21.14604909286458,0.021917963971922663
2.0,611.5637399999999,57.75,25.53707154899906,24.924390566519254,24.31127515632966,23.367987855579287,21.13178187410401,0.02241823034807003
2.0,611.5637399999999,58.0,25.518803943807,24.90913400823786,24.297183044114583,23.354136973211858,21.117683201707802,0.022919247493618275
2.0,611.5637399999999,58.25,25.500795363661915,24.894048938984497,24.283235977211643,23.3404314329354,21.10374783944207,0.023418691301717965
2.0,611.5637399999999,58.5,25.483038775285713,24.879143139644224,24.269444597848153,23.326878196198177,21.089971046512034,0.023927035650325144
2.0,611.5637399999999,58.75,25.465527416752103,24.864410985099727,24.255803353286204,23.313472368121715,21.076349473698414,0.02442970548102981
2.0,611.5637399999999,59.0,25.448255045392923,24.849838231544105,24.242296616717603,23.30020132774114,21.06288040878052,0.024942534024993707
2.0,611.5637399999999,59.25,25.431215831088576,24.8354194480203,24.22891942277077,23.28706027001062,21.049560182913044,0.025452138976206278
2.0,611.5637399999999,59.5,25.414403987883908,24.821154866365802,24.215673419124947,23.274049484195398,21.036384394229337,0.025962179946404512
2.0,611.5637399999999,59.75,25.397813680224846,24.807049880553503,24.202566191637498,23.261173930309766,21.023349049500144,0.02647922858875186
2.0,611.5637399999999,60.0,25.38143922999761,24.793099769568688,24.18959314944071,23.248429571776562,21.010451340524334,0.026990860199200724
2.0,611.5637399999999,60.25,25.36527535872945,24.77929528834197,24.176744448719848,23.235808289218394,20.997688968435426,0.02751239871030311
2.0,611.5637399999999,60.5,25.349317121896572,24.76563185811222,24.1640158764155,23.22330611592353,20.985059065559007,0.028030997963628686
2.0,611.5637399999999,60.75,25.33355966492992,24.75210702221997,24.15140567746827,23.21092100118784,20.97255828606834,0.028548777161087946
2.0,611.5637399999999,61.0,25.317998138059107,24.738721161334364,24.138915375830727,23.198653454924806,20.960183352047103,0.029074773776164558
2.0,611.5637399999999,61.25,25.302627770234203,24.72547053042134,24.126541519812047,23.186500296922052,20.947931450212618,0.02959576923469176
2.0,611.5637399999999,61.5,25.28744397853033,24.712352657309534,24.11428217918604,23.174459477438308,20.93580002891376,0.03012214115807881
2.0,611.5637399999999,61.75,25.272442370244637,24.69936475999915,24.102135022863308,23.162528673055515,20.923786603890715,0.03065032358838625
2.0,611.5637399999999,62.0,25.257618711489478,24.686503455786962,24.090096991651027,23.15070501984566,20.911888756037488,0.031173672661031757
2.0,611.5637399999999,62.25,25.242968904771164,24.673764137779695,24.07816357680798,23.138984543316248,20.900104047153164,0.031707517925232374
2.0,611.5637399999999,62.5,25.22848895212993,24.661143644637882,24.066331986100668,23.127364557687713,20.888429884296293,0.03223829217696823
2.0,611.5637399999999,62.75,25.214174906727855,24.648639164681008,24.05459980833117,23.115842687130495,20.87686358137877,0.032765482729528145
2.0,611.5637399999999,63.0,25.200022864120374,24.63624924510518,24.04296620378977,23.104417776932134,20.8654024996628,0.03330390728049432
2.0,611.5637399999999,63.25,25.186028987772136,24.623971132760413,24.03142875078124,23.09308749662985,20.85404418427331,0.03383780801268446
2.0,611.5637399999999,63.5,25.172189548138782,24.61180199571626,24.019984927175955,23.081849434402137,20.84278631613195,0.034369551728700196
2.0,611.5637399999999,63.75,25.158500926395845,24.599738159182937,24.00863120654738,23.070700407301594,20.83162659772055,0.03491117144498629
2.0,611.5637399999999,64.0,25.144959590681438,24.58777723710369,23.99736558241399,23.059638388356664,20.820562664216787,0.035448526716942645
2.0,611.5637399999999,64.25,25.131562066141676,24.575917437309638,23.98618671533165,23.048661886960282,20.80959214749725,0.03598263603821954
2.0,611.5637399999999,64.5,25.118304938357518,24.564164837049667,23.97510248391264,23.0377765613968,20.798712858757046,0.036527988962520484
2.0,611.5637399999999,64.75,25.105184919472066,24.552516831851857,23.96411036701721,23.02698023828768,20.787923424082056,0.037068725154610696
2.0,611.5637399999999,65.0,25.092199009012372,24.540969461971212,23.953206320963123,23.01626949838824,20.777222932877255,0.03760775589748955
2.0,611.5637399999999,65.25,25.079344467352655,24.529513559354605,23.94238022451357,23.005636175323474,20.76661018534179,0.03815579159094376
2.0,611.5637399999999,65.5,25.06661863689754,24.518147216545607,23.931630611125005,22.995078671268296,20.75608316043649,0.03869990954914963
2.0,611.5637399999999,65.75,25.054018746079254,24.50686859363384,23.920956009909556,22.984595455348558,20.745639405760212,0.039240183480362456
2.0,611.5637399999999,66.0,25.041541909250313,24.495680177014467,23.910359995000462,22.974188929057302,20.735276599255332,0.03979020305431738
2.0,611.5637399999999,66.25,25.029185242184255,24.484580795987544,23.89984173006077,22.963858172626434,20.724992956253118,0.04033859230776526
2.0,611.5637399999999,66.5,25.016946005118285,24.473568553495667,23.889399532083274,22.953601593450294,20.714787117986692,0.04088295766656573
2.0,611.5637399999999,66.75,25.004821637735702,24.46264496024994,23.879035720870164,22.94342071144802,20.704657823665407,0.041433370253817624
2.0,611.5637399999999,67.0,24.99280972744272,24.451809988693807,23.868750733828005,22.933315666541016,20.694604082886077,0.041985418509557455
2.0,611.5637399999999,67.25,24.9809080365028,24.441061684218287,23.85854273208235,22.92328484666941,20.684625203401517,0.04253326804484691
2.0,611.5637399999999,67.5,24.969114507746553,24.430396333689412,23.84840783325734,22.913325029957043,20.674720487649225,0.043085366635286566
2.0,611.5637399999999,67.75,24.957427195609444,24.419810646225468,23.838342688273706,22.903433370616682,20.66488893551878,0.04364072820921937
2.0,611.5637399999999,68.0,24.94584416575969,24.409303018250124,23.828345934839945,22.893608558996377,20.655129202071773,0.044192267485189285
2.0,611.5637399999999,68.25,24.93436343918456,24.398872336105892,23.818416755570986,22.883849728694326,20.64543981922309,0.044742617875756556
2.0,611.5637399999999,68.5,24.92298301003183,24.388519231868194,23.808556353187893,22.874157607094354,20.635819395203445,0.045302066630975205
2.0,611.5637399999999,68.75,24.91170089785262,24.378242144889217,23.79876330619832,22.864530910716134,20.626266790399185,0.04585764022771976
2.0,611.5637399999999,69.0,24.900515206997508,24.36803956295189,23.78903625991726,22.854968390018207,20.61678100895041,0.04640941875842285
2.0,611.5637399999999,69.25,24.889424127397547,24.35791206104569,23.77937630102783,22.84547071027355,20.607361054628242,0.04696992712232913
2.0,611.5637399999999,69.5,24.87842591639942,24.347858577781995,23.769782551157093,22.83603704134983,20.59800607809053,0.04752930697569141
2.0,611.5637399999999,69.75,24.86751892034169,24.33787763770878,23.760253650604362,22.82666616901083,20.58871534825373,0.04808485285920036
2.0,611.5637399999999,70.0,24.85670157103968,24.327965556220697,23.750785655428786,22.81735484136763,20.579488087369107,0.048644134905822985
2.0,611.5637399999999,70.25,24.84597234301617,24.31811881152711,23.74137485394228,22.80809993918,20.570323242311403,0.0492073425066613
2.0,611.5637399999999,70.5,24.835329677008694,24.308336240374018,23.732020312135866,22.798900500684972,20.561219403918866,0.04976714791729916
2.0,611.5637399999999,70.75,24.824771931580592,24.298616715725473,23.722721102941286,22.789755590436783,20.552175064188372,0.05032360669764606
2.0,611.5637399999999,71.0,24.81429741388949,24.28896462902963,23.71348274084482,22.780669354342635,20.543188841562777,0.05088836802093209
2.0,611.5637399999999,71.25,24.803904456044954,24.27938019774091,23.704305732467464,22.771642108256902,20.53425993782032,0.05145263091894363
2.0,611.5637399999999,71.5,24.79359155172143,24.26986211882793,23.695188817995067,22.762672762174468,20.525388044968622,0.05201314643977011
2.0,611.5637399999999,71.75,24.783357387569385,24.260407300896826,23.68612866769102,22.753758574862907,20.51657287529902,0.052576113525258455
2.0,611.5637399999999,72.0,24.773200762169804,24.25101209198412,23.677121337611485,22.744896281151778,20.507813844945197,0.053144045101055234
2.0,611.5637399999999,72.25,24.763120474371906,24.24167546339737,23.668165982866803,22.736085031457936,20.499109949438203,0.053708665664083395
2.0,611.5637399999999,72.5,24.75311524635123,24.232396419396807,23.65926176471733,22.727324004225594,20.490460010585927,0.05427002817588343
2.0,611.5637399999999,72.75,24.74318373798637,24.22317421928263,23.650408127633625,22.718612604399247,20.481862892398546,0.05483747574496371
2.0,611.5637399999999,73.0,24.733324592575322,24.214008036866183,23.64160440055476,22.709950149560445,20.47331754766896,0.05540679667640451
2.0,611.5637399999999,73.25,24.723536469364067,24.20489694336919,23.63284978310904,22.701335855641023,20.46482301317449,0.05597290821376544
2.0,611.5637399999999,73.5,24.713818058785737,24.19584003369079,23.624143496618387,22.692768955839025,20.456378380096005,0.056535861823844846
2.0,611.5637399999999,73.75,24.704168085006163,24.18683666388403,23.615485061394885,22.6842489227399,20.447982777719343,0.05710688937350713
2.0,611.5637399999999,74.0,24.694585305694527,24.177886029001755,23.606873798989998,22.67577507881132,20.439635386916304,0.05767777855883982
2.0,611.5637399999999,74.25,24.68506851529234,24.168987279944865,23.59830897456063,22.66734670413305,20.43133543368432,0.05824555743020772
2.0,611.5637399999999,74.5,24.675616544747857,24.160139588433964,23.58978987316337,22.65896309699642,20.423082167783107,0.0588102744390879
2.0,611.5637399999999,74.75,24.66622825745387,24.151344552826107,23.581318609663366,22.65062580985947,20.41487487139957,0.05938381313325221
2.0,611.5637399999999,75.0,24.656902557512538,24.142601736899188,23.57289487062175,22.64233451570346,20.406713051747346,0.059956267990005765
2.0,611.5637399999999,75.25,24.6476384338652,24.133910279416966,23.56451785529189,22.634088492127674,20.39859638951059,0.06052551132972685
2.0,611.5637399999999,75.5,24.63843496331194,24.125269212130068,23.556186643816535,22.625886918795405,20.39052455139441,0.0610923935004386
2.0,611.5637399999999,75.75,24.62929127588842,24.116675650786796,23.547898081695692,22.61772719310205,20.382497117904748,0.061669142747895374
2.0,611.5637399999999,76.0,24.620206515343156,24.10812886766453,23.539651568134694,22.60960870984786,20.374513431580908,0.062242939485601056
2.0,611.5637399999999,76.25,24.611179787813136,24.099628157260764,23.531446505329505,22.60153088357173,20.36657269367202,0.06281382530509048
2.0,611.5637399999999,76.5,24.602210160997473,24.091172832185727,23.523282306553803,22.59349313984518,20.358674124340617,0.06338184159086444
2.0,611.5637399999999,76.75,24.593296691348318,24.082763459160507,23.515159841288813,22.58549606741481,20.350816994505763,0.06395984431089186
2.0,611.5637399999999,77.0,24.584438448192124,24.07439941799073,23.50707856432412,22.577539149743387,20.34300072144817,0.06453563005269723
2.0,611.5637399999999,77.25,24.575634545547455,24.066080030126646,23.49903786718383,22.56962181239338,20.335224824903417,0.06510849603612053
2.0,611.5637399999999,77.5,24.566884145449972,24.057804632578808,23.491037159052524,22.561743494799554,20.327488831536545,0.06567848539483294
2.0,611.5637399999999,77.75,24.558186442637805,24.049571789969725,23.483074945885978,22.553902915163764,20.319792251756777,0.06625725656606452
2.0,611.5637399999999,78.0,24.549540649489238,24.041380776162445,23.475150572890012,22.546099449607677,20.312134518351247,0.06683496622118755
2.0,611.5637399999999,78.25,24.540945975385114,24.033230999380084,23.467263533730716,22.538332598353755,20.30451500932944,0.06740993032913184
2.0,611.5637399999999,78.5,24.53240162319406,24.025121881626287,23.459413331472938,22.530601871908292,20.296933111730862,0.06798218562767157
2.0,611.5637399999999,78.75,24.52390679896854,24.017052936514116,23.451599571043122,22.52290686356728,20.289388238798583,0.06855945187406258
2.0,611.5637399999999,79.0,24.515460720224386,24.009023664484193,23.443821836219303,22.515247152339906,20.28187983592804,0.069139480136783
2.0,611.5637399999999,79.25,24.507062621611663,24.001033521155836,23.436079654294122,22.507622273771865,20.27440737935614,0.0697168341596355
2.0,611.5637399999999,79.5,24.498711757433174,23.993081973636265,23.42837256303741,22.500031772922004,20.26697036594658,0.07029154903246328
2.0,611.5637399999999,79.75,24.4904074010266,23.985169401004462,23.4207011600925,22.4924760477382,20.25956831280094,0.07086639541537523
2.0,611.5637399999999,80.0,24.48214884789913,23.977298585634543,23.41306882409239,22.48495775023526,20.252200850414713,0.07144875482972027
2.0,611.5637399999999,80.25,24.473935447609175,23.96946891332714,23.405474918470027,22.477476364961493,20.244867954638966,0.07202814855405267
2.0,611.5637399999999,80.5,24.465766662793584,23.961679777297807,23.397918844917303,22.470031382737243,20.23756976381423,0.07260462491210463
2.0,611.5637399999999,80.75,24.45764205197457,23.953929293168912,23.390398524668413,22.46262110163866,20.23030632520731,0.07318173874042115
2.0,611.5637399999999,81.0,24.449561210555483,23.946213566027435,23.382909564121608,22.45524193224969,20.223077447807476,0.07376531040090116
2.0,611.5637399999999,81.25,24.441523698415633,23.93853215085594,23.37545163781608,22.447893506950358,20.215882499251585,0.07434644857014515
2.0,611.5637399999999,81.5,24.43352896547362,23.930884620552106,23.368024406624784,22.44057547247716,20.20872063650898,0.07492517850368706
2.0,611.5637399999999,81.75,24.425576367874605,23.923270558776593,23.360627531161363,22.433287476283738,20.201591070988396,0.07550152651755176
2.0,611.5637399999999,82.0,24.41766522236332,23.915690556072096,23.353261836463115,22.42603010243544,20.19449310671228,0.0760829092359815
2.0,611.5637399999999,82.25,24.409794845219267,23.90814487164222,23.345927737933494,22.41880362257331,20.187426213288166,0.07666693145869578
2.0,611.5637399999999,82.5,24.401964590140725,23.900633073173083,23.338624838217743,22.411607658434484,20.18039003106509,0.07724844843711394
2.0,611.5637399999999,82.75,24.39417386635645,23.89315473446763,23.33135275266606,22.404441837408363,20.173384263980655,0.07782749167729422
2.0,611.5637399999999,83.0,24.38642212693058,23.88570936847735,23.324111026429502,22.39730573164304,20.166408613785343,0.07840518739751273
2.0,611.5637399999999,83.25,24.378708851307508,23.878295874793235,23.3168984915188,22.390198338133658,20.159462761989897,0.07899163968098934
2.0,611.5637399999999,83.5,24.371033530527008,23.87091386726661,23.30971482189175,22.383119323449176,20.15254631923773,0.07957572798119099
2.0,611.5637399999999,83.75,24.363395649644012,23.863562968619686,23.302559693957864,22.376068362781577,20.145658857544884,0.08015747870179371
2.0,611.5637399999999,84.0,24.35579468719962,23.856242808970944,23.295432788961246,22.36904513692878,20.138799962719816,0.08073691804792793
2.0,611.5637399999999,84.25,24.348230123901946,23.848952779887007,23.288333507653178,22.362049100745544,20.131969239317215,0.08131842284439861
2.0,611.5637399999999,84.5,24.34070144702795,23.841692099248807,23.281261050591755,22.35507954348469,20.12516628595053,0.08190537174123018
2.0,611.5637399999999,84.75,24.33320814633408,23.834460431818105,23.274215141447883,22.34813617265557,20.11839066674748,0.08249010288371536
2.0,611.5637399999999,85.0,24.32574970735941,23.827257449367075,23.26719550544274,22.341218701636546,20.11164194194307,0.08307263911797774
2.0,611.5637399999999,85.25,24.31832561538538,23.820082829546813,23.260201871083183,22.334326848092964,20.104919698898723,0.08365300316196841
2.0,611.5637399999999,85.5,24.310935363100263,23.81293711167226,23.253234966213657,22.32746114057068,20.098223558912938,0.0842359626266404
2.0,611.5637399999999,85.75,24.303578459186124,23.80582123587056,23.246295966960673,22.32062248833479,20.091553250747527,0.08482378172690257
2.0,611.5637399999999,86.0,24.296254452044785,23.7987348510881,23.239384530585575,22.313810588410444,20.084908678508476,0.0854092463448351
2.0,611.5637399999999,86.25,24.288962952491485,23.79167760924641,23.23250032922142,22.307025141660787,20.078289812326762,0.08599238539834801
2.0,611.5637399999999,86.5,24.28170362063637,23.78464916813011,23.225643044512797,22.30026585752631,20.071696588300235,0.08657322655057934
2.0,611.5637399999999,86.75,24.274476141299242,23.77764810569134,23.218811103637012,22.293531429121945,20.06512889297972,0.08716087989803677
2.0,611.5637399999999,87.0,24.267280203976085,23.770673813405498,23.21200389831444,22.28682131364647,20.058586481843403,0.08774889588901463
2.0,611.5637399999999,87.25,24.260115474527566,23.763725998132525,23.20522118172617,22.280135264661656,20.05206900151189,0.08833478292409283
2.0,611.5637399999999,87.5,24.252981588151755,23.756804373662284,23.198462708325977,22.27347303975072,20.04557608490828,0.0889185622466437
2.0,611.5637399999999,87.75,24.245878163196846,23.74990865948759,23.19172823546231,22.266834398685486,20.039107386153027,0.08950025499050193
2.0,611.5637399999999,88.0,24.23880481429665,23.743039591345557,23.185018698411483,22.260220058295197,20.032662589202573,0.09008881565467382
2.0,611.5637399999999,88.25,24.23176116443177,23.736197157252253,23.178334143626895,22.253630031312145,20.02624148773981,0.09067766659856778
2.0,611.5637399999999,88.5,24.224746868136943,23.72938106508331,23.17167429414452,22.247064065567713,20.0198439685947,0.09126432501696491
2.0,611.5637399999999,88.75,24.21776161671345,23.722591026680956,23.165038881079873,22.240521913338803,20.013469926638763,0.09184881521713521
2.0,611.5637399999999,89.0,24.210805124946248,23.715826758722226,23.158427641835836,22.23400333268294,20.007119235066682,0.09243116079726157
2.0,611.5637399999999,89.25,24.20387711885251,23.709087312893548,23.151839541497107,22.227507453681344,20.000791741245976,0.09302250796240483
2.0,611.5637399999999,89.5,24.19697732589608,23.702372424221412,23.145274349747684,22.221034049887606,19.994487217402433,0.09361185102373823
2.0,611.5637399999999,89.75,24.19010545975716,23.695681838142793,23.13873184178535,22.214582904196035,19.98820538812698,0.09419914478140934
2.0,611.5637399999999,90.0,24.18326121995247,23.689015304972013,23.1322117956736,22.20815380224071,19.981945982052817,0.09478440934525535
2.0,611.5637399999999,90.25,24.176444300403553,23.682372579488817,23.12571399267344,22.201746531980746,19.975708739835113,0.09536766456875957
2.0,611.5637399999999,90.5,24.169654395199743,23.675752832538148,23.119237534732186,22.195360327395218,19.96949340921186,0.09595954842168056
2.0,611.5637399999999,90.75,24.162891198552582,23.66915581735259,23.112782208604663,22.188994970395655,19.963299695755744,0.09654984454919349
2.0,611.5637399999999,91.0,24.156154395142824,23.662581312238366,23.10634782426584,22.18265026589027,19.95712728051386,0.09713821461960448
2.0,611.5637399999999,91.25,24.149443660957743,23.65602909924786,23.099934193256235,22.1763260209332,19.950975861886683,0.0977246759527267
2.0,611.5637399999999,91.5,24.142758671234933,23.649498963785003,23.093541129140835,22.170022044560948,19.94484516068784,0.09830924572568087
2.0,611.5637399999999,91.75,24.136099105732193,23.642991438949565,23.087169311455575,22.16373885316664,19.93873492239244,0.09889945544476601
2.0,611.5637399999999,92.0,24.129464654820378,23.636506624029682,23.080818902276416,22.15747655458191,19.932644976123164,0.0994909525401694
2.0,611.5637399999999,92.25,24.122855035666255,23.630044294548107,23.074489687808693,22.15123495088513,19.926575231559116,0.10008046227971913
2.0,611.5637399999999,92.5,24.11626999744805,23.623604228170464,23.068181460377335,22.145013847291292,19.92052561191902,0.10066800451001609
2.0,611.5637399999999,92.75,24.10970931103561,23.617186205713875,23.06189401681747,22.13881305353694,19.914496023480527,0.10125359850957827
2.0,611.5637399999999,93.0,24.103172758171024,23.610789280267106,23.055626310202186,22.13263169059404,19.908486349719254,0.10184416178321506
2.0,611.5637399999999,93.25,24.09666012189401,23.604412866168705,23.049377724763918,22.126469219677993,19.90249639326453,0.10243652488007442
2.0,611.5637399999999,93.5,24.090171168434118,23.598056773671544,23.04314810360202,22.12032547599194,19.896525873952708,0.10302708082795131
2.0,611.5637399999999,93.75,24.083705639809576,23.591720817490817,23.03693728913663,22.114200297502418,19.890574497755466,0.10361584445557924
2.0,611.5637399999999,94.0,24.077263263494228,23.585404815539075,23.03074512475296,22.108093523103232,19.88464199228648,0.10420283065588522
2.0,611.5637399999999,94.25,24.070843763606174,23.57910857608585,23.024571440786747,22.102004980926953,19.878728108306998,0.10479015488993877
2.0,611.5637399999999,94.5,24.06444686705031,23.572831874056334,23.01841602773112,22.095934466482454,19.87283261462529,0.10538396661211236
2.0,611.5637399999999,94.75,24.05807230582233,23.566574536038292,23.012278735554506,22.089881823703983,19.866955290977796,0.10597602095879656
2.0,611.5637399999999,95.0,24.051719817179567,23.560336391054317,23.006159415650238,22.0838468987214,19.861095927716526,0.10656633236067949
2.0,611.5637399999999,95.25,24.045389144110462,23.554117270389032,23.000057921034674,22.07782953980772,19.855254327134144,0.10715491511139537
2.0,611.5637399999999,95.5,24.039080035973587,23.54791700753355,22.99397410640312,22.07182959743403,19.849430302022295,0.10774178334846886
2.0,611.5637399999999,95.75,24.032792248730022,23.541736022411687,22.98790850506,22.065847479010817,19.843623678146297,0.10833366279638179
2.0,611.5637399999999,96.0,24.026525547748324,23.535574440702003,22.981861298619584,22.05988331468415,19.83783434227586,0.10892719089975755
2.0,611.5637399999999,96.25,24.020279719811914,23.529432088597417,22.97583232083039,22.053936951275187,19.83206224461222,0.10951891903457328
2.0,611.5637399999999,96.5,24.01405457766685,23.523308793587514,22.969821410135964,22.048008237804005,19.826307345441073,0.11010886346878417
2.0,611.5637399999999,96.75,24.007849951744696,23.517204385404693,22.96382840832704,22.042097026709072,19.820569588548945,0.11069704001092853
2.0,611.5637399999999,97.0,24.00166568105155,23.511118342204536,22.957852750133778,22.036202837203078,19.814848898261786,0.11128706798864439
2.0,611.5637399999999,97.25,23.995501606338305,23.50504988581937,22.951893579247344,22.030324944022826,19.809145149881942,0.11188171187427469
2.0,611.5637399999999,97.5,23.98935755820671,23.498998867473563,22.94595077516595,22.02446321792426,19.803458135253674,0.1124747150910652
2.0,611.5637399999999,97.75,23.983233345151405,23.492965142631757,22.940024215684133,22.018617532830667,19.79778761247383,0.1130660896302723
2.0,611.5637399999999,98.0,23.977128758555278,23.486948569327264,22.93411377894447,22.01278776321193,19.792133355186532,0.11365584765268757
2.0,611.5637399999999,98.25,23.971043583752287,23.48094900773603,22.92821934388195,22.006973783971755,19.786495157494752,0.11424400128446789
2.0,611.5637399999999,98.5,23.96497760673259,23.474966533754312,22.922341037905646,22.001175674130646,19.780872832486036,0.11483680331967708
2.0,611.5637399999999,98.75,23.958930618315225,23.46900112714885,22.916478872598834,21.99539342147133,19.775266227114667,0.11543146293339177
2.0,611.5637399999999,99.0,23.952902419939083,23.463052648744718,22.91063272088674,21.989626900834747,19.76967522166182,0.11602448972902532
2.0,611.5637399999999,99.25,23.946892826017887,23.457120960611146,22.904802457979475,21.983875988565906,19.764099708073733,0.11661589656168199
2.0,611.5637399999999,99.5,23.940901661014895,23.451205926418474,22.898987960893606,21.978140563098687,19.758539578100986,0.11720569605532265
2.0,611.5637399999999,99.75,23.934928755917152,23.445307412237135,22.89318910914543,21.97242050559539,19.752994721968133,0.11779392040918205
2.0,611.5637399999999,100.0,23.92897394617982,23.439425625937012,22.88740617728366,21.966716022719176,19.747465031309144,0.1183900590993252
2.0,611.5637399999999,100.25,23.92303707237287,23.43356043217576,22.881639036606764,21.961026995654024,19.741950427374018,0.11898456117921469
2.0,611.5637399999999,100.5,23.91711798594275,23.427711696437854,22.875887561686252,21.9553533063108,19.73645084951996,0.1195774398797394
2.0,611.5637399999999,100.75,23.91121654857328,23.42187928584051,22.870151629305415,21.949694838547504,19.73096623095122,0.12016870809531024
2.0,611.5637399999999,101.0,23.905332627563762,23.416063069274312,22.864431118204624,21.944051478195252,19.725496496298756,0.1207583784929603
2.0,611.5637399999999,101.25,23.899466092838356,23.410262529235567,22.858725460017563,21.93842274321858,19.72004156045022,0.12135065298560982
2.0,611.5637399999999,101.5,23.893616813597117,23.40447707009147,22.85303400216775,21.93280807582607,19.714601295393283,0.12194651615080879
2.0,611.5637399999999,101.75,23.88778464822645,23.39870657701935,22.847356652298085,21.92720737443197,19.709175506771075,0.12254089632182517
2.0,611.5637399999999,102.0,23.881969435767964,23.392950938386342,22.841693316455803,21.921620539619344,19.70376397948347,0.12313380314385522
2.0,611.5637399999999,102.25,23.876171001442735,23.387210044370644,22.836043900687084,21.916047472147024,19.698366515695803,0.12372524642873681
2.0,611.5637399999999,102.5,23.87038916613795,23.381483786606054,22.830408311411762,21.910488072949565,19.692982937641368,0.12431523598841769
2.0,611.5637399999999,102.75,23.864623751975614,23.37577201856862,22.824786410022803,21.904942205934322,19.687613084144154,0.12490797832416389
2.0,611.5637399999999,103.0,23.85887458464766,23.37007458875461,22.819178052127576,21.89940972990235,19.68225680382888,0.12550419801466833
2.0,611.5637399999999,103.25,23.853141493439274,23.364391393315426,22.81358314830683,21.893890548967384,19.67691395012217,0.12609898137659228
2.0,611.5637399999999,103.5,23.847424310673166,23.358722329616832,22.808001609600463,21.888384568535653,19.67158438364167,0.12669233789311862
2.0,611.5637399999999,103.75,23.841722872200098,23.353067296100278,22.802433347697697,21.882891695183588,19.666267974221693,0.12728427699873568
2.0,611.5637399999999,104.0,23.836037018124966,23.347426192255746,22.796878274999518,21.8774118366882,19.660964599862062,0.12787480805906962
2.0,611.5637399999999,104.25,23.83036659309842,23.341799015288714,22.79133641636069,21.871944994230123,19.655674146057073,0.12846735059457243
2.0,611.5637399999999,104.5,23.82471144678027,23.33618582114551,22.785807862467287,21.866491225544593,19.650396513614666,0.12906398889033682
2.0,611.5637399999999,104.75,23.819071436227215,23.330586509663465,22.780292521433076,21.86105044021124,19.64513162701083,0.12965919479289995
2.0,611.5637399999999,105.0,23.81344642844613,23.325000981251936,22.774790303110624,21.855622548709494,19.639879421270816,0.13025297819476367
2.0,611.5637399999999,105.25,23.807836298747258,23.319429137329955,22.7693011185917,21.850207463024546,19.634639829406304,0.13084534880122958
2.0,611.5637399999999,105.5,23.80224092767799,23.31387088042676,22.763824880086045,21.84480509661986,19.629412781107515,0.1314363161841869
2.0,611.5637399999999,105.75,23.7966601991207,23.30832607797002,22.758361458983863,21.83941532970685,19.624198203178054,0.13202935812010078
2.0,611.5637399999999,106.0,23.791093999151165,23.302794580522143,22.752910707455225,21.83403802638146,19.618996016970637,0.13262626347193662
2.0,611.5637399999999,106.25,23.785542214628745,23.297276295094814,22.747472543091185,21.82867310442004,19.61380613582492,0.13322178461118622
2.0,611.5637399999999,106.5,23.78000473198759,23.29177113004011,22.742046884108863,21.82332048274287,19.608628470067185,0.13381593054142812
2.0,611.5637399999999,106.75,23.774481437638535,23.286278994879225,22.736633649505734,21.817980081136945,19.603462931608618,0.13440871019783993
2.0,611.5637399999999,107.0,23.768972218914463,23.2807998002468,22.73123275908335,21.81265182021591,19.59830943450983,0.1350001324303419
2.0,611.5637399999999,107.25,23.76347696462867,23.275333534640684,22.72584422210243,21.807335694721928,19.59316789535017,0.13559300011719955
2.0,611.5637399999999,107.5,23.757995565697716,23.269880266921994,22.720468138931484,21.80203177617941,19.58803824036554,0.13619024362144874
2.0,611.5637399999999,107.75,23.752527917407686,23.264439908475392,22.71510442582739,21.79673998609669,19.58292041535614,0.13678610679609537
2.0,611.5637399999999,108.0,23.747073922233707,23.259012371189016,22.709753000722053,21.79146024645261,19.577814374524245,0.13738059892288568
2.0,611.5637399999999,108.25,23.741633488652027,23.253597567869857,22.704413782730487,21.78619248032528,19.572720068409367,0.13797372909791397
2.0,611.5637399999999,108.5,23.73620652840309,23.248195412322758,22.699086692026903,21.780936611895346,19.56763744285118,0.13856550628614225
2.0,611.5637399999999,108.75,23.73079295481219,23.242805673533073,22.693771481482454,21.77569242705223,19.5625664388546,0.13915893717391073
2.0,611.5637399999999,109.0,23.725392681267873,23.23742801013182,22.68846777877987,21.77045960577547,19.55750697981508,0.13975638153477382
2.0,611.5637399999999,109.25,23.720005616917465,23.232062342971414,22.68317551692955,21.76523807761872,19.55245895628943,0.14035253238239404
2.0,611.5637399999999,109.5,23.714631661912264,23.22670859474827,22.67789462836255,21.760027773503452,19.547422246126917,0.14094739724658795
2.0,611.5637399999999,109.75,23.7092707095303,23.221366689250587,22.672625045703604,21.754828624624434,19.542396734777007,0.1415409837222909
2.0,611.5637399999999,110.0,23.703922650783998,23.21603655117079,22.667366701941738,21.749640562409205,19.537382317124514,0.14213329938267014
2.0,611.5637399999999,110.25,23.698587377194553,23.21071802980783,22.662119442611043,21.744463445870316,19.53237889553041,0.1427253345452217
2.0,611.5637399999999,110.5,23.69326478167044,23.205410498906268,22.656882565595033,21.73929667922747,19.527386368180817,0.14332328397514804
2.0,611.5637399999999,110.75,23.68795475487255,23.2001138905164,22.651656020754594,21.73414019865963,19.522404585400995,0.14392005029237578
2.0,611.5637399999999,111.0,23.682657175208394,23.194828139104935,22.646439755852853,21.728993942635093,19.517433373407172,0.14451563921048854
2.0,611.5637399999999,111.25,23.67737191031853,23.18955318009377,22.641233718112062,21.723857849741876,19.51247257413843,0.14511005668211893
2.0,611.5637399999999,111.5,23.672098824812522,23.18428894955556,22.63603785456106,21.71873185855965,19.507522048788182,0.1457033087215353
2.0,611.5637399999999,111.75,23.66683778509436,23.17903538408256,22.630852112201822,21.71361590792648,19.50258167480739,0.1462954013650459
2.0,611.5637399999999,112.0,23.66158866154426,23.17379271209087,22.625676774087935,21.708510215738386,19.49765134480223,0.14688964015616912
2.0,611.5637399999999,112.25,23.656351330762,23.168561278563836,22.6205122526146,21.703415112417154,19.49273099062586,0.1474873439903759
2.0,611.5637399999999,112.5,23.6511256831184,23.163341015296545,22.615358479203593,21.69833053481272,19.48782060465453,0.14808379860233134
2.0,611.5637399999999,112.75,23.645911629916952,23.158131853111087,22.610215387849156,21.69325641964197,19.48292020290693,0.14867901191218755
2.0,611.5637399999999,113.0,23.6407090989777,23.15293372308584,22.605082913884235,21.688192705216846,19.47802979184211,0.14927299154300133
2.0,611.5637399999999,113.25,23.635518026583657,23.147746556855925,22.599960993693298,21.683139331447393,19.47314936524277,0.14986574496322097
2.0,611.5637399999999,113.5,23.63033835260625,23.142570212785916,22.594849479313517,21.6780961687777,19.46827890584885,0.15045885854248323
2.0,611.5637399999999,113.75,23.625170017784544,23.137404335574054,22.58974797764959,21.673062883325635,19.463418379596476,0.15105695951240236
2.0,611.5637399999999,114.0,23.62001295989397,23.132248862032185,22.584656436139838,21.668039419849855,19.458567716486293,0.15165388888920464
2.0,611.5637399999999,114.25,23.614867108056124,23.127103730737126,22.57957480154904,21.66302572456504,19.453726827433393,0.1522496528231598
2.0,611.5637399999999,114.5,23.609732383832238,23.12196888123067,22.574503020739915,21.65802174388177,19.44889562689206,0.1528442575433487
2.0,611.5637399999999,114.75,23.604608705588973,23.116844253831054,22.56944104082599,21.65302742428758,19.44407403575644,0.15343770926739236
2.0,611.5637399999999,115.0,23.599495991260532,23.11172978953467,22.56438880923515,21.64804271246371,19.439261980566418,0.15403001418356477
2.0,611.5637399999999,115.25,23.594394159671776,23.106625546687653,22.559346408232365,21.643067667113105,19.43445939327912,0.1546266062960306
2.0,611.5637399999999,115.5,23.589303131677298,23.10153151299595,22.55431383653756,21.63810227951369,19.42966622025114,0.1552241993275627
2.0,611.5637399999999,115.75,23.58422283274928,23.096447629714444,22.549291039295667,21.633146496546082,19.424882421282117,0.15582062745254516
2.0,611.5637399999999,116.0,23.579153193764306,23.09137383842557,22.54427796244144,21.628200265552238,19.4201079590291,0.15641589717204885
2.0,611.5637399999999,116.25,23.574094149411295,23.08631008121415,22.539274552519082,21.623263534573606,19.415342794303278,0.1570100148935401
2.0,611.5637399999999,116.5,23.56904563654642,23.08125630071326,22.53428075662969,21.61833625232347,19.41058688583208,0.1576029869522575
2.0,611.5637399999999,116.75,23.56400759326216,23.076212244234913,22.529296296812678,21.613418180599055,19.405840189322824,0.15819737379946314
2.0,611.5637399999999,117.0,23.558979957460082,23.071177485732775,22.52432069845071,21.60850891471062,19.401102639264415,0.15879550514147395
2.0,611.5637399999999,117.25,23.55396266119354,23.066151973725507,22.51935392243051,21.603608407553164,19.3963741257558,0.1593925731156993
2.0,611.5637399999999,117.5,23.548955623895086,23.061135658595916,22.514395928218573,21.598716613480484,19.39165452181562,0.15998858241570157
2.0,611.5637399999999,117.75,23.543958755211584,23.056128491502406,22.50944667491585,21.5938334867388,19.386943712012293,0.16058353790547134
2.0,611.5637399999999,118.0,23.53897196144161,23.051130424127155,22.50450612150071,21.588958981408517,19.382241594843467,0.16117744449286214
2.0,611.5637399999999,118.25,23.533995149410792,23.04614140855765,22.499574226945356,21.584093051626787,19.377548080519603,0.16177030710043833
2.0,611.5637399999999,118.5,23.529028228235006,23.041161353334484,22.494650899764093,21.57923560976739,19.372863088337812,0.1623656904220153
2.0,611.5637399999999,118.75,23.52407110977881,23.036190166328534,22.489736048155528,21.574386567561508,19.368186540892932,0.16296371077300645
2.0,611.5637399999999,119.0,23.51912370779086,23.031227801210683,22.484829633211344,21.569545880700073,19.36351836043665,0.16356070162407332
2.0,611.5637399999999,119.25,23.514185937052588,23.026274212128914,22.479931615940032,21.564713505522242,19.35885847246405,0.16415666770128137
2.0,611.5637399999999,119.5,23.509257713836146,23.02132935357639,22.475041957426008,21.559889398839555,19.354206808429513,0.16475161374080077
2.0,611.5637399999999,119.75,23.50433895667302,23.016393180370468,22.470160618880872,21.555073517941043,19.349563305229452,0.16534554446957947
2.0,611.5637399999999,120.0,23.499429586715756,23.011465647650155,22.46528756167388,21.55026582062215,19.344927904266047,0.1659384645991167
2.0,611.5637399999999,120.25,23.49452952781718,23.006547028391047,22.460423112747733,21.545466569397284,19.3403005528916,0.16653430876299227
2.0,611.5637399999999,120.5,23.489638708033624,23.00163752824871,22.455567516351223,21.54067596330941,19.33568123150858,0.16713222526768343
2.0,611.5637399999999,120.75,23.48475706660417,22.9967370991605,22.450720723112788,21.53589395911655,19.331069962627215,0.1677290536586627
2.0,611.5637399999999,121.0,23.479884558169804,22.991845692407104,22.44588268542924,21.531120513546114,19.326466778753655,0.16832480000446354
2.0,611.5637399999999,121.25,23.475021148286938,22.9869632594618,22.441053356668768,21.526355584398107,19.32187170128444,0.1689194701562588
2.0,611.5637399999999,121.5,23.47016680736368,22.982089752205,22.4362326909643,21.521599130487537,19.31728473944922,0.16951306984582404
2.0,611.5637399999999,121.75,23.465321507164166,22.977225007432416,22.43142051013764,21.516851000610785,19.3127058916905,0.1701067019422866
2.0,611.5637399999999,122.0,23.46048521859553,22.97236837115783,22.426616073256113,21.51211057289313,19.308135134028994,0.17070507517339173
2.0,611.5637399999999,122.25,23.45565790590492,22.96751980103178,22.42181935145053,21.50737781002434,19.30357237608671,0.17130248547944568
2.0,611.5637399999999,122.5,23.45083951532763,22.962679257341133,22.417030313697907,21.502652676859313,19.299017491834835,0.17189893645020282
2.0,611.5637399999999,122.75,23.446029977095506,22.957846701303882,22.412248928369756,21.497935137875277,19.29447036555065,0.17249443194323308
2.0,611.5637399999999,123.0,23.44122921433344,22.953022094692376,22.40747516355517,21.493225156976308,19.2899308970935,0.17308897589139793
2.0,611.5637399999999,123.25,23.43643714870098,22.948205399655834,22.402708987206218,21.488522697763983,19.285398999657353,0.17368257226267647
2.0,611.5637399999999,123.5,23.431653703069312,22.943396596934768,22.39795038828817,21.48382774137987,19.280874597234163,0.17427563554170125
2.0,611.5637399999999,123.75,23.426878802744604,22.93859592944759,22.39319965671077,21.479140520356317,19.276357625912155,0.174874058531426
2.0,611.5637399999999,124.0,23.422112377577857,22.933803358579887,22.388456754225427,21.474460998105574,19.271848054468823,0.17547149215482816
2.0,611.5637399999999,124.25,23.417354367186096,22.929018844968088,22.383721643815452,21.4697891375259,19.267345872008587,0.17606794122190278
2.0,611.5637399999999,124.5,23.41260472038063,22.92424234927191,22.378994289017534,21.4651249021793,19.26285106647621,0.17666341038772523
2.0,611.5637399999999,124.75,23.407863391238063,22.919473832343023,22.374274653790472,21.46046825639821,19.258363621639663,0.1772579042377806
2.0,611.5637399999999,125.0,23.40313033651308,22.91471325530533,22.369562702459692,21.45581916517077,19.253883517615833,0.1778514273044708
2.0,611.5637399999999,125.25,23.398405514337004,22.909960493238938,22.36485830041037,21.451177511182735,19.24941073107493,0.17844598261369476
2.0,611.5637399999999,125.5,23.39368888317055,22.905215312471412,22.360161189292377,21.44654307269401,19.244945227462214,0.17904413141187578
2.0,611.5637399999999,125.75,23.388980398956537,22.9004776766884,22.355471339874242,21.441915816802823,19.240486948483728,0.17964135319281457
2.0,611.5637399999999,126.0,23.384280011444073,22.895747550645606,22.350788722304127,21.43729571149944,19.236035825542412,0.18023765167319433
2.0,611.5637399999999,126.25,23.37958766541692,22.891024899587904,22.346113306623636,21.432682724812754,19.231591794932623,0.18083303064857506
2.0,611.5637399999999,126.5,23.374903303925024,22.886309689116064,22.341445062881125,21.428076824754758,19.22715479933543,0.18142749392806554
2.0,611.5637399999999,126.75,23.370226870255287,22.881601885123178,22.336783961184363,21.42347797941819,19.22272478685891,0.18202104531991573
2.0,611.5637399999999,127.0,23.365558308837432,22.876901477728214,22.332129999276372,21.41888618007013,19.218301710153593,0.18261535445369798
2.0,611.5637399999999,127.25,23.36089756571824,22.872208500822566,22.327483224663176,21.414301460051817,19.213885527993686,0.18321346533417904
2.0,611.5637399999999,127.5,23.356244589433587,22.86752292056729,22.322843606026137,21.409723787948895,19.20947620930827,0.18381065252871184
2.0,611.5637399999999,127.75,23.3515993322178,22.862844703107783,22.318211112486363,21.405153132448635,19.20507372857988,0.1844069200622581
2.0,611.5637399999999,128.0,23.346961749567452,22.85817381477338,22.313585713437703,21.40058946263187,19.20067806034029,0.18500227190326463
2.0,611.5637399999999,128.25,23.342331799080846,22.853510222123784,22.308967378513557,21.39603274798886,19.19628917838812,0.18559671198512692
2.0,611.5637399999999,128.5,23.337709439708014,22.848853891971675,22.30435607757275,21.391482958379807,19.191907055899513,0.18619024421045402
2.0,611.5637399999999,128.75,23.333094631355582,22.844204697805676,22.299751673185952,21.38693997417464,19.18753166494804,0.1867850901587188
2.0,611.5637399999999,129.0,23.328487334215534,22.83956243912976,22.295153944296512,21.382403604542308,19.183162967794214,0.18738304357429691
2.0,611.5637399999999,129.25,23.323887506093893,22.834927084864567,22.290562866212646,21.377873820860653,19.178800906457813,0.18798013007287342
2.0,611.5637399999999,129.5,23.319295099313575,22.8302986048382,22.285978413658324,21.3733505952545,19.17444541539708,0.18857635286105984
2.0,611.5637399999999,129.75,23.314710062021437,22.825676969272045,22.28140056122005,21.368833899865315,19.170096434518026,0.18917171522134116
2.0,611.5637399999999,130.0,23.310132341111085,22.82106214866269,22.276829283450198,21.36432370681705,19.165753910231455,0.18976622045405445
2.0,611.5637399999999,130.25,23.305561883971905,22.816454113727225,22.272264554916983,21.35981998831048,19.16141779442259,0.19035987186396913
2.0,611.5637399999999,130.5,23.300998639274418,22.81185279641272,22.26770630549593,21.35532267931079,19.157088043101513,0.19095364955051525
2.0,611.5637399999999,130.75,23.296442557060555,22.807257965902338,22.263154278633287,21.35083155848842,19.15276461089813,0.19155166316099723
2.0,611.5637399999999,131.0,23.291893587085948,22.802669594349997,22.25860845354003,21.346346598990777,19.14844743516541,0.1921488604110135
2.0,611.5637399999999,131.25,23.28735167507382,22.798087654802245,22.254068808695575,21.341867774897878,19.144136445239106,0.19274524402795262
2.0,611.5637399999999,131.5,23.282816763302378,22.79351212062573,22.249535322354937,21.337395060391383,19.139831576965303,0.19334081683518012
2.0,611.5637399999999,131.75,23.27828879343977,22.78894296539136,22.2450079726646,21.332928429695905,19.135532773865258,0.19393558168550057
2.0,611.5637399999999,132.0,23.273767708288073,22.784380162827254,22.240486737719714,21.328467857165904,19.131239985922385,0.19452954144595808
2.0,611.5637399999999,132.25,23.269253452544692,22.779823686796178,22.235971595600446,21.324013317370987,19.1269531683256,0.19512269899033047
2.0,611.5637399999999,132.5,23.264745973056083,22.775273555103244,22.2314625746964,21.319564827228646,19.12267228075623,0.19571901406767273
2.0,611.5637399999999,132.75,23.260245219051935,22.770729763167168,22.226959676905974,21.31512238244342,19.118397290324992,0.19631646063416516
2.0,611.5637399999999,133.0,23.255751142977,22.766192284904168,22.22246287934378,21.310685958305168,19.114128171182386,0.19691309588634232
2.0,611.5637399999999,133.25,23.25126370072749,22.761661094270433,22.2179721593248,21.30625553038139,19.10986490010607,0.1975089228565242
2.0,611.5637399999999,133.5,23.246782850933783,22.75713616535494,22.213487494302285,21.30183107461577,19.105607454195702,0.19810394455048272
2.0,611.5637399999999,133.75,23.242308554185104,22.752617472410254,22.20900886185527,21.297412567310506,19.101355810550984,0.19869816395566786
2.0,611.5637399999999,134.0,23.23784077255255,22.748104989870498,22.204536239684128,21.292999985089416,19.097109946297625,0.1992915840428646
2.0,611.5637399999999,134.25,23.23337946931746,22.743598665471012,22.200069574747204,21.28859327903332,19.092869838450362,0.19988608835421032
2.0,611.5637399999999,134.5,23.228924608673456,22.739098419046538,22.195608782288407,21.28419237342748,19.088635461357494,0.2004836613558503
2.0,611.5637399999999,134.75,23.2244761548484,22.734604225937566,22.191153841771087,21.27979724579508,19.084406783141514,0.2010804487076977
2.0,611.5637399999999,135.0,23.220034071027513,22.73011606189853,22.186704732533496,21.275407874053503,19.080183769564925,0.20167645315724922
2.0,611.5637399999999,135.25,23.215598319680655,22.72563390292958,22.1822614339299,21.27102423626607,19.075966388249558,0.20227167746873792
2.0,611.5637399999999,135.5,23.21116886344216,22.721157725238154,22.17782392536316,21.266646310621383,19.071754609029085,0.2028661244042546
2.0,611.5637399999999,135.75,23.20674566562861,22.716687505220783,22.17339218630064,21.262274075455796,19.067548403620584,0.20345979671938802
2.0,611.5637399999999,136.0,23.202328690454788,22.712223219452493,22.168966196284114,21.25790750927565,19.06334774527972,0.2040526971610988
2.0,611.5637399999999,136.25,23.197917903091707,22.707764768735785,22.16454584780902,21.253546517799162,19.059152607976912,0.20464992191015216
2.0,611.5637399999999,136.5,23.19351326928163,22.70331212281185,22.16013111351311,21.249191072835213,19.05496295989226,0.2052468799915069
2.0,611.5637399999999,136.75,23.1891147538569,22.69886525922953,22.15572197441503,21.24484115371399,19.05077876525575,0.20584307989063846
2.0,611.5637399999999,137.0,23.184722320614654,22.694424155785548,22.151318411494135,21.240496739931054,19.04659998996452,0.20643852417093583
2.0,611.5637399999999,137.25,23.180335933247907,22.689988790461214,22.146920405746144,21.236157811085672,19.042426602626726,0.2070332154010943
2.0,611.5637399999999,137.5,23.175955556022856,22.685559141400084,22.142527938205223,21.231824346901515,19.038258574243713,0.20762715614759888
2.0,611.5637399999999,137.75,23.171581154089694,22.68113518689631,22.138140989957257,21.22749632725441,19.034095877772693,0.20822034897174277
2.0,611.5637399999999,138.0,23.16721269358253,22.676716815103454,22.133759438598684,21.223173645419006,19.029938487113355,0.2088151013634657
2.0,611.5637399999999,138.25,23.162850141174154,22.672303882450468,22.129383126625388,21.218856164011363,19.025786368533613,0.20941225254734294
2.0,611.5637399999999,138.5,23.1584934617643,22.66789636840062,22.12501203871738,21.214543863671064,19.021639473511826,0.21000868966789757
2.0,611.5637399999999,138.75,23.154142616234974,22.663494253056047,22.120646159061597,21.210236725585368,19.017497749311243,0.21060441481305459
2.0,611.5637399999999,139.0,23.14979756265286,22.659097516765453,22.1162854716773,21.205934730949092,19.01336114843771,0.21119943013793832
2.0,611.5637399999999,139.25,23.14545825854096,22.65470614003467,22.111929960496198,21.201637860947425,19.00922962918217,0.21179373782052552
2.0,611.5637399999999,139.5,23.141124662200525,22.650320103486983,22.107579609403118,21.1973460968309,19.00510315466047,0.21238734005072582
2.0,611.5637399999999,139.75,23.136796733284704,22.645939387843086,22.103234402262082,21.193059419983623,19.00098169186318,0.21298023902483723
2.0,611.5637399999999,140.0,23.13247443299608,22.641564089281346,22.098894455216385,21.188777922877637,18.99686521170924,0.21357580354436959
2.0,611.5637399999999,140.25,23.1281577246768,22.637194254157574,22.094559825435272,21.1845016504741,18.99275369837894,0.21417256765637932
2.0,611.5637399999999,140.5,23.12384657620951,22.632829862728833,22.09023049410534,21.180230584457533,18.988647150254437,0.21476860061829794
2.0,611.5637399999999,140.75,23.11954096105248,22.6284708950348,22.085906442837942,21.175964706578696,18.98454556892403,0.215363905017061
2.0,611.5637399999999,141.0,23.115240856605816,22.624117331153954,22.08158765347328,21.17170399896612,18.98044895318308,0.21595848338119866
2.0,611.5637399999999,141.25,23.11094624230734,22.619769151274145,22.077274108030362,21.167448444102995,18.976357298700005,0.21655233820777173
2.0,611.5637399999999,141.5,23.106657098540456,22.615426335727904,22.072965788682378,21.163198024750404,18.972270598591745,0.21714547196925613
2.0,611.5637399999999,141.75,23.102373406106082,22.61108881479272,22.06866262017757,21.15895267559137,18.968188843630184,0.2177391224939543
2.0,611.5637399999999,142.0,23.098095145728504,22.60675641078516,22.064364404212252,21.15471222737455,18.96411201744042,0.21833596955838186
2.0,611.5637399999999,142.25,23.093822296239676,22.602429105068207,22.060071126721944,21.15047666339382,18.960040085573826,0.21893212970835238
2.0,611.5637399999999,142.5,23.089554831646154,22.598106879776743,22.05578277312215,21.146245967574185,18.955973004876633,0.21952760489460182
2.0,611.5637399999999,142.75,23.085292721888937,22.593789717337316,22.05149932868318,21.142020123784977,18.95191073559439,0.22012239713999127
2.0,611.5637399999999,143.0,23.081035935301916,22.589477600360794,22.047220778610797,21.137799115789964,18.947853242644342,0.22071650848752042
2.0,611.5637399999999,143.25,23.076784440137743,22.58517051159251,22.04294710808353,21.133582927319186,18.943800494918108,0.2213099409891424
2.0,611.5637399999999,143.5,23.07253820527775,22.580868433883914,22.038678302275212,21.129371542142184,18.939752464493854,0.22190269670058582
2.0,611.5637399999999,143.75,23.068297200511868,22.576571245898993,22.034414226874162,21.12516484382409,18.935709125244966,0.22249749627234117
2.0,611.5637399999999,144.0,23.064061396104123,22.57227884362039,22.030154768917388,21.120962732389756,18.9316704431469,0.22309391416819951
2.0,611.5637399999999,144.25,23.05983076042602,22.56799121076275,22.025899916425907,21.11676519211762,18.92763637231182,0.22368968622031912
2.0,611.5637399999999,144.5,23.055605258380737,22.56370833151654,22.021649657011622,21.112572207676855,18.923606865235993,0.22428481410420506
2.0,611.5637399999999,144.75,23.051384852753635,22.55943019024459,22.017403978124772,21.108383763729297,18.919581879729737,0.22487929955258518
2.0,611.5637399999999,145.0,23.047169506141437,22.555156771410605,22.01316286712032,21.104199844932342,18.915561379045645,0.22547314432079957
2.0,611.5637399999999,145.25,23.04295918202898,22.55088805954807,22.008926311293198,21.10002043600723,18.911545330932647,0.22606635017751428
2.0,611.5637399999999,145.5,23.03875384524098,22.546624039245824,22.004694297901487,21.09584552179748,18.907533706745483,0.2266589188997928
2.0,611.5637399999999,145.75,23.03455346208071,22.542364714674026,22.00046683655786,21.091675106094897,18.903526480867164,0.2272534984088781
2.0,611.5637399999999,146.0,23.030358000421874,22.538110086773184,21.996243932811833,21.08750918975789,18.899523631865623,0.2278496467282244
2.0,611.5637399999999,146.25,23.026167430084193,22.533860140190765,21.99202557338739,21.083347758138032,18.89552514271493,0.22844515234408266
2.0,611.5637399999999,146.5,23.021981723030116,22.529614859566028,21.987811745101922,21.079190796731375,18.891530998470916,0.22904001712861108
2.0,611.5637399999999,146.75,23.017800853006467,22.52537422959413,21.983602434827958,21.075038291249776,18.88754118465502,0.2296342429407955
2.0,611.5637399999999,147.0,23.013624795079988,22.521138235046305,21.979397629487092,21.070890227613905,18.883555686974177,0.23022783163184599
2.0,611.5637399999999,147.25,23.00945352533785,22.516906860781646,21.97519731604854,21.06674659193225,18.879574491292814,0.23082078504605363
2.0,611.5637399999999,147.5,23.005287020712025,22.51268009175486,21.971001481529136,21.062607370481118,18.875597583634967,0.23141310502099433
2.0,611.5637399999999,147.75,23.001125258867276,22.50845785866977,21.96681005074329,21.05847249738921,18.871624949797663,0.23200816405470284
2.0,611.5637399999999,148.0,22.99696821785579,22.504240125091883,21.96262298689126,21.054341938322665,18.86765657072903,0.23260394304821663
2.0,611.5637399999999,148.25,22.992815874946295,22.500026876541256,21.95844027815796,21.05021568005647,18.863692422616065,0.23319910131635857
2.0,611.5637399999999,148.5,22.988668206218076,22.49581809876274,21.954261912632973,21.0460937095292,18.859732481562872,0.2337936405385508
2.0,611.5637399999999,148.75,22.98452518723528,22.491613777632907,21.950087878383155,21.04197601372519,18.85577672559971,0.23438756240776454
2.0,611.5637399999999,149.0,22.980386793742166,22.48741389913403,21.945918163474264,21.037862579679597,18.851825134649,0.23498086862020326
2.0,611.5637399999999,149.25,22.976253002024656,22.48321844934114,21.941752755982723,21.03375339450198,18.847877690196334,0.23557356087222564
2.0,611.5637399999999,149.5,22.972123789052517,22.47902741441513,21.93759164400343,21.029648445395402,18.843934374989626,0.23616564085867475
2.0,611.5637399999999,149.75,22.96799913251515,22.474840807131027,21.933434846034803,21.02554774520322,18.839995172987535,0.23676086057598617
2.0,611.5637399999999,150.0,22.963879010939188,22.47065861963942,21.92928235649614,21.021451287010425,18.83606007139193,0.23735629062102634
2.0,611.5637399999999,150.25,22.95976340417461,22.46648083823103,21.925134163149238,21.017359058306855,18.832129060066283,0.23795110351587848
2.0,611.5637399999999,150.5,22.955652293441535,22.462307449238292,21.920990253844526,21.013271046689553,18.828202129293587,0.23854530101357366
2.0,611.5637399999999,150.75,22.95154566094281,22.458138439068353,21.916850616498667,21.0091872398951,18.824279269040872,0.23913888485444595
2.0,611.5637399999999,151.0,22.94744348952702,22.45397379421368,21.912715239088282,21.00510762578937,18.820360468936567,0.23973185676934247
2.0,611.5637399999999,151.25,22.94334576249732,22.44981350125749,21.908584109646892,21.001032192351747,18.816445718350163,0.2403242184805222
2.0,611.5637399999999,151.5,22.93925246351,22.445657529190235,21.90445719601695,20.996960910636712,18.81253500634033,0.24091641942260197
2.0,611.5637399999999,151.75,22.93516357642484,22.441505707255107,21.900334306282048,20.99289361713192,18.808628319133692,0.2415120115277328
2.0,611.5637399999999,152.0,22.93107908416581,22.437358022454628,21.896215431282098,20.988830299834735,18.80472562782809,0.24210702290829964
2.0,611.5637399999999,152.25,22.926998965795438,22.433214462471685,21.892100561347682,20.984770947372954,18.800826895124935,0.24270145488627753
2.0,611.5637399999999,152.5,22.922923196845346,22.429075015205036,21.887989686648307,20.98071554833673,18.796932086921053,0.24329530885714734
2.0,611.5637399999999,152.75,22.918851751472857,22.424939668672433,21.883882797265763,20.976664091220133,18.793041173559327,0.24388858623963613
2.0,611.5637399999999,153.0,22.914784603832153,22.420808410968448,21.879779883228135,20.972616564480365,18.78915412917094,0.2444812884651303
2.0,611.5637399999999,153.25,22.91072172871074,22.416681230241554,21.87568093453059,20.968572956600724,18.785270930925023,0.24507341697276647
2.0,611.5637399999999,153.5,22.906663101779753,22.412558109034915,21.871585934685616,20.964533250697443,18.78139155837037,0.24566530894176639
2.0,611.5637399999999,153.75,22.902608699632445,22.40843896885318,21.867494797382367,20.960497371165665,18.777515992008365,0.24626060422774226
2.0,611.5637399999999,154.0,22.898558499338147,22.404323797996067,21.863407513659595,20.95646530664019,18.773644207621274,0.24685533801116197
2.0,611.5637399999999,154.25,22.89451247716503,22.400212585055097,21.85932407432887,20.952437046112607,18.769776178676878,0.2474495115947333
2.0,611.5637399999999,154.5,22.890470608644772,22.39610531872188,21.85524447012554,20.948412578651766,18.765911880977807,0.24804312631418993
2.0,611.5637399999999,154.75,22.886432869415046,22.39200198775219,21.851168691743524,20.94439189337781,18.762051293005023,0.24863618351634606
2.0,611.5637399999999,155.0,22.88239923573891,22.387902580952833,21.847096729852947,20.940374979483806,18.75819439549409,0.24922868455403852
2.0,611.5637399999999,155.25,22.878369684720468,22.383807087176024,21.843028575111635,20.936361826258022,18.75434117100189,0.24982063078356273
2.0,611.5637399999999,155.5,22.874344194363026,22.379715495318155,21.838964218173462,20.93235242309811,18.750491603552423,0.25041202356300224
2.0,611.5637399999999,155.75,22.87032274355635,22.375627815020454,21.834903673378385,20.92834677945132,18.746645678504635,0.2510070119275854
2.0,611.5637399999999,156.0,22.866305312135175,22.371544035419763,21.830846931249816,20.92434488513636,18.7428033840346,0.2516014715656629
2.0,611.5637399999999,156.25,22.862291881208648,22.367464145482217,21.826793982223172,20.920346729873387,18.73896471026151,0.2521953744972218
2.0,611.5637399999999,156.5,22.858282433090924,22.363388134211966,21.82274481677494,20.916352303507146,18.73512964760288,0.25278872212250747
2.0,611.5637399999999,156.75,22.85427695098071,22.359315990666495,21.81869942541606,20.912361596011298,18.731298186482146,0.2533815158357527
2.0,611.5637399999999,157.0,22.850275418735592,22.355247703964213,21.814657798690053,20.908374597476406,18.72747031731626,0.2539737570261458
2.0,611.5637399999999,157.25,22.846277820742017,22.35118326328918,21.81061992717242,20.904391298096996,18.72364603053594,0.2545654470781061
2.0,611.5637399999999,157.5,22.84228414183715,22.34712263523557,21.806585775550996,20.900411666337607,18.719825316441792,0.255156968750357
2.0,611.5637399999999,157.75,22.83829436713647,22.343065591623137,21.80255508600077,20.89643548303024,18.716008161798186,0.255751612469986
2.0,611.5637399999999,158.0,22.834308480502212,22.339012121858264,21.798527852603183,20.892462738114634,18.712194532730766,0.2563457458719352
2.0,611.5637399999999,158.25,22.83032646050274,22.334962216238118,21.794504068717597,20.88849342237875,18.70838438384351,0.25693936982861454
2.0,611.5637399999999,158.5,22.8263482808405,22.330915865306043,21.790483727452514,20.88452752653377,18.704577674177802,0.2575324853188703
2.0,611.5637399999999,158.75,22.82237391330797,22.326873059718896,21.786466821764822,20.88056504113203,18.70077436892555,0.25812509335852596
2.0,611.5637399999999,159.0,22.818403329669227,22.322833790190348,21.782453344506095,20.876605956647065,18.696974438513113,0.25871719498575335
2.0,611.5637399999999,159.25,22.814436502532335,22.318798047460678,21.778443288450884,20.87265026355919,18.693177857559178,0.2593087912542477
2.0,611.5637399999999,159.5,22.810473405691877,22.314765822282634,21.77443664631634,20.868697952416415,18.689384604016478,0.25989988322905777
2.0,611.5637399999999,159.75,22.80651401422087,22.310737062363813,21.770433361536607,20.86474897239732,18.685594658188958,0.260492981238346
2.0,611.5637399999999,160.0,22.802558304239504,22.30671173426676,21.766433399704507,20.860803290864837,18.681807998489088,0.26108699390706186
2.0,611.5637399999999,160.25,22.798606251934157,22.30268982889687,21.76243675424489,20.85686089870228,18.678024600511907,0.26168051351243127
2.0,611.5637399999999,160.5,22.79465783306024,22.298671337305677,21.758443418434876,20.852921786994028,18.674244440660008,0.26227354103008305
2.0,611.5637399999999,160.75,22.790713023427568,22.294656250601705,21.75445338547924,20.84898594690449,18.670467497994615,0.26286607745756774
2.0,611.5637399999999,161.0,22.78677179948721,22.290644559931714,21.750466648534218,20.845053369678283,18.666693754069037,0.2634581238031689
2.0,611.5637399999999,161.25,22.782834138625407,22.286636256474438,21.746483200721464,20.841124046658383,18.662923192484616,0.2640496810823741
2.0,611.5637399999999,161.5,22.778900019256646,22.282631331439298,21.74250303513792,20.837197969300096,18.659155798496162,0.26464075031580064
2.0,611.5637399999999,161.75,22.774969420819637,22.278629787394305,21.73852615781469,20.83327514009066,18.655391558776,0.2652318067001739
2.0,611.5637399999999,162.0,22.771042323790216,22.274631694821068,21.734552652219183,20.82935562706345,18.651630462661572,0.2658256954805267
2.0,611.5637399999999,162.25,22.767118710220185,22.270637045056542,21.730582510183055,20.825439422248678,18.64787250808427,0.26641908074238957
2.0,611.5637399999999,162.5,22.76319856512977,22.26664582917695,21.726615723809836,20.82152651750836,18.644117697872193,0.2670119637055856
2.0,611.5637399999999,162.75,22.759281876239534,22.26265803823904,21.722652285307547,20.81761690486874,18.64036603378767,0.26760434554933793
2.0,611.5637399999999,163.0,22.75536863280034,22.258673663332097,21.718692186955295,20.813710576542462,18.636617515813075,0.26819622743726523
2.0,611.5637399999999,163.25,22.751458824832977,22.25469269560124,21.714735421088772,20.809807524891696,18.632872142415525,0.26878761052237043
2.0,611.5637399999999,163.5,22.7475524427473,22.25071512626021,21.71078198009189,20.805907742389707,18.62912991087075,0.2693784959492065
2.0,611.5637399999999,163.75,22.74364947716247,22.246740942802745,21.706831852052797,20.802011217935082,18.625390817502826,0.2699690874780951
2.0,611.5637399999999,164.0,22.739749918802126,22.242770071725186,21.702884955334547,20.79811788162622,18.62165485711592,0.2705626528052093
2.0,611.5637399999999,164.25,22.735853758065712,22.238802504432158,21.698941283381288,20.794227725946342,18.617922017947418,0.27115573257843906
2.0,611.5637399999999,164.5,22.731960983812925,22.234838232647895,21.695000829454333,20.790340743655516,18.614192284294155,0.2717483277828983
2.0,611.5637399999999,164.75,22.728071583452948,22.230877248221557,21.691063586767214,20.786456927510603,18.610465641345073,0.27234043943117486
2.0,611.5637399999999,165.0,22.724185543804523,22.226919543085433,21.687129548512747,20.782576270237136,18.606742075779756,0.27293206854303625
2.0,611.5637399999999,165.25,22.720302851650214,22.22296510923571,21.68319870787508,20.778698764550608,18.60302157556844,0.27352321614136277
2.0,611.5637399999999,165.5,22.716423493997016,22.219013938721123,21.67927105803687,20.7748244031805,18.599304129719375,0.2741138832503374
2.0,611.5637399999999,165.75,22.712547458182026,22.215066023636464,21.67534659218406,20.77095317888777,18.59558972806879,0.2747040708943664
2.0,611.5637399999999,166.0,22.708674731896053,22.2111211617577,21.671425081361562,20.767084897151495,18.59187835972516,0.27529708404341796
2.0,611.5637399999999,166.25,22.704805302221555,22.207179330669984,21.667506504955064,20.76321953633992,18.58816999683998,0.2758898956133128
2.0,611.5637399999999,166.5,22.70093915194608,22.20324052309934,21.663590858369158,20.75935708940902,18.584464599989225,0.2764822635899513
2.0,611.5637399999999,166.75,22.69707625941676,22.19930473202398,21.659678136745875,20.755497549315365,18.580762132681933,0.2770741886680174
2.0,611.5637399999999,167.0,22.69321660101804,22.19537195051832,21.655768335077962,20.751640908876528,18.577062563951415,0.27766567158188654
2.0,611.5637399999999,167.25,22.68936015295264,22.19144217169723,21.65186144825369,20.74778716082931,18.573365867699025,0.2782567130885007
2.0,611.5637399999999,167.5,22.68550689210405,22.187515388687608,21.647957471083345,20.743936297905194,18.569672021746367,0.27884731396059587
2.0,611.5637399999999,167.75,22.681656796384996,22.183591594615052,21.644056398317282,20.740088312886147,18.565981007034036,0.2794374749826971
2.0,611.5637399999999,168.0,22.67780984484069,22.179670783057183,21.640158225181665,20.736243199080157,18.56229280699161,0.28002802644617175
2.0,611.5637399999999,168.25,22.673966017644013,22.175752948561538,21.636262947971574,20.732400950838947,18.55860740708967,0.2806207368683443
2.0,611.5637399999999,168.5,22.67012529605699,22.171838084247813,21.632370561302825,20.72856156125307,18.554924794552747,0.2812130069700946
2.0,611.5637399999999,168.75,22.666287662385496,22.167926183237427,21.62848105977473,20.724725023523924,18.551244957970642,0.2818048375700784
2.0,611.5637399999999,169.0,22.66245309989691,22.164017238663956,21.624594437972323,20.72089133096812,18.547567886948464,0.2823962294894606
2.0,611.5637399999999,169.25,22.658621592724543,22.160111243679683,21.620710690470112,20.71706047701362,18.543893571903627,0.2829871835515781
2.0,611.5637399999999,169.5,22.65479312578484,22.156208191460944,21.616829811835462,20.713232455193555,18.540222003919325,0.28357770058136694
2.0,611.5637399999999,169.75,22.650967684707187,22.15230807521259,21.612951796631517,20.70940725913942,18.53655317462911,0.28416778140484983
2.0,611.5637399999999,170.0,22.64714525577291,22.148410888171654,21.60907663941968,20.70558488257439,18.5328870761242,0.28475742684869126
2.0,611.5637399999999,170.25,22.643325825858923,22.14451657605176,21.60520428042308,20.70176527345705,18.529223700538036,0.28534913376397514
2.0,611.5637399999999,170.5,22.639509382153285,22.140625116642926,21.601334697172327,20.69794841061119,18.52556303595899,0.28594122548948087
2.0,611.5637399999999,170.75,22.63569591115372,22.136736503383684,21.5974678849057,20.694134287953375,18.521905066738626,0.28653289279768746
2.0,611.5637399999999,171.0,22.631885398375644,22.132850729850325,21.59360383876195,20.690322899501048,18.518249777429656,0.28712413641667117
2.0,611.5637399999999,171.25,22.628077828935638,22.12896778968429,21.58974255383303,20.6865142392832,18.51459715426771,0.28771495708972766
2.0,611.5637399999999,171.5,22.624273188111953,22.125087676572047,21.585884025180608,20.682708301345695,18.510947185094913,0.28830535556730724
2.0,611.5637399999999,171.75,22.6204714616297,22.121210384235578,21.582028247845468,20.678905079770214,18.507299859070784,0.2888953326044912
2.0,611.5637399999999,172.0,22.616672635770026,22.117335906427712,21.578175216853836,20.675104568689257,18.503655166413004,0.2894848889595539
2.0,611.5637399999999,172.25,22.61287669739316,22.113464223392565,21.574324911756666,20.671306749241964,18.500013098092946,0.2900747087728765
2.0,611.5637399999999,172.5,22.609083633854418,22.1095952793141,21.570477271070438,20.667511567804677,18.496373644202432,0.29066661860878706
2.0,611.5637399999999,172.75,22.605293432477687,22.105729067984925,21.56663229056987,20.663719018518606,18.492736790204077,0.29125811884311964
2.0,611.5637399999999,173.0,22.60150607961014,22.10186558342801,21.562789965855092,20.659929095766838,18.48910251951122,0.2918492101254293
2.0,611.5637399999999,173.25,22.59772156079452,22.09800481974343,21.558950292460302,20.656141793956795,18.48547081711712,0.29243989313211133
2.0,611.5637399999999,173.5,22.593939861481463,22.094146771076982,21.55511326587855,20.652357107501775,18.48184166989183,0.2930301685496959
2.0,611.5637399999999,173.75,22.590160967462662,22.090291431607262,21.551278881574156,20.648575030839417,18.478215066286488,0.29362003707103956
2.0,611.5637399999999,174.0,22.586384865057024,22.086438795539202,21.547447134990623,20.644795558450525,18.47459099602491,0.29420949939341495
2.0,611.5637399999999,174.25,22.582611541169097,22.082588857101445,21.543618021556394,20.641018684871604,18.47096944985133,0.2947985562172954
2.0,611.5637399999999,174.5,22.578840983287055,22.078741571891147,21.539791492538388,20.63724436742533,18.467350419054505,0.2953891210900636
2.0,611.5637399999999,174.75,22.575073179265022,22.074896910678167,21.535967517064474,20.633472578025078,18.463733891959635,0.29598044870329404
2.0,611.5637399999999,175.0,22.571308116455864,22.07105486780263,21.532146091202424,20.62970331130726,18.46011985319854,0.29657138170795716
2.0,611.5637399999999,175.25,22.567545781266798,22.067215437753198,21.528327210899395,20.6259365620393,18.456508287218053,0.2971619207117147
2.0,611.5637399999999,175.5,22.56378615963365,22.063378615076353,21.52451087204731,20.622172325001895,18.45289918022293,0.2977520663408676
2.0,611.5637399999999,175.75,22.560029237607452,22.05954439435439,21.520697070501424,20.61841059498916,18.449292520164427,0.29834181923025205
2.0,611.5637399999999,176.0,22.556275001668833,22.055712770195775,21.51688580209053,20.61465136682737,18.445688296433502,0.2989311800203702
2.0,611.5637399999999,176.25,22.55252343885223,22.05188373723065,21.51307706262382,20.61089463539069,18.442086499577435,0.2995201493558145
2.0,611.5637399999999,176.5,22.54877453677571,22.04805729010946,21.509270847895966,20.607140395610827,18.4384871210718,0.30010872788420606
2.0,611.5637399999999,176.75,22.545028283623186,22.04423331082636,21.505467025015122,20.603388533808708,18.434890152333917,0.3006998157950879
2.0,611.5637399999999,177.0,22.541284667556944,22.04041179152959,21.50166558849758,20.599639042348784,18.43129557528313,0.3012905921440577
2.0,611.5637399999999,177.25,22.537543674581897,22.03659272713901,21.497866535182666,20.59589191631141,18.427703365895976,0.30188099786404615
2.0,611.5637399999999,177.5,22.53380528854465,22.03277611270253,21.49406986177189,20.59214715078891,18.42411350236865,0.30247103344594173
2.0,611.5637399999999,177.75,22.53006949254,22.028961943323996,21.490275564881614,20.58840474082649,18.420525966151157,0.30306069940203667
2.0,611.5637399999999,178.0,22.52633626984414,22.025150214135376,21.486483641066666,20.58466468145511,18.41694074149141,0.3036499962578481
2.0,611.5637399999999,178.25,22.522605604345138,22.02134092028261,21.482694086834787,20.580926967730267,18.413357814887316,0.30423892454844964
2.0,611.5637399999999,178.5,22.518877480703992,22.017534056919345,21.4789068986568,20.57719159475961,18.409777174631365,0.3048274848162284
2.0,611.5637399999999,178.75,22.515151884389116,22.013729617740612,21.475122071301367,20.57345855630631,18.406198810440625,0.3054157476003373
2.0,611.5637399999999,179.0,22.511428801645124,22.00992753988429,21.47133953494745,20.569727791645356,18.402622712638326,0.30600641906042203
2.0,611.5637399999999,179.25,22.507708219134482,22.00612781840603,21.46755928671069,20.565999295865673,18.39904886720162,0.3065967329799686
2.0,611.5637399999999,179.5,22.503990122811274,22.00233044859798,21.46378132350849,20.562273064352215,18.395477257678852,0.3071866898091187
2.0,611.5637399999999,179.75,22.500274497927776,21.9985354258186,21.46000564218021,20.558549092536285,18.39190786927096,0.307776290028951
2.0,611.5637399999999,180.0,22.496561329737787,21.994742745460833,21.456232239513817,20.554827375868392,18.388340689197836,0.3083655341327246
2.0,611.5637399999999,180.25,22.492850603937637,21.99095240294022,21.452461112259087,20.551107909833558,18.38477570638803,0.30895442262171935
2.0,611.5637399999999,180.5,22.489142306852706,21.987164393689437,21.44869225713617,20.547390689968505,18.3812129111482,0.30954295600317466
2.0,611.5637399999999,180.75,22.48543642549126,21.983378713156533,21.444925670841783,20.54367571187295,18.377652294891355,0.3101311347889538
2.0,611.5637399999999,181.0,22.48173294753744,21.97959535763304,21.441161350998847,20.539962972013665,18.374093849927675,0.31071901344176567
2.0,611.5637399999999,181.25,22.478031861324457,21.97581436364338,21.43739934111611,20.536252505725667,18.370537569657074,0.3113092165352534
2.0,611.5637399999999,181.5,22.474333156010548,21.97203572677894,21.4336396373438,20.5325443089922,18.366983451788265,0.3118990574529134
2.0,611.5637399999999,181.75,22.470636822294725,21.968259442495697,21.429882235951823,20.528838377710017,18.36343149676732,0.31248853679834654
2.0,611.5637399999999,182.0,22.466942852334384,21.964485506239182,21.42612713324954,20.525134707861167,18.359881704708986,0.31307765515638947
2.0,611.5637399999999,182.25,22.46325123917338,21.960713913470904,21.42237432557075,20.521433295526194,18.35633407499007,0.3136664131056933
2.0,611.5637399999999,182.5,22.45956197636009,21.956944659680094,21.418623809267526,20.517734136866814,18.35278860635028,0.31425481122107735
2.0,611.5637399999999,182.75,22.455875057750493,21.953177740390267,21.414875580706866,20.514037228107124,18.34924529703044,0.31484285007449536
2.0,611.5637399999999,183.0,22.45219047741054,21.949413151162613,21.41112963626864,20.510342565519174,18.34570414488737,0.31543053023556133
2.0,611.5637399999999,183.25,22.448508229565114,21.945650856941477,21.407385937350384,20.50665011583554,18.34216514726367,0.31601916115778944
2.0,611.5637399999999,183.5,22.44482830841833,21.941890822606485,21.403644445688748,20.502959845654935,18.33862829831048,0.3166087509730461
2.0,611.5637399999999,183.75,22.441150707418085,21.93813304381159,21.399905158332786,20.499271751195103,18.335093587560866,0.3171979931705985
2.0,611.5637399999999,184.0,22.437475418698384,21.934377516390903,21.39616807221151,20.495585828796802,18.331561003244992,0.3177868882151872
2.0,611.5637399999999,184.25,22.433802433485,21.93062423624741,21.39243318420697,20.491902074778075,18.32803053480319,0.3183754365904576
2.0,611.5637399999999,184.5,22.43013174273643,21.926873199325737,21.388700491172052,20.4882204854298,18.324502173052608,0.31896363878745126
2.0,611.5637399999999,184.75,22.426463337514114,21.923124401599217,21.38496998993941,20.484541057035614,18.32097590995871,0.31955149530180227
2.0,611.5637399999999,185.0,22.422797209147284,21.919377839062758,21.381241677327047,20.480863785890268,18.317451738405172,0.32013900663233213
2.0,611.5637399999999,185.25,22.41913334929331,21.915633507729254,21.377515550142345,20.477188668312152,18.313929652007328,0.3207261732801687
2.0,611.5637399999999,185.5,22.415471749945016,21.91189130242439,21.373791489677515,20.473515602996432,18.310409644240796,0.3213153427049871
2.0,611.5637399999999,185.75,22.41181240292048,21.908151211935188,21.370069485912715,20.469844579111495,18.306891699935857,0.3219043480351482
2.0,611.5637399999999,186.0,22.40815529793457,21.904413232444654,21.36634953659251,20.46617559297487,18.303375798072853,0.3224930280732547
2.0,611.5637399999999,186.25,22.404500422518105,21.900677360265906,21.362631639325937,20.462508640917353,18.299861919291864,0.3230813831760313
2.0,611.5637399999999,186.5,22.400847763294223,21.896943591761655,21.358915791642346,20.45884371920998,18.29635004718775,0.32366941372163704
2.0,611.5637399999999,186.75,22.397197306888717,21.89321192331569,21.35520199101386,20.45518082409238,18.2928401679493,0.3242571201008356
2.0,611.5637399999999,187.0,22.39354904036627,21.88948235131855,21.351490234868788,20.451519951809964,18.289332269855127,0.3248445027134415
2.0,611.5637399999999,187.25,22.389902951402547,21.885754872160927,21.34778052060085,20.447861098641283,18.285826342848328,0.3254315619661989
2.0,611.5637399999999,187.5,22.38625902833046,21.882029481419394,21.344072844648764,20.44420426013074,18.28232237819417,0.326018440341968
2.0,611.5637399999999,187.75,22.382617260125752,21.878306162579037,21.34036718964245,20.440549420211816,18.278820368056827,0.3266072542689084
2.0,611.5637399999999,188.0,22.3789776362946,21.8745849119976,21.336663553062678,20.43689657527444,18.275320304256436,0.32719574725059053
2.0,611.5637399999999,188.25,22.375340146593132,21.870865726088205,21.332961932334875,20.433245721820125,18.271822178605838,0.3277839196870918
2.0,611.5637399999999,188.5,22.371704781003128,21.867148601283233,21.329262324857744,20.429596856405027,18.268325983723532,0.3283717719872788
2.0,611.5637399999999,188.75,22.36807152986139,21.86343353402928,21.325564728010875,20.425949975632076,18.264831713035043,0.328959304564262
2.0,611.5637399999999,189.0,22.364440383930617,21.859720520786336,21.321869139159208,20.422305076152103,18.26133936063927,0.32954651783418726
2.0,611.5637399999999,189.25,22.360811334414876,21.856009558028184,21.318175555656158,20.418662154665164,18.25784892118305,0.3301334122155268
2.0,611.5637399999999,189.5,22.357184372947213,21.852300642243357,21.31448397484605,20.415021207920464,18.254360389758975,0.33071998812858355
2.0,611.5637399999999,189.75,22.353559491564546,21.84859374436116,21.310794364883208,20.41138220803197,18.250873761640538,0.33130718680959326
2.0,611.5637399999999,190.0,22.34993668255168,21.844888824186913,21.307106681575068,20.407745116353297,18.247389029846282,0.33189542138414607
2.0,611.5637399999999,190.25,22.346315937757947,21.841185878189272,21.30342092287899,20.404109929574222,18.243906182941473,0.3324833487921096
2.0,611.5637399999999,190.5,22.34269724790859,21.837484903019188,21.299737086609174,20.40047664455181,18.24042520810492,0.3330709693591419
2.0,611.5637399999999,190.75,22.33908060293134,21.83378589538539,21.296055170519935,20.396845258140498,18.23694609396674,0.33365828343372456
2.0,611.5637399999999,191.0,22.3354659926137,21.830088852026766,21.292375172325784,20.393215767182365,18.23346883079209,0.33424529137388764
2.0,611.5637399999999,191.25,22.33185340698648,21.826393769700417,21.288697089711658,20.389588168525652,18.229993410211907,0.3348319935440068
2.0,611.5637399999999,191.5,22.32824283648912,21.82270064517563,21.285020920339527,20.385962459042414,18.22651982495233,0.3354183903131723
2.0,611.5637399999999,191.75,22.32463427202358,21.819009475231415,21.281346661853117,20.38233863564024,18.223048068614673,0.3360044820541363
2.0,611.5637399999999,192.0,22.321027704950293,21.8153201095699,21.277674144066847,20.37871655329865,18.219578134448106,0.33659184408851417
2.0,611.5637399999999,192.25,22.317423126338976,21.811632488032412,21.274003301743743,20.375096153730333,18.21611000268195,0.33717953355904823
2.0,611.5637399999999,192.5,22.313820523934815,21.807946607385446,21.270334134293318,20.371477433521004,18.212643640786638,0.33776695491595593
2.0,611.5637399999999,192.75,22.31021988118078,21.804262464752167,21.266666640785736,20.3678603894449,18.20917901598898,0.33835410825372947
2.0,611.5637399999999,193.0,22.306621179103654,21.80058005735578,21.26300082012245,20.364245018159345,18.20571610053097,0.33894099372116415
2.0,611.5637399999999,193.25,22.303024398229066,21.796899382450437,21.259336671086558,20.360631316225607,18.202254871545104,0.3395276114940538
2.0,611.5637399999999,193.5,22.299429519602022,21.793220437289047,21.25567419237026,20.357019280177276,18.198795310161284,0.34011396176713116
2.0,611.5637399999999,193.75,22.295836525220427,21.78954321910776,21.252013382593034,20.35340890657644,18.19533740069472,0.3407000447496751
2.0,611.5637399999999,194.0,22.29224539817868,21.785867725120735,21.248354240314796,20.349800192050218,18.19188112999608,0.34128586066260197
2.0,611.5637399999999,194.25,22.288656122678685,21.78219395252109,21.244696764046015,20.346193133311594,18.188426486941548,0.3418714097363589
2.0,611.5637399999999,194.5,22.2850686839904,21.778522047105643,21.241041121808873,20.34258787063545,18.18497346309783,0.3424585646514971
2.0,611.5637399999999,194.75,22.28148306911893,21.774852022413484,21.237387328566268,20.33898441704379,18.181522064775475,0.3430456258401232
2.0,611.5637399999999,195.0,22.277899269563456,21.771183875535247,21.23373538136874,20.335382769805836,18.17807230901231,0.34363239009790664
2.0,611.5637399999999,195.25,22.274317281437604,21.767517603373435,21.230085277450417,20.331782926295034,18.174624212051,0.34421885789850226
2.0,611.5637399999999,195.5,22.270737103492184,21.76385320278462,21.2264370141428,20.32818488411485,18.171177786786146,0.3448050296860823
2.0,611.5637399999999,195.75,22.267158735612803,21.760190670630372,21.222790588844692,20.324588641052475,18.167733043052642,0.3453909058891829
2.0,611.5637399999999,196.0,22.26358217804509,21.75653000380436,21.219145999005733,20.320994195014535,18.164289988230664,0.345976486925531
2.0,611.5637399999999,196.25,22.26000743103965,21.752871199246638,21.215503242115766,20.317401543976832,18.160848627769322,0.3465617732046903
2.0,611.5637399999999,196.5,22.25643449469472,21.749214110457494,21.211862152014174,20.313810547421898,18.157408964571147,0.3471481118670195
2.0,611.5637399999999,196.75,22.25286336818814,21.745558668256887,21.208222652781586,20.31022113914214,18.153970987009227,0.34773480010547725
2.0,611.5637399999999,197.0,22.24929404678003,21.74190486963934,21.204584743831294,20.306633316640838,18.150534668657443,0.3483212320074786
2.0,611.5637399999999,197.25,22.245726520697552,21.73825271202492,21.20094842424285,20.303047077596332,18.147099981142713,0.34890740766756
2.0,611.5637399999999,197.5,22.242160777025035,21.734602192970698,21.19731369294403,20.299462419515567,18.143666900267593,0.34949332723403304
2.0,611.5637399999999,197.75,22.238596801752337,21.730953310091685,21.19368054876037,20.29587933975006,18.140235406151557,0.3500789908796649
2.0,611.5637399999999,198.0,22.235034580901342,21.72730606102199,21.190048990440918,20.29229783556787,18.1368054824587,0.3506643987936965
2.0,611.5637399999999,198.25,22.2314741010306,21.723660443394053,21.186419016674655,20.288717904215062,18.133377115669113,0.3512495511776938
2.0,611.5637399999999,198.5,22.22791534942903,21.720016454829167,21.182790626102104,20.28513954295748,18.12995029449451,0.351834448242901
2.0,611.5637399999999,198.75,22.224358314164725,21.71637407464084,21.179163796457114,20.281562731443454,18.126525009289917,0.35241970928160815
2.0,611.5637399999999,199.0,22.220802983978242,21.71273326381309,21.175538484811643,20.277987431657703,18.123101249925735,0.35300595629339954
2.0,611.5637399999999,199.25,22.217249347721477,21.70909401981667,21.171914690229386,20.274413640813936,18.11967900311823,0.3535919579331254
2.0,611.5637399999999,199.5,22.21369739364162,21.705456340275198,21.168292411621174,20.270841356325413,18.11625825478437,0.35417771435213147
2.0,611.5637399999999,199.75,22.21014710958667,21.70182022284775,21.16467164782662,20.267270575639635,18.112838992671236,0.3547632257264729
2.0,611.5637399999999,200.0,22.206598483573067,21.69818566520611,21.161052397634677,20.263701296225992,18.109421206455597,0.35534849224371684
2.0,611.5637399999999,200.25,22.203051504113674,21.694552665026567,21.157434659794625,20.260133515590255,18.106004887419363,0.35593351409961865
2.0,611.5637399999999,200.5,22.19950616034703,21.690921219986826,21.153818433023467,20.25656723128835,18.102590028136103,0.35651829149634734
2.0,611.5637399999999,200.75,22.19596244206543,21.687291327765838,21.150203716011383,20.25300244093468,18.09917662221636,0.35710282464128834
2.0,611.5637399999999,201.0,22.192420339697527,21.68366298604527,21.146590507426016,20.24943914220574,18.095764664106134,0.3576871137461635
2.0,611.5637399999999,201.25,22.188879844271103,21.68003616557102,21.142978775188514,20.245877306826795,18.092354148734472,0.3582728098578561
2.0,611.5637399999999,201.5,22.185340947237417,21.67641086233489,21.139368516378056,20.24231693089831,18.088945069153613,0.3588583652519168
2.0,611.5637399999999,201.75,22.181803639920897,21.67278707404576,21.135759729829626,20.238758012225592,18.085537417225947,0.35944368176526953
2.0,611.5637399999999,202.0,22.178267913466183,21.66916479845435,21.132152414332655,20.235200548662185,18.082131185552758,0.3600287595867938
2.0,611.5637399999999,202.25,22.174733759144306,21.665544033334054,21.128546568646286,20.231644538087814,18.078726367751518,0.36061359891275424
2.0,611.5637399999999,202.5,22.171201168561456,21.661924776474883,21.12494219150629,20.22808997841254,18.07532295831842,0.36119819994432584
2.0,611.5637399999999,202.75,22.167670133745535,21.65830702568083,21.121339281629417,20.224536867583293,18.071920952463138,0.36178256288647287
2.0,611.5637399999999,203.0,22.16414064716603,21.654690778769016,21.11773783771665,20.22098520358807,18.068520345970697,0.3623666879472431
2.0,611.5637399999999,203.25,22.160612701723277,21.65107603356992,21.11413785845569,20.217434984457636,18.065121135091434,0.3629505753372415
2.0,611.5637399999999,203.5,22.157086290721992,21.64746272109705,21.11053926630393,20.21388614372849,18.061723315974827,0.36353553034990993
2.0,611.5637399999999,203.75,22.15356140751226,21.64385082175695,21.10694204098728,20.210338662524236,18.058326878964174,0.3641205962833331
2.0,611.5637399999999,204.0,22.1500380441372,21.640240333379644,21.103346181827508,20.20679253878737,18.054931809403797,0.36470543999411364
2.0,611.5637399999999,204.25,22.146516191031193,21.636631253936862,21.099751688016905,20.20324777053268,18.0515380930302,0.3652900615925195
2.0,611.5637399999999,204.5,22.142995837857917,21.633023581450317,21.09615855867855,20.199704355742494,18.04814571774379,0.3658744612098691
2.0,611.5637399999999,204.75,22.139476974261143,21.629417313965202,21.092566792885723,20.196162292377966,18.044754673478845,0.3664586389887343
2.0,611.5637399999999,205.0,22.13595959024816,21.625812449537513,21.0889763896729,20.19262157840597,18.04136495182646,0.3670425950797827
2.0,611.5637399999999,205.25,22.132443676344817,21.622208986227896,21.085387348043156,20.189082211820313,18.03797654570018,0.36762632963999115
2.0,611.5637399999999,205.5,22.128929223639282,21.61860692209957,21.081799666973602,20.185544190655108,18.034589449069188,0.36820984283144187
2.0,611.5637399999999,205.75,22.12541622377543,21.615006253518796,21.078213343481103,20.182007511350324,18.03120365673659,0.36879364830028244
2.0,611.5637399999999,206.0,22.121904668916603,21.611406975172397,21.074628372668357,20.1784721687667,18.02781916401023,0.36937825373342215
2.0,611.5637399999999,206.25,22.118394551661925,21.60780908512498,21.071044753503095,20.174938161064862,18.024435966352154,0.3699626386666725
2.0,611.5637399999999,206.5,22.11488586494764,21.604212581464402,21.06746248492774,20.1714054864671,18.021054059514224,0.3705468032683036
2.0,611.5637399999999,206.75,22.111378602035042,21.600617462292483,21.063881565868474,20.167874143239903,18.01767343971536,0.37113074771071025
2.0,611.5637399999999,207.0,22.107872756533705,21.597023725724274,21.06030199523837,20.16434412969029,18.014294103598004,0.371714472168936
2.0,611.5637399999999,207.25,22.104368322404873,21.59343136988844,21.05672377193957,20.16081544416455,18.01091604815579,0.37229797682015986
2.0,611.5637399999999,207.5,22.10086529394867,21.589840392927893,21.053146894864895,20.15728808504693,18.00753927067032,0.37288126184334314
2.0,611.5637399999999,207.75,22.09736366578407,21.58625079300048,21.04957136289915,20.15376205075789,18.004163768659982,0.3734643274189671
2.0,611.5637399999999,208.0,22.09386343282556,21.582662544669052,21.045997147996143,20.15023731694826,18.00078953966941,0.3740477442458988
2.0,611.5637399999999,208.25,22.090364590142595,21.579075610587402,21.04242420884532,20.146713847734667,17.997416579034272,0.3746318032016184
2.0,611.5637399999999,208.5,22.08686713232547,21.575489988828004,21.03885254483643,20.14319164138567,17.994044877736012,0.37521565368792353
2.0,611.5637399999999,208.75,22.083371052824074,21.57190567763915,21.035282155224497,20.139670696322973,17.990674425302732,0.37579929580453403
2.0,611.5637399999999,209.0,22.079876344254135,21.568322675323223,21.031713039207556,20.136151010956944,17.987305212560308,0.3763827296731867
2.0,611.5637399999999,209.25,22.076382999028304,21.564740980209482,21.028145195945104,20.132632583676937,17.98393723182798,0.3769659554249293
2.0,611.5637399999999,209.5,22.072891009727734,21.561160590642086,21.024578624567326,20.129115412868998,17.980570476673908,0.37754897319710784
2.0,611.5637399999999,209.75,22.069400369265058,21.557581504973893,21.021013324181016,20.125599496932924,17.977204941666393,0.3781317831318578
2.0,611.5637399999999,210.0,22.065911070940626,21.5540037215637,21.017449293873803,20.12208483429377,17.973840622171405,0.3787143853751371
2.0,611.5637399999999,210.25,22.062423108447742,21.55042720231299,21.01388649113972,20.118571388188986,17.970477513931648,0.37929735406847376
2.0,611.5637399999999,210.5,22.05893647567564,21.546851898150624,21.010324861465968,20.115059111212176,17.967115609593684,0.3798808669409863
2.0,611.5637399999999,210.75,22.05545116577645,21.543277807263195,21.00676440461736,20.111548001539198,17.96375489595112,0.3804641876906517
2.0,611.5637399999999,211.0,22.051967170286638,21.539704928062186,21.003205120170467,20.108038057546633,17.96039535812544,0.38104731635598926
2.0,611.5637399999999,211.25,22.048484479597246,21.536133259019394,20.99964700761964,20.10452927759138,17.95703698324013,0.381630253006348
2.0,611.5637399999999,211.5,22.045003083834878,21.53256279863032,20.996090066402832,20.10102165999991,17.95367976063367,0.38221299772454237
2.0,611.5637399999999,211.75,22.041522973374743,21.528993545398485,20.99253429591483,20.0975152030939,17.950323681488328,0.3827955506026238
2.0,611.5637399999999,212.0,22.038044139063988,21.525425497827708,20.988979695515727,20.094009905214264,17.946968738461823,0.3833779117397141
2.0,611.5637399999999,212.25,22.03456657229735,21.521858654419127,20.98542626453708,20.090505764737216,17.94361492538835,0.38396008124061615
2.0,611.5637399999999,212.5,22.0310902650242,21.518293001341384,20.98187398822766,20.087002768173132,17.940262236954712,0.38454225468775893
2.0,611.5637399999999,212.75,22.027615209662766,21.514728473060863,20.978322793042043,20.083500852113485,17.9369106670391,0.385125253819641
2.0,611.5637399999999,213.0,22.024141398521635,21.511165067807973,20.97477267895159,20.08000001466429,17.9335602037064,0.3857080755176241
2.0,611.5637399999999,213.25,22.020668822584735,21.507602784077665,20.971223645710815,20.076500254221152,17.930210832169568,0.38629071978640717
2.0,611.5637399999999,213.5,22.017197471673686,21.50404162042954,20.967675692986308,20.073001569186587,17.926862539441988,0.38687318666628034
2.0,611.5637399999999,213.75,22.013727335330614,21.500481575448088,20.96412882038527,20.069503957943677,17.92351531475506,0.38745547621196197
2.0,611.5637399999999,214.0,22.010258403365235,21.496922647726798,20.960583027469465,20.066007418877387,17.920169149211976,0.38803758848791864
2.0,611.5637399999999,214.25,22.006790666096144,21.493364835860433,20.95703831376412,20.06251195039733,17.916824035418557,0.38861952356607343
2.0,611.5637399999999,214.5,22.00332411443294,21.48980813844202,20.953494678764244,20.059017550953268,17.91347996718043,0.3892012815243461
2.0,611.5637399999999,214.75,21.99985873988468,21.48625255406277,20.949952121939468,20.055524219043857,17.910136939263904,0.38978286244561555
2.0,611.5637399999999,215.0,21.996394534534517,21.482698038975776,20.946410594463536,20.052031912319904,17.906794946904274,0.390364903829998
2.0,611.5637399999999,215.25,21.99293149079279,21.479144560715326,20.942870060961386,20.048540599295844,17.903453981942118,0.39094724118420254
2.0,611.5637399999999,215.5,21.98946960041969,21.475592117730226,20.939330521416085,20.045050278339666,17.900114031601397,0.39152941509817796
2.0,611.5637399999999,215.75,21.98600885394086,21.47204070863407,20.935791975661658,20.041560947969312,17.896775082519834,0.3921114255747084
2.0,611.5637399999999,216.0,21.98254924116938,21.46849033208761,20.932254423459902,20.03807260669856,17.89343712326863,0.39269327264108556
2.0,611.5637399999999,216.25,21.979090751915564,21.464940986771275,20.928717864521214,20.03458525303366,17.890100144396637,0.3932749563364772
2.0,611.5637399999999,216.5,21.975633376377353,21.4613926713733,20.92518229851572,20.03109888549465,17.886764138085724,0.3938564767085031
2.0,611.5637399999999,216.75,21.972177105300304,21.45784538458425,20.921647725080675,20.02761350263395,17.88342909782591,0.3944378338114053
2.0,611.5637399999999,217.0,21.968721930022365,21.454299125095297,20.91811414382592,20.02412910304821,17.880095018153234,0.39501902770482933
2.0,611.5637399999999,217.25,21.96526784246644,21.45075389159875,20.914581554338067,20.02064568538445,17.876761894443167,0.39560005845293006
2.0,611.5637399999999,217.5,21.961814835110452,21.44720967593815,20.911049948371573,20.017163241722802,17.87342972269883,0.39618160595098123
2.0,611.5637399999999,217.75,21.958362900915855,21.44366647362948,20.90751932194389,20.013681767725103,17.870098498834363,0.3967633046378919
2.0,611.5637399999999,218.0,21.954912033145668,21.440124283363147,20.90398967466331,20.010201262157903,17.866768218546277,0.39734484198278264
2.0,611.5637399999999,218.25,21.951462225272486,21.43658310385726,20.900461006108674,20.006721723845004,17.86343887783668,0.39792621805017264
2.0,611.5637399999999,218.5,21.948013471031945,21.43304293384567,20.896933315839615,20.003243151647933,17.860110473234496,0.39850743290943197
2.0,611.5637399999999,218.75,21.944565764486743,21.429503772075858,20.893406603400283,19.99976554446356,17.856783001744606,0.39908848663309443
2.0,611.5637399999999,219.0,21.941119100049274,21.425965617308474,20.889880868321818,19.996288901224396,17.853456460764484,0.39966937929624374
2.0,611.5637399999999,219.25,21.93767347247733,21.422428468317467,20.886356110124158,19.992813220898448,17.8501308480118,0.40025011097610735
2.0,611.5637399999999,219.5,21.93422887685732,21.418892323890507,20.882832328317473,19.989338502488327,17.846806161465995,0.40083068175175707
2.0,611.5637399999999,219.75,21.930785308581243,21.415357145441014,20.879309479773593,19.985864708905066,17.843482399053368,0.40141163515700956
2.0,611.5637399999999,220.0,21.927342763138398,21.41182290824461,20.875787537683063,19.982391816394518,17.840159555355978,0.4019927745964617
2.0,611.5637399999999,220.25,21.923901235284813,21.408289611008563,20.872266501987585,19.978919823812195,17.83683762092688,0.4025737645047075
2.0,611.5637399999999,220.5,21.92046071861351,21.404757252580332,20.868746372515485,19.975448730114543,17.833516585774625,0.4031546048913643
2.0,611.5637399999999,220.75,21.91702120602669,21.401225831853775,20.86522714904108,19.971978534240115,17.830196441352545,0.4037352957847519
2.0,611.5637399999999,221.0,21.91358269032604,21.39769534774573,20.8617088313007,19.968509235109185,17.82687718060219,0.4043158372220997
2.0,611.5637399999999,221.25,21.91014516453726,21.394165799185238,20.858191419001173,19.9650408316424,17.82355879769284,0.40489622924690305
2.0,611.5637399999999,221.5,21.906708622047173,21.39063718510807,20.85467491182542,19.961573322776985,17.820241287775275,0.40547647190752484
2.0,611.5637399999999,221.75,21.9032730566472,21.38710950445448,20.851159309436515,19.9581067074773,17.816924646783388,0.4060565652562714
2.0,611.5637399999999,222.0,21.89983846253159,21.38358270527909,20.847644553457396,19.95464093556785,17.813608870913033,0.4066369139006638
2.0,611.5637399999999,222.25,21.896404834025866,21.38005674001865,20.84413059121894,19.951175961035215,17.810293951966763,0.40721749084942876
2.0,611.5637399999999,222.5,21.89297216438943,21.376531607379015,20.840617423075525,19.947711782514567,17.806979875171386,0.4077979366859533
2.0,611.5637399999999,222.75,21.889540444963465,21.373007306300124,20.837105049182583,19.94424839883272,17.80366662436963,0.4083782513516994
2.0,611.5637399999999,223.0,21.886109665822165,21.36948383578505,20.83359346960516,19.940785808785073,17.800354185742783,0.40895843482099326
2.0,611.5637399999999,223.25,21.88267981675908,21.365961194860255,20.830082684345587,19.93732401112936,17.797042547964697,0.4095384870830901
2.0,611.5637399999999,223.5,21.87925088784757,21.36243938255816,20.826572693357864,19.933863004615713,17.793731701773684,0.4101184081376044
2.0,611.5637399999999,223.75,21.87582286968304,21.358918397908614,20.82306349655696,19.930402788013826,17.790421639558236,0.41069819799213536
2.0,611.5637399999999,224.0,21.872395753464346,21.355398239935653,20.819555093825585,19.926943360130945,17.787112355022046,0.4112778566607285
2.0,611.5637399999999,224.25,21.868969531001117,21.351878907657525,20.81604748501928,19.923484719822074,17.78380384292043,0.41185738416275736
2.0,611.5637399999999,224.5,21.865544194688756,21.348360390989804,20.81254065959625,19.920026857202476,17.780496098788014,0.41243714836579476
2.0,611.5637399999999,224.75,21.862119737425882,21.34484268165947,20.809034609192686,19.91656976417467,17.777189117972497,0.4130170759914895
2.0,611.5637399999999,225.0,21.85869615236906,21.341325778638723,20.80552933372381,19.913113439680153,17.77388289521764,0.41359687545135276
2.0,611.5637399999999,225.25,21.855273432763976,21.337809680940115,20.802024833059285,19.909657882735047,17.770577425467337,0.41417654675940313
2.0,611.5637399999999,225.5,21.85185157202763,21.334294387591218,20.798521107042298,19.906203092392023,17.76727270438538,0.41475608993719554
2.0,611.5637399999999,225.75,21.848430563880513,21.330779897629938,20.795018155495423,19.90274906773673,17.763968728317455,0.41533550501066163
2.0,611.5637399999999,226.0,21.845010402409716,21.327266210103186,20.791515978224226,19.899295807889928,17.76066549417257,0.41591479200914266
2.0,611.5637399999999,226.25,21.841591082082175,21.323753324066715,20.788014575019776,19.89584331200914,17.757362999316506,0.4164939509647928
2.0,611.5637399999999,226.5,21.838172597733816,21.3202412385856,20.784513945660663,19.8923915792889,17.754061241485626,0.4170729819121627
2.0,611.5637399999999,226.75,21.834754944545768,21.316729888837223,20.781014017058133,19.888940547209707,17.75076021825982,0.4176522746058953
2.0,611.5637399999999,227.0,21.831338117703034,21.313219247534153,20.77751475981741,19.885490189420793,17.747459921545506,0.41823161035135314
2.0,611.5637399999999,227.25,21.82792211105623,21.309709313589156,20.774016174296356,19.882040504864076,17.744160337556643,0.4188108349677174
2.0,611.5637399999999,227.5,21.824506916655533,21.306200086086477,20.770518260703373,19.87859149258456,17.74086145230198,0.4193899483957522
2.0,611.5637399999999,227.75,21.821092525558427,21.30269156416391,20.767021019171867,19.875143151588,17.737563253983424,0.41996895060096107
2.0,611.5637399999999,228.0,21.81767892867093,21.299183746981356,20.76352444978194,19.871695480847126,17.73426573295924,0.4205478415612613
2.0,611.5637399999999,228.25,21.814266117195785,21.295676633706112,20.760028552572216,19.86824847933012,17.730968881354084,0.4211266212633942
2.0,611.5637399999999,228.5,21.81085408282056,21.292170223505643,20.75653332754765,19.864802146024207,17.72767269270207,0.4217052897009662
2.0,611.5637399999999,228.75,21.807442817777016,21.288664515544887,20.753038774685212,19.86135647995092,17.724377161660666,0.42228384687315706
2.0,611.5637399999999,229.0,21.804032314842015,21.285159508986315,20.749544893938296,19.857911480174646,17.721082283785982,0.4228622927837791
2.0,611.5637399999999,229.25,21.8006225673107,21.281655150055574,20.74605162488066,19.854467094646495,17.7177880549764,0.4234410580048835
2.0,611.5637399999999,229.5,21.797213568700798,21.278151437056817,20.74255896721015,19.851023321589146,17.714494466958506,0.4240197267301123
2.0,611.5637399999999,229.75,21.7938053117315,21.274648369097054,20.739066921137304,19.847580160046924,17.71120150893054,0.4245982941775399
2.0,611.5637399999999,230.0,21.790397788310262,21.27114594533789,20.735575486803352,19.844137609087813,17.707909171334336,0.42517676031229046
2.0,611.5637399999999,230.25,21.78699099017279,21.2676441649634,20.7320846643031,19.840695667775318,17.704617446272994,0.42575512511096864
2.0,611.5637399999999,230.5,21.783584909298117,21.264143027168085,20.728594453695642,19.837254335181633,17.701326327267317,0.42633338855786984
2.0,611.5637399999999,230.75,21.780179538092455,21.26064253115104,20.725104855011196,19.83381361040348,17.698035808979643,0.4269115506432042
2.0,611.5637399999999,231.0,21.776774869450403,21.257142676113627,20.721615868255867,19.830373492573028,17.69474588698539,0.4274896113619669
2.0,611.5637399999999,231.25,21.773370896759328,21.253643461259344,20.718127493415377,19.826933980863878,17.691456557592147,0.4280675707131463
2.0,611.5637399999999,231.5,21.769967613877576,21.250144852456287,20.71463969244276,19.8234950422715,17.68816781745807,0.42864560097454224
2.0,611.5637399999999,231.75,21.766565014938468,21.246646819987493,20.711152432783845,19.820056648030818,17.68487966052026,0.4292236847845442
2.0,611.5637399999999,232.0,21.763163093557285,21.24314936288453,20.70766571481162,19.81661879714366,17.681592076666064,0.4298016788747799
2.0,611.5637399999999,232.25,21.759761842286835,21.239652480329973,20.704179538769438,19.813181488749425,17.67830505505901,0.4303795831834291
2.0,611.5637399999999,232.5,21.756361253029194,21.23615617155055,20.700693904839383,19.809744721983943,17.67501858644778,0.4309573976701567
2.0,611.5637399999999,232.75,21.752961317649508,21.23266043579251,20.697208813160117,19.806308495974573,17.67173266324105,0.4315351223047839
2.0,611.5637399999999,233.0,21.74956202831915,21.229165272310944,20.69372426383629,19.802872809858076,17.668447279222164,0.4321127570643282
2.0,611.5637399999999,233.25,21.746163377658373,21.225670680364683,20.69024025694481,19.79943766279665,17.66516242927583,0.43269030193144403
2.0,611.5637399999999,233.5,21.74276535877816,21.222176659214494,20.68675679253934,19.796003053988237,17.66187810916712,0.43326775689338465
2.0,611.5637399999999,233.75,21.739367965275882,21.218683203801127,20.68327386572521,19.792568978494398,17.658594315336284,0.4338451363235752
2.0,611.5637399999999,234.0,21.735971191187723,21.215190255804153,20.679791410913722,19.789135379927423,17.655311043991652,0.4344226182350465
2.0,611.5637399999999,234.25,21.73257503059304,21.211697814187318,20.676309428614417,19.78570225719222,17.65202828639498,0.43500002188676523
2.0,611.5637399999999,234.5,21.729179476517007,21.20820587815204,20.672827919151963,19.782269609456982,17.648746031048216,0.4355773471942489
2.0,611.5637399999999,234.75,21.725784520990093,21.204714446960153,20.669346882777983,19.77883743590068,17.645464267836168,0.43615459410366564
2.0,611.5637399999999,235.0,21.722390155786076,21.20122351989921,20.665866319694963,19.775405735686867,17.642182988439775,0.4367317625732959
2.0,611.5637399999999,235.25,21.71899637288855,21.197733096268554,20.66238623006779,19.771974507980246,17.638902186064435,0.4373088525695665
2.0,611.5637399999999,235.5,21.715603164698344,21.194243175372396,20.65890661403098,19.76854375196534,17.635621855140492,0.43788586406513896
2.0,611.5637399999999,235.75,21.71221052410529,21.190753756516852,20.65542747169384,19.765113466859383,17.632341991076444,0.43846279703770935
2.0,611.5637399999999,236.0,21.708818444497073,21.187264839009487,20.65194880314438,19.76168365191966,17.629062590064045,0.43903965146915436
2.0,611.5637399999999,236.25,21.7054269197389,21.183776385004613,20.648470566080405,19.758254270531285,17.62578364865835,0.4396164802369443
2.0,611.5637399999999,236.5,21.702035943959174,21.180288367766643,20.64499273138352,19.754825296784357,17.622505160402916,0.44019327426046245
2.0,611.5637399999999,236.75,21.69864551069976,21.17680078642369,20.641515299506416,19.751396729757815,17.619227114863616,0.44077000155968094
2.0,611.5637399999999,237.0,21.69525561242725,21.17331364024629,20.638038270776498,19.747968568655814,17.61594950112663,0.4413466620595304
2.0,611.5637399999999,237.25,21.691866240990535,21.169826928547135,20.634561645460206,19.74454081267752,17.6126723099247,0.441923255705717
2.0,611.5637399999999,237.5,21.688477388228524,21.166340650657283,20.631085423780423,19.74111346101462,17.60939553367085,0.4424997824540573
2.0,611.5637399999999,237.75,21.685089046303602,21.162854805915767,20.627609605925826,19.737686512869608,17.60611916616493,0.4430762422675908
2.0,611.5637399999999,238.0,21.681701207838596,21.159369393664672,20.624134192057117,19.734259967471726,17.602843202317526,0.44365263511502906
2.0,611.5637399999999,238.25,21.678313865955513,21.15588441324749,20.620659182311556,19.730833824087117,17.599567637927215,0.4442289609697234
2.0,611.5637399999999,238.5,21.674927014268604,21.152399839505424,20.617184548860628,19.72740805833671,17.596292469329175,0.44480520866131423
2.0,611.5637399999999,238.75,21.671540646736755,21.148915632657566,20.613710247531557,19.723982631698664,17.59301769095342,0.44538137621157886
2.0,611.5637399999999,239.0,21.66815475698459,21.145431791804672,20.610236278854146,19.720557543200417,17.58974329282868,0.44595748868903096
2.0,611.5637399999999,239.25,21.664769337561477,21.141948316229712,20.60676264320677,19.717132792052535,17.586469263599216,0.44653354600581807
2.0,611.5637399999999,239.5,21.66138438024514,21.138465205265152,20.60328934090077,19.71370837746745,17.58319559348972,0.44710954809919723
2.0,611.5637399999999,239.75,21.657999876710175,21.134982458264464,20.599816372200774,19.710284298647426,17.5799222744891,0.44768549491754245
2.0,611.5637399999999,240.0,21.65461581891937,21.13150007459022,20.59634373733513,19.706860554802414,17.576649300059053,0.4482613864169717
2.0,611.5637399999999,240.25,21.651232199290494,21.12801805360837,20.592871436502616,19.703437145167307,17.573376664842492,0.44883722255962094
2.0,611.5637399999999,240.5,21.647849010748402,21.124536394686057,20.58939946987738,19.700014069013307,17.570104364426296,0.44941300331252787
2.0,611.5637399999999,240.75,21.64446624672465,21.12105509719171,20.585927837612626,19.696591325654097,17.566832395154197,0.44998872864681533
2.0,611.5637399999999,241.0,21.641083901132667,21.117574121341736,20.582456495185845,19.693168876596395,17.563560753698432,0.45056431014011894
2.0,611.5637399999999,241.25,21.637701968141425,21.114093439851782,20.57898541287358,19.689746695393083,17.560289433519795,0.45113978388415354
2.0,611.5637399999999,241.5,21.634320441284697,21.11061305188886,20.575514591191677,19.68632478115621,17.55701842392322,0.4517152145068088
2.0,611.5637399999999,241.75,21.63093931296196,21.107132956766975,20.57204403052722,19.682903133124956,17.55374771372286,0.4522906019225678
2.0,611.5637399999999,242.0,21.627558574921025,21.103653153843805,20.568573731204605,19.679481750531803,17.55047729342997,0.4528659460672612
2.0,611.5637399999999,242.25,21.624178218889544,21.10017364249596,20.565103693503495,19.676060632600258,17.547207155286355,0.4534412468871108
2.0,611.5637399999999,242.5,21.62079823692101,21.096694422108154,20.56163391766847,19.672639778563923,17.543937292961783,0.4540165043357545
2.0,611.5637399999999,242.75,21.617418621537237,21.09321549206804,20.558164403915402,19.66921918768312,17.54066770126942,0.4545917183726464
2.0,611.5637399999999,243.0,21.614039365769123,21.08973685176446,20.554695152436143,19.665798859255464,17.5373983759364,0.45516688896199925
2.0,611.5637399999999,243.25,21.610660463151003,21.08625849524669,20.55122615730993,19.66237878745788,17.53412931338465,0.4557419924499709
2.0,611.5637399999999,243.5,21.60728190766672,21.08278036644173,20.5477573554999,19.658958918041346,17.530860509749562,0.4563168082565675
2.0,611.5637399999999,243.75,21.603903693344304,21.079302464418863,20.544288747606018,19.655539249998068,17.527591956370223,0.456891592030488
2.0,611.5637399999999,244.0,21.600525813197283,21.07582478847752,20.54082033404838,19.65211978257653,17.5243236419722,0.4574663436723177
2.0,611.5637399999999,244.25,21.59714825929396,21.072347337975934,20.53735211517537,19.648700515037536,17.52105555666126,0.4580410631124459
2.0,611.5637399999999,244.5,21.59377102347506,21.06887011229746,20.533884091286968,19.645281446629042,17.51778769231365,0.45861575029314533
2.0,611.5637399999999,244.75,21.5903940978054,21.0653931108371,20.530416262646,19.641862576602275,17.514520042306742,0.45919040516470894
2.0,611.5637399999999,245.0,21.587017474773692,21.06191633299479,20.52694862948525,19.638443904229792,17.511252601224278,0.4597650276835862
2.0,611.5637399999999,245.25,21.583641147360698,21.058439778172605,20.523481192012518,19.635025428817894,17.50798536461374,0.4603396178112044
2.0,611.5637399999999,245.5,21.58026510904642,21.05496344577436,20.52001395041451,19.631607149713616,17.50471832879456,0.4609141755131313
2.0,611.5637399999999,245.75,21.576889353789685,21.051487313086966,20.516546879626645,19.628189044921807,17.501451490548593,0.46148858977361507
2.0,611.5637399999999,246.0,21.57351387588646,21.04801132373386,20.513079916480006,19.624771059896155,17.498184844774443,0.46206269647934456
2.0,611.5637399999999,246.25,21.570138669251413,21.044535476761485,20.509613061648285,19.62135319360364,17.494918380547453,0.46263678536093594
2.0,611.5637399999999,246.5,21.566763726366474,21.041059771463647,20.506146315608845,19.61793544525891,17.491652084540302,0.46321085630683334
2.0,611.5637399999999,246.75,21.56338903856493,21.037584207199043,20.502679678757488,19.6145178140718,17.488385945184973,0.46378490923799087
2.0,611.5637399999999,247.0,21.560014596892753,21.034108783352973,20.49921315143458,19.611100299227083,17.485119953013196,0.4643589440888684
2.0,611.5637399999999,247.25,21.55664039262973,21.03063349932136,20.495746733937942,19.60768289990658,17.48185410032122,0.4649329608031051
2.0,611.5637399999999,247.5,21.553266417519204,21.02715835450277,20.49228042653104,19.604265615311668,17.47858838081991,0.46550695933138586
2.0,611.5637399999999,247.75,21.549892663847054,21.02368334829508,20.488814229448884,19.600848444678583,17.47532278934876,0.46608093963008324
2.0,611.5637399999999,248.0,21.546519124451056,21.020208477355585,20.485348139776995,19.597431384638394,17.4720573216306,0.46665487414402773
2.0,611.5637399999999,248.25,21.543145792684165,21.016733692687996,20.48188210253393,19.594014387722392,17.4687919735208,0.46722830499261714
2.0,611.5637399999999,248.5,21.539772662091618,21.013258993394647,20.478416118270985,19.5905974529185,17.465526736964186,0.4678017271673672
2.0,611.5637399999999,248.75,21.536399725478717,21.00978437877568,20.474950187380607,19.5871805794489,17.46226160172685,0.4683751405770713
2.0,611.5637399999999,249.0,21.533026974938906,21.00630984818128,20.47148431019063,19.58376376655787,17.458996558838955,0.46894854515680295
2.0,611.5637399999999,249.25,21.529654402456252,21.002835400983283,20.46801848698473,19.580347013488844,17.455731600921933,0.46952194085232535
2.0,611.5637399999999,249.5,21.52628200028483,20.999361036564157,20.4645527180124,19.576930319497286,17.45246672194569,0.4700953276167067
2.0,611.5637399999999,249.75,21.522909761113333,20.995886754311694,20.461087003495297,19.573513683865364,17.449201916965336,0.47066870540867095
2.0,611.5637399999999,250.0,21.519537678117505,20.992412553616944,20.45762134363187,19.570097105911863,17.445937181904473,0.471242074191547
2.0,611.5637399999999,250.25,21.51616574496088,20.988938433874154,20.454155738600797,19.56668058499752,17.442672513383762,0.47181543393250364
2.0,611.5637399999999,250.5,21.51279395577245,20.985464378664176,20.450690170515593,19.56326410523248,17.439407908472326,0.4723886290984998
2.0,611.5637399999999,250.75,21.50942230503619,20.981990338178452,20.44722458359818,19.5598476184482,17.436143362921705,0.4729613353368689
2.0,611.5637399999999,251.0,21.506050787022435,20.97851631149311,20.443758978419833,19.55643112368341,17.43287886756079,0.4735340446873749
2.0,611.5637399999999,251.25,21.50267939485471,20.975042297901442,20.440293355381467,19.55301462020083,17.429614411043676,0.47410675705561217
2.0,611.5637399999999,251.5,21.49930812071038,20.971568296755198,20.436827714813695,19.549598107265613,17.426349983490013,0.4746794723753261
2.0,611.5637399999999,251.75,21.495936956547368,20.968094307431702,20.433362056999307,19.546181584126053,17.42308557679819,0.475252190591881
2.0,611.5637399999999,252.0,21.492565894547315,20.964620329320237,20.4298963821843,19.542765050031512,17.41982118436498,0.47582491165854446
2.0,611.5637399999999,252.25,21.48919492731027,20.96114636181519,20.426430690584947,19.539348504251112,17.416556800789564,0.4763976355346638
2.0,611.5637399999999,252.5,21.485824047920705,20.95767240431315,20.42296498239279,19.535931946086457,17.413292421631123,0.47697036218449834
2.0,611.5637399999999,252.75,21.482453249954208,20.9541984562125,20.419499257778476,19.532515374878827,17.41002804321755,0.4775430915763948
2.0,611.5637399999999,253.0,21.479082527456615,20.950724482712214,20.416033477864374,19.529098756939554,17.406763662249567,0.47811549316341695
2.0,611.5637399999999,253.25,21.4757118747435,20.947250438214553,20.412567591925054,19.525682048111126,17.403499272534773,0.4786874711153584
2.0,611.5637399999999,253.5,21.47234128551182,20.943776321770596,20.409101600560668,19.52226524736089,17.400234862354765,0.4792594665652625
2.0,611.5637399999999,253.75,21.468970751997666,20.94030213264656,20.40563550419423,19.5188483538556,17.39697041839105,0.4798314794140826
2.0,611.5637399999999,254.0,21.46560026540691,20.936827870167267,20.402169303170663,19.515431366750636,17.39370592920074,0.48040350959200606
2.0,611.5637399999999,254.25,21.46222981673852,20.933353533681363,20.39870299778087,19.512014285178296,17.390441385422655,0.48097555704210826
2.0,611.5637399999999,254.5,21.458859397263424,20.929879122546442,20.395236588273995,19.50859710827081,17.387176779430206,0.4815476217163798
2.0,611.5637399999999,254.75,21.455488998731386,20.926404636121678,20.39177007486538,19.505179835182204,17.383912104985924,0.482119703573703
2.0,611.5637399999999,255.0,21.45211861343934,20.922930073764945,20.388303457742282,19.501762465102853,17.38064735696083,0.48269180257853866
2.0,611.5637399999999,255.25,21.448748234235932,20.91945543483268,20.384836737068177,19.49834499726763,17.37738253111328,0.483263918699983
2.0,611.5637399999999,255.5,21.4453778544963,20.915980668773006,20.381369856024026,19.494927382696744,17.37411762355686,0.48383523886460766
2.0,611.5637399999999,255.75,21.44200746784133,20.91250576983574,20.377902809626764,19.491509615683203,17.370852626465208,0.4844065074577507
2.0,611.5637399999999,256.0,21.438637067151397,20.90903073723013,20.374435598232626,19.488091695353052,17.367587529262114,0.4849778032975855
2.0,611.5637399999999,256.25,21.435266644471355,20.905555570234977,20.370968222119554,19.484673620874563,17.36432232231591,0.48554912632541214
2.0,611.5637399999999,256.5,21.431896191612378,20.902080268155334,20.36750068151679,19.481255391412994,17.361056997638276,0.4861204764954315
2.0,611.5637399999999,256.75,21.428525700594065,20.898604830308493,20.364032976616667,19.477837006140845,17.3577915486894,0.48669185376986923
2.0,611.5637399999999,257.0,21.425155163850434,20.895129256017402,20.360565107581753,19.474418464253826,17.35452597010182,0.4872632581170336
2.0,611.5637399999999,257.25,21.421784574302468,20.891653544607884,20.357097074549888,19.470999764982405,17.35126025744623,0.4878346895101361
2.0,611.5637399999999,257.5,21.41841392536753,20.888177695408206,20.353628877637973,19.467580907598375,17.347994407045423,0.48840614792646386
2.0,611.5637399999999,257.75,21.41504321094056,20.884701696769923,20.35016050441124,19.464161880799196,17.344728415748918,0.4889775242156497
2.0,611.5637399999999,258.0,21.411672425306424,20.881225456301845,20.346691850403122,19.46074259521586,17.341462279251964,0.48954801878968934
2.0,611.5637399999999,258.25,21.408301562450458,20.877748972717075,20.34322291636887,19.45732304944071,17.33819598480287,0.4901185595479902
2.0,611.5637399999999,258.5,21.404930614332052,20.87427224510877,20.33975370277326,19.45390324245771,17.33492951503652,0.4906891463663257
2.0,611.5637399999999,258.75,21.40155957104794,20.87079527266449,20.336284209969765,19.45048317323948,17.331662854652784,0.49125977916824715
2.0,611.5637399999999,259.0,21.398188422057025,20.867318054608624,20.332814438238504,19.44706284070783,17.32839599110289,0.49183045789561286
2.0,611.5637399999999,259.25,21.39481715695548,20.863840590178647,20.329344387804174,19.443642243762948,17.325128914174538,0.49240118250234854
2.0,611.5637399999999,259.5,21.391445765829612,20.86036287861294,20.32587405884724,19.440221381315684,17.32186161552885,0.4929719529514946
2.0,611.5637399999999,259.75,21.388074239387315,20.85688491914531,20.322403451511736,19.43680025231031,17.318594088318868,0.493542769213367
2.0,611.5637399999999,260.0,21.38470256898626,20.853406711003757,20.318932565911147,19.433378855738088,17.315326326888716,0.4941136312642748
2.0,611.5637399999999,260.25,21.381330746615827,20.849928241568257,20.3154613886113,19.42995717919023,17.31205832645249,0.49468352420990086
2.0,611.5637399999999,260.5,21.377958764802248,20.846449508422563,20.311989917979684,19.42653522016146,17.308790081918687,0.4952533315551859
2.0,611.5637399999999,260.75,21.374586616338693,20.842970510745563,20.308518154119753,19.423112977742512,17.305521588016532,0.49582318705202955
2.0,611.5637399999999,261.0,21.37121429422022,20.839491247736092,20.305046097101414,19.419690451079262,17.30225284009093,0.49639309068344917
2.0,611.5637399999999,261.25,21.367841791753552,20.836011718603444,20.30157374697061,19.416267639358004,17.29898383422253,0.4969630424379693
2.0,611.5637399999999,261.5,21.364469102636225,20.832531922565597,20.29810110375367,19.412844541805118,17.295714567124023,0.49753304230804807
2.0,611.5637399999999,261.75,21.361096220980297,20.829051858849084,20.2946281674603,19.409421157688268,17.29244503602412,0.49810309028936406
2.0,611.5637399999999,262.0,21.357723141304984,20.825571526689544,20.291154938085842,19.405997486316554,17.289175238570685,0.49867318638032343
2.0,611.5637399999999,262.25,21.354349858515555,20.822090925332613,20.28768141561312,19.402573527039557,17.28590517275316,0.4992433305816907
2.0,611.5637399999999,262.5,21.35097636787743,20.81861005403494,20.28420760001391,19.399149279245613,17.282634836840717,0.4998135228962856
2.0,611.5637399999999,262.75,21.34760266498349,20.815128785629767,20.280733346872687,19.395724620075594,17.279364228424814,0.5003827346794647
2.0,611.5637399999999,263.0,21.344228745101532,20.81164708766722,20.277258621742707,19.392299518049267,17.276093333709117,0.5009517671094833
2.0,611.5637399999999,263.25,21.340854600651298,20.808164958864804,20.273783425253118,19.388873971794453,17.2728221292145,0.5015208768444356
2.0,611.5637399999999,263.5,21.337480220683876,20.8046823981887,20.27030775780613,19.385447980031138,17.26955059196409,0.5020900637812763
2.0,611.5637399999999,263.75,21.334105592482224,20.801199404682503,20.26683161968456,19.382021541380574,17.26627870276585,0.5026593278541295
2.0,611.5637399999999,264.0,21.330730702979466,20.797715977416463,20.263355011086066,19.378594654388287,17.26300644600123,0.5032286690166737
2.0,611.5637399999999,264.25,21.327355539492366,20.79423211546275,20.259877932142132,19.37516731757584,17.259733808957957,0.5037980872365352
2.0,611.5637399999999,264.5,21.323980090030506,20.79074781788322,20.25640038293074,19.37173952948221,17.256460781236907,0.5043675824921792
2.0,611.5637399999999,264.75,21.320604343397875,20.787263083724913,20.252922363485563,19.368311288690546,17.253187354279298,0.5049371547708332
2.0,611.5637399999999,265.0,21.317228289199992,20.78377791310478,20.249443875041685,19.364882594892453,17.249913521003716,0.5055055548718069
2.0,611.5637399999999,265.25,21.313851917815448,20.780292305191992,20.245964917717878,19.36145344694352,17.24663927560588,0.5060738690844662
2.0,611.5637399999999,265.5,21.3104752203671,20.776806259002957,20.242485491446672,19.358023843629194,17.243364613304568,0.5066422599025624
2.0,611.5637399999999,265.75,21.307098188670032,20.77331977354824,20.239005596138483,19.35459378380344,17.240089530077125,0.5072107273371189
2.0,611.5637399999999,266.0,21.30372081516438,20.76983284783744,20.235525231683976,19.351163266387207,17.236814022496237,0.507779271402772
2.0,611.5637399999999,266.25,21.300343092854167,20.766345480882936,20.23204439795635,19.34773229036449,17.233538087617976,0.5083478921173848
2.0,611.5637399999999,266.5,21.296965015255093,20.762857671703042,20.22856309481334,19.34430085477777,17.230261722895158,0.5089165895016738
2.0,611.5637399999999,266.75,21.29358657634933,20.75936941932457,20.22508132209891,19.340868958723377,17.22698492610799,0.5094853635788827
2.0,611.5637399999999,267.0,21.290207770545436,20.755880722784923,20.221599079644765,19.337436601347036,17.223707695308118,0.510054214374504
2.0,611.5637399999999,267.25,21.2868285926421,20.752391572972652,20.21811635794882,19.334003773945945,17.220430028714635,0.5106229641310219
2.0,611.5637399999999,267.5,21.283449037752497,20.748901906136826,20.21463308518369,19.330570414979448,17.21715192355192,0.5111904255850714
2.0,611.5637399999999,267.75,21.280069100813115,20.745411720885684,20.211149261586613,19.327136523124086,17.213873371109283,0.5117579768282423
2.0,611.5637399999999,268.0,21.2766887753973,20.741921016097592,20.207664887194056,19.32370209732961,17.21059435943488,0.5123256178218796
2.0,611.5637399999999,268.25,21.273308053831073,20.738429790725043,20.204179961965263,19.32026713654188,17.207314877932482,0.5128933485600419
2.0,611.5637399999999,268.5,21.26992692803374,20.73493804375454,20.200694485808366,19.316831639675193,17.204034917845036,0.5134611690493699
2.0,611.5637399999999,268.75,21.26654539004865,20.7314457741897,20.197208458592716,19.313395605631985,17.200754471980538,0.5140290793048319
2.0,611.5637399999999,269.0,21.263163432283786,20.727952981042375,20.193721880156478,19.309959033324784,17.197473534402736,0.5145970793477156
2.0,611.5637399999999,269.25,21.259781047600487,20.72445966332837,20.190234750312033,19.306521921691708,17.194192100176007,0.5151651692043897
2.0,611.5637399999999,269.5,21.256398229331218,20.720965820066212,20.186747068849986,19.30308426970567,17.190910165164194,0.515733348905424
2.0,611.5637399999999,269.75,21.25301497126498,20.717471425322465,20.183258807028743,19.299646052240366,17.187627725693527,0.5163010155566226
2.0,611.5637399999999,270.0,21.249631267495598,20.713976433406053,20.179769913873308,19.29620722504577,17.18434477604604,0.5168677010963902
2.0,611.5637399999999,270.25,21.246247111707945,20.710480842945792,20.1762803894923,19.29276778669064,17.181061305525883,0.5174344891995479
2.0,611.5637399999999,270.5,21.242862496335132,20.706984652775787,20.172790233825136,19.289327735943708,17.1777773016991,0.5180013798484495
2.0,611.5637399999999,270.75,21.239477412871086,20.70348786178579,20.169299446738155,19.285887071568766,17.174492753769826,0.5185683730529379
2.0,611.5637399999999,271.0,21.23609185261356,20.699990468888803,20.165808028047312,19.282445792310465,17.171207652817124,0.5191354688347263
2.0,611.5637399999999,271.25,21.232705807104697,20.696492473007375,20.162315977529506,19.279003896914272,17.167921991488512,0.5197026672237136
2.0,611.5637399999999,271.5,21.22931926832255,20.692993873066754,20.158823294929935,19.275561384146098,17.16463576368862,0.5202699682561441
2.0,611.5637399999999,271.75,21.225932228744757,20.68949466799215,20.155329979967313,19.272118252805445,17.16134896432549,0.5208373719734115
2.0,611.5637399999999,272.0,21.222544681353295,20.685994856708444,20.151836032337908,19.26867450173279,17.158061589110588,0.5214048784212121
2.0,611.5637399999999,272.25,21.219156619609066,20.682494333891277,20.148341332575274,19.265230028969068,17.154773633652812,0.5219713651559222
2.0,611.5637399999999,272.5,21.21576803690282,20.67899303357505,20.144845807695205,19.261784770465106,17.151485084256812,0.5225372838012822
2.0,611.5637399999999,272.75,21.212378924269995,20.675490953848545,20.14134945806059,19.25833872405126,17.14819591605531,0.5231033360630821
2.0,611.5637399999999,273.0,21.20898926922794,20.671988093152162,20.137852283724474,19.254891887799026,17.144906102656225,0.5236695218825573
2.0,611.5637399999999,273.25,21.205599057101853,20.668484450020436,20.134354284594476,19.25144425969662,17.141615621606572,0.5242358412511173
2.0,611.5637399999999,273.5,21.20220827266949,20.664980023017588,20.130855460476813,19.24799583765012,17.138324454510634,0.5248022941837225
2.0,611.5637399999999,273.75,21.1988169010729,20.661474810708192,20.127355811099427,19.244546619537054,17.13503258631429,0.5253688807117534
2.0,611.5637399999999,274.0,21.195424928213576,20.657968811642654,20.123855336127065,19.241096603253045,17.131740004628938,0.5259356008792655
2.0,611.5637399999999,274.25,21.19203234088858,20.65446202435169,20.120354035172095,19.23764578674274,17.12844669918725,0.526502454740549
2.0,611.5637399999999,274.5,21.188639126808546,20.65095446763205,20.11685193099252,19.234194187641286,17.125152661561255,0.5270679699004688
2.0,611.5637399999999,274.75,21.185245274663487,20.647446146694858,20.1133490305008,19.230741810573544,17.12185788655084,0.5276331386969992
2.0,611.5637399999999,275.0,21.18185077447652,20.643937060145895,20.109845333095326,19.22728865387742,17.11856237177535,0.5281984360022075
2.0,611.5637399999999,275.25,21.178455617652652,20.64042720653913,20.106340838186725,19.223834715952698,17.115266115772826,0.5287638619131806
2.0,611.5637399999999,275.5,21.175059796657195,20.63691658441356,20.102835545180916,19.220379995295215,17.11196911718723,0.5293294165250316
2.0,611.5637399999999,275.75,21.171663304707078,20.633405192306434,20.099329453476,19.216924490489326,17.10867137465337,0.5298950999336332
2.0,611.5637399999999,276.0,21.16826613558338,20.629893028761185,20.095822562461453,19.213468200193994,17.105372886801185,0.5304609122361199
2.0,611.5637399999999,276.25,21.164868283523436,20.62638009233262,20.0923148715181,19.210011123130325,17.102073652270565,0.5310268535310173
2.0,611.5637399999999,276.5,21.16146974315432,20.622866381590235,20.088806380018344,19.206553258071708,17.0987736697225,0.5315929239182487
2.0,611.5637399999999,276.75,21.158070509447136,20.619351887243663,20.08529707832036,19.203094596216417,17.09547293778948,0.5321590085313456
2.0,611.5637399999999,277.0,21.154670577637667,20.615836472873152,20.081786811502926,19.199635005783424,17.09217145345878,0.5327232551072556
2.0,611.5637399999999,277.25,21.15126994238505,20.61232013602971,20.078275579725602,19.19617448434658,17.088869201183652,0.5332876568608591
2.0,611.5637399999999,277.5,21.147868595247672,20.608802874820775,20.074763382732588,19.19271303002467,17.08556615802189,0.5338522137665019
2.0,611.5637399999999,277.75,21.144466524838865,20.60528468749504,20.07125022011623,19.18925064089402,17.082262303479745,0.5344169258653129
2.0,611.5637399999999,278.0,21.14106371858162,20.601765572357706,20.06773609137094,19.185787314929122,17.07895762062299,0.5349817932228367
2.0,611.5637399999999,278.25,21.137660163837634,20.598245527734683,20.06422099591799,19.182323050044708,17.07565209555933,0.5355468159203652
2.0,611.5637399999999,278.5,21.134255848433305,20.59472455195344,20.060704933120583,19.178857844143415,17.07234571683244,0.5361119940509498
2.0,611.5637399999999,278.75,21.13085076086773,20.591202643333677,20.05718790229426,19.175391695150193,17.06903847492076,0.536677327716978
2.0,611.5637399999999,279.0,21.127444890371294,20.587679800184258,20.0536699027146,19.17192460103363,17.065730361842792,0.5372428170285017
2.0,611.5637399999999,279.25,21.12403822689732,20.58415602253122,20.050150935598904,19.168456561488927,17.062421370860537,0.5378063614213522
2.0,611.5637399999999,279.5,21.12063076109401,20.580631308776585,20.046631000261158,19.16498757471189,17.05911149638052,0.5383699422382255
2.0,611.5637399999999,279.75,21.117222484289982,20.577105657214254,20.04311009588287,19.161517638860452,17.0558007337124,0.5389336781208771
2.0,611.5637399999999,280.0,21.11381338844598,20.573579066135032,20.039588221625294,19.158046752154004,17.052489078789264,0.5394975692003925
2.0,611.5637399999999,280.25,21.110403466085156,20.57005153383111,20.036065376631196,19.154574912871926,17.049176528025754,0.5400616156111012
2.0,611.5637399999999,280.5,21.10699271023279,20.566523058599333,20.032541560026676,19.15110211934966,17.04586307822745,0.5406258174902937
2.0,611.5637399999999,280.75,21.10358111436723,20.562993638743862,20.029016770922837,19.147628369974274,17.04254872652167,0.5411901749779298
2.0,611.5637399999999,281.0,21.10016867237875,20.559463272578263,20.025491008417223,19.144153663180116,17.039233470302158,0.5417546882163705
2.0,611.5637399999999,281.25,21.09675537853376,20.55593195842717,20.02196427159507,19.1406779974447,17.03591730718426,0.5423193573501492
2.0,611.5637399999999,281.5,21.093341227441503,20.552399662177983,20.018436522406166,19.137201339890883,17.032600234735376,0.5428834910583844
2.0,611.5637399999999,281.75,21.089926213861524,20.548866303802594,20.014907670719758,19.133723613178674,17.02928224720125,0.5434461231929877
2.0,611.5637399999999,282.0,21.086510331689205,20.545331880909902,20.01137771611119,19.130244814947083,17.025963330120504,0.5440089311622353
2.0,611.5637399999999,282.25,21.083093572500673,20.54179639145874,20.007846657879742,19.126764943148867,17.022643465297318,0.5445719150338544
2.0,611.5637399999999,282.5,21.079675925985992,20.538259833501325,20.004314495213404,19.123283995697953,17.019322636718204,0.5451350749196017
2.0,611.5637399999999,282.75,21.076257381186114,20.534722205127345,20.000781227225552,19.119801970442882,17.016000831082852,0.5456984109489823
2.0,611.5637399999999,283.0,21.072837927247487,20.531183504439575,19.99724685297264,19.11631886520025,17.01267803737551,0.5462619232634016
2.0,611.5637399999999,283.25,21.069417553764158,20.527643729541047,19.993711371465242,19.11283467778879,17.00935424640759,0.5468256120133437
2.0,611.5637399999999,283.5,21.065996250906377,20.524102878529156,19.990174781675805,19.10934940605316,17.006029450443393,0.5473894773566097
2.0,611.5637399999999,283.75,21.062574009449435,20.520560949494076,19.98663708254444,19.10586304787825,17.00270364290562,0.5479535194570815
2.0,611.5637399999999,284.0,21.059150820757132,20.51701791162982,19.983098239921343,19.10237557324559,16.99937681793705,0.5485153712758657
2.0,611.5637399999999,284.25,21.055726676605467,20.513473761278018,19.979558251131813,19.098886978400472,16.996048967819792,0.5490772816310056
2.0,611.5637399999999,284.5,21.052301568599393,20.50992849638274,19.976017115121692,19.095397261189078,16.992720083684596,0.5496393739786372
2.0,611.5637399999999,284.75,21.048875488120785,20.5063821149206,19.9724748307831,19.09190641949915,16.989390157540786,0.5502016484861437
2.0,611.5637399999999,285.0,21.045448426655955,20.502834614880864,19.96893139697064,19.08841445123837,16.986059182539037,0.5507641053294388
2.0,611.5637399999999,285.25,21.042020376017067,20.499285994259207,19.96538681250881,19.084921354339624,16.982727152808856,0.5513267446903921
2.0,611.5637399999999,285.5,21.038591328434357,20.495736251055142,19.961841076196784,19.081427126768464,16.97939406327205,0.5518895667556541
2.0,611.5637399999999,285.75,21.035161276578105,20.492185383271337,19.95829418681186,19.07793176652791,16.976059909487574,0.5524525717158972
2.0,611.5637399999999,286.0,21.031730213548485,20.488633388914096,19.95474614311219,19.07443527166046,16.972724687528146,0.5530157597652658
2.0,611.5637399999999,286.25,21.02829813284926,20.485080207945163,19.951196877387304,19.070937584083218,16.969388393465582,0.5535782032932017
2.0,611.5637399999999,286.5,21.024865028067737,20.48152573156463,19.947646266939202,19.06743859845307,16.966051017729757,0.5541391423410831
2.0,611.5637399999999,286.75,21.021430891242566,20.47796995665414,19.94409431116827,19.063938311501087,16.962712538216433,0.554700293913982
2.0,611.5637399999999,287.0,21.017995710894485,20.474412880571442,19.940541009081098,19.060436720370205,16.9593729280354,0.5552616581066636
2.0,611.5637399999999,287.25,21.014559472793362,20.470854500794218,19.936986359522013,19.05693382213096,16.956032163662925,0.5558232350761305
2.0,611.5637399999999,287.5,21.011122161757967,20.46729481484092,19.93343036122596,19.05342961375045,16.95269022560244,0.556385025005029
2.0,611.5637399999999,287.75,21.007683762739198,20.4637338202362,19.92987301284429,19.049924092143435,16.94934709773267,0.5569470280932933
2.0,611.5637399999999,288.0,21.004244261310227,20.460171514493005,19.926314312960947,19.046417254222835,16.946002766628823,0.5575092445540685
2.0,611.5637399999999,288.25,21.000803643850674,20.456607895104682,19.92275426010389,19.042909096934732,16.942657221008982,0.5580716746111536
2.0,611.5637399999999,288.5,20.99736189758878,20.453042967944437,19.91919286237387,19.039399625408038,16.939310451359088,0.5586333523915252
2.0,611.5637399999999,288.75,20.99391901062231,20.449476746163068,19.915630136062752,19.03588885191373,16.9359624503987,0.5591934468640213
2.0,611.5637399999999,289.0,20.99047497210446,20.44590922736882,19.912066079477288,19.032376773799722,16.93261321382125,0.5597537502800234
2.0,611.5637399999999,289.25,20.987029772473175,20.442340409089976,19.90850069094914,19.0288633884288,16.929262738946132,0.5603142629058261
2.0,611.5637399999999,289.5,20.983583403279116,20.438770288831428,19.904933968804496,19.025348693247203,16.92591102334827,0.5608749850038055
2.0,611.5637399999999,289.75,20.980135856863875,20.435198864090268,19.901365911359374,19.021832685785313,16.9225580646222,0.5614359168371992
2.0,611.5637399999999,290.0,20.976687126146814,20.431626132364368,19.89779651691842,19.01831536364554,16.919203860366736,0.5619970586708436
2.0,611.5637399999999,290.25,20.973237204503068,20.428052091158005,19.89422578377472,19.014796724490015,16.91584840819537,0.5625584107713644
2.0,611.5637399999999,290.5,20.969786085690558,20.424476737985504,19.890653710210024,19.011276766030555,16.91249170574578,0.5631199734072044
2.0,611.5637399999999,290.75,20.966333763801956,20.420900070373527,19.887080294495068,19.007755486020862,16.909133750685573,0.5636817468485893
2.0,611.5637399999999,291.0,20.962880233225086,20.417321988544003,19.883505423409687,19.004232788084902,16.90577454001608,0.5642413660611293
2.0,611.5637399999999,291.25,20.959425488132833,20.41374246739813,19.879929070699482,19.000708647933223,16.90241406186914,0.5648006833955881
2.0,611.5637399999999,291.5,20.955969520545118,20.410161503861072,19.876351234907023,18.99718306255926,16.899052296989286,0.5653602325421676
2.0,611.5637399999999,291.75,20.95251231995685,20.40657909504439,19.8727719143955,18.993656029016016,16.895689226516506,0.5659200137288944
2.0,611.5637399999999,292.0,20.94905387456136,20.402995238120656,19.86919110743058,18.990127544277417,16.892324834388056,0.5664800272118607
2.0,611.5637399999999,292.25,20.94559417231286,20.399409930284936,19.865608812206712,18.986597605256808,16.888959107175197,0.5670402732624165
2.0,611.5637399999999,292.5,20.942133201472444,20.395823168735525,19.862025026861797,18.983066208846463,16.885592033589695,0.5676007521630551
2.0,611.5637399999999,292.75,20.938670950837125,20.392234950664193,19.858439749486905,18.97953335194901,16.88222360404611,0.5681614642051166
2.0,611.5637399999999,293.0,20.935207409814222,20.388645273252333,19.85485297813335,18.97599903149772,16.878853810313135,0.5687224096872687
2.0,611.5637399999999,293.25,20.931742568424713,20.385054123488263,19.85126469914991,18.972463234615308,16.87548264516722,0.5692817774280153
2.0,611.5637399999999,293.5,20.928276417226147,20.381461491607208,19.84767490273774,18.968925951602973,16.872110101287152,0.5698401650313948
2.0,611.5637399999999,293.75,20.924808947051538,20.377867374655146,19.844083586909033,18.96538717939505,16.8687361708637,0.5703987887684185
2.0,611.5637399999999,294.0,20.921340148846564,20.374271769709917,19.84049074962034,18.961846914995853,16.8653608464344,0.5709576489484172
2.0,611.5637399999999,294.25,20.917870013761103,20.370674673857003,19.836896388792475,18.9583051554439,16.861984121358866,0.571516745889381
2.0,611.5637399999999,294.5,20.914398533281016,20.36707608418506,19.833300502316984,18.954761897809288,16.858605989756054,0.5720760799148609
2.0,611.5637399999999,294.75,20.910925699288658,20.363475997784757,19.82970308806013,18.951217139196242,16.855226446369052,0.5726356513529628
2.0,611.5637399999999,295.0,20.90745150407316,20.359874411748823,19.826104143865727,18.947670876744876,16.851845486445733,0.5731954605357268
2.0,611.5637399999999,295.25,20.90397594031683,20.356271323172752,19.822503667557417,18.944123107631405,16.84846310564263,0.5737555077986857
2.0,611.5637399999999,295.5,20.90049900107057,20.35266670382223,19.81890162790054,18.940573804552848,16.845079299766322,0.5743153582836705
2.0,611.5637399999999,295.75,20.8970206795948,20.349060391905827,19.815297840912628,18.937022810947237,16.841694061477423,0.5748727288854285
2.0,611.5637399999999,296.0,20.893540968078007,20.34545238298296,19.811692305148394,18.933470122231107,16.838307367974743,0.5754303698648182
2.0,611.5637399999999,296.25,20.890059854679247,20.341842673259507,19.808085018634536,18.929915734436996,16.83491918814372,0.5759882814454791
2.0,611.5637399999999,296.5,20.88657732391028,20.3382312590961,19.804475979195956,18.92635964352118,16.831529494226263,0.5765464639327553
2.0,611.5637399999999,296.75,20.883093358826503,20.334618136905217,19.8008651845244,18.922801845300015,16.82813826304875,0.5771049176632159
2.0,611.5637399999999,297.0,20.87960794241506,20.331003303107256,19.79725263221045,18.919242335506304,16.824745475330673,0.5776636429940345
2.0,611.5637399999999,297.25,20.876121058238677,20.327386754107277,19.793638319763083,18.915681109850524,16.821351114904612,0.5782226402980383
2.0,611.5637399999999,297.5,20.87263269068897,20.32376848628406,19.790022244623234,18.91211816406454,16.817955168073926,0.5787819099606821
2.0,611.5637399999999,297.75,20.86914282505724,20.320148509856576,19.78640442007878,18.90855350734995,16.814557623206934,0.5793405636412882
2.0,611.5637399999999,298.0,20.8656514475929,20.316526858755687,19.782784886384984,18.904987171971356,16.811158471757576,0.5798970883135531
2.0,611.5637399999999,298.25,20.8621585459,20.312903529692928,19.779163640640128,18.901419154343184,16.807757710587033,0.5804538759017687
2.0,611.5637399999999,298.5,20.85866410956684,20.309278519202355,19.775540680033863,18.897849450816928,16.804355339450755,0.5810109268523013
2.0,611.5637399999999,298.75,20.855168129909288,20.305651823766237,19.77191600177087,18.894278057845824,16.800951357973883,0.5815682415974628
2.0,611.5637399999999,299.0,20.85167059932373,20.302023439845954,19.768289603056708,18.890704971993397,16.797545765228886,0.5821258205672535
2.0,611.5637399999999,299.25,20.848171510867747,20.298393363897496,19.76466148109236,18.88713018991232,16.794138559804285,0.5826836641915374
2.0,611.5637399999999,299.5,20.84467085803949,20.294761592380954,19.76103163307151,18.883553708322474,16.790729739913893,0.5832417729008836
2.0,611.5637399999999,299.75,20.841168634662402,20.291128121766164,19.75740005617904,18.87997552399388,16.787319303487635,0.583800147126984
2.0,611.5637399999999,300.0,20.83766483482163,20.287492948535782,19.75376674759016,18.87639563373428,16.78390724824115,0.5843587873028837
2.0,611.5637399999999,300.25,20.834159452822913,20.283856011422717,19.750131638202056,18.872813978481247,16.780493571313375,0.5849146550115318
2.0,611.5637399999999,300.5,20.830652482880772,20.280217299250825,19.74649471721829,18.869230547541694,16.777078264477396,0.5854704220393594
2.0,611.5637399999999,300.75,20.82714391799136,20.276576808175324,19.742855981897808,18.865645337307654,16.773661315526553,0.5860264660396325
2.0,611.5637399999999,301.0,20.823633749814938,20.272934534444282,19.739215429403664,18.862058344183268,16.770242712720034,0.5865827874314272
2.0,611.5637399999999,301.25,20.820121969395597,20.26929047434128,19.73557305684061,18.858469564526473,16.766822445807602,0.5871393866484803
2.0,611.5637399999999,301.5,20.8166085677163,20.265644624165432,19.731928861268532,18.854878994662045,16.76340050589873,0.5876962641334423
2.0,611.5637399999999,301.75,20.813093535973447,20.261996980220818,19.72828283971008,18.851286630902983,16.75997688520212,0.5882534203358238
2.0,611.5637399999999,302.0,20.809576865688637,20.258347538810874,19.724634989155795,18.847692469566958,16.756551576799936,0.5888108557108275
2.0,611.5637399999999,302.25,20.806058548742257,20.25469629623594,19.72098530656787,18.84409650698674,16.75312457446868,0.5893685707185652
2.0,611.5637399999999,302.5,20.80253857736825,20.25104317796587,19.717333707598392,18.840498670974178,16.749695872030056,0.5899246119923892
2.0,611.5637399999999,302.75,20.79901694378431,20.247388122056915,19.713680123390102,18.836898901410077,16.74626545696924,0.5904793588033517
2.0,611.5637399999999,303.0,20.79549363856932,20.243731123870845,19.710024551170157,18.83329719354703,16.742833307973758,0.5910344072095635
2.0,611.5637399999999,303.25,20.791968649607945,20.240072179053467,19.70636698788884,18.829693542841124,16.73939940193176,0.5915897576322712
2.0,611.5637399999999,303.5,20.788441962991342,20.23641128332031,19.702707430365642,18.826087944674285,16.735963718644605,0.5921454105347849
2.0,611.5637399999999,303.75,20.784913564305523,20.2327484324041,19.699045875326618,18.82248039434985,16.732526241020476,0.5927013664002829
2.0,611.5637399999999,304.0,20.781383439362532,20.229083622030792,19.695382319423512,18.818870887134317,16.729086954535486,0.5932576257261403
2.0,611.5637399999999,304.25,20.77785157452151,20.225416847907425,19.69171675924611,18.815259418294765,16.725645846712865,0.59381418902102
2.0,611.5637399999999,304.5,20.774317956802236,20.22174810571716,19.688049191331036,18.811645983123935,16.722202906702424,0.5943710568029981
2.0,611.5637399999999,304.75,20.7707825739031,20.21807739386668,19.684379615323344,18.808030579614194,16.71875812497001,0.5949262822182516
2.0,611.5637399999999,305.0,20.767245414190786,20.21440471044092,19.680708030441686,18.804413205521293,16.715311493283146,0.5954800969542039
2.0,611.5637399999999,305.25,20.76370646672242,20.210730051095425,19.677034433084543,18.800793856323622,16.711863004615033,0.5960342148706879
2.0,611.5637399999999,305.5,20.7601657212431,20.20705341145797,19.67335881962724,18.79717252754172,16.708412652703007,0.5965886365112469
2.0,611.5637399999999,305.75,20.756623168103886,20.203374787140778,19.669681186418682,18.793549214747593,16.70496043172213,0.5971433624229198
2.0,611.5637399999999,306.0,20.753078798164776,20.19969417374572,19.666001529782193,18.789923913561694,16.701506336172447,0.5976983931567313
2.0,611.5637399999999,306.25,20.749532602723235,20.196011566867956,19.66231984601671,18.786296619647487,16.698050360817664,0.5982537292675683
2.0,611.5637399999999,306.5,20.74598457346275,20.19232696209869,19.658636131397962,18.78266732870599,16.694592500639516,0.5988093713139971
2.0,611.5637399999999,306.75,20.7424347024132,20.188640355027243,19.654950382179504,18.779036036470874,16.691132750801,0.5993653198580877
2.0,611.5637399999999,307.0,20.73888298191736,20.184951724385378,19.6512625752315,18.775402722390044,16.68767110649506,0.5999204993661117
2.0,611.5637399999999,307.25,20.735329404517493,20.181261023188,19.647572658118225,18.771767341013984,16.68420756122059,0.6004732846786864
2.0,611.5637399999999,307.5,20.731773962407743,20.1775682465215,19.643880627224444,18.76812988754633,16.680742103821505,0.6010263862953368
2.0,611.5637399999999,307.75,20.728216646633143,20.17387338965279,19.640186478763493,18.764490357358408,16.677274721118213,0.6015798047579702
2.0,611.5637399999999,308.0,20.724657447304327,20.170176447893134,19.63649020887126,18.76084874579874,16.673805401105444,0.6021335406341904
2.0,611.5637399999999,308.25,20.72109635425316,20.166477416568117,19.632791813627172,18.757205048177653,16.67033413324025,0.6026875945032101
2.0,611.5637399999999,308.5,20.71753335743155,20.162776291004427,19.62909128906439,18.75355925978475,16.666860908210776,0.6032419669527042
2.0,611.5637399999999,308.75,20.713968447089492,20.159073066522772,19.625388631176076,18.749911375906816,16.663385717689202,0.6037966585772845
2.0,611.5637399999999,309.0,20.710401613838783,20.155367738434542,19.62168383591989,18.746261391840193,16.659908554129476,0.6043516699775576
2.0,611.5637399999999,309.25,20.70683284866315,20.15166029084764,19.617976886359457,18.742609292065286,16.65642941052759,0.6049066694010155
2.0,611.5637399999999,309.5,20.703262142844746,20.14795059874954,19.614267640315717,18.738954955463825,16.652948278507143,0.605458427278633
2.0,611.5637399999999,309.75,20.699689487139924,20.144238656173524,19.610556094139422,18.735298375926806,16.64946513865569,0.6060105269744319
2.0,611.5637399999999,310.0,20.69611486952803,20.140524457617204,19.606842243761886,18.73163954780763,16.645979965303493,0.6065629690315808
2.0,611.5637399999999,310.25,20.692538275389886,20.1368079976799,19.6031260849476,18.72797846540495,16.642492735253185,0.6071157540556803
2.0,611.5637399999999,310.5,20.688959689091437,20.133089270987572,19.599407613347054,18.724315122912394,16.639003428709987,0.607668882677161
2.0,611.5637399999999,310.75,20.685379094995497,20.12936827216108,19.59568682452126,18.720649514458913,16.635512028770634,0.6082223555434225
2.0,611.5637399999999,311.0,20.681796477929517,20.125644995799426,19.591963713956826,18.71698163415324,16.632018520844028,0.6087761733151823
2.0,611.5637399999999,311.25,20.678211823367185,20.12191943647195,19.588238277076346,18.713311476115607,16.628522892173606,0.6093303366642321
2.0,611.5637399999999,311.5,20.674625117474626,20.118191560945284,19.58451047732027,18.709639007620012,16.625025131261726,0.6098840270470527
2.0,611.5637399999999,311.75,20.671036346955766,20.114461255175357,19.580780185630577,18.705964117747374,16.621525224499827,0.610434879146319
2.0,611.5637399999999,312.0,20.6674454979638,20.110728512371175,19.577047397686282,18.70228679924181,16.618023147915096,0.6109860994753596
2.0,611.5637399999999,312.25,20.66385255405848,20.10699332615718,19.573312108747768,18.698607045280255,16.614518872639255,0.6115376886726813
2.0,611.5637399999999,312.5,20.660257496563734,20.10325569023903,19.569574313894858,18.694924848998948,16.61101237283152,0.6120896474386511
2.0,611.5637399999999,312.75,20.656660306114546,20.09951559833374,19.565834008079506,18.69124020345253,16.607503626383977,0.6126419765003169
2.0,611.5637399999999,313.0,20.653060963614003,20.095773044140657,19.562091186151264,18.687553101655055,16.603992614330828,0.613194676603622
2.0,611.5637399999999,313.25,20.64945945066187,20.092028021326996,19.558345842873326,18.68386353662283,16.600479320220085,0.6137477485096413
2.0,611.5637399999999,313.5,20.645855749708137,20.088280523521956,19.5545979729338,18.680171501403965,16.596963729598954,0.6143011929922109
2.0,611.5637399999999,313.75,20.642249844084265,20.0845306613883,19.550847705609414,18.676477102401403,16.593445830449465,0.6148523732460374
2.0,611.5637399999999,314.0,20.63864171855486,20.080778495398814,19.547095110636285,18.67278039776277,16.589925623027003,0.6154024272981522
2.0,611.5637399999999,314.25,20.635031361764263,20.077024020481087,19.54334018222126,18.669081382418693,16.586403121108795,0.6159528227479629
2.0,611.5637399999999,314.5,20.6314187673374,20.073267231181195,19.539582914865086,18.66538005117939,16.58287834111586,0.6165035604451546
2.0,611.5637399999999,314.75,20.62780393231098,20.06950812193372,19.535823303180454,18.66167639906098,16.579351296207946,0.6170546411963066
2.0,611.5637399999999,315.0,20.624186855283902,20.06574668713608,19.53206134184543,18.657970421271976,16.57582199601302,0.6176060657915785
2.0,611.5637399999999,315.25,20.62056753536483,20.06198292118539,19.52829702558036,18.6542621131446,16.572290447252847,0.6181578350115415
2.0,611.5637399999999,315.5,20.616945971676643,20.058216818498515,19.52453034913357,18.650551470074486,16.568756654349365,0.6187099496305662
2.0,611.5637399999999,315.75,20.613322163142566,20.054448373521492,19.520761307271517,18.646838487478266,16.56522061991141,0.6192624104189188
2.0,611.5637399999999,316.0,20.609696108400524,20.050677484683927,19.516989784249816,18.64312306780515,16.561682344423975,0.6198138321502494
2.0,611.5637399999999,316.25,20.606067805298526,20.046903948893743,19.513215548942345,18.639405015006172,16.55814181718474,0.6203627837687503
2.0,611.5637399999999,316.5,20.602437248144913,20.043127758043763,19.509438596869334,18.63568432130756,16.55459900349917,0.6209121301650782
2.0,611.5637399999999,316.75,20.598804424123053,20.03934890488503,19.505658922802876,18.63196097956889,16.551053858419827,0.6214618719912713
2.0,611.5637399999999,317.0,20.595169314622606,20.03556738238422,19.50187652121564,18.628234982406504,16.547506341923963,0.6220120100082606
2.0,611.5637399999999,317.25,20.591531898528835,20.031783183574902,19.49809138637942,18.624506322139357,16.543956420355162,0.6225625450205585
2.0,611.5637399999999,317.5,20.58789215423794,20.027996301489196,19.49430351241148,18.62077499088822,16.540404065414585,0.6231134778619145
2.0,611.5637399999999,317.75,20.58425006060081,20.024206729120117,19.490512893302558,18.6170409806747,16.536849253065828,0.6236648093885719
2.0,611.5637399999999,318.0,20.58060559731033,20.020414459402883,19.486719522936205,18.61330428349193,16.53329196263994,0.6242165404751888
2.0,611.5637399999999,318.25,20.57695874503218,20.01661959505411,19.482923521568175,18.609564997665025,16.52973217692332,0.6247649386949019
2.0,611.5637399999999,318.5,20.573309485956,20.012822147246265,19.479124902351987,18.605823133234246,16.526169890821475,0.6253131331736523
2.0,611.5637399999999,318.75,20.569657805877107,20.00902210964149,19.47532365884857,18.602078683440837,16.522605108662912,0.6258617057054556
2.0,611.5637399999999,319.0,20.56600369439738,20.005219475687117,19.4715197847345,18.598331641585403,16.519037835340285,0.6264106572202018
2.0,611.5637399999999,319.25,20.562347143464653,20.001414238739343,19.467713273724844,18.594582001148325,16.51546807386797,0.6269599886310797
2.0,611.5637399999999,319.5,20.558688146184032,19.997606392108146,19.4639041195493,18.590829755758893,16.51189582541157,0.6275097008457197
2.0,611.5637399999999,319.75,20.555026696182747,19.99379592908255,19.460092315940184,18.587074899144923,16.508321089643957,0.6280597947696386
2.0,611.5637399999999,320.0,20.55136278730574,19.989982842945274,19.456277856624983,18.583317425091533,16.504743865067454,0.6286102713079764
2.0,611.5637399999999,320.25,20.547696413474615,19.98616712698034,19.452460735321402,18.57955732741203,16.501164149267954,0.629161131366569
2.0,611.5637399999999,320.5,20.544027568622113,19.982348738128188,19.448640903866064,18.575794564747714,16.497581938849887,0.6297082872087512
2.0,611.5637399999999,320.75,20.540356246484556,19.978527666441504,19.44481835277911,18.57202912770908,16.493997226559834,0.6302555103163806
2.0,611.5637399999999,321.0,20.5366824399017,19.974703904945276,19.440993075747688,18.56826100976084,16.49041000238873,0.6308031230342016
2.0,611.5637399999999,321.25,20.53300614077872,19.970877446709427,19.43716506638764,18.564490204340057,16.48682025638762,0.6313511262665831
2.0,611.5637399999999,321.5,20.52932734054544,19.967048284816453,19.433334318263803,18.560716704825257,16.483227979253805,0.6318995209281101
2.0,611.5637399999999,321.75,20.525646030493075,19.963216412348288,19.42950082489719,18.556940504545107,16.479633162282877,0.6324483079406735
2.0,611.5637399999999,322.0,20.521962201941857,19.95938182237856,19.42566457976883,18.553161596791668,16.476035797249068,0.6329974882324436
2.0,611.5637399999999,322.25,20.518275846313024,19.95554450796791,19.4218255763223,18.549379974830714,16.472435876300665,0.6335470627373173
2.0,611.5637399999999,322.5,20.51458695515426,19.951704451959817,19.417983796209477,18.545595622034522,16.46883339180415,0.6340968282461321
2.0,611.5637399999999,322.75,20.510895520084173,19.947861432440178,19.414138985256535,18.541808323573086,16.465228333892107,0.6346426991997544
2.0,611.5637399999999,323.0,20.507201531535973,19.94401544003416,19.410291137486237,18.538018069918852,16.461620672982004,0.6351890007994672
2.0,611.5637399999999,323.25,20.503504974763715,19.940166466172222,19.406440246166326,18.534224852309293,16.458010367689813,0.6357357338945644
2.0,611.5637399999999,323.5,20.49980583006795,19.936314502454906,19.402586304272766,18.530428661835842,16.454397380418612,0.6362828994416188
2.0,611.5637399999999,323.75,20.496104075573577,19.932459540519634,19.39872930458431,18.52662948935479,16.45078167912148,0.6368304984386621
2.0,611.5637399999999,324.0,20.49239968902813,19.92860157198321,19.394869239725576,18.522827325560417,16.447163236484847,0.6373785319117469
2.0,611.5637399999999,324.25,20.48869264864931,19.924740588410685,19.391006102192836,18.519022161066324,16.443542028972313,0.6379270009088268
2.0,611.5637399999999,324.5,20.484982933470313,19.92087658130011,19.38713988437167,18.51521398646441,16.43991803603481,0.6384759064960915
2.0,611.5637399999999,324.75,20.481270523453553,19.917009659080716,19.383270713457055,18.511402905608676,16.43629124033042,0.6390218629431957
2.0,611.5637399999999,325.0,20.47755540007268,19.913139855642815,19.379398628862326,18.507588950539358,16.432661637215826,0.6395670441144647
2.0,611.5637399999999,325.25,20.473837548645683,19.909267163558113,19.37552362260637,18.50377211349897,16.42902923385152,0.6401126358345496
2.0,611.5637399999999,325.5,20.4701169589818,19.905391575080507,19.3716456869099,18.499952386698528,16.425394039058798,0.64065863922802
2.0,611.5637399999999,325.75,20.466393623822803,19.90151308234348,19.367764814061168,18.49612976254073,16.42175605910748,0.6412050553910075
2.0,611.5637399999999,326.0,20.46266753729646,19.89763167742124,19.36388099637941,18.492304233595966,16.41811529758844,0.6417518854101276
2.0,611.5637399999999,326.25,20.45893869405863,19.89374735236107,19.35999422619658,18.488475792540687,16.414471755901264,0.6422991303676293
2.0,611.5637399999999,326.5,20.455207088885935,19.889860099201666,19.356104495846104,18.4846444321049,16.41082543371605,0.6428467913439705
2.0,611.5637399999999,326.75,20.451472716494244,19.88596990998237,19.352211797655208,18.48081014503513,16.40717632934146,0.6433948694194008
2.0,611.5637399999999,327.0,20.44773557146241,19.882076750114162,19.34831609321559,18.476972898292168,16.40352443981907,0.6439388361436887
2.0,611.5637399999999,327.25,20.443995648074814,19.878180610618926,19.34441737406267,18.473132683546805,16.399869758935903,0.6444830979204428
2.0,611.5637399999999,327.5,20.440252939819473,19.87428148334985,19.340515632475093,18.469289493237046,16.396212278229818,0.6450277808773055
2.0,611.5637399999999,327.75,20.436507439393736,19.870379360185577,19.336610860675375,18.465443319749504,16.392551989073898,0.6455728860930128
2.0,611.5637399999999,328.0,20.432759139049676,19.866474233008983,19.332703050840944,18.461594155401947,16.388888883060986,0.6461184146541431
2.0,611.5637399999999,328.25,20.429008030833394,19.86256609369685,19.328792195107976,18.4577419924504,16.38522295199929,0.6466643676535737
2.0,611.5637399999999,328.5,20.425254106706003,19.858654934113098,19.324878285573174,18.453886823098937,16.38155418786309,0.6472107461899452
2.0,611.5637399999999,328.75,20.42149735859976,19.854740746104248,19.3209613142948,18.45002863950742,16.37788258274864,0.6477575513674128
2.0,611.5637399999999,329.0,20.417737778441293,19.850823489554298,19.317041236426814,18.44616740287965,16.374208128610302,0.648303532926238
2.0,611.5637399999999,329.25,20.413975357999615,19.846903067177795,19.31311794162707,18.442303019008744,16.370530813953895,0.648846477108713
2.0,611.5637399999999,329.5,20.410210087857116,19.84297946954017,19.309191422100135,18.43843547853698,16.366850617546916,0.6493898668472313
2.0,611.5637399999999,329.75,20.40644195577683,19.839052687543184,19.305261669674614,18.43456477237582,16.363167513690165,0.6499337032214867
2.0,611.5637399999999,330.0,20.402670947146348,19.835122712147065,19.30132867601075,18.43069089131987,16.35948147889126,0.6504779873632454
2.0,611.5637399999999,330.25,20.398897046354598,19.831189534307633,19.29739243264569,18.42681382601998,16.355792492496633,0.6510227204275922
2.0,611.5637399999999,330.5,20.3951202376444,19.827253144947914,19.293452931014752,18.422933567024486,16.3521005362388,0.6515679035866615
2.0,611.5637399999999,330.75,20.39134050550875,19.823313534942685,19.28951016246433,18.419050104820933,16.348405593746072,0.6521135380266907
2.0,611.5637399999999,331.0,20.387557834849627,19.819370695110972,19.285564118260787,18.415163429865608,16.344707650141466,0.6526596249462336
2.0,611.5637399999999,331.25,20.38377221102449,19.81542460034904,19.281614771276015,18.4112735172463,16.341006691613895,0.6532020017196162
2.0,611.5637399999999,331.5,20.379983619764825,19.81147523881988,19.277662109952196,18.40738035491414,16.337302703842578,0.6537442136873595
2.0,611.5637399999999,331.75,20.376192046845524,19.807522601025692,19.27370612534702,18.40348393313506,16.33359567214091,0.6542868806858465
2.0,611.5637399999999,332.0,20.372397478016584,19.803566677438337,19.269746808429073,18.399584242177415,16.329885582530448,0.6548300039427813
2.0,611.5637399999999,332.25,20.368599899169634,19.79960745848571,19.26578415009252,18.395681272294578,16.326172421926227,0.6553735846981001
2.0,611.5637399999999,332.5,20.364799296464984,19.79564493454882,19.26181814116326,18.391775013727212,16.322456178005822,0.6559176242019574
2.0,611.5637399999999,332.75,20.360995656381817,19.7916790959613,19.25784877240287,18.387865456707335,16.318736839058282,0.6564621237138801
2.0,611.5637399999999,333.0,20.35718896572433,19.787709933009985,19.253876034511457,18.383952591460563,16.315014393858007,0.6570070845022252
2.0,611.5637399999999,333.25,20.35337921160736,19.783737429047907,19.249899910170964,18.38003640153922,16.311288831514574,0.6575499224169435
2.0,611.5637399999999,333.5,20.34956638140007,19.779761568182153,19.24592038303735,18.376116871247763,16.30756014077969,0.6580909706961069
2.0,611.5637399999999,333.75,20.345750462543776,19.77578234044639,19.241937443650254,18.37219399064749,16.303828309717087,0.6586324820079131
2.0,611.5637399999999,334.0,20.341931442419373,19.77179973586136,19.237951082464992,18.368267749805746,16.300093326351003,0.6591744576396745
2.0,611.5637399999999,334.25,20.33810930841382,19.767813744414525,19.23396128986982,18.364338138765337,16.29635517911822,0.6597168988901768
2.0,611.5637399999999,334.5,20.334284048030913,19.763824356055597,19.22996805619067,18.360405147541723,16.292613856862012,0.6602598070673311
2.0,611.5637399999999,334.75,20.330455648947954,19.759831560694753,19.225971371693728,18.35646876612515,16.288869348755476,0.6608031834875296
2.0,611.5637399999999,335.0,20.326624099032358,19.755835348201845,19.221971226587115,18.352528984482444,16.28512164423053,0.6613470294752942
2.0,611.5637399999999,335.25,20.322789386339807,19.751835734441865,19.2179676411203,18.34858581775789,16.281370733107547,0.6618900907866041
2.0,611.5637399999999,335.5,20.31895149923502,19.747832784900517,19.213960692485365,18.34463932919081,16.277616608245733,0.6624299896043818
2.0,611.5637399999999,335.75,20.31511042723365,19.743826490383142,19.209950370520545,18.340689509898464,16.273859270872435,0.6629703419582478
2.0,611.5637399999999,336.0,20.3112661623753,19.739816841351548,19.205936665302904,18.336736350719832,16.27009872614448,0.663511149218555
2.0,611.5637399999999,336.25,20.307418698844945,19.73580382815712,19.20191956696879,18.33277984254085,16.26633497745517,0.6640524127234494
2.0,611.5637399999999,336.5,20.3035680317972,19.731787441093356,19.197899065674825,18.328819976315927,16.262568025866546,0.664594133803082
2.0,611.5637399999999,336.75,20.299714156621757,19.727767670419375,19.19387515157972,18.324856743031198,16.258797870467465,0.6651363137848701
2.0,611.5637399999999,337.0,20.295857068594657,19.72374450637245,19.189847814833175,18.320890133667234,16.255024508768475,0.6656789539959491
2.0,611.5637399999999,337.25,20.291996762731095,19.719717939173744,19.185817045568164,18.316920139172076,16.25124793702494,0.6662220557646701
2.0,611.5637399999999,337.5,20.288133233729575,19.715687873599624,19.181782735079214,18.312946667754797,16.24746814987617,0.666761733412098
2.0,611.5637399999999,337.75,20.284266475539656,19.71165427604439,19.177744847299063,18.30896968705497,16.243685133310088,0.6673008489349604
2.0,611.5637399999999,338.0,20.280396479672227,19.707617135757147,19.17370337229052,18.30498918673696,16.239898865793222,0.6678404425006559
2.0,611.5637399999999,338.25,20.276523234834368,19.703576442122788,19.169658299896998,18.301005156423358,16.23610932532945,0.6683805154371175
2.0,611.5637399999999,338.5,20.272646728034044,19.699532184541617,19.165609619830224,18.297017585562575,16.232316491929083,0.6689210691015972
2.0,611.5637399999999,338.75,20.26876694558897,19.695484352389965,19.161557321696048,18.29302646344819,16.228520347578947,0.6694621048689432
2.0,611.5637399999999,339.0,20.264883873666793,19.691432934999007,19.157501395007774,18.28903177925986,16.22472087586357,0.6700036241281536
2.0,611.5637399999999,339.25,20.260997498530152,19.687377921642753,19.153441829194467,18.28503352209684,16.220918061620043,0.6705456282805928
2.0,611.5637399999999,339.5,20.25710780664202,19.683319442438243,19.1493787766795,18.28103181738471,16.217111891676144,0.6710849978314924
2.0,611.5637399999999,339.75,20.253214785397198,19.679257571070885,19.145312322304985,18.277026736221423,16.213302366891106,0.6716229973997005
2.0,611.5637399999999,340.0,20.249318426150435,19.675192298660956,19.141242455117432,18.273018269985887,16.209489504126886,0.6721614474171614
2.0,611.5637399999999,340.25,20.245418725676323,19.67112361583652,19.137169164564057,18.26900640982158,16.205673323156756,0.6727003493342553
2.0,611.5637399999999,340.5,20.24151568434053,19.6670515130573,19.133092440241917,18.264991147043613,16.201853839375236,0.6732397045483044
2.0,611.5637399999999,340.75,20.23760930388022,19.662975980703273,19.129012271832305,18.260972473125808,16.198031063506704,0.67377951443679
2.0,611.5637399999999,341.0,20.23369958615308,19.658897009118157,19.12492864906746,18.256950379617926,16.194205002423438,0.6743197803660395
2.0,611.5637399999999,341.25,20.229786532567164,19.654814588632583,19.120841561709508,18.252924858073246,16.190375659932727,0.6748605036956344
2.0,611.5637399999999,341.5,20.225870143853815,19.65072870150881,19.11675099019674,18.24889589219192,16.18654303735106,0.67540149299545
2.0,611.5637399999999,341.75,20.221950419951693,19.646639137439138,19.11265669211734,18.244863279192753,16.18270713188942,0.6759381590704656
2.0,611.5637399999999,342.0,20.218027358870362,19.642545884373764,19.10855865782636,18.24082700770724,16.178867920715717,0.67647531405562
2.0,611.5637399999999,342.25,20.21410095300372,19.638448931003822,19.104456876944447,18.23678706696372,16.175025368560338,0.6770129592162911
2.0,611.5637399999999,342.5,20.210171189374265,19.63434826617845,19.100351338814278,18.232743445944095,16.17117944251067,0.677551095914207
2.0,611.5637399999999,342.75,20.206238052268468,19.630243878775957,19.096242032590226,18.228696133302307,16.167330113871795,0.6780897255475643
2.0,611.5637399999999,343.0,20.202301524964216,19.6261357576444,19.092128947277086,18.22464511743747,16.163477357579236,0.6786288495392645
2.0,611.5637399999999,343.25,20.198361590572016,19.622023891567068,19.088012071752274,18.220590386575736,16.15962115144679,0.6791684693318331
2.0,611.5637399999999,343.5,20.194418232405518,19.617908269243493,19.08389139478031,18.216531928831284,16.155761475542025,0.6797085863845068
2.0,611.5637399999999,343.75,20.190471434133926,19.613789016039572,19.07976706347022,18.21246986461273,16.151898312680217,0.6802442250704204
2.0,611.5637399999999,344.0,20.186521180501106,19.609666122466663,19.075639066471606,18.208404184115363,16.148031659363046,0.6807803241400482
2.0,611.5637399999999,344.25,20.182567459864963,19.60553957803977,19.071507392366783,18.204334876636977,16.144161520934734,0.6813168996923011
2.0,611.5637399999999,344.5,20.17861026411668,19.601409372066442,19.06737202982965,18.200261931538083,16.140287901458148,0.6818539532113003
2.0,611.5637399999999,344.75,20.17464958693205,19.597275493733846,19.063232967564485,18.196185338303717,16.136410802343434,0.6823914861692634
2.0,611.5637399999999,345.0,20.17068542261068,19.593137932148707,19.059090194279882,18.19210508649712,16.13253022267945,0.6829295000344586
2.0,611.5637399999999,345.25,20.166717765507368,19.5889966763606,19.054943698673778,18.188021165705695,16.128646159695517,0.6834679962745939
2.0,611.5637399999999,345.5,20.162746609779685,19.584851715374928,19.05079346942355,18.18393356550016,16.124758609147534,0.684006976358762
2.0,611.5637399999999,345.75,20.158771949283434,19.58070296784563,19.046639413671937,18.17984220735323,16.12086756511475,0.6845425810113557
2.0,611.5637399999999,346.0,20.154793777192356,19.576550401126674,19.04248149617556,18.175747059710396,16.116973014267042,0.6850775422044526
2.0,611.5637399999999,346.25,20.150812084588868,19.57239400330298,19.038319705516393,18.171648111001456,16.113074936684885,0.6856130007148001
2.0,611.5637399999999,346.5,20.146826860125095,19.56823376255586,19.034154030069782,18.167545349604662,16.10917331177526,0.6861489580128175
2.0,611.5637399999999,346.75,20.142838090934234,19.564069667059396,19.029984458082883,18.16343876372824,16.105268120478524,0.6866854155955325
2.0,611.5637399999999,347.0,20.138845763488458,19.55990170494684,19.02581097769685,18.15932834142482,16.10135934528618,0.6872223749764819
2.0,611.5637399999999,347.25,20.134849864063202,19.555729864292463,19.021633576958035,18.155214070625714,16.097446969942453,0.6877598376828531
2.0,611.5637399999999,347.5,20.13085037895014,19.55155413310118,19.01745224382483,18.15109593916938,16.093530979167955,0.6882978052540424
2.0,611.5637399999999,347.75,20.12684729455565,19.547374725508444,19.013267228535646,18.14697415375284,16.089611360065273,0.6888320398200002
2.0,611.5637399999999,348.0,20.122840598551093,19.543191672521708,19.009078565210075,18.142848744285473,16.085688120954472,0.6893659870776007
2.0,611.5637399999999,348.25,20.11883028427922,19.53900496420052,19.004886241602048,18.138719701159783,16.08176128701414,0.6899003997717382
2.0,611.5637399999999,348.5,20.11481635139108,19.534814590188965,19.00069024583204,18.134587014727668,16.077830882480548,0.690435279464834
2.0,611.5637399999999,348.75,20.110798802972543,19.53062053996728,18.996490566186196,18.13045067556407,16.07389692572042,0.6909706276725427
2.0,611.5637399999999,349.0,20.10677764316282,19.526422802936985,18.99228719104982,18.1263106744057,16.069959429614006,0.6915064458893825
2.0,611.5637399999999,349.25,20.102752875924164,19.522221368465445,18.98808010887078,18.12216700204875,16.066018402595116,0.6920427355972205
2.0,611.5637399999999,349.5,20.09872450450395,19.518016225908962,18.98386930813539,18.118019649268003,16.062073849565923,0.6925794982699408
2.0,611.5637399999999,349.75,20.094692531230216,19.51380726671063,18.979654663732845,18.11386851200147,16.05812577191815,0.693114213328186
2.0,611.5637399999999,350.0,20.090656956978645,19.509594383219117,18.975436053227156,18.10971348676772,16.0541741593088,0.6936469520584889
2.0,611.5637399999999,350.25,20.086617778903783,19.50537756287292,18.971213465351088,18.105554561803014,16.050218985450215,0.6941801921114544
2.0,611.5637399999999,350.5,20.08257498875699,19.501156793531155,18.966986888345645,18.10139172547573,16.04626021873902,0.6947139349112814
2.0,611.5637399999999,350.75,20.078528574223785,19.49693206313739,18.962756310226542,18.09722496584581,16.04229783028298,0.6952481819443284
2.0,611.5637399999999,351.0,20.074478520995214,19.49270335962912,18.958521718845446,18.093054270660154,16.038331794587073,0.6957829347254307
2.0,611.5637399999999,351.25,20.070424813997885,19.488470670891562,18.954283101918353,18.08887962742707,16.034362088978455,0.69631819479016
2.0,611.5637399999999,351.5,20.066367437982983,19.484233984730608,18.950040447042298,18.084701023485575,16.030388693000774,0.6968539636912368
2.0,611.5637399999999,351.75,20.06230637779119,19.479993407669134,18.94579387965506,18.08051856104045,16.026411588777552,0.6973867783387503
2.0,611.5637399999999,352.0,20.058241619046044,19.475748980383646,18.941543446785047,18.07633227881078,16.022430770831548,0.6979185808665762
2.0,611.5637399999999,352.25,20.054173150648335,19.471500691963328,18.937289135667132,18.072142165730376,16.018446246084725,0.6984508674732648
2.0,611.5637399999999,352.5,20.050100965679025,19.467248531108435,18.933030933795255,18.067948210580376,16.01445802331772,0.6989836397574076
2.0,611.5637399999999,352.75,20.04602505986808,19.462992486349012,18.92876882874534,18.063750402258375,16.010466108251148,0.699516899285153
2.0,611.5637399999999,353.0,20.041945429949934,19.458732546110014,18.9245028081271,18.059548729760934,16.006470503381564,0.7000506476123822
2.0,611.5637399999999,353.25,20.037862072754073,19.454468698745107,18.92023285955945,18.05534318211967,16.002471208549068,0.7005848862907451
2.0,611.5637399999999,353.5,20.033774984790274,19.45020093255549,18.915958970654945,18.051133748346416,15.998468221477996,0.7011196168707395
2.0,611.5637399999999,353.75,20.029684162083306,19.44592927684858,18.911681176695836,18.046920457122198,15.99446153850453,0.7016513255955721
2.0,611.5637399999999,354.0,20.02558960032513,19.44165373701265,18.907399484513977,18.042703314017047,15.990451158429815,0.7021820937045485
2.0,611.5637399999999,354.25,20.021491295720473,19.437374301750662,18.903113881620506,18.038482308433323,15.986437082788047,0.7027133454862632
2.0,611.5637399999999,354.5,20.017389245300055,19.433090959626384,18.898824355606724,18.03425742964078,15.982419312527465,0.703245082490274
2.0,611.5637399999999,354.75,20.01328344642821,19.42880369913223,18.894530894079733,18.03002866685892,15.978397846617398,0.7037773062561925
2.0,611.5637399999999,355.0,20.009173896289102,19.424512508706403,18.890233484641783,18.025796009248566,15.974372682176858,0.7043100183216702
2.0,611.5637399999999,355.25,20.005060591621763,19.420217376739682,18.885932114878294,18.02155944589053,15.970343814805357,0.7048432202249598
2.0,611.5637399999999,355.5,20.00094352861887,19.415918291577494,18.88162677234941,18.0173189657689,15.966311238874994,0.7053769135064033
2.0,611.5637399999999,355.75,19.996822702912056,19.41161538285144,18.877317608854995,18.013074694534787,15.962274948779276,0.7059072566302431
2.0,611.5637399999999,356.0,19.992698110287247,19.40730867962043,18.873004656945643,18.008826660719908,15.95823495109033,0.7064370075402385
2.0,611.5637399999999,356.25,19.988569749533248,19.40299817166733,18.868687904008375,18.00457485487059,15.954191263208909,0.7069672241824492
2.0,611.5637399999999,356.5,19.98443762313587,19.398683848458877,18.864367337724207,18.00031926738307,15.950143901958864,0.707497908107463
2.0,611.5637399999999,356.75,19.980301735518157,19.39436569933603,18.860042945900826,17.99605988872443,15.94609287965089,0.7080290608297256
2.0,611.5637399999999,357.0,19.976162091419862,19.390043713571423,18.855714716419595,17.991796709400766,15.942038204317521,0.70856068384811
2.0,611.5637399999999,357.25,19.972018695054203,19.385717880397312,18.851382637206108,17.987529719890063,15.93797988050134,0.7090927786524317
2.0,611.5637399999999,357.5,19.967871549753866,19.38138818901889,18.847046696210462,17.983258910588617,15.933917909956403,0.7096253467270688
2.0,611.5637399999999,357.75,19.96372065785129,19.377054509654233,18.842706743052137,17.978984156653024,15.929852291351875,0.7101550785124032
2.0,611.5637399999999,358.0,19.959566020082903,19.372716774214275,18.838362701123884,17.974705392597855,15.925783010466375,0.7106837489207313
2.0,611.5637399999999,358.25,19.955407633144606,19.3683749702118,18.83401455849659,17.970422606508386,15.921710039894126,0.7112129174016393
2.0,611.5637399999999,358.5,19.951245488770528,19.364029085424868,18.829662302849982,17.96613578642744,15.91763334977613,0.7117425854082697
2.0,611.5637399999999,358.75,19.94707957531854,19.359679107663982,18.82530592166194,17.96184492007741,15.913552913055078,0.7122727544414139
2.0,611.5637399999999,359.0,19.942909879512587,19.355325024701234,18.820945402257667,17.95754999488284,15.909468705701407,0.7128034260264509
2.0,611.5637399999999,359.25,19.93873638742602,19.350966824232597,18.816580731833568,17.953250998041664,15.905380706153295,0.7133346017073581
2.0,611.5637399999999,359.5,19.934559084948773,19.346604513530508,18.812211920361786,17.948947935624926,15.90128889491869,0.7138658212189503
2.0,611.5637399999999,359.75,19.93037795809862,19.34223826600172,18.807839170807185,17.944640974488422,15.897193257105846,0.714393194740264
2.0,611.5637399999999,360.0,19.926192994387247,19.33786807136651,18.80346246945136,17.94033010411903,15.893093796790444,0.7149210436404347
2.0,611.5637399999999,360.25,19.92200418628651,19.333493918545187,18.79908180322159,17.93601531330874,15.888990529117944,0.7154493695754558
2.0,611.5637399999999,360.5,19.917811530893626,19.32911579618699,18.794697159227784,17.931696590937175,15.88488346652697,0.7159781741233784
2.0,611.5637399999999,360.75,19.913615027426882,19.32473369278875,18.7903085246681,17.927373926045444,15.88077261708651,0.7165074588402073
2.0,611.5637399999999,361.0,19.909414675608787,19.320347596749983,18.785915886786697,17.923047307764417,15.876657985104288,0.7170372252712949
2.0,611.5637399999999,361.25,19.905210474893426,19.31595749640458,18.781519232848773,17.91871672523587,15.872539571876317,0.7175674749564401
2.0,611.5637399999999,361.5,19.901002424136827,19.311563319962218,18.77711848019209,17.914382109423215,15.868417375875518,0.7180966088830396
2.0,611.5637399999999,361.75,19.89679052117895,19.30716493630899,18.772713478151957,17.910043333725387,15.864291387415408,0.718623081389435
2.0,611.5637399999999,362.0,19.892574761121477,19.30276233175032,18.768304214324424,17.905700384855432,15.86016158122421,0.7191500622596786
2.0,611.5637399999999,362.25,19.8883551341746,19.298355493025074,18.76389067573872,17.901353249765503,15.856027925048588,0.7196775529776845
2.0,611.5637399999999,362.5,19.884131626507195,19.293944406937722,18.759472849175683,17.89700191512898,15.851890388959703,0.7202055550951769
2.0,611.5637399999999,362.75,19.879904222275183,19.289529060267434,18.755050721236067,17.89264636731224,15.847748946330091,0.7207340701935951
2.0,611.5637399999999,363.0,19.87567290487576,19.285109439723513,18.750624278371244,17.888286592441993,15.843603573310205,0.7212630998759236
2.0,611.5637399999999,363.25,19.871437657552864,19.2806855724107,18.74619355405949,17.88392261565133,15.839454248527392,0.7217922479396284
2.0,611.5637399999999,363.5,19.86719846388212,19.276257883141394,18.74175904432227,17.87955484695191,15.835300959096868,0.7223176146655033
2.0,611.5637399999999,363.75,19.862955310791914,19.271826363750485,18.737320733724644,17.875183278289338,15.831143735104558,0.7228434302427275
2.0,611.5637399999999,364.0,19.858708196708616,19.26739100435098,18.732878608488438,17.870807900085612,15.826982631729143,0.7233696965014754
2.0,611.5637399999999,364.25,19.854457130836607,19.262951794567908,18.728432655381045,17.86642870306431,15.822817697058019,0.7238964150754751
2.0,611.5637399999999,364.5,19.850202127309384,19.25850872381214,18.723982861486924,17.8620456784183,15.818648968341831,0.7244235875337633
2.0,611.5637399999999,364.75,19.845943201412663,19.254061781405312,18.719529214104604,17.857658817637518,15.814476473557592,0.724951215407782
2.0,611.5637399999999,365.0,19.841680367785706,19.249610956650134,18.71507170068543,17.8532681123219,15.810300233276166,0.7254793002035893
2.0,611.5637399999999,365.25,19.837413639667265,19.245156233889393,18.710610302992933,17.848873549229296,15.80612026216801,0.7260068823475934
2.0,611.5637399999999,365.5,19.8331430286106,19.24069758344222,18.706144986580643,17.844475101395787,15.801936569662983,0.7265312672726267
2.0,611.5637399999999,365.75,19.82886854426219,19.236234994431214,18.701675739223813,17.84007275981881,15.79774915948799,0.7270561127971684
2.0,611.5637399999999,366.0,19.824590194074617,19.231768456071546,18.697202548655792,17.8356665153615,15.793558031396078,0.7275814203580944
2.0,611.5637399999999,366.25,19.820307983479765,19.227297957603998,18.692725402603745,17.831256358660355,15.789363183154284,0.7281071913972053
2.0,611.5637399999999,366.5,19.816021916281397,19.222823488269572,18.68824428878757,17.826842280116566,15.785164611140337,0.7286334273570286
2.0,611.5637399999999,366.75,19.811731994942942,19.218345037291165,18.683759194914963,17.82242426990788,15.78096231061422,0.7291601296809467
2.0,611.5637399999999,367.0,19.807438220776383,19.213862593858774,18.679270108676217,17.81800231800399,15.77675627590664,0.7296872998137749
2.0,611.5637399999999,367.25,19.803140594069955,19.20937605128829,18.674776906022746,17.81357632146509,15.772546499879068,0.7302121793107362
2.0,611.5637399999999,367.5,19.798839113712432,19.204885335624386,18.670279502747608,17.809146208702224,15.768332965673235,0.7307357599545724
2.0,611.5637399999999,367.75,19.794533775188924,19.200390434402223,18.665777886667705,17.804711967379223,15.764115644896425,0.7312598300853884
2.0,611.5637399999999,368.0,19.790224569546435,19.195891335388595,18.661272045184905,17.800273585137074,15.759894506694804,0.7317843911228475
2.0,611.5637399999999,368.25,19.785911484688846,19.191388026350364,18.656761965489753,17.79583104931074,15.755669523102359,0.7323094445349756
2.0,611.5637399999999,368.5,19.78159450699704,19.186880494988394,18.65224763461304,17.791384346946998,15.751440669283959,0.7328349918144236
2.0,611.5637399999999,368.75,19.77727362226121,19.182368728903832,18.647729039450905,17.786933464872508,15.747207922961044,0.7333610344724578
2.0,611.5637399999999,369.0,19.772948816133926,19.177852962630034,18.643206454929445,17.782478628764167,15.742971265630972,0.7338853349171239
2.0,611.5637399999999,369.25,19.76862007555543,19.173333431569443,18.63868015275822,17.778020065625583,15.738730704315715,0.7344078801774881
2.0,611.5637399999999,369.5,19.764287394630845,19.16881012771199,18.634150118525078,17.77355776750852,15.734486283219281,0.7349308549799106
2.0,611.5637399999999,369.75,19.759950779088058,19.164283041841156,18.629616339052493,17.76909172575162,15.730238057406199,0.7354542609895901
2.0,611.5637399999999,370.0,19.755610243052978,19.15975216435369,18.62507880164452,17.764621932090677,15.72598607279612,0.735978099729075
2.0,611.5637399999999,370.25,19.751265803925925,19.155217485473973,18.620537493903853,17.760148378670287,15.721730364791162,0.7365023726652713
2.0,611.5637399999999,370.5,19.74691747938575,19.150678995359293,18.61599240364214,17.755671057855363,15.717470960044919,0.7370270812305795
2.0,611.5637399999999,370.75,19.742565286015047,19.146136684157927,18.61144351882414,17.751189962058735,15.71320787824825,0.7375522268332579
2.0,611.5637399999999,371.0,19.738209238753118,19.141590535949568,18.606890820425996,17.74670507773247,15.708941133528562,0.7380743957911362
2.0,611.5637399999999,371.25,19.73384935070617,19.13704053915608,18.60233429465137,17.74221639534514,15.704670735061574,0.7385960487681368
2.0,611.5637399999999,371.5,19.72948563303993,19.132486683927365,18.597773929737365,17.737723906821696,15.700396688012955,0.7391181402899653
2.0,611.5637399999999,371.75,19.725118095038763,19.12792896043701,18.593209713950714,17.73322760387685,15.696118994721859,0.739640671704427
2.0,611.5637399999999,372.0,19.72074674429808,19.12336735886174,18.58864163558107,17.72872747799751,15.691837655415052,0.7401636443559321
2.0,611.5637399999999,372.25,19.716371586916843,19.118801869365996,18.584069682931467,17.72422352044451,15.687552668625983,0.7406870595862641
2.0,611.5637399999999,372.5,19.71199262765299,19.11423248208834,18.579493844309788,17.719715722260787,15.683264031501169,0.7412109187356738
2.0,611.5637399999999,372.75,19.707609870053847,19.10965926465551,18.574914198521153,17.715204149277227,15.67897174059792,0.7417338167713476
2.0,611.5637399999999,373.0,19.703223316954535,19.105082366403728,18.5703309184546,17.710688946367753,15.674675799625923,0.7422542811655894
2.0,611.5637399999999,373.25,19.69883297279563,19.100501779666285,18.56574399162335,17.706170106716627,15.670376230103486,0.7427751585857162
2.0,611.5637399999999,373.5,19.69443884661185,19.095917496086418,18.561153406274894,17.701647622863195,15.666073060572222,0.7432964504508172
2.0,611.5637399999999,373.75,19.69004095105487,19.091329507087295,18.556559150933467,17.697121487387555,15.66176631460295,0.7438181580965327
2.0,611.5637399999999,374.0,19.68563929983199,19.086737803980792,18.551961214293723,17.692591692952657,15.657456009812085,0.7443402828270528
2.0,611.5637399999999,374.25,19.681233906162447,19.08214237801658,18.54735958516862,17.68805823222135,15.653142158812999,0.7448628259271994
2.0,611.5637399999999,374.5,19.67682478208866,19.07754322040769,18.542754252456547,17.683521097775483,15.648824770207753,0.7453857886683497
2.0,611.5637399999999,374.75,19.672411938235705,19.072940480885908,18.538145390273392,17.67898043542022,15.644503850533503,0.7459062283246586
2.0,611.5637399999999,375.0,19.667995384555134,19.068334218904077,18.533533064593243,17.67443630379961,15.640179418484202,0.7464258327111761
2.0,611.5637399999999,375.25,19.66357513364578,19.06372442746394,18.528917263976986,17.6698886972697,15.635851505592047,0.7469458275732948
2.0,611.5637399999999,375.5,19.65915120199467,19.059111099164003,18.52429797750764,17.665337609892546,15.631520142932224,0.7474662142006632
2.0,611.5637399999999,375.75,19.654723608044094,19.054494226465273,18.519675194521646,17.66078303576964,15.6271853552824,0.7479869938240649
2.0,611.5637399999999,376.0,19.650292370145245,19.049873801764488,18.515048904527283,17.65622496901273,15.62284716136304,0.7485081676457123
2.0,611.5637399999999,376.25,19.64585750548183,19.045249817427827,18.51041909715939,17.651663403660006,15.6185055749345,0.7490297368484451
2.0,611.5637399999999,376.5,19.641419029637383,19.040622265805883,18.50578576214883,17.647098333608646,15.614160605784948,0.7495517026008345
2.0,611.5637399999999,376.75,19.636976956465073,19.035990822106623,18.501148518795798,17.64252944583513,15.609812258242297,0.7500703584471846
2.0,611.5637399999999,377.0,19.6325312965454,19.03135544356686,18.49650732156081,17.63795669928904,15.605460505346235,0.7505890827682257
2.0,611.5637399999999,377.25,19.628082051226297,19.02671611978923,18.491862160740297,17.633380083936693,15.601105297357206,0.7511082493724461
2.0,611.5637399999999,377.5,19.623629212300727,19.022072840716227,18.487213026066616,17.62879958939104,15.596746586100947,0.7516278593452917
2.0,611.5637399999999,377.75,19.619172766122748,19.017425596349632,18.482559906953057,17.624215204664154,15.592384330234962,0.7521479138353062
2.0,611.5637399999999,378.0,19.614712696720655,19.012774376639904,18.477902792579947,17.619626918282005,15.588018494641021,0.7526684140267241
2.0,611.5637399999999,378.25,19.610248987397352,19.008119176810244,18.473241678236974,17.615034723646136,15.583649049210988,0.7531892782569917
2.0,611.5637399999999,378.5,19.60578162149918,19.003460239963637,18.468576848864934,17.610438853832683,15.579275970031327,0.7537066990298372
2.0,611.5637399999999,378.75,19.601310584076213,18.998797558468492,18.463908291953413,17.605839299942275,15.57489925929988,0.7542245322004634
2.0,611.5637399999999,379.0,19.596835866696342,18.99413112363245,18.459235995927166,17.60123605216203,15.57051893578555,0.754742779157626
2.0,611.5637399999999,379.25,19.59235746727427,18.989460926391516,18.454559949481744,17.596629100827414,15.566135015981217,0.7552614411862689
2.0,611.5637399999999,379.5,19.58787538682367,18.98478695746736,18.449880141453406,17.5920184365367,15.561747511584727,0.7557805195412762
2.0,611.5637399999999,379.75,19.58338962731974,18.980109207443775,18.44519656076338,17.58740405006235,15.557356430101988,0.7563000154619121
2.0,611.5637399999999,380.0,19.578900190662264,18.9754276668135,18.44050919638603,17.582785932248502,15.552961775687068,0.7568199301780077
2.0,611.5637399999999,380.25,19.574407078239695,18.970742676280842,18.435818446903045,17.578164412680465,15.54856355235932,0.7573365585091492
2.0,611.5637399999999,380.5,19.569910292488686,18.966054245332973,18.431124317451374,17.57353950131359,15.54416179361845,0.7578533975922033
2.0,611.5637399999999,380.75,19.565409843431173,18.96136236697739,18.426426796577935,17.568911192191567,15.539756552385763,0.7583706090890735
2.0,611.5637399999999,381.0,19.560905748797246,18.956667033835227,18.421725873411763,17.56427947947361,15.53534787552393,0.7588881942616907
2.0,611.5637399999999,381.25,19.556398029647106,18.951968238385657,18.41702153742384,17.559644357623192,15.530935800027798,0.7594061543078464
2.0,611.5637399999999,381.5,19.551886707342494,18.947265973064038,18.41231377832638,17.5550058212769,15.526520354332407,0.7599244903876553
2.0,611.5637399999999,381.75,19.547371802098816,18.94256023031386,18.40760258601277,17.550363865092375,15.522101560002943,0.7604432036346526
2.0,611.5637399999999,382.0,19.542853332401158,18.937850952093903,18.40288789142754,17.545718434785933,15.517679432782137,0.7609603817699966
2.0,611.5637399999999,382.25,19.538331314581686,18.933138081515168,18.39816962782635,17.541069476892197,15.513253979173117,0.7614760963574041
2.0,611.5637399999999,382.5,19.53380576165411,18.9284216102552,18.393447785776402,17.536416984577613,15.508825194961936,0.7619922013398964
2.0,611.5637399999999,382.75,19.529276682524163,18.923701530226513,18.38872235563185,17.53176095091181,15.504393071184559,0.7625086977492754
2.0,611.5637399999999,383.0,19.52474408277158,18.918977833403098,18.383993327678308,17.527101368644324,15.499957598615925,0.7630255866406481
2.0,611.5637399999999,383.25,19.520207965808705,18.914250511765058,18.37926069216003,17.522438230207086,15.495518768425626,0.7635428690766172
2.0,611.5637399999999,383.5,19.51566833360418,18.909519557265494,18.374524439289193,17.51777152776087,15.49107657212718,0.7640605461243104
2.0,611.5637399999999,383.75,19.511125187083287,18.904785200229487,18.36978483823133,17.51310148378397,15.486631003174928,0.7645767086513592
2.0,611.5637399999999,384.0,19.50657852753064,18.90004765319811,18.365042133132228,17.508428303900285,15.482182078143332,0.7650914904294918
2.0,611.5637399999999,384.25,19.50202836222436,18.895306911816398,18.360296312460527,17.503751984373025,15.477729846689805,0.7656066093465203
2.0,611.5637399999999,384.5,19.49747470845185,18.89056297068983,18.355547365937984,17.49907252079244,15.473274366957996,0.7661220666548991
2.0,611.5637399999999,384.75,19.49291759045861,18.8858158241026,18.350795283813714,17.4943899090642,15.468815687771787,0.7666378634709783
2.0,611.5637399999999,385.0,19.48835703478781,18.881065466205605,18.34604005668203,17.48970414541208,15.464353847614463,0.7671540008538292
2.0,611.5637399999999,385.25,19.483793067594185,18.87631189110793,18.341281675391166,17.48501522620229,15.459888876390686,0.7676704798250311
2.0,611.5637399999999,385.5,19.479225713441075,18.87155509292591,18.336520130985527,17.48032314778578,15.455420797167568,0.7681873013785834
2.0,611.5637399999999,385.75,19.474654994852273,18.86679509077219,18.331755443889712,17.47562793053154,15.450949627758284,0.7687011283172118
2.0,611.5637399999999,386.0,19.47008093233612,18.862031880647425,18.326987607113875,17.47092957229241,15.44647538389535,0.7692150843605973
2.0,611.5637399999999,386.25,19.465503544912444,18.857265456933472,18.32221661202387,17.466228069114152,15.44199807937904,0.7697293801528581
2.0,611.5637399999999,386.5,19.46092285024787,18.852495814000324,18.317442450112136,17.46152341681849,15.437517724893047,0.7702440166253401
2.0,611.5637399999999,386.75,19.45633886448103,18.847722946211388,18.31266511296393,17.45681561101575,15.43303432820965,0.7707589946957346
2.0,611.5637399999999,387.0,19.45175160214008,18.842946847917496,18.307884592237354,17.45210464710005,15.428547894683863,0.771274315271721
2.0,611.5637399999999,387.25,19.447161076168904,18.83816751344839,18.30310087964848,17.447390520246717,15.424058427697664,0.7717899792531211
2.0,611.5637399999999,387.5,19.44256729801151,18.83338501223867,18.298314054932494,17.44267329805611,15.41956592955926,0.772303901940216
2.0,611.5637399999999,387.75,19.437970278087075,18.828599388242765,18.29352416672152,17.437953023471326,15.415070408350845,0.7728168023329876
2.0,611.5637399999999,388.0,19.43337002753232,18.823810636645362,18.28873120637131,17.433229692236363,15.410571879677642,0.7733300309742068
2.0,611.5637399999999,388.25,19.428766559173294,18.819018752343762,18.283935165583042,17.42850329980459,15.40607035977996,0.7738435887900911
2.0,611.5637399999999,388.5,19.424159886648756,18.814223730115074,18.279136036220557,17.423773841575187,15.401565861513259,0.7743574766698449
2.0,611.5637399999999,388.75,19.419550023263,18.809425564659072,18.274333810258568,17.419041312892865,15.397058394322238,0.7748716954852447
2.0,611.5637399999999,389.0,19.41493698136989,18.804624250617866,18.269528479754456,17.41430570900707,15.3925479648296,0.7753862460961866
2.0,611.5637399999999,389.25,19.410320772132327,18.799819757517366,18.264720007469503,17.4095670008038,15.388034577204781,0.7759001075942452
2.0,611.5637399999999,389.5,19.40570140534329,18.79501202274239,18.25990831907394,17.404825127941493,15.383518231125484,0.776411988695029
2.0,611.5637399999999,389.75,19.401078888710355,18.79020104006608,18.255093407196743,17.400080084358308,15.378998918264685,0.7769242121636465
2.0,611.5637399999999,390.0,19.396453226877686,18.785386803429578,18.250275264213755,17.395331863993572,15.374476626287214,0.7774367787847726
2.0,611.5637399999999,390.25,19.391824421848764,18.780569306772822,18.245453882412075,17.390580460551167,15.369951343387381,0.7779496893700293
2.0,611.5637399999999,390.5,19.38719247398859,18.775748543990925,18.240629254022686,17.385825867492777,15.365423058851176,0.7784629447404856
2.0,611.5637399999999,390.75,19.382557382665674,18.770924508911875,18.235801371233727,17.381068078077263,15.360891762885776,0.7789765457231849
2.0,611.5637399999999,391.0,19.377919146588383,18.766097252150054,18.230970292823198,17.376307140369697,15.356357446809849,0.779489019396703
2.0,611.5637399999999,391.25,19.373277764260017,18.761266836083724,18.226136090395446,17.371543113870477,15.351820108063286,0.7800000687113522
2.0,611.5637399999999,391.5,19.368633235463307,18.75643325532948,18.22129875547744,17.366775992697747,15.347279753790641,0.7805114484960797
2.0,611.5637399999999,391.75,19.36398556254986,18.751596504130603,18.216458279950523,17.362005770698076,15.342736394340685,0.7810231596471938
2.0,611.5637399999999,392.0,19.359334749723054,18.74675657657121,18.21161465582927,17.357232441752956,15.338190037787216,0.7815352030235168
2.0,611.5637399999999,392.25,19.354680801736357,18.74191346663276,18.206767875208474,17.35245599978994,15.333640689496717,0.7820475794697757
2.0,611.5637399999999,392.5,19.350023723129965,18.73706716822284,18.201917930237126,17.3476764387375,15.329088352564497,0.7825602898222125
2.0,611.5637399999999,392.75,19.3453635178988,18.732217884152334,18.197065058002547,17.342893954456663,15.324533029765641,0.7830713407545357
2.0,611.5637399999999,393.0,19.340700190405407,18.72736573035133,18.192209390054348,17.33810865922701,15.319974742046725,0.7835815556012434
2.0,611.5637399999999,393.25,19.336033749828452,18.72251070303821,18.18735091727266,17.333320549842103,15.315413531708963,0.7840920643799829
2.0,611.5637399999999,393.5,19.331364212302763,18.71765279780117,18.182489631395402,17.32852962278022,15.310849443501972,0.784602868049587
2.0,611.5637399999999,393.75,19.32669159826025,18.712792010034374,18.177625524556404,17.32373587476224,15.30628251436684,0.7851139674787032
2.0,611.5637399999999,394.0,19.32201592923945,18.707928335060277,18.172758589157542,17.31893930271412,15.301712773306244,0.7856253634943546
2.0,611.5637399999999,394.25,19.317337226124362,18.70306176818967,18.16788881780144,17.314139903632192,15.29714024280534,0.7861370568953828
2.0,611.5637399999999,394.5,19.312655508379837,18.698192311684963,18.16301621137491,17.309337681170316,15.292564940206999,0.78664772959149
2.0,611.5637399999999,394.75,19.307970793820072,18.69331997004802,18.158140773353924,17.30453264101333,15.287986879410756,0.78715697527939
2.0,611.5637399999999,395.0,19.3032830987455,18.688444738796417,18.15326249664128,17.299724779991205,15.283406072219204,0.7876665169027995
2.0,611.5637399999999,395.25,19.298592438170985,18.68356661343316,18.148381374273484,17.294914094725645,15.278822528180722,0.7881763552034615
2.0,611.5637399999999,395.5,19.293898825836806,18.678685589463985,18.14349739937626,17.29010058166023,15.274236254384832,0.7886864909091441
2.0,611.5637399999999,395.75,19.289202274152174,18.673801662392876,18.138610565145175,17.285284237060793,15.26964725581228,0.7891969247382918
2.0,611.5637399999999,396.0,19.284502794207974,18.668914827714243,18.133720864832092,17.28046505701372,15.265055535715183,0.7897076574020486
2.0,611.5637399999999,396.25,19.279800395841097,18.664025132285477,18.12882835198596,17.27564308708323,15.260461096302038,0.7902173127893395
2.0,611.5637399999999,396.5,19.275095087973586,18.659132631005043,18.1239330887155,17.27081838056016,15.255863943658678,0.7907256833891098
2.0,611.5637399999999,396.75,19.270386879945523,18.654237320148905,18.119035067807125,17.265990934074757,15.251264091092994,0.7912343397796194
2.0,611.5637399999999,397.0,19.26567578266776,18.64933919570727,18.114134282410905,17.26116074395299,15.246661553602678,0.7917432827104173
2.0,611.5637399999999,397.25,19.2609618080229,18.644438253562956,18.10923072583865,17.25632780648108,15.242056343315374,0.792252512893265
2.0,611.5637399999999,397.5,19.25624496777259,18.639534489533943,18.10432439151162,17.25149211791582,15.237448469281599,0.7927620310231183
2.0,611.5637399999999,397.75,19.251525272938956,18.63462789939244,18.09941527293318,17.246653674447558,15.232837937988227,0.7932718377835596
2.0,611.5637399999999,398.0,19.246802733559733,18.629718626762905,18.094503537138515,17.24181261507748,15.228224754919061,0.7937804224731425
2.0,611.5637399999999,398.25,19.242077359359257,18.624806801936717,18.08958933290482,17.23696906613125,15.223608938129608,0.7942879184321414
2.0,611.5637399999999,398.5,19.237349163170858,18.619892422646547,18.084672652401274,17.232123026028376,15.218990524591343,0.7947956694380088
2.0,611.5637399999999,398.75,19.232618163384483,18.61497548600931,18.07975348865208,17.22727449274784,15.214369555274871,0.7953036762998494
2.0,611.5637399999999,399.0,19.22788438207569,18.61005598895597,18.07483183506394,17.222423464417954,15.209746064481505,0.7958119397384248
2.0,611.5637399999999,399.25,19.223147842174882,18.60513392834291,18.069907685303235,17.21756993931038,15.205120079408212,0.7963204604349752
2.0,611.5637399999999,399.5,19.218408565857704,18.60020930100481,18.064981033232662,17.21271391572841,15.200491621375354,0.7968292390439096
2.0,611.5637399999999,399.75,19.213666573846318,18.595282087753603,18.06005185406573,17.207855376421914,15.195860706895003,0.7973376991197203
2.0,611.5637399999999,400.0,19.20892188509046,18.59035222372681,18.05512006982956,17.202994259829488,15.191227346858028,0.7978442058010646
2.0,611.5637399999999,400.25,19.20417451614067,18.5854197051493,18.050185675306945,17.19813056310579,15.186591542734998,0.7983509801709895
2.0,611.5637399999999,400.5,19.199424480081188,18.580484528478603,18.045248665068016,17.193264283401447,15.18195329039093,0.7988580227655983
2.0,611.5637399999999,400.75,19.194671786868902,18.575546690225867,18.040309033641613,17.18839541760437,15.17731258512606,0.7993653341428472
2.0,611.5637399999999,401.0,19.18991644435627,18.570606186906332,18.035366775544325,17.183523962324884,15.172669422497943,0.799872914864935
2.0,611.5637399999999,401.25,19.185158458974154,18.565663015011253,18.030421885289815,17.1786499139333,15.168023798321173,0.8003807654953193
2.0,611.5637399999999,401.5,19.18039783610525,18.56071716880252,18.025474354826404,17.173773266487512,15.163375708563501,0.8008880192054313
2.0,611.5637399999999,401.75,19.17563458028021,18.55576863998031,18.020524173202826,17.168894011451762,15.15872514905603,0.8013936922549287
2.0,611.5637399999999,402.0,19.170868695238337,18.550817424819602,18.015571334979935,17.164012144618003,15.154072115125768,0.8018996362719839
2.0,611.5637399999999,402.25,19.166100183924865,18.545863519545826,18.01061583469533,17.159127661666098,15.149416601872312,0.8024058518125166
2.0,611.5637399999999,402.5,19.161329048582193,18.540906920319358,18.005657666877273,17.154240558158254,15.144758604497225,0.8029123394348231
2.0,611.5637399999999,402.75,19.15655529087564,18.53594762323163,18.000696826047157,17.149350829549107,15.140098118317662,0.8034190996981542
2.0,611.5637399999999,403.0,19.15177891198192,18.530985624303863,17.995733306720098,17.14445847119732,15.135435138728742,0.8039261331624629
2.0,611.5637399999999,403.25,19.14699991265249,18.52602103565892,17.990767239776694,17.139563590608624,15.130769662002086,0.8044316929623939
2.0,611.5637399999999,403.5,19.14221829383189,18.52105391467521,17.985798689763737,17.134666242624842,15.126101695285426,0.8049366041146828
2.0,611.5637399999999,403.75,19.137434059145484,18.516084258362,17.980827650300046,17.129766423897674,15.12143125766378,0.8054417677262166
2.0,611.5637399999999,404.0,19.132647215985994,18.511112063361917,17.975854115454236,17.12486413091705,15.116758369720822,0.8059471844457837
2.0,611.5637399999999,404.25,19.12785777403858,18.506137326176425,17.97087807950043,17.119959360299752,15.11208304818834,0.8064528548764417
2.0,611.5637399999999,404.5,19.123065743582206,18.501160043232755,17.965899536850447,17.115052108768428,15.107405305846505,0.8069587796003533
2.0,611.5637399999999,404.75,19.118271134556753,18.496180210918713,17.960918482018318,17.110142373080016,15.102725152228079,0.8074649591856813
2.0,611.5637399999999,405.0,19.11347395616265,18.49119795676291,17.955935063604603,17.105230276670113,15.09804259521935,0.8079692658987884
2.0,611.5637399999999,405.25,19.108674217367547,18.486213307230933,17.950949309188747,17.1003158455581,15.093357652625327,0.8084733426301178
2.0,611.5637399999999,405.5,19.103871929462517,18.48122625963182,17.945961212754593,17.095399077593672,15.088670350555573,0.8089776556499194
2.0,611.5637399999999,405.75,19.099067106559644,18.476236811057923,17.940970768668436,17.09047997054249,15.083980713298446,0.8094822055667324
2.0,611.5637399999999,406.0,19.09425976397347,18.471244958531106,17.935977971508603,17.085558522244803,15.079288760382237,0.8099869929504105
2.0,611.5637399999999,406.25,19.089449916834045,18.466250699048988,17.930982816006193,17.080634730572562,15.074594507000294,0.8104920183493601
2.0,611.5637399999999,406.5,19.084637579395057,18.461254029607105,17.92598529701078,17.075708593362968,15.069897964829604,0.8109972822965349
2.0,611.5637399999999,406.75,19.079822764761044,18.456254856386202,17.9209853027996,17.07078002063883,15.065199142087643,0.8115007391557063
2.0,611.5637399999999,407.0,19.075005484373417,18.451253153329645,17.915982802989078,17.065848987569154,15.06049803643629,0.8120039442155846
2.0,611.5637399999999,407.25,19.070185746241794,18.446248916768372,17.910977793188632,17.06091549075465,15.055794636642203,0.8125074014418086
2.0,611.5637399999999,407.5,19.0653635546453,18.44124214318099,17.90597026881316,17.055979526652358,15.051088930231266,0.8130111112762508
2.0,611.5637399999999,407.75,19.060538911369214,18.43623282907722,17.900960225193813,17.05104109145364,15.046380906131134,0.8135150741803614
2.0,611.5637399999999,408.0,19.055711816814444,18.431220970954413,17.89594765760878,17.04610018111655,15.041670554749329,0.8140192906240185
2.0,611.5637399999999,408.25,19.05088227061498,18.426206613080932,17.890932617461427,17.041156837598116,15.036957868022697,0.8145232350638444
2.0,611.5637399999999,408.5,19.0460502721879,18.42118993249305,17.885915311274193,17.03621123110757,15.03224284438153,0.8150254475709194
2.0,611.5637399999999,408.75,19.041215822662178,18.416170927362405,17.88089573253912,17.031263359427907,15.02752550179991,0.8155278870021141
2.0,611.5637399999999,409.0,19.036378928274,18.41114959514489,17.875873875625327,17.026313219736238,15.022805868108279,0.8160305540091435
2.0,611.5637399999999,409.25,19.031539599705567,18.40612593307273,17.870849735224933,17.021360809354896,15.018083967452545,0.8165334491558912
2.0,611.5637399999999,409.5,19.026697849439735,18.40109993827067,17.865823306232766,17.016406125807706,15.0133598188574,0.8170365729738952
2.0,611.5637399999999,409.75,19.021853690103217,18.396071607812004,17.860794583690573,17.01144916673277,15.008633436999808,0.8175399259743938
2.0,611.5637399999999,410.0,19.017007133694452,18.391040906907214,17.855763525335984,17.006489899038417,15.003904832856822,0.8180429155815558
2.0,611.5637399999999,410.25,19.01215819111379,18.386007731170345,17.85073000781181,17.001528222315937,14.999174011069782,0.8185442568601529
2.0,611.5637399999999,410.5,19.00730687098207,18.380972076610142,17.84569402741785,16.996564132825497,14.994440963228476,0.8190458431931973
2.0,611.5637399999999,410.75,19.002453177787682,18.375933939606817,17.84065557999919,16.991597627018447,14.989705674015367,0.8195476749494109
2.0,611.5637399999999,411.0,18.997597112392935,18.370893316629363,17.83561466125265,16.986628701112,14.984968129119256,0.8200497525428283
2.0,611.5637399999999,411.25,18.99273867363809,18.365850204164346,17.830571266788507,16.981657351062086,14.98022831623787,0.8205520764022582
2.0,611.5637399999999,411.5,18.98787785936757,18.360804598679096,17.825525392156578,16.976683572619546,14.975486224792572,0.8210546469651331
2.0,611.5637399999999,411.75,18.983014666946758,18.355756579203053,17.82047712995011,16.971707441162067,14.970741846147392,0.8215557756240839
2.0,611.5637399999999,412.0,18.978149093914766,18.350706180241538,17.815426518913235,16.966728989187665,14.965995180387877,0.8220563772297955
2.0,611.5637399999999,412.25,18.973281139815352,18.345653398869615,17.810373553841675,16.96174821312013,14.961246236389707,0.8225572117529399
2.0,611.5637399999999,412.5,18.968410806897804,18.340598231906313,17.805318229811583,16.95676510928245,14.956495024412114,0.8230582797095897
2.0,611.5637399999999,412.75,18.963538099076544,18.335540676058546,17.800260542021736,16.95177967408857,14.951741552563895,0.8235595815880091
2.0,611.5637399999999,413.0,18.958663020787547,18.33048072796605,17.79520048575028,16.946791904031528,14.946985826677222,0.8240611178643027
2.0,611.5637399999999,413.25,18.95378557636061,18.325418384226076,17.790138056332605,16.941801795637325,14.94222785070877,0.8245628890067043
2.0,611.5637399999999,413.5,18.94890576974493,18.320353739967995,17.785073365021972,16.936809440602556,14.937467627829568,0.8250625510369444
2.0,611.5637399999999,413.75,18.944023604892095,18.31528679665632,17.78000641115954,16.93181484036447,14.932705168895449,0.8255623395982289
2.0,611.5637399999999,414.0,18.939139087582028,18.310217551369703,17.774937189745796,16.92681799211479,14.927940489702001,0.8260623514302794
2.0,611.5637399999999,414.25,18.934252225456724,18.30514600107621,17.769865695982457,16.921818893059054,14.923173603917023,0.8265625870264527
2.0,611.5637399999999,414.5,18.92936302680064,18.300072142698486,17.764791925195297,16.916817540464315,14.918404522106275,0.8270630468602477
2.0,611.5637399999999,414.75,18.924471499709224,18.29499597313982,17.759715872800534,16.91181393161905,14.913633252166658,0.8275637313929216
2.0,611.5637399999999,415.0,18.919577651703076,18.289917489794842,17.754637534869108,16.90680806426913,14.908859799853925,0.8280645046951887
2.0,611.5637399999999,415.25,18.914681489587373,18.28483669796515,17.74955691681691,16.901799943742553,14.904084169318613,0.8285632023057562
2.0,611.5637399999999,415.5,18.90978301947344,18.279753594622008,17.744474014154324,16.89678956726753,14.899306364124667,0.8290621238263501
2.0,611.5637399999999,415.75,18.904882246955665,18.274668176705692,17.739388822467856,16.891776931963452,14.894526387198193,0.8295612696978553
2.0,611.5637399999999,416.0,18.89997917714237,18.269580441143344,17.734301337388068,16.8867620348706,14.889744240426799,0.8300606403536808
2.0,611.5637399999999,416.25,18.895073814594248,18.264490384849395,17.72921155457877,16.881744872952805,14.884959924756636,0.8305602362229095
2.0,611.5637399999999,416.5,18.890166163302293,18.259398004723423,17.72411946973004,16.876725443095893,14.880173440355854,0.8310600577313594
2.0,611.5637399999999,416.75,18.88525622670038,18.254303282254348,17.7190250604471,16.87170372724439,14.875384786646327,0.8315596830841462
2.0,611.5637399999999,417.0,18.880344007615616,18.24920614043177,17.71392823585371,16.8666796507699,14.870593960619164,0.8320575161251287
2.0,611.5637399999999,417.25,18.875429507653674,18.2441065753802,17.708828992400544,16.861653209452637,14.865800951359283,0.8325555851937401
2.0,611.5637399999999,417.5,18.870512725874786,18.239004583458534,17.70372732618003,16.85662439921779,14.861005743713175,0.8330538906368264
2.0,611.5637399999999,417.75,18.865593659063393,18.23390016106053,17.69862323315409,16.85159321584095,14.8562083238,0.833552432836241
2.0,611.5637399999999,418.0,18.860672302818607,18.228793304567287,17.693516709201962,16.84655965493201,14.851408679621532,0.8340512121865905
2.0,611.5637399999999,418.25,18.855748652252043,18.223684010324437,17.688407750141586,16.84152371197633,14.846606800771118,0.8345502290905621
2.0,611.5637399999999,418.5,18.850822702327893,18.218572263559945,17.68329633871808,16.836485371688738,14.8418026780182,0.8350482358934722
2.0,611.5637399999999,418.75,18.845894447959964,18.21345804965623,17.678182458090674,16.83144461891025,14.836996302042767,0.8355452694705471
2.0,611.5637399999999,419.0,18.840963883815633,18.20834136464716,17.673066104091273,16.826401448763754,14.832187662705842,0.8360425431529754
2.0,611.5637399999999,419.25,18.836031004143184,18.203222204556234,17.667947272452565,16.821355856376297,14.827376750045401,0.836540057346063
2.0,611.5637399999999,419.5,18.831095802919936,18.19810056536537,17.66282595885055,16.816307836840394,14.822563555017775,0.8370378124647628
2.0,611.5637399999999,419.75,18.826158274073784,18.19297644300926,17.657702158916916,16.811257385219527,14.817748069448264,0.8375358089295408
2.0,611.5637399999999,420.0,18.821218411606534,18.18784983337449,17.652575868245886,16.806204496560184,14.812930285867381,0.8380340471651716
2.0,611.5637399999999,420.25,18.816276209646876,18.182720785003184,17.647447144427126,16.801149216782417,14.808110197742712,0.8385303801666403
2.0,611.5637399999999,420.5,18.811331662725465,18.177589302525423,17.642315992392458,16.796091549563656,14.803287803771239,0.8390266077647627
2.0,611.5637399999999,420.75,18.806384766792387,18.17245538204738,17.637182407359887,16.79103149041976,14.798463106704984,0.8395230703039328
2.0,611.5637399999999,421.0,18.80143551933488,18.167319019566182,17.63204638465035,16.785969034890666,14.793636109193232,0.8400197682468307
2.0,611.5637399999999,421.25,18.796483918696,18.16218021102408,17.62690791963116,16.780904178592955,14.788806812679866,0.840516702046177
2.0,611.5637399999999,421.5,18.79152996352285,18.15703895232975,17.621767007697184,16.775836917200703,14.783975217477051,0.841013872150206
2.0,611.5637399999999,421.75,18.786573652480097,18.151895233258408,17.616623637064922,16.770767240517156,14.779141322939795,0.8415111645977603
2.0,611.5637399999999,422.0,18.781614984085582,18.146748920663335,17.61147765137738,16.76569501968796,14.774305126229011,0.8420062837817613
2.0,611.5637399999999,422.25,18.77665395590828,18.1416000092474,17.606329047212697,16.760620249017133,14.769466612027088,0.8425016547003017
2.0,611.5637399999999,422.5,18.771690562162313,18.136448494140875,17.601177820533522,16.75554292318669,14.764625757436688,0.842997277682782
2.0,611.5637399999999,422.75,18.76672479385528,18.131294370569687,17.596023967079034,16.750463036738072,14.759782541430155,0.8434931531178517
2.0,611.5637399999999,423.0,18.761756640474175,18.12613763378016,17.59086748244546,16.745380584025956,14.75493694597859,0.8439892814156728
2.0,611.5637399999999,423.25,18.756786091082187,18.120978279003378,17.585708362121917,16.740295559273424,14.750088955620013,0.8444856630001681
2.0,611.5637399999999,423.5,18.751813134842386,18.115816277110163,17.580546572865938,16.735207933149756,14.745238556759466,0.8449811556293461
2.0,611.5637399999999,423.75,18.746837761118176,18.11065159254363,17.57538207431018,16.730117670084354,14.740385735009841,0.8454754740398582
2.0,611.5637399999999,424.0,18.741859958949643,18.105484219996008,17.570214862079922,16.725024763687067,14.735530473155771,0.8459700519062866
2.0,611.5637399999999,424.25,18.73687971651399,18.100314154231032,17.565044931560934,16.719929207655543,14.730672753671449,0.846464889647576
2.0,611.5637399999999,424.5,18.731897021433642,18.095141389995646,17.55987227801362,16.714830995655163,14.72581256091962,0.846959987705608
2.0,611.5637399999999,424.75,18.726911861334603,18.08996592200046,17.554696896603918,16.709730121322856,14.720949881159859,0.8474553465342692
2.0,611.5637399999999,425.0,18.721924224162258,18.084787744912596,17.549518782419963,16.704626578292196,14.716084702210377,0.8479509665964939
2.0,611.5637399999999,425.25,18.716934098306652,18.079606791263114,17.544337857336416,16.69952030027898,14.711217012688916,0.8484445710336176
2.0,611.5637399999999,425.5,18.7119414723284,18.074423045397197,17.5391541054485,16.694411270959083,14.70634679656834,0.8489380890690205
2.0,611.5637399999999,425.75,18.706946333748657,18.069236501412075,17.533967521982593,16.68929948347079,14.701474034268326,0.8494318763765931
2.0,611.5637399999999,426.0,18.701948668875637,18.0640471534497,17.52877810196623,16.68418493096852,14.696598707304505,0.8499259334110552
2.0,611.5637399999999,426.25,18.69694846355956,18.058854995641475,17.523585840300974,16.6790676065627,14.691720799383633,0.8504202606460676
2.0,611.5637399999999,426.5,18.691945703791582,18.053660022090778,17.51839073178959,16.673947503340855,14.686840296165515,0.8509148585672904
2.0,611.5637399999999,426.75,18.686940375991615,18.048462200310507,17.513192739859043,16.668824588765045,14.681957184697188,0.851408890902857
2.0,611.5637399999999,427.0,18.681932466981454,18.043261464807603,17.507991789519764,16.663698798448163,14.677071450477074,0.8519013318843447
2.0,611.5637399999999,427.25,18.67692196321886,18.03805780887749,17.502787875952116,16.658570124698162,14.672183073203382,0.8523940531359288
2.0,611.5637399999999,427.5,18.671908849692883,18.032851225999096,17.497580993950873,16.653438560028384,14.667292030483546,0.8528870551142061
2.0,611.5637399999999,427.75,18.66689311025667,18.027641709673517,17.49237113812929,16.648304096915783,14.662398302176593,0.8533803383123031
2.0,611.5637399999999,428.0,18.66187472855497,18.022429253387614,17.48715830296858,16.64316672779049,14.657501870671696,0.8538739032405425
2.0,611.5637399999999,428.25,18.65685368857701,18.01721385059844,17.481942482842896,16.638026445070413,14.652602720466142,0.8543677504217562
2.0,611.5637399999999,428.5,18.65182997489419,18.011995503637156,17.47672368254077,16.632883249794546,14.64770083780698,0.8548597168430981
2.0,611.5637399999999,428.75,18.646803572779557,18.006774208515736,17.471501899196095,16.627737136999826,14.642796211102176,0.8553513463783359
2.0,611.5637399999999,429.0,18.64177446838683,18.001549958653978,17.46627712688859,16.622588099316882,14.637888830562478,0.8558432569267828
2.0,611.5637399999999,429.25,18.636742648761913,17.99632274742214,17.46104935966168,16.617436129434743,14.632978687262188,0.8563354490461508
2.0,611.5637399999999,429.5,18.631708101686094,17.99109256815656,17.455818591514483,16.61228122011506,14.628065772714699,0.85682792329757
2.0,611.5637399999999,429.75,18.62667081552436,17.98585941416767,17.450584816402152,16.607123364187643,14.623150078751578,0.857320680246345
2.0,611.5637399999999,430.0,18.621630779123958,17.980623270152073,17.445348018102607,16.601962546247456,14.61823159740334,0.8578134928633228
2.0,611.5637399999999,430.25,18.616587981700423,17.975384029371572,17.440108072701168,16.596798662686332,14.613310319432644,0.8583039471247381
2.0,611.5637399999999,430.5,18.611542412135627,17.970141684106416,17.434864974892733,16.591631705313603,14.608386226344695,0.8587946961291331
2.0,611.5637399999999,430.75,18.60649405708902,17.96489622696547,17.429618718837418,16.586461666274474,14.603459294336064,0.859285740373359
2.0,611.5637399999999,431.0,18.601442901127434,17.959647650630846,17.424369298477178,16.58128853764694,14.598529501549962,0.8597770804043526
2.0,611.5637399999999,431.25,18.596388928028365,17.954395947800403,17.41911670760364,16.576112311405467,14.593596828862943,0.8602687167894819
2.0,611.5637399999999,431.5,18.59133212161186,17.949141111161047,17.413860939889513,16.57093297946285,14.58866125947538,0.8607606501101948
2.0,611.5637399999999,431.75,18.58627246611851,17.943883036622196,17.408601874761164,16.565750440333076,14.583722777750465,0.8612516716416766
2.0,611.5637399999999,432.0,18.58120994587074,17.938621574624012,17.403339339817332,16.560564548488284,14.578781359835554,0.8617412380991999
2.0,611.5637399999999,432.25,18.5761445428134,17.93335671579852,17.39807332992109,16.555375293464056,14.573836964954975,0.8622311275619023
2.0,611.5637399999999,432.5,18.571076233927624,17.92808845128712,17.39280383901345,16.550182665179857,14.56888954689301,0.8627213405079807
2.0,611.5637399999999,432.75,18.566004992489905,17.922816772332965,17.387530860621858,16.544986653351543,14.563939064805778,0.8632118775014661
2.0,611.5637399999999,433.0,18.560930790606854,17.917541670179467,17.382254387984286,16.539787247483027,14.558985483916025,0.8637027391448887
2.0,611.5637399999999,433.25,18.555853600712936,17.912263136022517,17.376974414111057,16.534584436968018,14.55402877448633,0.8641939260677259
2.0,611.5637399999999,433.5,18.550773396226205,17.90698091392056,17.371690640200114,16.529377972730785,14.549068909022358,0.8646825053290819
2.0,611.5637399999999,433.75,18.5456901505675,17.90169497992476,17.366403046020903,16.52416782920615,14.544105840971037,0.8651712876235913
2.0,611.5637399999999,434.0,18.54060383255452,17.896405323230027,17.36111162489096,16.51895399361023,14.53913951132349,0.8656604233169254
2.0,611.5637399999999,434.25,18.53551440625372,17.891111933192104,17.355816369511732,16.513736453073165,14.534169866336638,0.866149913027254
2.0,611.5637399999999,434.5,18.530421834020395,17.88581479916584,17.350517272180667,16.508515194510778,14.529196860111538,0.866639757429739
2.0,611.5637399999999,434.75,18.52532607859966,17.88051391044329,17.34521432488188,16.50329020472573,14.524220453508315,0.8671299572369152
2.0,611.5637399999999,435.0,18.520227104104226,17.87520924011613,17.339907500320404,16.49806145497569,14.519240612694814,0.8676182281630105
2.0,611.5637399999999,435.25,18.515124876297595,17.86990077064412,17.33459678248105,16.49282892570758,14.514257306661419,0.8681059395969636
2.0,611.5637399999999,435.5,18.51001936233621,17.864588490842443,17.32928216276904,16.487592603714777,14.509270506353175,0.868594008833613
2.0,611.5637399999999,435.75,18.5049105306027,17.85927238946647,17.32396363236045,16.482352475950407,14.504280185363791,0.8690824366628418
2.0,611.5637399999999,436.0,18.499798350805086,17.85395245519881,17.318641182250758,16.47710852950605,14.499286320000678,0.8695712238955925
2.0,611.5637399999999,436.25,18.494682794067003,17.84862867665492,17.313314803278118,16.471860751616507,14.49428888885919,0.8700603713594046
2.0,611.5637399999999,436.5,18.489563832914488,17.843300946945455,17.30798437337717,16.46660903754829,14.489287871712452,0.8705488263409906
2.0,611.5637399999999,436.75,18.484441440726783,17.837969046843835,17.302649639545802,16.461353174144204,14.484283239805091,0.8710353746782413
2.0,611.5637399999999,437.0,18.479315588849687,17.83263296197672,17.2973105939626,16.45609314568105,14.479274941713692,0.8715223158675187
2.0,611.5637399999999,437.25,18.474186242706327,17.827292678694523,17.29196722750944,16.450828937102127,14.47426291692354,0.8720096506227419
2.0,611.5637399999999,437.5,18.469053363006847,17.821948183506947,17.286619530494963,16.445560533159,14.469247111345302,0.8724973797761906
2.0,611.5637399999999,437.75,18.463916909044187,17.816599462947647,17.281267492824043,16.440287918368593,14.4642274785682,0.8729855042124673
2.0,611.5637399999999,438.0,18.45877684068185,17.81124647889981,17.275911074989914,16.43501105338182,14.459203978433125,0.8734735501988549
2.0,611.5637399999999,438.25,18.45363311911027,17.80588906189755,17.270550082514873,16.429729772105222,14.4541765725897,0.873958999767618
2.0,611.5637399999999,438.5,18.448485705935934,17.800527196404115,17.265184505604047,16.424444056834062,14.449145211426382,0.8744448639338839
2.0,611.5637399999999,438.75,18.443334560354714,17.795160867322807,17.25981433344172,16.419153890431478,14.44410984022327,0.8749311435853573
2.0,611.5637399999999,439.0,18.438179639474054,17.789790059599714,17.254439554723685,16.413859255729975,14.439070409921424,0.8754178397022612
2.0,611.5637399999999,439.25,18.433020900361036,17.78441475813922,17.24906015778382,16.408560135495343,14.434026877836274,0.8759049533090906
2.0,611.5637399999999,439.5,18.427858301291522,17.779034947770267,17.243676130658297,16.403256512503173,14.428979206604922,0.8763924854631403
2.0,611.5637399999999,439.75,18.422691802283072,17.773650859614705,17.238287752536955,16.397948607393463,14.423927364894883,0.8768768580706033
2.0,611.5637399999999,440.0,18.417521366458796,17.768262483784756,17.23289501255767,16.39263640894612,14.418871346892612,0.8773615816381878
2.0,611.5637399999999,440.25,18.41234696461141,17.76286980673706,17.227497897563772,16.387319902699108,14.41381116361547,0.8778466975864286
2.0,611.5637399999999,440.5,18.407168575034785,17.757472814649756,17.22209639466914,16.38199907457838,14.408746824542321,0.8783322070988632
2.0,611.5637399999999,440.75,18.40198618030061,17.75207149357922,17.21669049110073,16.376673910994853,14.403678334924235,0.8788181113346913
2.0,611.5637399999999,441.0,18.396799765069574,17.746665829537328,17.211280174135318,16.371344398733218,14.398605696298498,0.8793044114429406
2.0,611.5637399999999,441.25,18.391609314974417,17.741255653545924,17.20586524765918,16.366010375243572,14.393528906158927,0.8797899088881079
2.0,611.5637399999999,441.5,18.38641481531149,17.735840616427875,17.200445305333353,16.36067150386478,14.388447943431082,0.8802732434413183
2.0,611.5637399999999,441.75,18.381216246267194,17.730420699366633,17.19502033696456,16.355327766088152,14.3833627466441,0.8807570257076192
2.0,611.5637399999999,442.0,18.376013576685992,17.724995884800954,17.189590330372365,16.34997914429362,14.378273236629443,0.8812412565968594
2.0,611.5637399999999,442.25,18.370806766130464,17.719566155503088,17.1841552725587,16.344625620353153,14.373179342135588,0.8817259371962606
2.0,611.5637399999999,442.5,18.36559577032333,17.714131494343395,17.178715149970547,16.33926717555939,14.36808100231203,0.8822110686660257
2.0,611.5637399999999,442.75,18.360380544481828,17.708691872933173,17.17326993531725,16.333903779979682,14.362978164978605,0.8826964459746749
2.0,611.5637399999999,443.0,18.3551610448016,17.703247069898357,17.167819372766175,16.32853521730952,14.357870782436027,0.8831785415179081
2.0,611.5637399999999,443.25,18.34993722786105,17.697797065408764,17.16236344895786,16.32316146539987,14.352758793542238,0.8836611105406733
2.0,611.5637399999999,443.5,18.344709047023073,17.69234184016602,17.156902149210342,16.317782502732115,14.347642130187262,0.8841441542257589
2.0,611.5637399999999,443.75,18.339476452663543,17.686881374890493,17.15143545821585,16.312398307661027,14.342520731181436,0.8846276738730412
2.0,611.5637399999999,444.0,18.334239394731203,17.681415650211772,17.145963360203073,16.307008858372505,14.337394543236611,0.8851116708378042
2.0,611.5637399999999,444.25,18.328997824340775,17.67594464662499,17.14048583901832,16.30161413298553,14.332263519657342,0.8855961465163708
2.0,611.5637399999999,444.5,18.32375169443903,17.670468007805873,17.135002479283273,16.29621378473003,14.327127616604749,0.886077708849189
2.0,611.5637399999999,444.75,18.31850095834376,17.664985637791457,17.129513180754056,16.290807717650157,14.321986763725205,0.8865590595132197
2.0,611.5637399999999,445.0,18.313245563120855,17.65949751277117,17.124017927037187,16.28539590548417,14.31684086858247,0.8870409315077219
2.0,611.5637399999999,445.25,18.30798544829764,17.654003609288008,17.118516700511215,16.279978321996015,14.311689842620781,0.8875233262717795
2.0,611.5637399999999,445.5,18.302720549980542,17.648503903883764,17.113009482806486,16.27455494057564,14.30653360866098,0.8880062453522721
2.0,611.5637399999999,445.75,18.297450804373785,17.642998372983147,17.107496254970002,16.269125734352343,14.301372099913442,0.8884896903617593
2.0,611.5637399999999,446.0,18.292176149545565,17.637487105650372,17.101977131316595,16.263690785247576,14.296205258796503,0.8889701491336541
2.0,611.5637399999999,446.25,18.286896526678838,17.631970104704838,17.09645212143726,16.258250092423076,14.291033044702315,0.8894503332629962
2.0,611.5637399999999,446.5,18.281611882467857,17.62644734733866,17.090921204894585,16.252803630706605,14.285855430965023,0.8899310295157205
2.0,611.5637399999999,446.75,18.27632216948095,17.620918810382907,17.085384361246895,16.247351375136038,14.280672394830715,0.8904122396699572
2.0,611.5637399999999,447.0,18.27102734458115,17.615384470450316,17.079841569916372,16.24189330111683,14.275483913844237,0.8908939655042076
2.0,611.5637399999999,447.25,18.265727367496137,17.60984430399814,17.074292810160024,16.236429384384106,14.270289965369724,0.891376208808818
2.0,611.5637399999999,447.5,18.260422199958914,17.60429786886395,17.068737564536363,16.230959197017825,14.265090523628277,0.8918567809009489
2.0,611.5637399999999,447.75,18.25511180315159,17.59874469503571,17.063175290930356,16.225482283616408,14.259885522080449,0.8923356128200682
2.0,611.5637399999999,448.0,18.249796127472223,17.59318474894621,17.057605970200985,16.21999860920667,14.25467483102572,0.8928150505129916
2.0,611.5637399999999,448.25,18.244475104348535,17.587617998708176,17.052029579961875,16.21450813978147,14.249458302396613,0.8932950956295705
2.0,611.5637399999999,448.5,18.239148651545523,17.582044412793312,17.046446096326,16.20901084039074,14.244235805003184,0.8937757500993888
2.0,611.5637399999999,448.75,18.233816682012847,17.57646395967308,17.04085549433588,16.203506675141156,14.239007226796504,0.8942570159813779
2.0,611.5637399999999,449.0,18.22847910905462,17.570876894579037,17.035258088883708,16.19799588449829,14.23377247364545,0.8947354189530028
2.0,611.5637399999999,449.25,18.223135850073838,17.565283289862002,17.029653971464384,16.192478533044884,14.228531490460046,0.895213189631794
2.0,611.5637399999999,449.5,18.21778683327717,17.559683117450167,17.024043114609267,16.186954588999026,14.223284257309045,0.8956915332155014
2.0,611.5637399999999,449.75,18.212431999620076,17.55407634839456,17.018425491351593,16.18142402068636,14.21803076339225,0.8961704520487316
2.0,611.5637399999999,450.0,18.207071299075746,17.548462953291843,17.012801074745973,16.175886797110227,14.212770995790077,0.8966499484332521
2.0,611.5637399999999,450.25,18.201704686808057,17.54284290244154,17.007169837751817,16.170342887897213,14.20750493835704,0.8971300246690068
2.0,611.5637399999999,450.5,18.196332120963113,17.53721603857116,17.001531601833378,16.164792140192272,14.202232571363194,0.8976082236395827
2.0,611.5637399999999,450.75,18.19095356091016,17.531582203383394,16.995886189831918,16.159234400317207,14.196953860694487,0.8980845797791102
2.0,611.5637399999999,451.0,18.185568963673358,17.525941363751677,16.990233574718566,16.15366963539662,14.191668752131287,0.8985615422024564
2.0,611.5637399999999,451.25,18.180178281325382,17.520293486978204,16.984573728354246,16.148097812900676,14.18637718507726,0.8990391131932028
2.0,611.5637399999999,451.5,18.17478146245556,17.514638540419078,16.978906621996504,16.142518900045598,14.181079103004302,0.8995172951287278
2.0,611.5637399999999,451.75,18.169378454679766,17.50897649137942,16.97323222642189,16.136932863761494,14.175774454281296,0.8999960904373874
2.0,611.5637399999999,452.0,18.16396920608549,17.503307223517854,16.967550412645657,16.1313395901431,14.170463190758525,0.9004739116197333
2.0,611.5637399999999,452.25,18.158553665444092,17.49763051735344,16.961860930526132,16.12573886557064,14.165145258695844,0.9009488391811395
2.0,611.5637399999999,452.5,18.153131779960475,17.491946336301798,16.95616375036924,16.120130652633353,14.159820585545672,0.9014244077187771
2.0,611.5637399999999,452.75,18.147703491889672,17.486254644256192,16.95045884098871,16.11451491431383,14.15448909156626,0.9019006197146937
2.0,611.5637399999999,453.0,18.142268739602727,17.480555405080647,16.944746170406475,16.10889161324343,14.149150703422986,0.9023774777756659
2.0,611.5637399999999,453.25,18.136827460496832,17.4748485824816,16.939025706019002,16.10326071167395,14.14380535513025,0.9028549845746545
2.0,611.5637399999999,453.5,18.13137959272562,17.46913390733572,16.93329713784379,16.097621947070117,14.138452985132147,0.9033322362173227
2.0,611.5637399999999,453.75,18.12592507475297,17.46341020105762,16.92755907797859,16.091974178655672,14.133093507679133,0.9038057411912643
2.0,611.5637399999999,454.0,18.120463835647946,17.457677406708523,16.92181149516195,16.08631734604256,14.127726725535593,0.904280030717695
2.0,611.5637399999999,454.25,18.11499577402397,17.451935470840052,16.916054351120053,16.080651391753136,14.122352383530774,0.9047551073805854
2.0,611.5637399999999,454.5,18.109520761302786,17.446184340577492,16.910287604634107,16.074976256696978,14.116970251609922,0.9052309743435261
2.0,611.5637399999999,454.75,18.104038657686417,17.440423962917226,16.904511212428368,16.069291879869056,14.1115801331566,0.9057076350135292
2.0,611.5637399999999,455.0,18.098549322261185,17.434655131203012,16.898726138466422,16.06359901631709,14.106181865790173,0.9061807772161202
2.0,611.5637399999999,455.25,18.093052621865414,17.42887804850675,16.892932625044303,16.0578978530244,14.100775387215124,0.9066533907082013
2.0,611.5637399999999,455.5,18.08754844988917,17.42309267413945,16.887130626287433,16.052188342816347,14.095360722650016,0.9071266936647162
2.0,611.5637399999999,455.75,18.08203673100572,17.41729896527884,16.88132009823517,16.04647043873382,14.08993791228589,0.9076006898334033
2.0,611.5637399999999,456.0,18.076517410446556,17.41149687806949,16.875500997490157,16.040744095440722,14.08450698372499,0.9080753828056416
2.0,611.5637399999999,456.25,18.070990443718685,17.405686368035337,16.869673280848854,16.035009269016147,14.079067950573613,0.9085507761267925
2.0,611.5637399999999,456.5,18.06545579086326,17.39986656929668,16.863835926101267,16.029265123947194,14.073620809118301,0.9090235728295895
2.0,611.5637399999999,456.75,18.059913409609134,17.394036803478084,16.857988152111847,16.023511004734228,14.068165468584224,0.9094946660747096
2.0,611.5637399999999,457.0,18.054363235752408,17.388197005107124,16.852129914312666,16.017746846377502,14.0627017289947,0.909966600186054
2.0,611.5637399999999,457.25,18.048805171346842,17.382347111143353,16.846261162851604,16.011972584724322,14.057229362055963,0.9104393787603976
2.0,611.5637399999999,457.5,18.043239094910092,17.376487059004507,16.840381845301092,16.006188153613675,14.051748163754048,0.910913005820966
2.0,611.5637399999999,457.75,18.037664875752178,17.370616850753173,16.83449198465023,16.000393547450766,14.04625795813371,0.9113868532173124
2.0,611.5637399999999,458.0,18.032082382545344,17.364736978649756,16.828592186673273,15.994589233036384,14.040758601793447,0.9118561584414769
2.0,611.5637399999999,458.25,18.026491491015218,17.3588473889588,16.822682393452588,15.98877515106878,14.035250022708917,0.9123262554736872
2.0,611.5637399999999,458.5,18.020892095701598,17.35294802542686,16.81676254905684,15.982951240308628,14.029732193455695,0.912797148928831
2.0,611.5637399999999,458.75,18.015284109363918,17.347038830633323,16.81083259764458,15.97711743999389,14.024205087900473,0.9132688432635281
2.0,611.5637399999999,459.0,18.009667455492515,17.341119746327557,16.804892483115978,15.971273690135707,14.018668674386825,0.9137413429272354
2.0,611.5637399999999,459.25,18.004042063262595,17.335190536878113,16.798941937815385,15.965419760693056,14.01312291479876,0.9142134856919839
2.0,611.5637399999999,459.5,17.998407864024458,17.32925036438638,16.792979978315824,15.959554840649146,14.007567745467943,0.9146813577627776
2.0,611.5637399999999,459.75,17.992764782888923,17.32329915330158,16.787006547366587,15.953678853782602,14.002003019869711,0.9151501272950034
2.0,611.5637399999999,460.0,17.98711272370505,17.317336830202585,16.781021582442012,15.947791725723283,13.99642854750447,0.9156197987900988
2.0,611.5637399999999,460.25,17.981451571174716,17.31136332183325,16.775025018601745,15.941893380746825,13.990844151499308,0.9160903771642538
2.0,611.5637399999999,460.5,17.975781201724867,17.30537855461235,16.76901678909734,15.935983741492855,13.985249674964939,0.9165618675235175
2.0,611.5637399999999,460.75,17.970101490390913,17.29938269046126,16.762997108044008,15.930062957236112,13.979644979614273,0.9170299588910987
2.0,611.5637399999999,461.0,17.964412315194735,17.293375779411406,16.75696605007453,15.924131069534456,13.974029962567531,0.9174967439287282
2.0,611.5637399999999,461.25,17.95871356341682,17.28735775135393,16.750923545353807,15.918188004435896,13.968404555648144,0.9179644111682855
2.0,611.5637399999999,461.5,17.953005134141833,17.281328534800174,16.744869524036194,15.912233687482574,13.962768702220558,0.9184329660250048
2.0,611.5637399999999,461.75,17.9472869352581,17.275288057302124,16.738803915710427,15.906268044357564,13.957122344762073,0.918902413914937
2.0,611.5637399999999,462.0,17.94155887983361,17.26923624559666,16.732726649272223,15.90029100086499,13.951465423252051,0.9193727602979934
2.0,611.5637399999999,462.25,17.9358208839062,17.263172122772676,16.726636571537174,15.894301611050395,13.945797868982586,0.9198381412523905
2.0,611.5637399999999,462.5,17.930072860875605,17.257095459038712,16.72053344398517,15.888299648855144,13.940119529419977,0.9203036065875881
2.0,611.5637399999999,462.75,17.924314703408335,17.251006162668098,16.714417187967868,15.88228502129322,13.934430186710266,0.9207700693217826
2.0,611.5637399999999,463.0,17.91854628079944,17.244904142306357,16.708287721254038,15.876257634238435,13.928729627121092,0.9212375354660756
2.0,611.5637399999999,463.25,17.912767449989243,17.238789306117816,16.7021449591898,15.870217391485989,13.92301765880001,0.9217060113054094
2.0,611.5637399999999,463.5,17.906978064477308,17.232661764826915,16.69598905892995,15.864164391404543,13.917294111483077,0.9221722436124142
2.0,611.5637399999999,463.75,17.90117797984901,17.226521664405016,16.689820214814613,15.858098766456532,13.91155885092552,0.9226357113693835
2.0,611.5637399999999,464.0,17.89536706063147,17.220368917813758,16.683638338092155,15.852020424772848,13.905811788185433,0.9231001536482614
2.0,611.5637399999999,464.25,17.88954518526077,17.214203435978423,16.67744334023773,15.845929273323904,13.900052854563196,0.9235655771310143
2.0,611.5637399999999,464.5,17.883712243555173,17.20802512845651,16.67123513199601,15.83982521903494,13.894281980828621,0.9240319884825346
2.0,611.5637399999999,464.75,17.877868131954504,17.201833903636548,16.66501362317992,15.833708168839031,13.888499094206853,0.9244993944227113
2.0,611.5637399999999,465.0,17.872012750467988,17.195628385355224,16.658777181757138,15.827576790226372,13.882704109465347,0.9249619680125952
2.0,611.5637399999999,465.25,17.86614599474927,17.189408133962097,16.65252532890654,15.821430652854401,13.876896821177587,0.9254242033618625
2.0,611.5637399999999,465.5,17.86026772980045,17.183173026377542,16.64625796091618,15.815269631385224,13.871076919647441,0.9258875809822161
2.0,611.5637399999999,465.75,17.854377783915606,17.17692294030315,16.639974968110174,15.809093598971822,13.865244093493997,0.9263521085606242
2.0,611.5637399999999,466.0,17.848475964353558,17.170657752708383,16.633676236986766,15.802902425444902,13.859398063719395,0.9268177942260934
2.0,611.5637399999999,466.25,17.842562071552162,17.164378032051605,16.62736248365002,15.796696646613652,13.85353858728912,0.9272794701605593
2.0,611.5637399999999,466.5,17.836635910000194,17.158083985725398,16.62103397358379,15.790476450391532,13.84766551052131,0.9277398771838504
2.0,611.5637399999999,466.75,17.830697305929892,17.15177550510359,16.614690591228975,15.78424172045929,13.841778767386728,0.9282013602868576
2.0,611.5637399999999,467.0,17.82474611421789,17.14545247831739,16.608332222075855,15.77799233925893,13.83587831527547,0.9286639278962986
2.0,611.5637399999999,467.25,17.81878220994502,17.13911479139195,16.601958751025542,15.77172818969701,13.82996410293343,0.9291275883623699
2.0,611.5637399999999,467.5,17.812805478612844,17.132762202647562,16.595569910348402,15.765449033398998,13.82403606651719,0.9295910761965047
2.0,611.5637399999999,467.75,17.80681580982457,17.126393942165667,16.589164799876674,15.75915412301585,13.818094116313736,0.93004914246887
2.0,611.5637399999999,468.0,17.800813088908935,17.120009875290084,16.582743298264564,15.752843324086317,13.81213808908617,0.9305083752508629
2.0,611.5637399999999,468.25,17.79479718348037,17.113609868081298,16.576305278441428,15.746516502847976,13.806167779788186,0.9309687832427185
2.0,611.5637399999999,468.5,17.788767944486274,17.107193785711125,16.56985061011835,15.740173523430046,13.800182990267205,0.9314303755551312
2.0,611.5637399999999,468.75,17.782725214903362,17.10076149203585,16.56337916028018,15.733814247505132,13.794183535273467,0.9318931615295389
2.0,611.5637399999999,469.0,17.77666883527542,17.094312116137758,16.55688990955783,15.727437826459346,13.78816923520356,0.9323501335298386
2.0,611.5637399999999,469.25,17.770598642696363,17.087845390100764,16.55038258219029,15.721043992182484,13.782139852174167,0.9328072976733038
2.0,611.5637399999999,469.5,17.764514457649906,17.081361155607826,16.543857029862846,15.714632581912971,13.77609510244059,0.9332657353064783
2.0,611.5637399999999,469.75,17.758416082400586,17.07485925311021,16.537313099407008,15.708203430396356,13.770034710698873,0.933725456878052
2.0,611.5637399999999,470.0,17.75230331001421,17.068339521082635,16.53075063381658,15.701756369213424,13.76395842303406,0.9341864731786605
2.0,611.5637399999999,470.25,17.746175931503135,17.06180196583656,16.52416967795998,15.695291391357298,13.7578660056613,0.9346421169614385
2.0,611.5637399999999,470.5,17.74003374018664,17.05524646801316,16.517570120647648,15.688808368689637,13.751757255186819,0.935097369308627
2.0,611.5637399999999,470.75,17.733876536460688,17.048672863261313,16.510951796913265,15.682307130027374,13.745631993147233,0.9355539084531389
2.0,611.5637399999999,471.0,17.727704128924934,17.0420809843721,16.504314539312002,15.67578750224504,13.739490049716734,0.9360117458068886
2.0,611.5637399999999,471.25,17.72151633218357,17.035470661449782,16.497658177644315,15.669249310570548,13.733331257023323,0.936470892953247
2.0,611.5637399999999,471.5,17.71531296460166,17.028840733881385,16.4909813442939,15.662691424257774,13.727155440550925,0.9369257410685045
2.0,611.5637399999999,471.75,17.70909384202141,17.022190470403466,16.48428321443665,15.656113125878994,13.72096233312049,0.9373789826280832
2.0,611.5637399999999,472.0,17.702858755884343,17.015519658236386,16.477563593446064,15.649514197846571,13.71475156244062,0.9378336698523152
2.0,611.5637399999999,472.25,17.69660746294048,17.008828083875155,16.47082227763574,15.642894420141996,13.708522738339287,0.9382898159529756
2.0,611.5637399999999,472.5,17.69033969703541,17.002115531212134,16.464059057107068,15.636253567738086,13.70227549882709,0.9387474347568497
2.0,611.5637399999999,472.75,17.684055183343798,16.99538360455005,16.457275925003746,15.629593172038339,13.696009524268439,0.9391987244143917
2.0,611.5637399999999,473.0,17.677753655221093,16.988632381883185,16.450472980932226,15.62291329323932,13.689724684105911,0.9396502577120688
2.0,611.5637399999999,473.25,17.67143489288314,16.981861683874083,16.44365002454561,15.616213744144689,13.683420993707239,0.9401031098346189
2.0,611.5637399999999,473.5,17.66509872908465,16.975071325708598,16.436806857139587,15.609494336395548,13.677098471855402,0.9405572941185496
2.0,611.5637399999999,473.75,17.658745026959703,16.968261118697992,16.429943279175628,15.602754882316917,13.670757103534902,0.9410128237910272
2.0,611.5637399999999,474.0,17.652373661900427,16.96142960176526,16.42305755017196,15.595993968359364,13.664396831875921,0.9414642953517716
2.0,611.5637399999999,474.25,17.64598450571216,16.954575660528363,16.41614838242699,15.589210515032345,13.658017452785769,0.941913463976953
2.0,611.5637399999999,474.5,17.639577394107693,16.9476990449233,16.409215546717583,15.58240427617567,13.651618587685025,0.9423641615538549
2.0,611.5637399999999,474.75,17.633152108385683,16.940799505155024,16.402258801589316,15.57557500307806,13.645199806448872,0.9428164030351192
2.0,611.5637399999999,475.0,17.62670839025991,16.933876788796347,16.395277897833573,15.568722440081752,13.63876070452884,0.943270204171257
2.0,611.5637399999999,475.25,17.620245962595693,16.926929774225833,16.388271527831943,15.561845488418486,13.63230090261461,0.9437178370202002
2.0,611.5637399999999,475.5,17.613764537115273,16.9199579839338,16.38123918706917,15.554943667645675,13.625819967601702,0.9441653929718354
2.0,611.5637399999999,475.75,17.60726380284086,16.91296112488202,16.37418059093734,15.548016673779761,13.619317418039843,0.9446146078950515
2.0,611.5637399999999,476.0,17.600743424831254,16.90593889966519,16.367095444910046,15.541064196519486,13.61279278670944,0.9450654999701567
2.0,611.5637399999999,476.25,17.594203055452798,16.89889152852038,16.359984082798476,15.534086423774006,13.606245641534164,0.9455154790927424
2.0,611.5637399999999,476.5,17.58764234630951,16.89182015682288,16.352847951120282,15.527084437252961,13.599675634985157,0.9459600004129423
2.0,611.5637399999999,476.75,17.581060969683435,16.884724524619337,16.345686754055382,15.520057964124755,13.59308260003229,0.9464060700441808
2.0,611.5637399999999,477.0,17.574458647073065,16.877604361541277,16.33850019995779,15.513006723582484,13.586466461677452,0.9468537064777582
2.0,611.5637399999999,477.25,17.567835143079897,16.87045939037199,16.33128799483379,15.505930432836443,13.579827125941176,0.9473029279440583
2.0,611.5637399999999,477.5,17.561190243446596,16.86328895248878,16.324049383067923,15.498828444722232,13.573164463092198,0.9477499985479719
2.0,611.5637399999999,477.75,17.554523739108337,16.85609211819186,16.31678329009409,15.49169985211326,13.566478276033825,0.9481924535401007
2.0,611.5637399999999,478.0,17.547835409075322,16.84886856513365,16.30948939596409,15.48454433463514,13.559768265318786,0.9486365883015068
2.0,611.5637399999999,478.25,17.541125005428043,16.841617967507432,16.302167369636734,15.477361568062447,13.553034080099843,0.9490824223887963
2.0,611.5637399999999,478.5,17.53439225642929,16.834339994271282,16.29481687170411,15.47015122107286,13.54627536932109,0.9495299760366259
2.0,611.5637399999999,478.75,17.527636876517533,16.827034135921572,16.28743734397327,15.46291278795415,13.539491787127316,0.9499720275620961
2.0,611.5637399999999,479.0,17.520858571663773,16.819699970771453,16.280028339926172,15.455645846056653,13.532682976409106,0.9504127844658297
2.0,611.5637399999999,479.25,17.5140570387123,16.812337141546358,16.27258949218784,15.448350033804253,13.525848565918867,0.950855301900909
2.0,611.5637399999999,479.5,17.507231965220402,16.80494528405628,16.265120424170345,15.441024981958968,13.518988182859296,0.9512996018095319
2.0,611.5637399999999,479.75,17.50038303191188,16.79752378309542,16.25762045233379,15.433670077906447,13.51210145623058,0.9517444677339599
2.0,611.5637399999999,480.0,17.49350991364047,16.79007040287588,16.250086915944618,15.426283142196235,13.50518798224584,0.9521818541132614
2.0,611.5637399999999,480.25,17.486612266757664,16.782584686963546,16.242519380597127,15.418863710465464,13.49824717713092,0.9526211979236655
2.0,611.5637399999999,480.5,17.479689694864444,16.775066174762216,16.234917387340133,15.411411312745678,13.491278350888537,0.9530625244990191
2.0,611.5637399999999,480.75,17.472741751598207,16.76751439675545,16.227280460822982,15.403925465904557,13.484280838809408,0.9535058606046221
2.0,611.5637399999999,481.0,17.465767964672963,16.759931256021883,16.219611034283414,15.396407975199859,13.47725403258651,0.9539417062985224
2.0,611.5637399999999,481.25,17.45876786296837,16.75231667234508,16.211909042335108,15.38885873183805,13.4701975722314,0.9543781004924273
2.0,611.5637399999999,481.5,17.451741029778674,16.744670229509435,16.204174024116764,15.38127730304242,13.463111289805974,0.9548163476743258
2.0,611.5637399999999,481.75,17.444687111859515,16.736991498147308,16.19640551511563,15.373663248377053,13.455995023380483,0.9552564740674555
2.0,611.5637399999999,482.0,17.437605791479942,16.729279320111086,16.188602161536345,15.366015428868815,13.448848562367598,0.9556948076261409
2.0,611.5637399999999,482.25,17.430496759703264,16.721531768319103,16.180761687744305,15.3583319651617,13.441671577857095,0.9561276985391154
2.0,611.5637399999999,482.5,17.423359683477386,16.713748306662783,16.17288356399661,15.35061232102559,13.434463531669797,0.9565626486952891
2.0,611.5637399999999,482.75,17.41619417257828,16.705928391789772,16.164967235528703,15.342855951805872,13.427223778476222,0.9569996874821408
2.0,611.5637399999999,483.0,17.40899978539852,16.698071731908996,16.15701245299233,15.335062551293962,13.419951680975629,0.9574373678813534
2.0,611.5637399999999,483.25,17.40177605218269,16.690179547186148,16.149020821337487,15.327233270441113,13.412646658136357,0.9578672767287402
2.0,611.5637399999999,483.5,17.394522502411345,16.682251330254598,16.140991769066787,15.319367591307753,13.405308319480554,0.9582991770525723
2.0,611.5637399999999,483.75,17.387238704504153,16.674286555227024,16.132924723255098,15.311464977607418,13.39793638508302,0.9587330997388962
2.0,611.5637399999999,484.0,17.379924265488345,16.666284681273346,16.124819100621806,15.303524881925364,13.390530552806958,0.9591690757509195
2.0,611.5637399999999,484.25,17.372578808408733,16.65824424029882,16.11667317816517,15.295545864015095,13.383090473215631,0.9595982695119322
2.0,611.5637399999999,484.5,17.36520195269121,16.650164340023583,16.108485973929536,15.287527040312352,13.37561567520986,0.9600268222233659
2.0,611.5637399999999,484.75,17.35779328802907,16.64204435331726,16.10025683479077,15.27946778318435,13.368105575575797,0.9604575467475581
2.0,611.5637399999999,485.0,17.35035236524743,16.633883638627633,16.09198508603395,15.271367448692613,13.360559556452811,0.9608904774450275
2.0,611.5637399999999,485.25,17.342878705415703,16.62568077117706,16.083669083593332,15.263224632698986,13.352976991134998,0.961318445662282
2.0,611.5637399999999,485.5,17.335371805849856,16.617434538797752,16.075307469864853,15.255038132224803,13.345357178817398,0.9617439998803045
2.0,611.5637399999999,485.75,17.327831128545288,16.6091441981894,16.06689947604536,15.246807193844154,13.33769932354529,0.9621718881616075
2.0,611.5637399999999,486.0,17.32025609281766,16.60080898727953,16.05844430403229,15.238531042301855,13.330002600886681,0.9626021498481019
2.0,611.5637399999999,486.25,17.312646085120182,16.592429850826953,16.049943272780048,15.230210547823587,13.322266210101386,0.9630268460969249
2.0,611.5637399999999,486.5,17.30500047966595,16.584006971418713,16.04139670562711,15.221845844083925,13.31448952385792,0.9634496586922136
2.0,611.5637399999999,486.75,17.297318681845013,16.57553962536124,16.032803795179003,15.213436189391288,13.30667210485202,0.9638747360894752
2.0,611.5637399999999,487.0,17.289600148410585,16.567027063251643,16.024163721740933,15.204980820244712,13.298813550311003,0.9643021184457852
2.0,611.5637399999999,487.25,17.281844367798243,16.558467003493718,16.015473770001243,15.196477497031669,13.290913396953941,0.964724908453915
2.0,611.5637399999999,487.5,17.2740508279053,16.549857377482756,16.006731541828067,15.187924186643777,13.282970980694637,0.9651446507992184
2.0,611.5637399999999,487.75,17.266218967428955,16.541197250656108,15.997936075513365,15.179319950514097,13.274985388826773,0.9655669182025949
2.0,611.5637399999999,488.0,17.258348145707746,16.5324856650547,15.989086365388257,15.170663823334475,13.266955608914747,0.9659917571164991
2.0,611.5637399999999,488.25,17.250437656908087,16.52372517867537,15.980185787246667,15.161958231036358,13.258880656643408,0.966409324969095
2.0,611.5637399999999,488.5,17.242486771913107,16.514915943187088,15.971234605852294,15.153203274073487,13.250759886000468,0.9668265071846682
2.0,611.5637399999999,488.75,17.234494823902704,16.506057106388493,15.962231845571369,15.144398082015893,13.242592957966522,0.9672460612435954
2.0,611.5637399999999,489.0,17.226461234687186,16.497147782936565,15.953176518136694,15.135541758099489,13.23437955361001,0.9676680328751593
2.0,611.5637399999999,489.25,17.218385475385162,16.488182407807287,15.944061799984231,15.126628889994041,13.22611923270563,0.9680827447734206
2.0,611.5637399999999,489.5,17.210267004161544,16.479158267283665,15.934884590758728,15.117656818273081,13.217811033750623,0.968496975328128
2.0,611.5637399999999,489.75,17.202105149617932,16.470074099940582,15.925643609822027,15.108624283793052,13.209453498095556,0.9689140458732133
2.0,611.5637399999999,490.0,17.19389906964811,16.460929614170038,15.916338763079535,15.099530952535577,13.20104506011049,0.969330673489784
2.0,611.5637399999999,490.25,17.18564780553002,16.451726518116516,15.90697242470706,15.090378409354892,13.192584308909913,0.9697403513756907
2.0,611.5637399999999,490.5,17.177350367558823,16.442463626502406,15.897543251985091,15.081165435586078,13.184070212325555,0.9701527366421346
2.0,611.5637399999999,490.75,17.169005819983756,16.433139701204308,15.88804987883488,15.071890757051646,13.17550193946822,0.9705678884069611
2.0,611.5637399999999,491.0,17.160613283145885,16.423753739933492,15.878491253979211,15.062553331351486,13.166878628013203,0.9709774855293474
2.0,611.5637399999999,491.25,17.152171896851556,16.414304594945296,15.868866146875755,15.053151980523253,13.158199371868902,0.9713848726766958
2.0,611.5637399999999,491.5,17.14368080045304,16.404790904436677,15.859173065990678,15.043685322763078,13.149463228148552,0.9717950932874017
2.0,611.5637399999999,491.75,17.135139122497478,16.39521095202635,15.849410085772957,15.034151634793941,13.14066919490628,0.9722070550545432
2.0,611.5637399999999,492.0,17.126545968768692,16.38555993001783,15.839571402344205,15.024546204645219,13.131816151451787,0.9726095052502608
2.0,611.5637399999999,492.25,17.117900392005527,16.37583611708496,15.829655225969814,15.014867296183377,13.12290259324646,0.9730150760885913
2.0,611.5637399999999,492.5,17.10920132434431,16.36603773400797,15.819659661012308,15.005113111665613,13.113926753909201,0.9734238413460893
2.0,611.5637399999999,492.75,17.100447576224134,16.356168947473748,15.809590329171112,14.99528758814426,13.104886883418049,0.9738243233891274
2.0,611.5637399999999,493.0,17.09163790456948,16.346229395422352,15.799446914579665,14.985390283480097,13.095781784359417,0.974225450686836
2.0,611.5637399999999,493.25,17.08277115660684,16.336217479251385,15.789227575954405,14.975419557075714,13.08661072525971,0.9746295291846723
2.0,611.5637399999999,493.5,17.07384630728832,16.32613182735947,15.778930808913179,14.965373996500766,13.077372975690482,0.9750314590187775
2.0,611.5637399999999,493.75,17.064862396076844,16.315971239344847,15.768555343166982,14.955252366868933,13.068067685760566,0.9754275263470552
2.0,611.5637399999999,494.0,17.055818475239903,16.30573394433686,15.758099189363486,14.94505289036908,13.058693917213942,0.9758266208377123
2.0,611.5637399999999,494.25,17.046713586779685,16.295418096303848,15.747560288019955,14.934773720072965,13.049250623466937,0.9762288190116081
2.0,611.5637399999999,494.5,17.037546742821398,16.28502037001417,15.736934715894076,14.92441157970571,13.039736615043534,0.976620045253535
2.0,611.5637399999999,494.75,17.028316902165503,16.27453866295791,15.726220175748253,14.9139643702466,13.030150450055865,0.9770143533043364
2.0,611.5637399999999,495.0,17.019022934309305,16.263970798905305,15.715414275147198,14.903429915623143,13.02049048359107,0.9774119629003264
2.0,611.5637399999999,495.25,17.009663613001745,16.253313322139334,15.704512999707537,14.892804792998634,13.010754963570525,0.977801465063233
2.0,611.5637399999999,495.5,17.000237623112028,16.242563467442118,15.693513276921419,14.882086234365216,13.0009419476484,0.9781914056043094
2.0,611.5637399999999,495.75,16.990743545109684,16.231718652415125,15.682412281749011,14.871271636714978,12.991049309322118,0.9785848676242952
2.0,611.5637399999999,496.0,16.98117985129636,16.220779462661156,15.67121125703522,14.860361446199754,12.981074847133403,0.9789706097209541
2.0,611.5637399999999,496.25,16.971544934991346,16.20974427169423,15.65990849946712,14.849353962753009,12.971016591281412,0.9793564782987726
2.0,611.5637399999999,496.5,16.961837187950227,16.19861039048704,15.648500967958144,14.83824645147404,12.960872785568407,0.9797458515123554
2.0,611.5637399999999,496.75,16.952055025726505,16.187380288815067,15.636992299789561,14.82704116268682,12.950641660060976,0.9801277733077709
2.0,611.5637399999999,497.0,16.942196877329113,16.176053213728835,15.625381808716126,14.815737240701404,12.940321776795157,0.9805092623971827
2.0,611.5637399999999,497.25,16.9322612557493,16.164626525715832,15.613666407695542,14.804332011842334,12.92991202376101,0.9808941267100943
2.0,611.5637399999999,497.5,16.922246774029045,16.153092749881232,15.601836853809392,14.792818139385883,12.919411168982437,0.9812730756308898
2.0,611.5637399999999,497.75,16.912152050861007,16.141445742251015,15.589885862158248,14.781189576998706,12.908817279584316,0.9816500500119428
2.0,611.5637399999999,498.0,16.9019755388266,16.12968188303521,15.57780950315423,14.769442714317693,12.898127613441329,0.9820308942706545
2.0,611.5637399999999,498.25,16.891715426579893,16.117804959954427,15.565613411288243,14.757581082595134,12.887339097868608,0.9824029065551761
2.0,611.5637399999999,498.5,16.88136970543369,16.10581297989849,15.553295425150052,14.745602608347832,12.87644922656557,0.9827762098857635
2.0,611.5637399999999,498.75,16.87093637539581,16.093702396613647,15.540851442550858,14.733503698063759,12.865455992388842,0.9831532442097128
2.0,611.5637399999999,499.0,16.860413510717898,16.08146449881908,15.528270738379678,14.721275764687677,12.854357275632621,0.983519120456919
2.0,611.5637399999999,499.25,16.84979916462995,16.06909480261287,15.515548362372568,14.708914303336888,12.843150244315675,0.9838886474396848
2.0,611.5637399999999,499.5,16.839091204390314,16.05659237227682,15.502683973332024,14.696418232332368,12.831831493323223,0.9842569397292036
2.0,611.5637399999999,499.75,16.828287280286954,16.043959690816624,15.489681555085776,14.683789757161485,12.820397750997952,0.98461920597265
2.0,611.5637399999999,500.0,16.8173849606665,16.031192456989274,15.476536003306903,14.671024513822811,12.80884642543838,0.9849853591726924
2.0,611.5637399999999,500.25,16.806381892841703,16.018287945425527,15.4632444455047,14.658119652541343,12.79717516614604,0.9853454911062004
2.0,611.5637399999999,500.5,16.79527578785105,16.005242499487544,15.449802793702268,14.645071432212545,12.785381495535779,0.9857040013463131
2.0,611.5637399999999,500.75,16.784064355372863,15.992051102240962,15.436205229168515,14.63187480361802,12.773462773635467,0.9860663308184157
2.0,611.5637399999999,501.0,16.772745254151523,15.978702851500246,15.42243830023154,14.618519031969925,12.761416006193983,0.9864172899574276
2.0,611.5637399999999,501.25,16.761316003841998,15.965191640381303,15.408495218200294,14.604998004262274,12.749237302530569,0.9867726204663996
2.0,611.5637399999999,501.5,16.74977382933411,15.951516387291518,15.3943758142339,14.591310444507542,12.736922070363004,0.9871228333167612
2.0,611.5637399999999,501.75,16.73811564973458,15.937674253207717,15.380077389534943,14.577453348787731,12.724465878291,0.987471217044517
2.0,611.5637399999999,502.0,16.726338238489987,15.923658461641761,15.365592015867415,14.563419878031803,12.711864659623073,0.9878207743149052
2.0,611.5637399999999,502.25,16.714438322068137,15.909461117556365,15.350910459514203,14.549202092300579,12.699114209148995,0.9881621115492879
2.0,611.5637399999999,502.5,16.702412523402295,15.89507454118986,15.336023933093088,14.534792246473375,12.686209798004082,0.9885080716851504
2.0,611.5637399999999,502.75,16.690257261897575,15.880510712056644,15.320949902771046,14.520201565146863,12.673146298950696,0.9888437308758931
2.0,611.5637399999999,503.0,16.677968795028818,15.865764125694124,15.305681567385555,14.505424381212324,12.65991992397254,0.9891826197703356
2.0,611.5637399999999,503.25,16.665543579718303,15.850820740345528,15.290201113182679,14.490446771478945,12.646527764800117,0.989517099684934
2.0,611.5637399999999,503.5,16.652978273295126,15.83566610667496,15.274490797875323,14.475254438608985,12.632965788778813,0.9898487913005217
2.0,611.5637399999999,503.75,16.640269345413877,15.820298171572048,15.258549895801591,14.459845066429466,12.619228282389452,0.9901787202353123
2.0,611.5637399999999,504.0,16.62741281381253,15.804718689632901,15.242382403680214,14.444219998104677,12.605309179997601,0.9905038993554429
2.0,611.5637399999999,504.25,16.614404405326898,15.78891969468978,15.225978844426034,14.428371153805296,12.591203314353656,0.9908300849441962
2.0,611.5637399999999,504.5,16.60123984178445,15.772896288897813,15.209334193341306,14.412293387809772,12.576905813860938,0.9911483066348409
2.0,611.5637399999999,504.75,16.58791485296568,15.75663739139988,15.192435042796554,14.39597558490824,12.562411618504893,0.9914695874517115
2.0,611.5637399999999,505.0,16.57442509427096,15.740124711354502,15.17525860411899,14.379399667006137,12.547715008773691,0.9917810097622861
2.0,611.5637399999999,505.25,16.560765964629592,15.723347632873205,15.157793188996836,14.362554948759156,12.532808700398752,0.992094956726842
2.0,611.5637399999999,505.5,16.546932341715436,15.706306379328607,15.14004183478063,14.345441168370389,12.517684319243171,0.9924003434557161
2.0,611.5637399999999,505.75,16.53291859485265,15.688989307754323,15.121990773305276,14.328046554228699,12.502333985983967,0.9927071087402938
2.0,611.5637399999999,506.0,16.518718875801266,15.671389022889453,15.103632458560401,14.31036337121921,12.486750055356252,0.9930062214935136
2.0,611.5637399999999,506.25,16.50432718736608,15.653496699626333,15.084957307476767,14.292382473270463,12.47092470529879,0.9933047797193445
2.0,611.5637399999999,506.5,16.489737368449397,15.635309158658847,15.06596356460983,14.27410013341783,12.454850053214665,0.9935976754075689
2.0,611.5637399999999,506.75,16.4749431235361,15.616815508259243,15.046638508720642,14.255505170121133,12.438518552310155,0.9938878081805825
2.0,611.5637399999999,507.0,16.459938112785842,15.598004665453857,15.026969505754865,14.236586206674689,12.421922623399809,0.9941743022991396
2.0,611.5637399999999,507.25,16.444715901315487,15.578866510949105,15.006945464647819,14.217332796667012,12.405054146461694,0.9944550704546301
2.0,611.5637399999999,507.5,16.42926984859031,15.55938641193466,14.986549123474939,14.197730138135636,12.387904517071444,0.9947352922191132
2.0,611.5637399999999,507.75,16.413593046291265,15.53952376779249,14.965727538678067,14.177738389496257,12.370464204916416,0.995005907899872
2.0,611.5637399999999,508.0,16.39767808928473,15.51926452421305,14.944467154597353,14.157343257918894,12.352720443944593,0.9952749290838636
2.0,611.5637399999999,508.25,16.38151651081244,15.498609681470882,14.922774876313708,14.136544868999518,12.33465841161261,0.995538887132784
2.0,611.5637399999999,508.5,16.365098861550297,15.477554971887894,14.900648762436823,14.115338118077759,12.316264590541781,0.9957960577592646
2.0,611.5637399999999,508.75,16.348415388924273,15.456082960587926,14.878067842752733,14.09370509247347,12.297527339138044,0.99605177606322
2.0,611.5637399999999,509.0,16.331456434478085,15.434169097125244,14.855001843211879,14.07162098539322,12.278435088058862,0.9962989150837251
2.0,611.5637399999999,509.25,16.314212252942045,15.411804299402027,14.831443488724464,14.049075878235673,12.258974753472225,0.9965409268634339
2.0,611.5637399999999,509.5,16.296672667944165,15.388970411524998,14.807371898151532,14.026051105992872,12.239132666969974,0.9967799867585169
2.0,611.5637399999999,509.75,16.278827097241408,15.36563789306789,14.782750481896812,14.002517016434993,12.218894819598765,0.9970105548819694
2.0,611.5637399999999,510.0,16.260664523747344,15.341786133008734,14.757556877108922,13.978452512996212,12.198245472838694,0.9972346130271439
2.0,611.5637399999999,510.25,16.242173212020806,15.317390651456558,14.7317631951407,13.953832723037388,12.17716734365924,0.9974538110765001
2.0,611.5637399999999,510.5,16.22334061410556,15.292426853065644,14.705341914675861,13.928632566367028,12.155642057839586,0.9976674859406782
2.0,611.5637399999999,510.75,16.204153375800892,15.266893069463762,14.678299060244486,13.902848860393261,12.133650320413704,0.9978713552532386
2.0,611.5637399999999,511.0,16.184597450433447,15.240735182311921,14.65056209492968,13.876427936121159,12.111173739015447,0.9980687331138054
2.0,611.5637399999999,511.25,16.164658404845277,15.213923116150799,14.622098338895208,13.849339145649163,12.088191735368051,0.9982589198856731
2.0,611.5637399999999,511.5,16.14432087508398,15.18645068443942,14.592910025778144,13.821574673728904,12.064680727977649,0.9984418836462595
2.0,611.5637399999999,511.75,16.123568338762965,15.1583154540791,14.563002001112997,13.793130100276754,12.040618042573847,0.9986178584975102
2.0,611.5637399999999,512.0,16.1023838066441,15.129423364475779,14.532241582187925,13.763913062347253,12.015983394138711,0.9987841159557531
2.0,611.5637399999999,512.25,16.08075015302925,15.099793453075455,14.50067505563157,13.73393956897534,11.990751521554168,0.998940667581696
2.0,611.5637399999999,512.5,16.058648963558923,15.069373565003612,14.468233029405239,13.70315734192951,11.96489620413896,0.9990885871809168
2.0,611.5637399999999,512.75,16.03606092253281,15.038099639656133,14.434833693058778,13.671502610028334,11.938391105610684,0.9992270804780067
2.0,611.5637399999999,513.0,16.01296577139604,15.005972871043646,14.400498077219222,13.63897390536484,11.911205237836553,0.999355421549792
2.0,611.5637399999999,513.25,15.989341671840869,14.972974663537126,14.365209475763177,13.605550546643444,11.883307984205963,0.9994737664434665
2.0,611.5637399999999,513.5,15.965165991604247,14.939045959114608,14.32888899224378,13.571173013439095,11.854671481990795,0.9995816021870177
2.0,611.5637399999999,513.75,15.940415913008911,14.904137828144194,14.291479874246319,13.53579148370766,11.825265815775312,0.9996782610457836
2.0,611.5637399999999,514.0,15.915067766487935,14.868209994812172,14.252940294377142,13.499364379328162,11.795057249390627,0.9997634020347372
2.0,611.5637399999999,514.25,15.88909644535958,14.831222825187899,14.213228733618473,13.461850578313644,11.764009973044503,0.9998363067461443
2.0,611.5637399999999,514.5,15.862475440686554,14.793107093783417,14.172257571951071,13.423180624323043,11.732087056528735,0.9998952333116684
2.0,611.5637399999999,514.75,15.835176925488339,14.753875645969924,14.13007289742074,13.383362829551446,11.699248741264562,0.9999414173463933
2.0,611.5637399999999,515.0,15.807171650766053,14.71350133869734,14.086642870573096,13.342367127157846,11.665457898098087,0.9999747550367794
2.0,611.5637399999999,515.25,15.778430127496836,14.671924533407243,14.04188744961749,13.300132624913891,11.630681270754215,0.9999946987253379
2.0,611.5637399999999,515.5,15.748923207612028,14.629467322695174,13.996335913756967,13.256959764237825,11.594886522109599,1.0
2.0,611.5637399999999,515.75,15.71862321755447,14.587735063285017,13.952436359888924,13.214363941604315,11.558082372972425,1.0
2.0,611.5637399999999,516.0,15.68751839167277,14.546680832128137,13.909656452501808,13.172302096048169,11.520440768726566,1.0
2.0,611.5637399999999,516.25,15.655643086461529,14.506204855481593,13.867701195338533,13.130691188596453,11.48221532456378,1.0
2.0,611.5637399999999,516.5,15.623071631551253,14.46620579632545,13.82637891155306,13.089456757759582,11.44361791254472,1.0
2.0,611.5637399999999,516.75,15.58989306121218,14.426594849255498,13.785556207494977,13.048542403648055,11.404805615296093,1.0
2.0,611.5637399999999,517.0,15.556194988198072,14.387297957259888,13.74513638889407,13.007907142808437,11.365891179124523,1.0
2.0,611.5637399999999,517.25,15.52205651271966,14.348254853688927,13.705047528947851,12.967521015491597,11.326954691263905,1.0
2.0,611.5637399999999,517.5,15.487546091627866,14.309417276277824,13.665235165405477,12.927361516049366,11.28805275409296,1.0
2.0,611.5637399999999,517.75,15.452721710656503,14.270747047231511,13.625657514376217,12.887411122912079,11.249225124022464,1.0
2.0,611.5637399999999,518.0,15.417631979771972,14.232214268693074,13.586282184553921,12.847655686264625,11.210499415155834,1.0
2.0,611.5637399999999,518.25,15.382317493042784,14.193795730582078,13.547083846571667,12.808083396690801,11.171894432662718,1.0
2.0,611.5637399999999,518.5,15.346812159690055,14.155473558840363,13.508042540003336,12.768684125897314,11.133422555235278,1.0
2.0,611.5637399999999,518.75,15.311144390118251,14.117234097155537,13.469142421526826,12.72944900023582,11.095091456935911,1.0
2.0,611.5637399999999,519.0,15.275338103942472,14.079066998535396,13.430370826790375,12.690370118923314,11.056905365392383,1.0
2.0,611.5637399999999,519.25,15.239413564232697,14.04096449694575,13.391717560144599,12.651440362567076,11.018865990053936,1.0
2.0,611.5637399999999,519.5,15.20338805710012,14.00292082887273,13.353174352649564,12.612653258724956,10.980973212260059,1.0
2.0,611.5637399999999,519.75,15.167276440053069,13.96493177719801,13.31473444595205,12.574002884154238,10.943225601049908,1.0
2.0,611.5637399999999,520.0,15.131091582031868,13.926994313456351,13.276392271248593,12.535483791221079,10.905620800007553,1.0
2.0,611.5637399999999,520.25,15.094844715543351,13.889106318435426,13.238143200626721,12.497090950660738,10.868155817764466,1.0
2.0,611.5637399999999,520.5,15.058545718237358,13.851266364709524,13.19998335382217,12.458819705735928,10.83082724600214,1.0
2.0,611.5637399999999,520.75,15.022203338240056,13.813473547876196,13.161909447596894,12.420665734585304,10.793631422602616,1.0
2.0,611.5637399999999,521.0,14.985825374850588,13.775727355940251,13.123918678012553,12.38262501863328,10.756564553145495,1.0
2.0,611.5637399999999,521.25,14.949418823901658,13.738027568487194,13.086008628164556,12.344693815611233,10.71962280070372,1.0
2.0,611.5637399999999,521.5,14.912989995179098,13.700374179064235,13.048177195667412,12.306868636175803,10.682802351490132,1.0
2.0,611.5637399999999,521.75,14.876544607749263,13.662767335606107,13.010422535492394,12.269146223396131,10.646099462112229,1.0
2.0,611.5637399999999,522.0,14.840087867804277,13.62520729486787,12.972743014759264,12.231523534574297,10.60951049283927,1.0
2.0,611.5637399999999,522.25,14.80362453265057,13.587694387713695,12.935137176851486,12.193997724995992,10.573031930258239,1.0
2.0,611.5637399999999,522.5,14.767158963688688,13.55022899280675,12.897603712815336,12.156566133302173,10.536660401909886,1.0
2.0,611.5637399999999,522.75,14.73069517061999,13.51281151679027,12.860141438459442,12.11922626824012,10.500392684897214,1.0
2.0,611.5637399999999,523.0,14.694236848635976,13.475442379475489,12.822749275923954,12.081975796602313,10.464225709993414,1.0
2.0,611.5637399999999,523.25,14.657787409969469,13.438122002883954,12.785426238761735,12.04481253219888,10.428156562423691,1.0
2.0,611.5637399999999,523.5,14.621350010892849,13.400850803250293,12.748171419785677,12.007734425737883,10.392182480219615,1.0
2.0,611.5637399999999,523.75,14.584927575018119,13.363629185292512,12.71098398110069,11.970739555509734,10.35630085083348,1.0
2.0,611.5637399999999,524.0,14.548522813573904,13.326457538213328,12.673863145866505,11.933826118789232,10.32050920653693,1.0
2.0,611.5637399999999,524.25,14.512138243193613,13.289336233017522,12.636808191436723,11.896992423882217,10.284805219002047,1.0
2.0,611.5637399999999,524.5,14.475776201639128,13.2522656208246,12.599818443596572,11.860236882754716,10.24918669336601,1.0
2.0,611.5637399999999,524.75,14.439438861798052,13.215246031929322,12.562893271682034,11.823558004191094,10.213651562005467,1.0
2.0,611.5637399999999,525.0,14.403128244225213,13.178277775419437,12.526032084409604,11.78695438743481,10.17819787818916,1.0
2.0,611.5637399999999,525.25,14.366846228446002,13.141361139204019,12.489234326282489,11.750424716271135,10.142823809733084,1.0
2.0,611.5637399999999,525.5,14.330594563197563,13.104496390339921,12.45249947446732,11.713967753515982,10.107527632748386,1.0
2.0,611.5637399999999,525.75,14.29437487575096,13.06768377557028,12.415827036057745,11.677582335878945,10.072307725546336,1.0
2.0,611.5637399999999,526.0,14.258188680431635,13.030923522009488,12.379216545658474,11.641267369172022,10.037162562744856,1.0
2.0,611.5637399999999,526.25,14.222037386434872,12.994215837924822,12.342667563236919,11.605021823838312,10.002090709605989,1.0
2.0,611.5637399999999,526.5,14.185922305016721,12.95756091357715,12.306179672200171,11.568844730777414,9.967090816622479,1.0
2.0,611.5637399999999,526.75,14.149844656127792,12.920958922092531,12.269752477663376,11.532735177446359,9.932161614362988,1.0
2.0,611.5637399999999,527.0,14.113805574546966,12.884410020343783,12.233385604882043,11.49669230421674,9.897301908579246,1.0
2.0,611.5637399999999,527.25,14.077806115563607,12.847914349826675,12.197078697826027,11.460715300970303,9.862510575573713,1.0
2.0,611.5637399999999,527.5,14.041847260250103,12.811472037519648,12.160831417876931,11.424803403916691,9.827786557823062,1.0
2.0,611.5637399999999,527.75,14.00592992036099,12.775083196719216,12.12464344263391,11.3889558926183,9.793128859850304,1.0
2.0,611.5637399999999,528.0,13.970054942890405,12.73874792784575,12.088514464815402,11.353172087208337,9.758536544336891,1.0
2.0,611.5637399999999,528.25,13.934223114315829,12.702466319216164,12.052444191246309,11.317451345789225,9.724008728464948,1.0
2.0,611.5637399999999,528.5,13.898435164552883,12.666238447781442,12.016432341921853,11.28179306199937,9.689544580479255,1.0
2.0,611.5637399999999,528.75,13.862691770643448,12.630064379828072,11.980478649140563,11.246196662737233,9.655143316458245,1.0
2.0,611.5637399999999,529.0,13.826993560197007,12.593944171643153,11.944582856699963,11.210661606032355,9.620804197283224,1.0
2.0,611.5637399999999,529.25,13.791341114603267,12.557877870143578,11.908744719149336,11.175187379053728,9.586526525795138,1.0
2.0,611.5637399999999,529.5,13.755734972032439,12.521865513470061,11.87296400109473,11.139773496246573,9.552309644128416,1.0
2.0,611.5637399999999,529.75,13.720175630238199,12.485907131547117,11.837240476551877,11.104419497589149,9.518152931211771,1.0
2.0,611.5637399999999,530.0,13.684663549176923,12.450002746610227,11.801573928343219,11.069124946961818,9.484055800426171,1.0
2.0,611.5637399999999,530.25,13.649199153455921,12.414152373701626,11.765964147535637,11.033889430621086,9.450017697410644,1.0
2.0,611.5637399999999,530.5,13.613782834622183,12.378356021136135,11.730410932915838,10.998712555771828,9.416038098007,1.0
2.0,611.5637399999999,530.75,13.578414953302417,12.342613690938565,11.694914090500617,10.963593949231347,9.382116506334986,1.0
2.0,611.5637399999999,531.0,13.543095841204273,12.306925379254167,11.65947343307951,10.928533256179351,9.348252452989852,1.0
2.0,611.5637399999999,531.25,13.507825802987984,12.271291076733602,11.624088779787519,10.893530138988286,9.314445493354741,1.0
2.0,611.5637399999999,531.5,13.472605118016983,12.235710768893872,11.588759955705846,10.858584276128859,9.280695206020729,1.0
2.0,611.5637399999999,531.75,13.437434041995399,12.200184436456592,11.553486791488686,10.823695361145907,9.247001191307756,1.0
2.0,611.5637399999999,532.0,13.402312808499893,12.164712055664943,11.51826912301434,10.788863101700072,9.21336306988012,1.0
2.0,611.5637399999999,532.25,13.367241630412698,12.129293598580576,11.483106791058953,10.754087218671048,9.179780481450537,1.0
2.0,611.5637399999999,532.5,13.332220701262287,12.093929033361684,11.447999640991437,10.719367445318449,9.14625308356715,1.0
2.0,611.5637399999999,532.75,13.297250196477695,12.058618324523398,11.412947522488109,10.684703526496577,9.112780550478252,1.0
2.0,611.5637399999999,533.0,13.262330274562041,12.02336143318158,11.37795028926578,10.650095217919626,9.079362572069725,1.0
2.0,611.5637399999999,533.25,13.227461078190558,11.988158317281083,11.343007798832067,10.615542285474092,9.04599885287061,1.0
2.0,611.5637399999999,533.5,13.192642735237925,11.953008931809398,11.308119912251803,10.581044504575331,9.012689111122423,1.0
2.0,611.5637399999999,533.75,13.157875359739513,11.917913228996646,11.273286493928477,10.54660165956545,8.979433077908173,1.0
2.0,611.5637399999999,534.0,13.123159052790836,11.882871158502768,11.23850741139979,10.512213543149855,8.946230496337224,1.0
2.0,611.5637399999999,534.25,13.088493903389102,11.8478826675927,11.20378253514629,10.47787995586998,8.913081120782493,1.0
2.0,611.5637399999999,534.5,13.053879989220684,11.812947701300324,11.169111738412374,10.443600705609882,8.879984716166543,1.0
2.0,611.5637399999999,534.75,13.019317377397954,11.778066202581897,11.13449489703875,10.409375607134495,8.846941057293522,1.0
2.0,611.5637399999999,535.0,12.98480612514873,11.743238112459618,11.099931889305688,10.375204481657553,8.813949928223954,1.0
2.0,611.5637399999999,535.25,12.950346280461414,11.708463370155979,11.065422595786313,10.34108715643723,8.78101112168967,1.0
2.0,611.5637399999999,535.5,12.915937882688652,11.673741913219473,11.03096689920932,10.307023464397746,8.748124438546263,1.0
2.0,611.5637399999999,535.75,12.881580963112174,11.639073677642225,10.996564684330512,10.273013243775265,8.715289687260713,1.0
2.0,611.5637399999999,536.0,12.847275545471348,11.604458597970055,10.962215837812547,10.239056337786513,8.682506683431868,1.0
2.0,611.5637399999999,536.25,12.81302164645774,11.569896607405452,10.927920248112436,10.205152594318669,8.649775249341724,1.0
2.0,611.5637399999999,536.5,12.778819276177883,11.53538763790393,10.893677805376203,10.171301865639155,8.617095213535489,1.0
2.0,611.5637399999999,536.75,12.744668438586302,11.50093162026417,10.85948840134035,10.137504008124054,8.584466410428606,1.0
2.0,611.5637399999999,537.0,12.710569131890704,11.466528484212358,10.82535192923959,10.103758882003948,8.551888679938981,1.0
2.0,611.5637399999999,537.25,12.676521348931113,11.432178158481095,10.791268283720509,10.070066351126066,8.51936186714284,1.0
2.0,611.5637399999999,537.5,12.642525077534632,11.397880570883219,10.75723736076077,10.036426282731691,8.486885821952631,1.0
2.0,611.5637399999999,537.75,12.608580300847406,11.363635648380853,10.723259057593452,10.00283854724785,8.454460398815641,1.0
2.0,611.5637399999999,538.0,12.57468699764522,11.32944331715003,10.689333272636269,9.969303018092353,8.422085456431901,1.0
2.0,611.5637399999999,538.25,12.540845142624155,11.295303502641115,10.655459905425287,9.935819571491356,8.389760857490236,1.0
2.0,611.5637399999999,538.5,12.507054706672534,11.261216129635354,10.621638856552917,9.902388086308603,8.35748646842121,1.0
2.0,611.5637399999999,538.75,12.473315657125388,11.227181122297758,10.587870027609823,9.869008443885633,8.325262159165957,1.0
2.0,611.5637399999999,539.0,12.439627958002552,11.193198404226571,10.554153321130581,9.835680527892222,8.293087802959814,1.0
2.0,611.5637399999999,539.25,12.40599157023146,11.159267898499555,10.5204886405428,9.802404224186416,8.260963276129832,1.0
2.0,611.5637399999999,539.5,12.372406451855595,11.125389527717271,10.486875890119485,9.769179420683535,8.228888457905299,1.0
2.0,611.5637399999999,539.75,12.338872558229543,11.091563214043557,10.453314974934452,9.736006007233577,8.196863230240382,1.0
2.0,611.5637399999999,540.0,12.305389842201492,11.057788879243402,10.41980580082057,9.702883875506465,8.164887477648175,1.0
2.0,611.5637399999999,540.25,12.271958254283994,11.024066444718361,10.386348274330686,9.669812918884663,8.132961087045347,1.0
2.0,611.5637399999999,540.5,12.238577742813739,10.99039583153967,10.35294230270104,9.636793032362654,8.101083947606798,1.0
2.0,611.5637399999999,540.75,12.205248254101035,10.956776960479226,10.319587793816984,9.603824112452862,8.06925595062958,1.0
2.0,611.5637399999999,541.0,12.171969732569693,10.92320975203855,10.28628465618092,9.570906057097606,8.037476989405583,1.0
2.0,611.5637399999999,541.25,12.138742120887887,10.889694126475874,10.25303279888226,9.538038765586675,8.005746959102359,1.0
2.0,611.5637399999999,541.5,12.1055653600906,10.856230003831469,10.219832131569284,9.505222138480192,7.97406575665158,1.0
2.0,611.5637399999999,541.75,12.072439389694175,10.822817303951325,10.18668256442282,9.472456077536405,7.942433280644653,1.0
2.0,611.5637399999999,542.0,12.039364147803504,10.789455946509296,10.153584008131567,9.4397404856441,7.910849431235014,1.0
2.0,611.5637399999999,542.25,12.006339571212303,10.756145851027796,10.120536373868994,9.407075266759335,7.879314110046678,1.0
2.0,611.5637399999999,542.5,11.97336559549694,10.722886936897154,10.087539573271702,9.374460325846224,7.847827220088651,1.0
2.0,611.5637399999999,542.75,11.940442155104193,10.689679123393704,10.054593518419162,9.341895568821496,7.816388665674811,1.0
2.0,611.5637399999999,543.0,11.907569183433377,10.656522329696687,10.021698121814728,9.309380902502607,7.784998352348932,1.0
2.0,611.5637399999999,543.25,11.874746612913176,10.623416474904065,9.988853296367857,9.276916234559158,7.753656186814488,1.0
2.0,611.5637399999999,543.5,11.841974375073491,10.590361478047283,9.956058955377452,9.244501473467418,7.722362076868961,1.0
2.0,611.5637399999999,543.75,11.809252400612698,10.557357258105073,9.923315012516246,9.21213652846775,7.691115931342346,1.0
2.0,611.5637399999999,544.0,11.776580619460534,10.524403734016353,9.890621381816185,9.179821309524753,7.659917660039584,1.0
2.0,611.5637399999999,544.25,11.74395896083695,10.491500824692276,9.857977977654722,9.147555727289937,7.628767173686678,1.0
2.0,611.5637399999999,544.5,11.711387353307133,10.458648449027482,9.825384714741967,9.115339693066794,7.597664383880253,1.0
2.0,611.5637399999999,544.75,11.678865724833015,10.425846525910618,9.792841508108669,9.083173118778078,7.566609203040337,1.0
2.0,611.5637399999999,545.0,11.646394002821419,10.393094974234156,9.76034827309491,9.051055916935173,7.535601544366157,1.0
2.0,611.5637399999999,545.25,11.613972114169117,10.360393712903566,9.727904925339553,9.018988000609419,7.5046413217947565,1.0
2.0,611.5637399999999,545.5,11.581599985304969,10.327742660845876,9.695511380770306,8.986969283405243,7.473728449962248,1.0
2.0,611.5637399999999,545.75,11.549277542229333,10.29514173701767,9.663167555594438,8.954999679435014,7.442862844167552,1.0
2.0,611.5637399999999,546.0,11.517004710550928,10.262590860412546,9.630873366290054,8.92307910329549,7.412044420338424,1.0
2.0,611.5637399999999,546.25,11.484781415521315,10.230089950068086,9.598628729597925,8.891207470045755,7.381273094999675,1.0
2.0,611.5637399999999,546.5,11.45260758206713,10.197638925072349,9.56643356251381,8.859384695186556,7.350548785243384,1.0
2.0,611.5637399999999,546.75,11.420483134820254,10.165237704569934,9.534287782281265,8.827610694640954,7.319871408701031,1.0
2.0,611.5637399999999,547.0,11.388407998145995,10.132886207767639,9.502191306384884,8.795885384736199,7.2892408835173965,1.0
2.0,611.5637399999999,547.25,11.356382096169483,10.100584353939729,9.470144052543974,8.764208682186743,7.258657128326111,1.0
2.0,611.5637399999999,547.5,11.324405352800293,10.06833206243285,9.438145938706594,8.732580504078333,7.228120062226766,1.0
2.0,611.5637399999999,547.75,11.292477691755531,10.036129252670618,9.406196883043979,8.701000767853111,7.1976296047634785,1.0
2.0,611.5637399999999,548.0,11.26059903658137,10.003975844157877,9.37429680394529,8.66946939129564,7.167185675904809,1.0
2.0,611.5637399999999,548.25,11.228769310673213,9.971871756484685,9.342445620012693,8.637986292519827,7.136788196024963,1.0
2.0,611.5637399999999,548.5,11.19698843729454,9.939816909330009,9.31064325005673,8.606551389956648,7.106437085886165,1.0
2.0,611.5637399999999,548.75,11.1652563395945,9.907811222465176,9.278889613091968,8.575164602342664,7.07613226662217,1.0
2.0,611.5637399999999,549.0,11.133572940624394,9.875854615757072,9.247184628332919,8.543825848709242,7.045873659722796,1.0
2.0,611.5637399999999,549.25,11.10193816335305,9.843947009171135,9.215528215190185,8.512535048372458,7.015661187019451,1.0
2.0,611.5637399999999,549.5,11.070351930681216,9.812088322774118,9.183920293266857,8.481292120923626,6.985494770671559,1.0
2.0,611.5637399999999,549.75,11.038814165454985,9.780278476736669,9.152360782355112,8.450096986220421,6.955374333153847,1.0
2.0,611.5637399999999,550.0,11.007324790478359,9.748517391335723,9.120849602433001,8.418949564378556,6.925299797244434,1.0
2.0,611.5637399999999,550.25,10.97588372852499,9.716804986956724,9.089386673661458,8.387849775763968,6.895271086013662,1.0
2.0,611.5637399999999,550.5,10.944490902349125,9.685141184095682,9.05797191638145,8.356797540985498,6.865288122813638,1.0
2.0,611.5637399999999,550.75,10.91314623469586,9.653525903361086,9.026605251111302,8.325792780888019,6.835350831268412,1.0
2.0,611.5637399999999,551.0,10.881849648310698,9.621959065475668,8.995286598544192,8.294835416545986,6.805459135264796,1.0
2.0,611.5637399999999,551.25,10.850601065948482,9.590440591278046,8.964015879545768,8.263925369257388,6.775612958943732,1.0
2.0,611.5637399999999,551.5,10.819400410381734,9.558970401724235,8.932793015151907,8.233062560538064,6.745812226692212,1.0
2.0,611.5637399999999,551.75,10.78824760440844,9.527548417889044,8.90161792656661,8.202246912116378,6.716056863135697,1.0
2.0,611.5637399999999,552.0,10.757142570859331,9.496174560967372,8.870490535159995,8.171478345928202,6.686346793131001,1.0
2.0,611.5637399999999,552.25,10.726085232604639,9.464848752275394,8.83941076246642,8.14075678411222,6.656681941759625,1.0
2.0,611.5637399999999,552.5,10.695075512560457,9.433570913251659,8.808378530182706,8.110082149005509,6.627062234321499,1.0
2.0,611.5637399999999,552.75,10.664113333694633,9.402340965458098,8.777393760166442,8.079454363139385,6.597487596329105,1.0
2.0,611.5637399999999,553.0,10.63319861903228,9.371158830580951,8.746456374434395,8.048873349235503,6.567957953501966,1.0
2.0,611.5637399999999,553.25,10.602331291660908,9.340024430431614,8.715566295161015,8.018339030202188,6.538473231761481,1.0
2.0,611.5637399999999,553.5,10.571511274735222,9.308937686947411,8.684723444676973,7.987851329130985,6.509033357226049,1.0
2.0,611.5637399999999,553.75,10.540738491481592,9.277898522192313,8.653927745467842,7.957410169293411,6.479638256206525,1.0
2.0,611.5637399999999,554.0,10.51001286520219,9.24690685835757,8.623179120172791,7.927015474137906,6.450287855201925,1.0
2.0,611.5637399999999,554.25,10.479334319278895,9.215962617762312,8.592477491583374,7.896667167286953,6.4209820808954,1.0
2.0,611.5637399999999,554.5,10.44870277717688,9.185065722854068,8.56182278264236,7.866365172534375,6.391720860150462,1.0
2.0,611.5637399999999,554.75,10.418118162447987,9.154216096209252,8.531214916442641,7.836109413842783,6.362504120007416,1.0
2.0,611.5637399999999,555.0,10.38758039873384,9.123413660533595,8.500653816226189,7.80589981534117,6.333331787680023,1.0
2.0,611.5637399999999,555.25,10.357089409768768,9.09265833866253,8.470139405383039,7.7757363013226515,6.3042037905523545,1.0
2.0,611.5637399999999,555.5,10.3266451193825,9.061950053561533,8.43967160745036,7.745618796242322,6.275120056175832,1.0
2.0,611.5637399999999,555.75,10.29624745150268,9.031288728326437,8.409250346111532,7.715547224715244,6.246080512266445,1.0
2.0,611.5637399999999,556.0,10.2658963301572,9.000674286183687,8.378875545195283,7.685521511514539,6.217085086702126,1.0
2.0,611.5637399999999,556.25,10.235591679476377,8.970106650490584,8.348547128674872,7.655541581569595,6.188133707520286,1.0
2.0,611.5637399999999,556.5,10.205333423694952,8.93958574473548,8.318265020667285,7.625607359964363,6.159226302915486,1.0
2.0,611.5637399999999,556.75,10.175121487153957,8.909111492537955,8.288029145432484,7.595718771935753,6.130362801237245,1.0
2.0,611.5637399999999,557.0,10.14495579430245,8.878683817648952,8.257839427372684,7.565875742872113,6.101543130987976,1.0
2.0,611.5637399999999,557.25,10.114836269699117,8.848302643950904,8.227695791031653,7.53607819831179,6.072767220821032,1.0
2.0,611.5637399999999,557.5,10.084762838013727,8.817967895457814,8.197598161094042,7.506326063941766,6.0440349995388685,1.0
2.0,611.5637399999999,557.75,10.054735424028534,8.787679496315336,8.167546462384754,7.476619265596369,6.015346396091306,1.0
2.0,611.5637399999999,558.0,10.024753952639523,8.757437370800815,8.137540619868316,7.446957729256045,5.986701339573886,1.0
2.0,611.5637399999999,558.25,9.99481834885757,8.727241443323315,8.107580558648284,7.417341381046197,5.958099759226325,1.0
5.0,244.625496,0.0,37.0,37.0,37.0,37.0,36.98434519982072,0.0
5.0,244.625496,0.25,36.9999999976847,36.99994943665386,36.99695812207632,36.98482403790169,35.968779223695044,0.0
5.0,244.625496,0.5,36.99999970474444,36.999112774925266,36.97987747756809,36.91198011542911,35.55010508017531,0.0
5.0,244.625496,0.75,36.99999385707807,36.99494300098015,36.944887650783436,36.803754114033325,35.22970089048682,0.0
5.0,244.625496,1.0,36.99994591244762,36.984745861479226,36.894690215063555,36.67959073955328,34.96088656593171,0.0
5.0,244.625496,1.25,36.99972867935438,36.96722806388106,36.83316611729607,36.54922875654545,34.725474146086654,0.0
5.0,244.625496,1.5,36.99907966934355,36.94233650052321,36.763583635896076,36.41741583708,34.51383963207205,0.0
5.0,244.625496,1.75,36.99761757172154,36.91068157347421,36.688386972477446,36.28650696681468,34.320145850708606,0.0
5.0,244.625496,2.0,36.994903473431805,36.87312189677966,36.609342381603234,36.157670251965726,34.14056778408699,0.0
5.0,244.625496,2.25,36.99050616362228,36.8305428901877,36.52771686621013,36.03146137283387,33.972457200280274,0.0
5.0,244.625496,2.5,36.98404812855918,36.78375741809953,36.44442092023693,35.908110768317655,33.813899386381976,0.0
5.0,244.625496,2.75,36.9752285856747,36.73347076001559,36.360111418265355,35.787673315894864,33.66345997573189,0.0
5.0,244.625496,3.0,36.96382898258945,36.68027643511712,36.27526365284284,35.67010886988397,33.520032274359956,0.0
5.0,244.625496,3.25,36.949707879822725,36.62466539623209,36.190221644148295,35.55532663003382,33.382741002421035,0.0
5.0,244.625496,3.5,36.93279067021011,36.567039926297774,36.105233574187395,35.44321000438006,33.25087923004838,0.0
5.0,244.625496,3.75,36.9130576490474,36.50772814583944,36.02047706267435,35.33363070367268,33.12386564192941,0.0
5.0,244.625496,4.0,36.89053240135021,36.44699735127032,35.9360774423553,35.22645678027637,33.001214704016604,0.0
5.0,244.625496,4.25,36.865271447477554,36.38506554556383,35.85212114014581,35.12155721011917,32.88251529034818,0.0
5.0,244.625496,4.5,36.83735548146682,36.32211106673828,35.76866558122468,35.01880447566243,32.76741502536854,0.0
5.0,244.625496,4.75,36.80688221020518,36.25828046005132,35.68574658375785,34.91807597982966,32.65560859315732,0.0
5.0,244.625496,5.0,36.77396064621248,36.19369482853286,35.60338391675803,34.819254769411586,32.54682886654452,0.0
5.0,244.625496,5.25,36.73870664821708,36.128454911834744,35.52158549699801,34.72222984721809,32.4408400826768,0.0
5.0,244.625496,5.5,36.70123949606476,36.06264512567251,35.44035056758949,34.62689623797577,32.33743253005545,0.0
5.0,244.625496,5.75,36.661679303148475,35.99633676384649,35.35967210865583,34.53315490671834,32.23641836843483,0.0
5.0,244.625496,6.0,36.62014509574554,35.92959053200557,35.27953866552761,34.44091258957929,32.13762830822448,0.0
5.0,244.625496,6.25,36.57675341671515,35.86245855156703,35.199935733220926,34.35008157385447,32.04090894865325,0.0
5.0,244.625496,6.5,36.531617337265175,35.79498594533963,35.12084680191123,34.26057945034642,31.946120625185877,0.0
5.0,244.625496,6.75,36.484845783447206,35.727212093831774,35.04225414293728,34.17232885254368,31.853135653549646,0.0
5.0,244.625496,7.0,36.43654310332413,35.65917163273063,34.96413939604283,34.08525719193524,31.761836884709094,0.0
5.0,244.625496,7.25,36.386808816559,35.5908952471173,34.88648400436064,33.999296395438705,31.672116505150004,0.0
5.0,244.625496,7.5,36.33573750091385,35.52241030607455,34.809269532854614,33.91438264877886,31.583875031863172,0.0
5.0,244.625496,7.75,36.28341878029752,35.45374137191048,34.732477897697024,33.83045614824693,31.49702046280331,0.0
5.0,244.625496,8.0,36.22993738702289,35.384910610787294,34.656091527741495,33.74746086232989,31.41146755228354,0.0
5.0,244.625496,8.25,36.17537327723471,35.3159381257068,34.580093474395504,33.66534430406152,31.327137187430978,0.0
5.0,244.625496,8.5,36.1198017833942,35.246842228233035,34.504467482453705,33.584057314508655,31.24395584696544,0.0
5.0,244.625496,8.75,36.0632937915444,35.17763966175821,34.42919803156561,33.50355385750386,31.161855127538118,0.0
5.0,244.625496,9.0,36.00591593405871,35.10834578632761,34.35427035578002,33.42379082552696,31.08077132595122,0.0
5.0,244.625496,9.25,35.94773079088287,35.03897473286187,34.27967044688479,33.34472785649433,31.000645067979818,0.0
5.0,244.625496,9.5,35.88879709406211,34.969539532916805,34.20538504592754,33.266327161118596,30.921420976389776,0.0
5.0,244.625496,9.75,35.82916993171819,34.90005222879736,34.13140162627227,33.18855336043802,30.8430473722096,0.0
5.0,244.625496,10.0,35.768900948694736,34.830523967809334,34.05770837075092,33.11137333307653,30.765476004462123,0.0
5.0,244.625496,10.25,35.70803854189663,34.76096508362787,33.98429414485382,33.03475607177398,30.688661804463923,0.0
5.0,244.625496,10.5,35.6466280489643,34.691385167132786,33.91114846742801,32.958672548718326,30.612562661511443,0.0
5.0,244.625496,10.75,35.58471192939078,34.62179312857062,33.8382614799869,32.88309558921219,30.53713921733488,0.0
5.0,244.625496,11.0,35.52232993754174,34.552197252519754,33.7656239154527,32.80799975321391,30.462354677146863,0.0
5.0,244.625496,11.25,35.45951928730276,34.482605246834986,33.69322706693694,32.73336122430563,30.38817463546839,0.0
5.0,244.625496,11.5,35.39631480827359,34.41302428651319,33.62106275699786,32.65915770565606,30.314566915198792,0.0
5.0,244.625496,11.75,35.33274909357293,34.34346105323735,33.549123307687125,32.58536832256324,30.2415014186234,0.0
5.0,244.625496,12.0,35.268852639420466,34.27392177121138,33.47740151160123,32.511973531181056,30.1689499892424,0.0
5.0,244.625496,12.25,35.20465397673557,34.20441223978434,33.40589060407965,32.43895503305267,30.096886283447464,0.0
5.0,244.625496,12.5,35.14017979504159,34.13493786327228,33.3345842366365,32.36629569509351,30.025285651202537,0.0
5.0,244.625496,12.75,35.07545505899632,34.06550367831489,33.26347645167102,32.29397947468548,29.954125024983398,0.0
5.0,244.625496,13.0,35.01050311788783,33.996114379047356,33.192561658471206,32.221991349563204,29.883382816316427,0.0
5.0,244.625496,13.25,34.94534580844305,33.92677434032255,33.12183461050264,32.1503172521913,29.813038819327726,0.0
5.0,244.625496,13.5,34.88000355129814,33.857487639182615,33.05129038395807,32.078944008349254,29.743074120773887,0.0
5.0,244.625496,13.75,34.81449544147515,33.78825807474953,32.98092435753177,32.00785927965753,29.67347101607696,0.0
5.0,244.625496,14.0,34.748839333201786,33.71908918668092,32.91073219337512,31.93705150979451,29.604212930930753,0.0
5.0,244.625496,14.25,34.68305191940019,33.64998427231773,32.84070981918451,31.866509874169303,29.53528434808184,0.0
5.0,244.625496,14.5,34.617148806158475,33.580946402634865,32.770853411369984,31.7962242328298,29.466670738926393,0.0
5.0,244.625496,14.75,34.55114458248505,33.51197843709251,32.701159379251266,31.72618508639928,29.398358499588372,0.0
5.0,244.625496,15.0,34.4850528856317,33.4430830374751,32.631624350227895,31.65638353484766,29.330334891174758,0.0
5.0,244.625496,15.25,34.418886462256886,33.37426268079562,32.56224515587066,31.58681123891576,29.262587983925147,0.0
5.0,244.625496,15.5,34.35265722568646,33.305519671335176,32.49301881888255,31.517460384022378,29.19510660499468,0.0
5.0,244.625496,15.75,34.286376309514836,33.23685615188102,32.423942540879196,31.448323646494796,29.127880289628248,0.0
5.0,244.625496,16.0,34.22005411777583,33.16827411422056,32.35501369094086,31.37939416197347,29.06089923550135,0.0
5.0,244.625496,16.25,34.15370037189903,33.099775408943756,32.28622979488936,31.310665495851172,28.994154260018817,0.0
5.0,244.625496,16.5,34.08732415465497,33.031361754602074,32.21758852524666,31.242131615615737,28.927636760377098,0.0
5.0,244.625496,16.75,34.02093395127999,32.96303474626806,32.14908769183277,31.173786864973984,28.861338676209197,0.0
5.0,244.625496,17.0,33.954537687960055,32.89479586353635,32.080725232963786,31.105625939642195,28.79525245464358,0.0
5.0,244.625496,17.25,33.888142767841956,32.82664647800371,32.012499207212635,31.037643864695905,28.729371017619904,0.0
5.0,244.625496,17.5,33.82175610472961,32.75858786026291,31.944407785697162,30.969835973378604,28.66368773131471,0.0
5.0,244.625496,17.75,33.755384154613715,32.6906211864428,31.87644924486253,30.902197887275438,28.59819637754016,0.0
5.0,244.625496,18.0,33.68903294517316,32.62274754432454,31.808621959726533,30.834725497763994,28.53289112698786,0.0
5.0,244.625496,18.25,33.62270810337848,32.55496793906188,31.740924397558505,30.76741494865994,28.467766514198328,0.0
5.0,244.625496,18.5,33.556414881318936,32.487283298531466,31.673355111964362,30.70026261998057,28.402817414144373,0.0
5.0,244.625496,18.75,33.49015818036741,32.419694478337334,31.605912737351662,30.633265112754216,28.338039020324075,0.0
5.0,244.625496,19.0,33.423942573789596,32.3522022664922,31.538595983750643,30.56641923480821,28.27342682426584,0.0
5.0,244.625496,19.25,33.35777232789788,32.28480738779652,31.471403631968304,30.499721987472313,28.208976596354272,0.0
5.0,244.625496,19.5,33.29165142184304,32.217510507934925,31.404334529054267,30.433170553138655,28.144684367891667,0.0
5.0,244.625496,19.75,33.225583566131746,32.15031223730849,31.337387584058426,30.366762283623025,28.080546414315336,0.0
5.0,244.625496,20.0,33.159572219951556,32.08321313461976,31.270561764061647,30.30049468927586,28.016559239496235,0.0
5.0,244.625496,20.25,33.09362060738028,32.01621371022672,31.20385609046198,30.234365428794664,27.952719561049133,0.0
5.0,244.625496,20.5,33.02773173255151,31.949314429280513,31.137269635499962,30.168372299692617,27.889024296589124,0.0
5.0,244.625496,20.75,32.96190839384341,31.882515714660926,31.070801519007667,30.102513229381167,27.825470550873412,0.0
5.0,244.625496,21.0,32.896153197153765,31.815817949722742,31.004450905367055,30.036786266827,27.762055603771422,0.0
5.0,244.625496,21.25,32.83046856832009,31.74922148086509,30.938217000664228,29.97118957474641,27.698776899009694,0.0
5.0,244.625496,21.5,32.76485676473967,31.68272661993524,30.87209905002692,29.905721422302417,27.635632033641752,0.0
5.0,244.625496,21.75,32.699319886241376,31.61633364647758,30.806096335133454,29.840380178272277,27.572618748196195,0.0
5.0,244.625496,22.0,32.633859885257145,31.550042809837645,30.740208171882134,29.77516430465508,27.50973491745928,0.0
5.0,244.625496,22.25,32.5684785763384,31.48385433113063,30.674433908210705,29.710072350691032,27.446978541851177,0.0
5.0,244.625496,22.5,32.50317764505948,31.417768405083095,30.60877292205629,29.64510294726598,27.38434773935754,0.0
5.0,244.625496,22.75,32.43795865634768,31.351785201756012,30.543224619446637,29.58025480167628,27.321840737980775,0.0
5.0,244.625496,23.0,32.3728230622767,31.28590486815683,30.477788432714362,29.51552669273086,27.25945586867739,0.0
5.0,244.625496,23.25,32.30777220935816,31.220127529747682,30.41246381882614,29.450917466168708,27.19719155875015,0.0
5.0,244.625496,23.5,32.24280734536348,31.15445329185644,30.3472502578195,29.386426030371503,27.135046325665826,0.0
5.0,244.625496,23.75,32.177929625706334,31.088882240996877,30.2821472513403,29.322051352352332,27.073018771270956,0.0
5.0,244.625496,24.0,32.11314011941407,31.02341444610376,30.21715432127435,29.25779245400275,27.011107576380148,0.0
5.0,244.625496,24.25,32.0484398147144,30.95804995968841,30.15227100846718,29.19364840858152,26.949311495712834,0.0
5.0,244.625496,24.5,31.983829624262416,30.892788818919772,30.087496871526184,29.12961833742946,26.88762935315604,0.0
5.0,244.625496,24.75,31.919310390030766,30.827631046635886,30.02283148569995,29.065701406895844,26.82606003733221,0.0
5.0,244.625496,25.0,31.854882887884962,30.762576652290143,29.958274441829687,29.00189682546272,26.764602497452383,0.0
5.0,244.625496,25.25,31.790547831863943,30.697625632836598,29.893825345368185,28.9382038410544,26.703255739436422,0.0
5.0,244.625496,25.5,31.726305878184906,30.63277797355824,29.82948381546193,28.874621738520194,26.642018822282996,0.0
5.0,244.625496,25.75,31.662157628990258,30.56803364884188,29.765249484092262,28.811149837279217,26.580890854673303,0.0
5.0,244.625496,26.0,31.598103635853093,30.503392622903096,29.701121995271887,28.74778748911686,26.519870991793464,0.0
5.0,244.625496,26.25,31.534144403057013,30.438854850464487,29.637101004293026,28.684534076123114,26.45895843236149,0.0
5.0,244.625496,26.5,31.47028039066456,30.374420277390193,29.573186177023995,28.621389008763632,26.39815241584564,0.0
5.0,244.625496,26.75,31.406512017388103,30.310088841279512,29.509377189251033,28.558351724074992,26.337452219861884,0.0
5.0,244.625496,27.0,31.342839663275708,30.245860472022272,29.44567372606251,28.495421683976133,26.276857157738895,0.0
5.0,244.625496,27.25,31.279263672224097,30.181735092318394,29.382075481272693,28.43259837368849,26.21636657623979,0.0
5.0,244.625496,27.5,31.215784354329625,30.117712618163942,29.318582156882652,28.36988130025784,26.155979853430548,0.0
5.0,244.625496,27.75,31.152401988087895,30.053792959305866,29.25519346257581,28.307269991171307,26.095696396685636,0.0
5.0,244.625496,28.0,31.089116822451665,29.989976019667402,29.19190911524593,28.244763993063344,26.035515640821988,0.0
5.0,244.625496,28.25,31.02592907875615,29.92626169774603,29.1287288385555,28.18236287050507,25.975437046353157,0.0
5.0,244.625496,28.5,30.962838952520332,29.862649886985782,29.06565236252245,28.12006620487147,25.915460097855753,0.0
5.0,244.625496,28.75,30.899846615132226,29.79914047612554,29.002679423133525,28.05787359328153,25.855584302441112,0.0
5.0,244.625496,29.0,30.83695221542557,29.735733349524835,28.93980976198245,27.995784647606577,25.795809188325258,0.0
5.0,244.625496,29.25,30.77415588115492,29.67242838746865,28.87704312593137,27.93379899354242,25.736134303490946,0.0
5.0,244.625496,29.5,30.71145772037573,29.609225466452536,28.814379266794063,27.871916269741224,25.676559214435787,0.0
5.0,244.625496,29.75,30.648857822735554,29.546124459449345,28.751817941039498,27.810136126999208,25.61708350500095,0.0
5.0,244.625496,30.0,30.586356260681963,29.483125236158724,28.689358909514443,27.748458227496634,25.557706775275225,0.0
5.0,244.625496,30.25,30.523953090592723,29.420227663240514,28.627001937183895,27.686882244086682,25.49842864056961,0.0
5.0,244.625496,30.5,30.461648353833116,29.357431604533065,28.56474679288816,27.625407859630066,25.439248730457887,0.0
5.0,244.625496,30.75,30.399442077745125,29.29473692125746,28.50259324911558,27.564034766372465,25.380166687878905,0.0
5.0,244.625496,31.0,30.33733427657288,29.232143472208534,28.440541081789785,27.502762665361985,25.321182168296662,0.0
5.0,244.625496,31.25,30.275324952328482,29.169651113933554,28.378590070070658,27.44159126590409,25.26229483891436,0.0
5.0,244.625496,31.5,30.213414095602015,29.10725970089935,28.316739996168018,27.380520285051592,25.203504377939087,0.0
5.0,244.625496,31.75,30.151601686319356,29.044969085648628,28.25499064516733,27.319549447127418,25.14481047389392,0.0
5.0,244.625496,32.0,30.089887694451146,28.982779118946198,28.193341804866495,27.258678483278107,25.086212824973465,0.0
5.0,244.625496,32.25,30.02827208067605,28.92068964991571,28.13179326562321,27.19790713105594,25.02771113844237,0.0
5.0,244.625496,32.5,29.966754797001304,28.858700526167556,28.070344820212004,27.137235134027975,24.969305130071184,0.0
5.0,244.625496,32.75,29.905335787343198,28.796811593918502,28.00899626369052,27.07666224141023,24.91099452360902,0.0
5.0,244.625496,33.0,29.844014988070185,28.73502269810354,27.947747393274312,27.016188207725325,24.85277905029007,0.0
5.0,244.625496,33.25,29.782792328510943,28.673333682480518,27.88659800821969,26.955812792482167,24.79465844837186,0.0
5.0,244.625496,33.5,29.721667731429715,28.61174438972799,27.825547909714043,26.895535759876186,24.73663246270316,0.0
5.0,244.625496,33.75,29.660641113470934,28.55025466153669,27.76459690077317,26.83535687850883,24.678700844319675,0.0
5.0,244.625496,34.0,29.599712385575256,28.488864338695116,27.703744786145204,26.775275921125086,24.62086335006574,0.0
5.0,244.625496,34.25,29.538881453368656,28.427573261169496,27.642991372220642,26.71529266436786,24.56311974224031,0.0
5.0,244.625496,34.5,29.47814821752656,28.366381268178625,27.582336466948178,26.655406888548093,24.5054697882657,0.0
5.0,244.625496,34.75,29.417512574114312,28.30528819826379,27.52177987975582,26.595618377429677,24.44791326037758,0.0
5.0,244.625496,35.0,29.356974414905864,28.24429388935416,27.461321421477123,26.535926918028146,24.390449935334992,0.0
5.0,244.625496,35.25,29.296533627681722,28.183398178827943,27.4009609042821,26.47633230042228,24.333079594148828,0.0
5.0,244.625496,35.5,29.236190096507812,28.12260090356951,27.34069814161252,26.416834317577816,24.275802021827904,0.0
5.0,244.625496,35.75,29.175943701996236,28.061901900022843,27.28053294812132,26.35743276518245,24.218617007141216,0.0
5.0,244.625496,36.0,29.11579432154925,28.00130100424147,27.22046513961592,26.298127441491406,24.16152434239554,0.0
5.0,244.625496,36.25,29.055741829587483,27.940798051935143,27.1604945330051,26.238918147182932,24.10452382322726,0.0
5.0,244.625496,36.5,28.99578609776338,27.880392878513465,27.100620946249226,26.179804685223022,24.047615248407585,0.0
5.0,244.625496,36.75,28.935926995160898,27.82008531912667,27.040844198313735,26.120786860738825,23.990798419660226,0.0
5.0,244.625496,37.0,28.876164388482284,27.75987520870371,26.981164109125444,26.06186448090015,23.93407314149082,0.0
5.0,244.625496,37.25,28.81649814222277,27.699762381987878,26.92158049953173,26.003037354808562,23.87743922102724,0.0
5.0,244.625496,37.5,28.756928118834,27.63974667357005,26.862093191262222,25.944305293393555,23.82089646787017,0.0
5.0,244.625496,37.75,28.697454178876853,27.579827917919772,26.80270200689296,25.885668109315386,23.76444469395327,0.0
5.0,244.625496,38.0,28.63807618116442,27.520005949414298,26.743406769812776,25.82712561687412,23.708083713412243,0.0
5.0,244.625496,38.25,28.578793982895704,27.460280602365692,26.68420730419184,25.76867763192446,23.651813342462383,0.0
5.0,244.625496,38.5,28.51960743978068,27.40065171104615,26.62510343495215,25.710323971796054,23.595633399283866,0.0
5.0,244.625496,38.75,28.46051640615722,27.34111910971166,26.56609498773987,25.65206445521884,23.539543703914443,0.0
5.0,244.625496,39.0,28.401520735100537,27.281682632624065,26.507181788899466,25.593898902253216,23.483544078149,0.0
5.0,244.625496,39.25,28.34262027852542,27.222342114071694,26.448363665449364,25.535827134224586,23.427634345445476,0.0
5.0,244.625496,39.5,28.283814887281927,27.16309738838858,26.389640445059218,25.47784897366215,23.37181433083691,0.0
5.0,244.625496,39.75,28.225104411244846,27.10394828997243,26.331011956028572,25.419964244241545,23.316083860848988,0.0
5.0,244.625496,40.0,28.16648869939731,27.04489465330137,26.27247802726679,25.362172770731128,23.260442763422937,0.0
5.0,244.625496,40.25,28.107967599909067,26.985936312949587,26.21403848827434,25.304474378941716,23.204890867843318,0.0
5.0,244.625496,40.5,28.049540960209605,26.927073103601888,26.155693169125154,25.24686889567948,23.149428004670405,0.0
5.0,244.625496,40.75,27.991208627056533,26.868304860067312,26.09744190045011,25.189356148701844,23.094054005676917,0.0
5.0,244.625496,41.0,27.93297044659952,26.809631417291794,26.03928451342153,25.13193596667617,23.038768703788744,0.0
5.0,244.625496,41.25,27.874826264440067,26.751052610369985,25.98122083973865,25.07460817914107,22.983571933029452,0.0
5.0,244.625496,41.5,27.816775966500682,26.693459586088505,25.924615598711895,25.018199723338277,22.928469668839064,6.0321468998518435e-06
5.0,244.625496,41.75,27.758823903133983,26.637227202628402,25.869820395627496,24.963066757521823,22.873547277332335,3.5453431232167814e-05
5.0,244.625496,42.0,27.700997248672593,26.58229576664113,25.81657937493756,24.909165664533713,22.81896993535728,9.01468921640199e-05
5.0,244.625496,42.25,27.64335199807779,26.5286144928268,25.764765487888756,24.8564638097464,22.764903810314564,0.00016830937270366383
5.0,244.625496,42.5,27.585959980849047,26.476053317382913,25.71416839318104,24.804857918130704,22.711480413919613,0.0002740162176628792
5.0,244.625496,42.75,27.528895210268413,26.424540646152426,25.664697596193964,24.754299548434517,22.6587920060314,0.0004016632461668198
5.0,244.625496,43.0,27.47222538750176,26.37405695034888,25.616340855357777,24.7047874102165,22.606898974629637,0.0005567908173061653
5.0,244.625496,43.25,27.416008856006446,26.324574432665724,25.569064433638353,24.65630989218145,22.55584388993352,0.0007342344569271366
5.0,244.625496,43.5,27.360295413169517,26.27601622437058,25.522760964298914,24.60880640509927,22.505658084409625,0.0009383670034627092
5.0,244.625496,43.75,27.305127486794312,26.228371576996498,25.477429265038165,24.562274511070527,22.456359712077678,0.0011666184197653294
5.0,244.625496,44.0,27.250540274744647,26.181608234747323,25.43302804617993,24.516689087201264,22.407957927131307,0.0014172603377026703
5.0,244.625496,44.25,27.196562758046735,26.1356883564538,25.389508491847288,24.47201732058019,22.3604563398906,0.0016950802694406036
5.0,244.625496,44.5,27.143218717812026,26.090585719901036,25.346839876237752,24.428235132102234,22.313852454266275,0.0019950275117475752
5.0,244.625496,44.75,27.090527198476607,26.04629818669349,25.305024853064328,24.385339177797658,22.268139080738145,0.0023170659388098724
5.0,244.625496,45.0,27.038503169697787,26.002769613758673,25.263984370294896,24.34327489381749,22.223307410453266,0.002663765242446166
5.0,244.625496,45.25,26.987158390916846,25.96003099048395,25.223770230998642,24.302067204146365,22.179344815019544,0.003035209651931832
5.0,244.625496,45.5,26.936501552998763,25.918026832437413,25.18430148808822,24.26166068977026,22.13623886695348,0.0034271308842762542
5.0,244.625496,45.75,26.88653924029789,25.876751339954108,25.145575427333068,24.222045052581745,22.093975535007875,0.0038411309160226842
5.0,244.625496,46.0,26.837275901656117,25.83619590975901,25.10758231901088,24.183207228059164,22.05253854710002,0.004276180055436544
5.0,244.625496,46.25,26.78871399199908,25.79630408970029,25.07024457254947,24.145089904073657,22.01191176760485,0.004732566545116165
5.0,244.625496,46.5,26.740854321137235,25.757099171514167,25.033601579712656,24.10770877904748,21.972075820888065,0.0052120764243833275
5.0,244.625496,46.75,26.693695702866002,25.71851398071859,24.997560301500556,24.070996676811003,21.933011628168085,0.005710224858895762
5.0,244.625496,47.0,26.64723550776575,25.68060555807801,24.962206891585286,24.035000021078734,21.89469841121829,0.006230316519613165
5.0,244.625496,47.25,26.601469615111853,25.643325983185626,24.92747246194271,23.999669621841544,21.857118565250733,0.006768982123829509
5.0,244.625496,47.5,26.556393549931474,25.606668922730353,24.893351539873358,23.964994137249438,21.82025603646561,0.007327379663964533
5.0,244.625496,47.75,26.512002449419384,25.57061944370748,24.859825723775895,23.93095468922518,21.78409356447058,0.007904103037115202
5.0,244.625496,48.0,26.468290751445338,25.53516618965989,24.826881963571527,23.897535873443918,21.74861403425073,0.008500431168275088
5.0,244.625496,48.25,26.425252265571938,25.500278046681427,24.7944804014377,23.86470448059374,21.713800431764515,0.009113277954738758
5.0,244.625496,48.5,26.38288017289684,25.46595933467915,24.762630969326246,23.83245968227133,21.679634599141995,0.009745266035680634
5.0,244.625496,48.75,26.341166838644796,25.432164248992958,24.731274031204553,23.800755342269568,21.646098848714885,0.010392711592415692
5.0,244.625496,49.0,26.300104018042695,25.398893968916788,24.700416383843667,23.769587972575994,21.61317417370461,0.011056937182399255
5.0,244.625496,49.25,26.259682567682585,25.366139031465774,24.670048401512346,23.738944750102117,21.580841382999676,0.011737000124295597
5.0,244.625496,49.5,26.219892710627196,25.33391767287102,24.64019710935436,23.708838175391172,21.549083171502424,0.012434238058205016
5.0,244.625496,49.75,26.18072462008639,25.30218391681885,24.610801828935145,23.67922286895373,21.51788548799398,0.013148372906562336
5.0,244.625496,50.0,26.142168912625866,25.270940737821636,24.581870422627183,23.650097742913903,21.487233640344822,0.013878284962153794
5.0,244.625496,50.25,26.104216066139035,25.24015463592881,24.55336097088828,23.621429071740884,21.457112226407116,0.014622952227146664
5.0,244.625496,50.5,26.066856225676162,25.20983266736563,24.525286893485394,23.59321986280562,21.42750514004321,0.015380424207471566
5.0,244.625496,50.75,26.030079074101916,25.179970177764314,24.497644360984403,23.56546289451432,21.398397092112845,0.01615262101592549
5.0,244.625496,51.0,25.99387421357009,25.15053834001103,24.470397764122705,23.538129239023267,21.36977477512667,0.01693648838242618
5.0,244.625496,51.25,25.958231445582175,25.121527017152765,24.443537404804943,23.51120687001515,21.341624205415958,0.017733611736956156
5.0,244.625496,51.5,25.923140385087184,25.0929279285577,24.417055647416788,23.484685652413823,21.313930708854258,0.018548426262107322
5.0,244.625496,51.75,25.888590358666402,25.064739503067592,24.390953333437842,23.458561679544054,21.286680280270378,0.01937419595328083
5.0,244.625496,52.0,25.8545706432952,25.036955072948427,24.365224114358373,23.43282664587419,21.25986034120632,0.02021103521767119
5.0,244.625496,52.25,25.82107075774325,25.009562218739326,24.339854169673753,23.40746720282834,21.2334595308909,0.02105810226049968
5.0,244.625496,52.5,25.788080541018886,24.982542211166848,24.314821855634786,23.38246442209438,21.207466693828202,0.021919548576322112
5.0,244.625496,52.75,25.755589962962706,24.95587847009839,24.290108876924986,23.357801381340142,21.181869887246215,0.02279443967521097
5.0,244.625496,53.0,25.72358882058058,24.929573436083096,24.26572162305605,23.33347840512747,21.15665635002782,0.023676531386444002
5.0,244.625496,53.25,25.69206665239616,24.903633993389438,24.241671274059975,23.30950005414117,21.13181439472134,0.024568320805056883
5.0,244.625496,53.5,25.661013156434926,24.87802408772793,24.217913310827875,23.28583234925455,21.107334652493048,0.02547573295932078
5.0,244.625496,53.75,25.630418516715007,24.852755189817053,24.194465747926817,23.262484014795273,21.08320685263881,0.026391795956618377
5.0,244.625496,54.0,25.600272941434,24.82782329596393,24.171325348852935,23.239450176463556,21.059421042237933,0.027315730892167475
5.0,244.625496,54.25,25.57056682878648,24.803206350603205,24.14846594889013,23.216709764737853,21.03596889765874,0.028249723670276557
5.0,244.625496,54.5,25.541290961517923,24.778904993229915,24.125891084063387,23.194262142809855,21.012841488328725,0.029197395733820814
5.0,244.625496,54.75,25.51243619058898,24.754912584456534,24.103594411569603,23.172100310259356,20.990029908414808,0.03015016458486553
5.0,244.625496,55.0,25.48399347026417,24.731221576882234,24.081568481981087,23.15021651574751,20.967526004923155,0.031110796239112403
5.0,244.625496,55.25,25.45595397377502,24.707818259136168,24.05979808582029,23.128597508459322,20.945321872107854,0.03208684885422646
5.0,244.625496,55.5,25.42830903480834,24.68469429443388,24.038275113496116,23.107234894974,20.923409205657656,0.03306534285725874
5.0,244.625496,55.75,25.40104998331979,24.661843502823352,24.01699411164448,23.08612228758208,20.90177941338548,0.0340530961062104
5.0,244.625496,56.0,25.374168111766117,24.639254658093847,23.995943160314674,23.06524879358333,20.880424126431592,0.035052722443629225
5.0,244.625496,56.25,25.347654742898495,24.616921642882176,23.975116929129445,23.04460812740958,20.85933497529954,0.036052027868870996
5.0,244.625496,56.5,25.321501217263343,24.594859396128083,23.95453639150159,23.02421308240896,20.838503853227273,0.03706802045518371
5.0,244.625496,56.75,25.295699036799363,24.573045564872377,23.93417469804962,23.004042989610166,20.817924711882828,0.03808894244831569
5.0,244.625496,57.0,25.27024024777771,24.55146255764296,23.914011986184562,22.984081338596432,20.797591548894484,0.03911231805912124
5.0,244.625496,57.25,25.24511710609061,24.53011597494319,23.894057744150345,22.964332576658002,20.777496630239053,0.04014958608833007
5.0,244.625496,57.5,25.220321676386533,24.509003614003692,23.874310958839157,22.944794268100498,20.757632661018718,0.04118524166544278
5.0,244.625496,57.75,25.19584610726916,24.488132756761164,23.854782393024145,22.925472597671195,20.7379937322991,0.04223709200923519
5.0,244.625496,58.0,25.1716829500943,24.467491084977482,23.83545783415705,22.90635615599937,20.718575480420004,0.04329142175768521
5.0,244.625496,58.25,25.147825336596835,24.447066684332494,23.816324058928572,22.887433863686898,20.69937372516624,0.04435034870044903
5.0,244.625496,58.5,25.12426672704645,24.426859358815566,23.797382662007344,22.86870526799996,20.680383292913646,0.0454199773363755
5.0,244.625496,58.75,25.101000602964614,24.406865274997372,23.778630396400178,22.850166720150554,20.661598992999938,0.04648720964658385
5.0,244.625496,59.0,25.078020527049578,24.387086074182793,23.76007080519922,22.831819560133784,20.643016152574177,0.047572500122371915
5.0,244.625496,59.25,25.055320273158504,24.367511925876748,23.74169292533099,22.813654798195817,20.62463080214145,0.04865501154021545
5.0,244.625496,59.5,25.032893912823067,24.34812697344374,23.723478600832394,22.79565793960144,20.606438877939382,0.049748227309460887
5.0,244.625496,59.75,25.01073563253421,24.32893471282728,23.70543405719893,22.777831989709153,20.588435118555548,0.05084210138288402
5.0,244.625496,60.0,24.988839469519316,24.30994428465591,23.687572015876714,22.760185183657693,20.570614437466293,0.05194423035094113
5.0,244.625496,60.25,24.96719953762063,24.291140942199046,23.669875134879234,22.742704154318723,20.552973479429966,0.05305356944866355
5.0,244.625496,60.5,24.945810376105978,24.272514930181647,23.652332824678133,22.72537996458942,20.535508898691777,0.0541628907263797
5.0,244.625496,60.75,24.924666716487835,24.254062790755814,23.634942380942107,22.708209396306827,20.51821624969287,0.05528303168538882
5.0,244.625496,61.0,24.90376319875805,24.235780656595274,23.6177004550438,22.691188884316887,20.50109080369886,0.056401300204005585
5.0,244.625496,61.25,24.88309439767749,24.217665265844406,23.60060439713705,22.67431540936132,20.48412804340852,0.057531707791689334
5.0,244.625496,61.5,24.862654925691757,24.199712912532153,23.58365094841551,22.657585546101874,20.467323724517104,0.05865892700842401
5.0,244.625496,61.75,24.842439498185865,24.181927345688162,23.56684601873957,22.641002662233234,20.45067388079108,0.05979865765876547
5.0,244.625496,62.0,24.822442993314077,24.164306450856753,23.55018799006052,22.62456484884477,20.43417534574433,0.06093426908324664
5.0,244.625496,62.25,24.80266059712888,24.14683952524692,23.533664681826778,22.608262376010074,20.417825554732346,0.06208441477042999
5.0,244.625496,62.5,24.783087786120753,24.12952227660525,23.5172720894989,22.59209132169915,20.401621413239877,0.06322828269618111
5.0,244.625496,62.75,24.763720090427768,24.112355174162715,23.501012002683062,22.57605213270699,20.3855593189484,0.0643858968912932
5.0,244.625496,63.0,24.744553018647846,24.095335528235182,23.484882140279694,22.560142406572858,20.36963598831142,0.06553854277448723
5.0,244.625496,63.25,24.725582179541263,24.078457453866264,23.468876289033744,22.54435681709267,20.353848504370255,0.0667038426719813
5.0,244.625496,63.5,24.706803326486856,24.061717316914574,23.452991090330954,22.528692075557938,20.3381938306398,0.06786516988212167
5.0,244.625496,63.75,24.688212282080094,24.04511252165998,23.437224428859356,22.513145846696936,20.3226687781042,0.06903618537591685
5.0,244.625496,64.0,24.669804905034216,24.028640365685884,23.421574007838707,22.497715701821676,20.30727023829469,0.0702065705373785
5.0,244.625496,64.25,24.651577119050927,24.012306242001994,23.406047440554534,22.482406626711658,20.291995309222376,0.071382494315712
5.0,244.625496,64.5,24.633524979580894,23.996113874357636,23.390649993238117,22.467222144502177,20.276841950744334,0.07256116302798415
5.0,244.625496,64.75,24.615644864059252,23.980049726280765,23.37536563176024,22.452150001626652,20.261809128185007,0.07374579661346604
5.0,244.625496,65.0,24.597933530563953,23.964104672178987,23.36018418754422,22.437181915673666,20.24689513883997,0.07493185251425546
5.0,244.625496,65.25,24.580387772959586,23.94827839902704,23.345106391235,22.42231767427435,20.232096955253606,0.07611806172808402
5.0,244.625496,65.5,24.563004167129918,23.932572733357176,23.33013540260634,22.407559051900854,20.217411357778452,0.07731357260314646
5.0,244.625496,65.75,24.545779189482857,23.916984898195096,23.315268579651324,22.392903604802896,20.202835780060493,0.07850377131231309
5.0,244.625496,66.0,24.528709425457148,23.90151013683859,23.300500895209158,22.37834704725732,20.188368034222734,0.07970772213635817
5.0,244.625496,66.25,24.511791598591348,23.88614629962465,23.285830578320816,22.36388747086909,20.174005794516177,0.08090364448689526
5.0,244.625496,66.5,24.49502249055032,23.870889221430197,23.271253342118392,22.349521117965416,20.159746640280655,0.08211230699942422
5.0,244.625496,66.75,24.47839891167639,23.855736545881367,23.256767150151042,22.33524587925461,20.145588064177407,0.0833175124753844
5.0,244.625496,67.0,24.461917682791178,23.84068984835855,23.242374735314023,22.321063263569403,20.131527557826384,0.08452576055065315
5.0,244.625496,67.25,24.445575663536836,23.82575163042716,23.22807981688305,22.306975656049527,20.117563065444468,0.0857400926677892
5.0,244.625496,67.5,24.429369872834954,23.810918708146826,23.213879043361015,22.292980229029723,20.103693235417012,0.08695115016733018
5.0,244.625496,67.75,24.413297584135247,23.796184962582522,23.19976556465179,22.279071442223955,20.089916885719994,0.08817339170411058
5.0,244.625496,68.0,24.39735624118725,23.781548634653518,23.185737978528305,22.26524776319635,20.076232359085793,0.08938811989339635
5.0,244.625496,68.25,24.381543296715293,23.76701194551033,23.171799680419603,22.251511347033667,20.062637745227793,0.09061454022002535
5.0,244.625496,68.5,24.365856201225235,23.752574019112043,23.157950134069335,22.23786151443425,20.049131522047304,0.09183781090702037
5.0,244.625496,68.75,24.350292520637318,23.738231724955995,23.144186053915245,22.224295501452787,20.035712528557426,0.09306522374911892
5.0,244.625496,69.0,24.334849969531646,23.723982109529935,23.13050442299476,22.210810699666073,20.022379534522493,0.09429649903598186
5.0,244.625496,69.25,24.319526339118323,23.709823308154284,23.11690357069486,22.19740550432774,20.00913108362495,0.09552292511717576
5.0,244.625496,69.5,24.304319433684974,23.695751693635007,23.103379655333047,22.18407667910162,19.995965600755476,0.0967625734737824
5.0,244.625496,69.75,24.28922705347157,23.68176583420012,23.089931553689986,22.170823001462725,19.982881352684466,0.09799520942066925
5.0,244.625496,70.0,24.274246975512128,23.66786682481641,23.076561179077206,22.157645584559862,19.969876575078956,0.09923453304746573
5.0,244.625496,70.25,24.25937698462228,23.654054843956732,23.063269229110773,22.14454470107367,19.956949827875786,0.10047570756603519
5.0,244.625496,70.5,24.244614962699792,23.640327508667852,23.050053245435304,22.13151825236889,19.94410003824706,0.10171418999881239
5.0,244.625496,70.75,24.229958930555735,23.626679968402545,23.036907806862885,22.1185618448924,19.931326155881855,0.1029632371381527
5.0,244.625496,71.0,24.215406986453516,23.613110976009647,23.02383197003283,22.105674410567726,19.918626766184353,0.10420561703566503
5.0,244.625496,71.25,24.200957203411438,23.599619166226567,23.010824593183052,22.092854775655905,19.90600026580359,0.10545509211906792
5.0,244.625496,71.5,24.186607622205482,23.586203268739197,22.997884629490887,22.080101847740885,19.893445112563718,0.10670619808600722
5.0,244.625496,71.75,24.172356291059437,23.572862163755822,22.98501119717449,22.067414667225236,19.880959854959055,0.10795101230219419
5.0,244.625496,72.0,24.158201292273613,23.5595981721236,22.97220758379716,22.054795467464967,19.868543160348466,0.10921069678102217
5.0,244.625496,72.25,24.14414077429297,23.54641007828501,22.959472658351295,22.042243213656405,19.856194079508718,0.1104635493729291
5.0,244.625496,72.5,24.130173021493217,23.53329469687808,22.946802924693927,22.029755036848112,19.843911895663727,0.11172051314341101
5.0,244.625496,72.75,24.116296440331922,23.52024906333769,22.934195215947405,22.017328267303657,19.831695697360953,0.11298129135532661
5.0,244.625496,73.0,24.102509466041965,23.507272168485525,22.921648768786223,22.004962050608775,19.81954426893085,0.11423589740464543
5.0,244.625496,73.25,24.088810500120186,23.494364127893547,22.909164149718023,21.9926565801946,19.807456316017408,0.11550149407651394
5.0,244.625496,73.5,24.075197929927064,23.481524174998356,22.896740801373657,21.98041122892044,19.795430713508537,0.11676445976465595
5.0,244.625496,73.75,24.061670184984052,23.46875158045425,22.884378203769675,21.9682253999756,19.783466500109956,0.11802493489117609
5.0,244.625496,74.0,24.0482257612342,23.456046496957672,22.872076896516997,21.9560993187098,19.771562808387188,0.11929584559254383
5.0,244.625496,74.25,24.034863224714496,23.443407942989055,22.859836004572337,21.944032159817066,19.759718908637602,0.12056045546896696
5.0,244.625496,74.5,24.021581221861805,23.43083290644677,22.847652193162187,21.932021204443856,19.747934130406257,0.12183053784089137
5.0,244.625496,74.75,24.008378457949686,23.418319074791043,22.835523032653878,21.920064377188424,19.736207606597716,0.1231029387091212
5.0,244.625496,75.0,23.99525363130355,23.40586563071866,22.823447919286217,21.908160992586904,19.72453822493443,0.12436963217983711
5.0,244.625496,75.25,23.98220539686424,23.393471499889014,22.811425904759417,21.896310122311583,19.712924828904278,0.12564614901620627
5.0,244.625496,75.5,23.96923238779795,23.381135835588708,22.79945630759574,21.884511042574996,19.701366318183037,0.12692112011308188
5.0,244.625496,75.75,23.956333243494164,23.36885788030193,22.787538540092605,21.87276310737761,19.689861658377882,0.12819053218964468
5.0,244.625496,76.0,23.943506627144412,23.356637883347638,22.775673223878776,21.86106660847618,19.6784098970361,0.1294728694792854
5.0,244.625496,76.25,23.930751242036475,23.34447512840073,22.763859770353854,21.849420938491857,19.667010237446384,0.13075029326540005
5.0,244.625496,76.5,23.91806585545647,23.332368803838474,22.75209747711854,21.837825400538804,19.655661995389625,0.1320255461884937
5.0,244.625496,76.75,23.905449299074114,23.32031787701506,22.740385371553806,21.826279092799133,19.64436450987126,0.13331063398434714
5.0,244.625496,77.0,23.892900452193363,23.308321642809897,22.728722880507018,21.814781420898964,19.633117103623498,0.13459023853287155
5.0,244.625496,77.25,23.88041822574519,23.29637976736527,22.71710987109732,21.803332139790445,19.621919099423014,0.13587118484182462
5.0,244.625496,77.5,23.86800155935518,23.284492173048985,22.705546503630828,21.79193124656291,19.610769875388442,0.13715832353258328
5.0,244.625496,77.75,23.855649432038064,23.272658171606313,22.694032178351073,21.78057816904574,19.59966890317989,0.1384399601124311
5.0,244.625496,78.0,23.843360873453527,23.260876066535335,22.68256507515613,21.76927139016901,19.58861569232691,0.1397270784859579
5.0,244.625496,78.25,23.831134952908926,23.249144562922496,22.67114388572183,21.758009765099672,19.577609656177607,0.14101601258968938
5.0,244.625496,78.5,23.81897074534837,23.237463053724692,22.65976813700858,21.746792791465307,19.56665009087684,0.142299785859781
5.0,244.625496,78.75,23.806867312926173,23.225829038277364,22.64843504420518,21.735618188786734,19.55573626130884,0.14359122610569058
5.0,244.625496,79.0,23.794823706033455,23.21424125672289,22.63714336817944,21.724484827535722,19.544867301343047,0.1448826843611374
5.0,244.625496,79.25,23.78283893995862,23.20269919701736,22.625892764902954,21.713392273774435,19.534042226117215,0.14616942298352784
5.0,244.625496,79.5,23.77091199246794,23.191204221041296,22.614685138084802,21.70234184759469,19.523260100466107,0.14746239904273212
5.0,244.625496,79.75,23.759041842541208,23.179756868377144,22.60352133151544,21.691334100781383,19.5125202552302,0.14875677660302977
5.0,244.625496,80.0,23.747227536422315,23.16835658662968,22.592400849355148,21.6803685612526,19.50182230010303,0.150046093328626
5.0,244.625496,80.25,23.73546821810955,23.15700164622624,22.581321782093614,21.669443653124148,19.491165928469186,0.15134347498399467
5.0,244.625496,80.5,23.723763102193157,23.14569119327831,22.57028331406073,21.658558623195624,19.48055071581718,0.15263984243649253
5.0,244.625496,80.75,23.712111421088583,23.134424735167794,22.559285060921823,21.64771306091458,19.469976123191117,0.15393145935202035
5.0,244.625496,81.0,23.70051240285942,23.123202336114645,22.54832730106759,21.636907079855153,19.459441602954588,0.15523146981740726
5.0,244.625496,81.25,23.68896528135751,23.11202365222849,22.53740979670289,21.626140410827464,19.448946682810707,0.15653011324669294
5.0,244.625496,81.5,23.67746931730272,23.10088820274045,22.526532140767138,21.615412654878654,19.438490959961715,0.15782398585350518
5.0,244.625496,81.75,23.666023805480794,23.089793418177536,22.515691396667926,21.604721447337386,19.42807403858704,0.15912720173964953
5.0,244.625496,82.0,23.654628058891202,23.078738566640936,22.504886904154187,21.594066143829806,19.417695341495325,0.16042808268853903
5.0,244.625496,82.25,23.64328136235631,23.06772324172088,22.494118377037427,21.58344640546689,19.407354157134183,0.1617246134750708
5.0,244.625496,82.5,23.63198296552943,23.05674676637382,22.483385186281,21.572861634610664,19.397049799316314,0.16302839455618523
5.0,244.625496,82.75,23.620732107428186,23.045808652428747,22.472686929280805,21.56231140592822,19.386781622839454,0.1643321199165148
5.0,244.625496,83.0,23.6095280312751,23.034908520685963,22.46202332754451,21.55179539359256,19.376549019117462,0.16563160198843546
5.0,244.625496,83.25,23.59836999288551,23.024047367523835,22.45139575843017,21.541314566486914,19.366351438368383,0.1669355339563816
5.0,244.625496,83.5,23.587257274932213,23.01322586281551,22.440805162167788,21.530869591260405,19.356188507205363,0.16824182765474005
5.0,244.625496,83.75,23.57618922182415,23.002443596538317,22.43025115567036,21.52046012127069,19.34606005845027,0.16954357681398477
5.0,244.625496,84.0,23.565165258927795,22.99169817137841,22.41973096593593,21.510083938944142,19.335965974446278,0.17085047918793314
5.0,244.625496,84.25,23.5541848630235,22.98098811136448,22.409242988895066,21.49973969206648,19.325905926707478,0.17215861787805814
5.0,244.625496,84.5,23.543247493464968,22.970313081225733,22.398787005690412,21.489427103702962,19.315879349342186,0.17346275106335585
5.0,244.625496,84.75,23.532352558396965,22.959673274879634,22.388363415462507,21.47914639466444,19.305885631557835,0.17476884876365026
5.0,244.625496,85.0,23.521499437312173,22.949069127177133,22.377972884401405,21.468898010616158,19.29592426698876,0.17607967914361577
5.0,244.625496,85.25,23.510687522401692,22.938500299314462,22.367615122232948,21.458681666208157,19.285994902855194,0.1773863521306644
5.0,244.625496,85.5,23.49991624763719,22.927966055004767,22.357289363357363,21.448496699493177,19.276097263401418,0.17869361084779856
5.0,244.625496,85.75,23.489185085719004,22.917465251697276,22.34699436107484,21.43834206458486,19.266231043566965,0.180006496140548
5.0,244.625496,86.0,23.478493524412094,22.906997583886735,22.33672989497085,21.42821750457133,19.256395845826297,0.1813154708365875
5.0,244.625496,86.25,23.46784104361529,22.896562801604766,22.326495798724483,21.41812281554615,19.246591237584376,0.1826223028540517
5.0,244.625496,86.5,23.457227117335744,22.886160956691626,22.31629226292503,21.408058077511377,19.236816820271887,0.18393755305116502
5.0,244.625496,86.75,23.446651228026806,22.8757917523469,22.306119043808323,21.398023040944434,19.227072261011777,0.18524887572670118
5.0,244.625496,87.0,23.436112879975703,22.865454895349664,22.295975902039444,21.38801745896128,19.217357272244115,0.18655630220837774
5.0,244.625496,87.25,23.425611601087702,22.855148971436293,22.28586124243806,21.37804002518069,19.207671573588797,0.18787338609502982
5.0,244.625496,87.5,23.415146933075558,22.84487369913158,22.27577486423925,21.36809050054957,19.19801479454393,0.18918693172395012
5.0,244.625496,87.75,23.404718407280885,22.834628816302793,22.26571657525807,21.358168664827033,19.188386511170062,0.19049680457353865
5.0,244.625496,88.0,23.394325543545175,22.824413301990223,22.255685260359733,21.3482735781953,19.178786321191566,0.19181270323439295
5.0,244.625496,88.25,23.38396785985101,22.814226624088107,22.24568040923996,21.33840475862938,19.169213789459075,0.19312874855927828
5.0,244.625496,88.5,23.373644865496683,22.804068547428308,22.235701864971567,21.32856200306505,19.159668446236925,0.19444132200311798
5.0,244.625496,88.75,23.3633560603333,22.793938935392454,22.225749580230037,21.318745200128323,19.150149846916285,0.19575475345356852
5.0,244.625496,89.0,23.353100946667407,22.783837748718796,22.215823617208752,21.308954329482543,19.140657602868856,0.19707343404390415
5.0,244.625496,89.25,23.342879042065515,22.773764757480254,22.20592379992716,21.29918919042478,19.131191388945417,0.19838862699873763
5.0,244.625496,89.5,23.332689887577445,22.76371973112977,22.196049950587692,21.289449582091063,19.12175092243992,0.19970045353469867
5.0,244.625496,89.75,23.322533047770975,22.75370208770543,22.186201465211806,21.279734972067214,19.112335939499015,0.20102142698375922
5.0,244.625496,90.0,23.312408105557687,22.743711609252625,22.176378185719074,21.270045172803652,19.10294616022495,0.20233900711362882
5.0,244.625496,90.25,23.302314652893656,22.73374808118555,22.166579951750304,21.260380001222586,19.09358129852324,0.20365321507310538
5.0,244.625496,90.5,23.292252289288953,22.72381105102293,22.1568063122638,21.25073904922808,19.084241084138068,0.20497217884681054
5.0,244.625496,90.75,23.28222062390644,22.713900187027996,22.14705696488523,21.24112202250268,19.074925243568003,0.20629208679266367
5.0,244.625496,91.0,23.272219272394015,22.70401528788293,22.137331762309294,21.231528750232776,19.06563349559061,0.20760871414418675
5.0,244.625496,91.25,23.26224785525892,22.694155896544373,22.1276302439938,21.221958819182998,19.05636556843542,0.20892538906945407
5.0,244.625496,91.5,23.252305999560825,22.684321141079995,22.117951452237552,21.212411421621212,19.04712118279356,0.21024758586081863
5.0,244.625496,91.75,23.242393333861024,22.674510839581444,22.108295272930572,21.202886401664554,19.037900004110007,0.21156668530363018
5.0,244.625496,92.0,23.232509477251956,22.66472481387909,22.0986615855695,21.193383606764932,19.028701681705535,0.2128827029496658
5.0,244.625496,92.25,23.22265404360588,22.654963499001397,22.089051003779407,21.18390346477935,19.01952590121918,0.21420458838072803
5.0,244.625496,92.5,23.21282665525186,22.645226904023687,22.07946360843154,21.174446000862666,19.010372437504916,0.21552609075102722
5.0,244.625496,92.75,23.20302696129828,22.635514846891553,22.069899248833995,21.165011059367338,19.001241143187755,0.21684440487122592
5.0,244.625496,93.0,23.193254642880845,22.625826748804958,22.060357297699827,21.15559810962648,18.99213189002401,0.21816444985550487
5.0,244.625496,93.25,23.183509403503972,22.616161908668435,22.05083698988653,21.146206505431064,18.98304451025193,0.21948791314005323
5.0,244.625496,93.5,23.173790951129064,22.606520160844756,22.041338213451212,21.136836108496897,18.97397876535687,0.2208083745081041
5.0,244.625496,93.75,23.164098984167094,22.596901343084514,22.031860852008673,21.12748678402081,18.96493439384545,0.222125849486074
5.0,244.625496,94.0,23.15443319465649,22.587304474985785,22.022403798982563,21.118157619307624,18.955911147434215,0.2234510557103583
5.0,244.625496,94.25,23.14479327302251,22.577729376881578,22.012966930108085,21.10884845814753,18.94690872765141,0.2247738174198405
5.0,244.625496,94.5,23.135178897902342,22.56817590316317,22.003550151473178,21.099559176067377,18.937926808431573,0.226093755964131
5.0,244.625496,94.75,23.125589738494103,22.55864396890178,21.994153436880165,21.090289704672415,18.92896509298576,0.22741484369742834
5.0,244.625496,95.0,23.116025466117797,22.5491335323485,21.984776807078017,21.081040015618512,18.92002332497834,0.2287399499862048
5.0,244.625496,95.25,23.106485762920663,22.539644451284076,21.975420157107603,21.07180998507015,18.911101289358633,0.23006222395710882
5.0,244.625496,95.5,23.096970326695835,22.530176584578104,21.966083382322893,21.062599490571547,18.902198799036338,0.2313816804112715
5.0,244.625496,95.75,23.087478870847182,22.52072950453942,21.956766031343385,21.053408138226388,18.893315680581463,0.2327072332615694
5.0,244.625496,96.0,23.07801112100135,22.511303024050473,21.947467948149175,21.044235762772388,18.884451746389814,0.23403162158441446
5.0,244.625496,96.25,23.068566807781476,22.50189700982327,21.938189038156175,21.03508225083161,18.875606798361172,0.23535327114278537
5.0,244.625496,96.5,23.059145664920166,22.492511374293823,21.92892925872127,21.02594753274058,18.86678064914611,0.23667528835670573
5.0,244.625496,96.75,23.049747432327795,22.48314608769978,21.91968863344333,21.01683159402214,18.85797313117604,0.23800168211642225
5.0,244.625496,97.0,23.0403718597012,22.47380101998484,21.91046706117415,21.007734325364932,18.849184101597118,0.2393253321872149
5.0,244.625496,97.25,23.03101870922254,22.46447604229525,21.90126444170606,20.998655618992068,18.840413433316314,0.24064625305780357
5.0,244.625496,97.5,23.021687754910566,22.45517036644216,21.8920798797732,20.989594740648045,18.831661000803916,0.2419727866812011
5.0,244.625496,97.75,23.012378777342512,22.445883747548685,21.882913149271456,20.980551471197295,18.822926623419654,0.24329829360158067
5.0,244.625496,98.0,23.003091549337345,22.43661606928382,21.87376417354421,20.971525713757817,18.81421007752207,0.2446212271074064
5.0,244.625496,98.25,22.993825833295478,22.42736713749689,21.86463277730971,20.962517296484958,18.80551114733313,0.24594395090091925
5.0,244.625496,98.5,22.984581388802884,22.418136594630617,21.85551858756453,20.953525890669173,18.796829630572407,0.24727139347443955
5.0,244.625496,98.75,22.97535797656317,22.408924331763444,21.846421533518054,20.944551402727146,18.788165319378994,0.24859633471893197
5.0,244.625496,99.0,22.966155357123945,22.399730241664688,21.83734154169804,20.93559374035835,18.77951801078857,0.24991878492531763
5.0,244.625496,99.25,22.956973293275833,22.390554276804597,21.828278607929025,20.926652867677284,18.770887522184648,0.25124457011718226
5.0,244.625496,99.5,22.947811554344742,22.381396366845195,21.819232697204715,20.917728727169447,18.762273695375043,0.25257137442550587
5.0,244.625496,99.75,22.938669919532273,22.372256406767793,21.810203730918783,20.908821228631396,18.753676394107817,0.25389568657735656
5.0,244.625496,100.0,22.92954817913782,22.36313419645516,21.80119151517132,20.89993019183927,18.745095495004527,0.25521831708616194
5.0,244.625496,100.25,22.920446133160123,22.354028646756174,21.792194787537955,20.891054590389047,18.73653086743512,0.25654673951473633
5.0,244.625496,100.5,22.911363583304002,22.344939663456692,21.78321350467157,20.88219434271993,18.727982294750436,0.2578728789577802
5.0,244.625496,100.75,22.902300313798307,22.33586715566501,21.774247615291948,20.873349370720355,18.719449514166833,0.25919674180476493
5.0,244.625496,101.0,22.89325609277366,22.326810940370414,21.765296952570573,20.8645195070181,18.710932286997128,0.2605210299107355
5.0,244.625496,101.25,22.88423068477636,22.317770719593273,21.756361210558726,20.85570447310391,18.70243039633133,0.2618491410350848
5.0,244.625496,101.5,22.875223856123505,22.3087464078315,21.74744034077393,20.846904191634913,18.6939436283189,0.2631750382049008
5.0,244.625496,101.75,22.86623537467085,22.29973792076888,21.73853429182841,20.83811858630576,18.685471780890037,0.2644987286140773
5.0,244.625496,102.0,22.857265012416867,22.290745380615952,21.729643258386684,20.829347777563683,18.677014676783976,0.2658244807838951
5.0,244.625496,102.25,22.848312550129442,22.28176890668513,21.72076742481113,20.820591884059116,18.668572179683746,0.2671522272989665
5.0,244.625496,102.5,22.839377783903153,22.272808413415692,21.711906724743947,20.81185083047744,18.660144199836026,0.26847770393512305
5.0,244.625496,102.75,22.83046052914624,22.263863815288143,21.70306109338348,20.80312454271043,18.651730668907224,0.2698009206019369
5.0,244.625496,103.0,22.821560617480486,22.25493474800578,21.69423013047989,20.794412682468767,18.6433315190928,0.2711292652240655
5.0,244.625496,103.25,22.812677890491987,22.246021097384258,21.685413742761792,20.785715150293168,18.63494665728943,0.27245624838327565
5.0,244.625496,103.5,22.803812191301525,22.237122782714206,21.676611874256068,20.77703187945328,18.626575972232576,0.27378104140468346
5.0,244.625496,103.75,22.7949633624866,22.228239466506032,21.667824158028385,20.76836255852105,18.618219354227975,0.2751058123918994
5.0,244.625496,104.0,22.78613124741893,22.21937038218313,21.65904971584654,20.759706466019548,18.60987667407287,0.2764342442357787
5.0,244.625496,104.25,22.77731568419776,22.21051545805575,21.65028851759855,20.751063540827715,18.601547735172026,0.27776066945305206
5.0,244.625496,104.5,22.768516494036337,22.20167462505496,21.641540527036415,20.742433723837397,18.593232314556886,0.2790850925957229
5.0,244.625496,104.75,22.75973348541415,22.19284781862538,21.632805709453855,20.733816958693836,18.584930213429335,0.2804105602837249
5.0,244.625496,105.0,22.75096646504801,22.184034976698292,21.624084030515487,20.725213190259517,18.57664126104407,0.28173867405313546
5.0,244.625496,105.25,22.74221524449892,22.17523603252851,21.61537544831977,20.716622358505386,18.56836531044236,0.2830647901146262
5.0,244.625496,105.5,22.73347964306861,22.166450919787195,21.606679920086926,20.70804440392983,18.56010223342174,0.2843889148392531
5.0,244.625496,105.75,22.724759488641137,22.157679396762838,21.597997191030025,20.699479100206414,18.551851915175398,0.28571559712301026
5.0,244.625496,106.0,22.716054616735555,22.148921287755982,21.58932708888894,20.690926284101213,18.54361423626349,0.2870432044119817
5.0,244.625496,106.25,22.70736486629429,22.140176529541467,21.58066957645193,20.682385900041712,18.535389067390884,0.28836888101932495
5.0,244.625496,106.5,22.698690077256146,22.131445059739676,21.572024614827622,20.673857893618813,18.527176284134708,0.28969263263479234
5.0,244.625496,106.75,22.690030092364665,22.122726584126674,21.56339188484696,20.665341989331335,18.5189757733165,0.29102024470943455
5.0,244.625496,107.0,22.681384758388674,22.114020987126047,21.55477128632838,20.65683808169591,18.51078741278686,0.2923473597450895
5.0,244.625496,107.25,22.672753922667596,22.105328209917715,21.546162785083446,20.648346119572768,18.502611072812204,0.2936726098034122
5.0,244.625496,107.5,22.66413743253813,22.096648194450488,21.537566345473422,20.63986605257367,18.4944466328577,0.29499600014021143
5.0,244.625496,107.75,22.6555351382063,22.087980605143997,21.52898159678684,20.631397565394362,18.486293983979408,0.2963243088692097
5.0,244.625496,108.0,22.64694689369207,22.079325380858553,21.520408503514666,20.622940604043077,18.478153004495287,0.29765094168112166
5.0,244.625496,108.25,22.63837255263668,22.07068246699152,21.511847034169854,20.61449512105678,18.470023566922638,0.2989757733389452
5.0,244.625496,108.5,22.629811968618544,22.062051738536784,21.50329707071659,20.606061001673346,18.46190555582578,0.30029970517773547
5.0,244.625496,108.75,22.621264998185985,22.053432687657942,21.49475803539742,20.597637765388964,18.45379885994905,0.30162761038020447
5.0,244.625496,109.0,22.612731499346825,22.044825263513342,21.48622990850848,20.5892253668968,18.445703335408847,0.30295381832090235
5.0,244.625496,109.25,22.60421132396246,22.036229416859438,21.477712666312534,20.580823762595305,18.43761882423388,0.3042783320600597
5.0,244.625496,109.5,22.59570431911079,22.02764505782262,21.469206233699516,20.5724328695797,18.42954518557383,0.3056021230664348
5.0,244.625496,109.75,22.587210333090972,22.0190719073969,21.460710307566483,20.564052423866134,18.421482292656027,0.3069296623436051
5.0,244.625496,110.0,22.578729217235544,22.01050991881516,21.452224867560066,20.555682382649554,18.413430012186616,0.3082555619481324
5.0,244.625496,110.25,22.570260823175353,22.00195904621857,21.44374989079185,20.547322704250107,18.40538821208447,0.30957982505642434
5.0,244.625496,110.5,22.561805003932317,21.993419272547058,21.435285387172573,20.538973374542426,18.397356776073398,0.310903362554404
5.0,244.625496,110.75,22.553361617240046,21.98489071603889,21.42683152714939,20.530634508932735,18.389335606839342,0.3122305017002205
5.0,244.625496,111.0,22.544930528603977,21.976373331147098,21.41838827973399,20.522306067251225,18.381324635739613,0.3135559720496538
5.0,244.625496,111.25,22.53651161483692,21.96786707218499,21.409955614606915,20.513988009813882,18.373323812737635,0.3148797784613226
5.0,244.625496,111.5,22.528104763493655,21.95937179187196,21.40153337914926,20.50568020081563,18.36533309175597,0.3162040561586317
5.0,244.625496,111.75,22.519709869700417,21.9508872658339,21.393121330072958,20.49738243137516,18.35735241837243,0.3175304620358006
5.0,244.625496,112.0,22.51132683149739,21.942413450513115,21.384719443897374,20.489094665560675,18.349381718217764,0.31885526367426575
5.0,244.625496,112.25,22.502955545482607,21.933950303320714,21.37632769547393,20.48081686868211,18.341420910337153,0.3201784647719589
5.0,244.625496,112.5,22.494595907565422,21.925497505163744,21.367945726117384,20.47254874168451,18.333469918871693,0.3215032163278139
5.0,244.625496,112.75,22.48624781427341,21.91705479547233,21.35957325289498,20.46429004053659,18.325528649842646,0.32282892644312433
5.0,244.625496,113.0,22.47791115807485,21.90862213528817,21.35121026045949,20.4560407323739,18.317596981469997,0.3241531346296457
5.0,244.625496,113.25,22.469585824106886,21.900199486776113,21.342856730832715,20.44780078500186,18.30967479038332,0.3254758433147278
5.0,244.625496,113.5,22.461271693999382,21.89178677376238,21.33451259805421,20.439570128921137,18.301761968355382,0.326800384618186
5.0,244.625496,113.75,22.452968650681804,21.883383935206616,21.326177813909187,20.431348708613733,18.293858418837452,0.32812551163891684
5.0,244.625496,114.0,22.444676580234596,21.87499093467467,21.31785235887286,20.423136491989663,18.285964053594,0.3294491540084371
5.0,244.625496,114.25,22.436395372517882,21.866607736040354,21.309536212573768,20.41493344741107,18.278078793832307,0.33077131482746663
5.0,244.625496,114.5,22.428124921908257,21.858234080710933,21.30122908663138,20.406739330802747,18.270202568682343,0.3320960086266784
5.0,244.625496,114.75,22.419865126690553,21.849869869908126,21.292930889077304,20.398554050618724,18.262335295052708,0.3334204138466585
5.0,244.625496,115.0,22.411615884685094,21.841515069437737,21.28464160403336,20.390377577267483,18.254476878579535,0.3347433956135494
5.0,244.625496,115.25,22.403377092063998,21.833169645650052,21.276361214253523,20.382209881682027,18.246627230622707,0.3360649564588093
5.0,244.625496,115.5,22.395148645936484,21.8248326998633,21.26808866265364,20.374050107481033,18.238786267529765,0.3373896332976323
5.0,244.625496,115.75,22.386930442419153,21.816504128053207,21.259823865694482,20.365898155871964,18.230953838353713,0.3387134366806619
5.0,244.625496,116.0,22.37872236134038,21.80818390131401,21.251566822086833,20.357753999815028,18.22312974669809,0.3400359991382643
5.0,244.625496,116.25,22.370524265877897,21.7998719916517,21.243317527346257,20.349617611883456,18.215313813877575,0.341357320876745
5.0,244.625496,116.5,22.362336013675638,21.791568802535352,21.235076492615768,20.341489376193493,18.20750589289897,0.3426800568774404
5.0,244.625496,116.75,22.35415746689113,21.783274633267148,21.226844092190753,20.33336957797822,18.199705902275806,0.3440034882557178
5.0,244.625496,117.0,22.34598850549549,21.77498945402151,21.21862030072942,20.325258188769144,18.191913833143772,0.345325533047096
5.0,244.625496,117.25,22.337829034353962,21.766713233845646,21.210405095383567,20.317155180401667,18.184129702968097,0.34664619532122437
5.0,244.625496,117.5,22.329678977641816,21.758445048672474,21.20219738217577,20.30905967233059,18.176353518974693,0.3479695753964182
5.0,244.625496,117.75,22.321538266395347,21.750184795959594,21.193997074673945,20.300971569193244,18.1685852012235,0.34929208285140934
5.0,244.625496,118.0,22.313406816775174,21.741932448616822,21.185804169549634,20.29289084866431,18.16082460842127,0.35061339702623656
5.0,244.625496,118.25,22.305284526954637,21.73368798063271,21.17761866079569,20.28481748852706,18.15307160614168,0.35193351845721454
5.0,244.625496,118.5,22.297171287399554,21.725451168997957,21.169440303675255,20.276751276893023,18.145326079031502,0.35325571469205314
5.0,244.625496,118.75,22.289066987616252,21.717221933076587,21.161269027449844,20.26869213687689,18.13758791233703,0.35457767847103616
5.0,244.625496,119.0,22.280971515966087,21.709000248740853,21.153104827369024,20.2606400453271,18.12985699054176,0.3558984976819101
5.0,244.625496,119.25,22.272884760273573,21.700786092264675,21.14494769706431,20.25259497931634,18.122133210432562,0.3572181730925432
5.0,244.625496,119.5,22.264806610808385,21.692579358286242,21.136797530907995,20.244556837788984,18.11441648371818,0.3585391519910649
5.0,244.625496,119.75,22.25673696216021,21.684379973246546,21.128654262419,20.236525550159485,18.106706727814636,0.35986050513728324
5.0,244.625496,120.0,22.248675712431982,21.676187914068137,21.120517885279966,20.228501094468058,18.09900386199721,0.3611807399928749
5.0,244.625496,120.25,22.240622762550583,21.66800315794559,21.112388392042043,20.220483449427125,18.091307812894794,0.36249985758204845
5.0,244.625496,120.5,22.232578017159895,21.65982546150494,21.10426550955626,20.212472383002233,18.08361851552924,0.36381996191568
5.0,244.625496,120.75,22.224541384514175,21.65165463433973,21.09614903265504,20.20446771369153,18.075935892867587,0.36514059554772704
5.0,244.625496,121.0,22.216512771919398,21.64349065484929,21.088038959805672,20.1964694215838,18.068259848041254,0.36646018774769407
5.0,244.625496,121.25,22.208492082736328,21.635333502187578,21.079935287320666,20.188477487572023,18.060590284626024,0.36777873876477096
5.0,244.625496,121.5,22.200479219094102,21.627183146925038,21.071837999676575,20.18049188416468,18.052927119383817,0.3690975602247982
5.0,244.625496,121.75,22.192474085521066,21.61903955413607,21.063747073864572,20.172512578587103,18.045270281103868,0.37041749646600214
5.0,244.625496,122.0,22.184476590640468,21.610902703674327,21.05566250400166,20.164539552406918,18.03761970742867,0.37173639566701394
5.0,244.625496,122.25,22.176486647596768,21.60277257557062,21.047584283514905,20.156572787737,18.02997534391763,0.3730542587868193
5.0,244.625496,122.5,22.16850417425261,21.59464903421226,21.039512266318745,20.14861215639323,18.022337142686684,0.3743724509413799
5.0,244.625496,122.75,22.16052909267712,21.586531902210186,21.031446258267263,20.140657490335613,18.014705050599446,0.37569149136342384
5.0,244.625496,123.0,22.1525613260781,21.5784211603779,21.02338625703897,20.1327087730337,18.007078999199106,0.3770095498370232
5.0,244.625496,123.25,22.14460079570784,21.570316790212793,21.01533225860158,20.124765988818076,17.999458917511856,0.37832662674153006
5.0,244.625496,123.5,22.136647422154674,21.56221859657606,21.007284045657233,20.116828952790843,17.991844742349993,0.37964408034694214
5.0,244.625496,123.75,22.128701127135432,21.554126350257334,20.999241363234702,20.108897446950934,17.984236402595787,0.38096220997809455
5.0,244.625496,124.0,22.120761830645108,21.5460400338478,20.99120421298853,20.100971455707,17.976633806387284,0.3822794338249778
5.0,244.625496,124.25,22.11282944770417,21.537959630788507,20.983172594246458,20.093050964197424,17.96903685956307,0.3835957516166119
5.0,244.625496,124.5,22.104903890830183,21.529885000127745,20.97514635547147,20.085135838074482,17.961445480205807,0.38491212676654324
5.0,244.625496,124.75,22.0969850734307,21.521815896594212,20.96712522175532,20.077225842586447,17.953859586907498,0.3862293920439351
5.0,244.625496,125.0,22.08907290857091,21.513752304343427,20.95910919684076,20.069320962230083,17.946279081953918,0.38754581947972544
5.0,244.625496,125.25,22.081167305668103,21.505694208319692,20.951098282025598,20.06142118231069,17.938703865948426,0.38886140845965506
5.0,244.625496,125.5,22.07326817241811,21.497641555418376,20.94309243139928,20.053526451487162,17.931133853310133,0.3901764394353018
5.0,244.625496,125.75,22.065375418418437,21.489594029532686,20.935091283204635,20.045636466350476,17.923568967031223,0.39149285047646154
5.0,244.625496,126.0,22.057488955094414,21.481551615801056,20.927094843114443,20.037751211514717,17.916009112850332,0.39280848829148135
5.0,244.625496,126.25,22.049608690933667,21.473514300263005,20.91910311404291,20.029870672760982,17.908454189977554,0.3941233519475801
5.0,244.625496,126.5,22.041734532312947,21.46548206920678,20.911116097575167,20.021994836010922,17.90090411125139,0.3954374409655715
5.0,244.625496,126.75,22.033866387488157,21.45745487480865,20.903133753251385,20.014123654528305,17.893358803754968,0.3967524090551922
5.0,244.625496,127.0,22.026004168777217,21.449432691279846,20.895156067018345,20.00625710286553,17.885818203493418,0.3980671987728636
5.0,244.625496,127.25,22.018147792770463,21.44141550517382,20.88718303888472,19.998395167812184,17.87828225320883,0.3993812212460311
5.0,244.625496,127.5,22.01029718029413,21.433403303153995,20.879214668152784,19.99053783674323,17.870750903361312,0.4006944764732656
5.0,244.625496,127.75,22.002452256680836,21.425395867050792,20.871250707591884,19.982684901247662,17.863224110336322,0.40200841499981255
5.0,244.625496,128.0,21.994612950892613,21.41739310623899,20.863291067273323,19.97483627510174,17.855701817922178,0.40332217331741604
5.0,244.625496,128.25,21.986779191234874,21.409395007890634,20.855335749841327,19.966991946900137,17.848183956841055,0.40463521895515814
5.0,244.625496,128.5,21.97895090383043,21.40140155966599,20.84738475656086,19.959151905793746,17.840670461206916,0.4059475514768399
5.0,244.625496,128.75,21.97112801498657,21.39341243059196,20.83943770509005,19.951315835525826,17.833161272747397,0.4072604048071503
5.0,244.625496,129.0,21.963310451999565,21.385427475754163,20.831494443042104,19.94348359740567,17.82565631303312,0.40857312037603
5.0,244.625496,129.25,21.955498137744847,21.377446683505646,20.823554977198732,19.93565518030596,17.818155481820966,0.4098852099977377
5.0,244.625496,129.5,21.947690988806762,21.369470042898364,20.815619312224264,19.92783057349712,17.810658683046938,0.4111966725520526
5.0,244.625496,129.75,21.93988891961934,21.36149752044425,20.807687424217892,19.9200097442647,17.803165835629063,0.4125079557777548
5.0,244.625496,130.0,21.932091846498352,21.35352905240309,20.799759252450187,19.91219263073271,17.79567687019252,0.41381966093097017
5.0,244.625496,130.25,21.924299689050866,21.34556462818949,20.79183480022441,19.904379222025046,17.788191722886566,0.41513075152565865
5.0,244.625496,130.5,21.91651236996762,21.337604237417523,20.78391406983225,19.89656950779638,17.780710336541386,0.4164412270155558
5.0,244.625496,130.75,21.908729815456145,21.329647706762636,20.77599686718109,19.888763321862843,17.773232661698515,0.41775157077724717
5.0,244.625496,131.0,21.900951955115925,21.32169477052171,20.768082890449055,19.880960409473605,17.765758640371473,0.4190620885108191
5.0,244.625496,131.25,21.893178717897005,21.31374541808422,20.76017214783366,19.87316076020005,17.758288189278677,0.42037207226485196
5.0,244.625496,131.5,21.885410027406337,21.305799639751555,20.752264645016297,19.865364364623833,17.75082121904061,0.42168152068242876
5.0,244.625496,131.75,21.877645803937334,21.297857402965363,20.74436035864248,19.857571191141663,17.74335765274025,0.4229905244607221
5.0,244.625496,132.0,21.869885968670836,21.289918472734964,20.736459021768102,19.84978101388157,17.735897423129973,0.424299889197395
5.0,244.625496,132.25,21.8621304445922,21.281982839371505,20.72856064218863,19.84199382253544,17.728440452667023,0.4256087653421357
5.0,244.625496,132.5,21.854379153302233,21.274050493896613,20.720665225545073,19.83420960773073,17.720986660664785,0.426917151603605
5.0,244.625496,132.75,21.846632015695295,21.26612142754026,20.71277277639857,19.8264283602888,17.713535977963254,0.42822504704735564
5.0,244.625496,133.0,21.8388889549058,21.25819536720785,20.70488298099325,19.81864981767715,17.70608834542352,0.4295331158410327
5.0,244.625496,133.25,21.831149896709103,21.250272279265165,20.696995818569075,19.810873946583524,17.698643690073695,0.4308408059941837
5.0,244.625496,133.5,21.823414765120408,21.24235215512842,20.689111295744066,19.80310073802852,17.691201930172717,0.4321480597452053
5.0,244.625496,133.75,21.815683482191623,21.234434986518096,20.681229417868746,19.795330183321017,17.683762993510275,0.43345487599719673
5.0,244.625496,134.0,21.807955971210102,21.226520554533746,20.673349936330364,19.787562071813575,17.67632681859555,0.43476159511255735
5.0,244.625496,134.25,21.80023215787807,21.21860877344003,20.665472766575903,19.77979632023614,17.668893335098794,0.43606804176016517
5.0,244.625496,134.5,21.792511966956862,21.210699634983136,20.657597916137426,19.772032919764435,17.66146246268787,0.43737410510560554
5.0,244.625496,134.75,21.784795321197958,21.202793131329273,20.64972539103865,19.764271862039383,17.654034127148087,0.43867978390003465
5.0,244.625496,135.0,21.77708214396067,21.194889095640377,20.641855005216645,19.75651298621161,17.646608265206666,0.43998518736955616
5.0,244.625496,135.25,21.769372360897474,21.186987385937293,20.6339866053585,19.748756155043125,17.639184809357896,0.44129032885974817
5.0,244.625496,135.5,21.76166589750857,21.17908799420725,20.62612019991576,19.741001359764446,17.631763680276023,0.4425951410187112
5.0,244.625496,135.75,21.75396267710413,21.171190912983118,20.618255795562185,19.73324859226401,17.624344801070972,0.44389962244493136
5.0,244.625496,136.0,21.74626262285612,21.163295994327914,20.610393229023032,19.725497709679274,17.616928105841964,0.4452037409022774
5.0,244.625496,136.25,21.738565659891332,21.155403075866428,20.602532322093527,19.717748555073502,17.609513526472075,0.44650752035574653
5.0,244.625496,136.5,21.730871713360944,21.147512149850023,20.59467308381875,19.71000111973198,17.602100982675584,0.4478110246109138
5.0,244.625496,136.75,21.723180706142934,21.139623209120938,20.586815521353902,19.702255395658252,17.59469039552978,0.44911425216791395
5.0,244.625496,137.0,21.71549256073644,21.131736200706214,20.57895958555215,19.69451133088485,17.587281697964993,0.45041715131125504
5.0,244.625496,137.25,21.70780720195277,21.123850858463562,20.57110497135078,19.686768668952663,17.579874828745247,0.45171949611995277
5.0,244.625496,137.5,21.700124556329808,21.115967174569015,20.56325168892674,19.6790274008666,17.57246971070518,0.4530216218357956
5.0,244.625496,137.75,21.692444547886467,21.108085142018986,20.555399746087375,19.67128751872947,17.565066260943947,0.45432352677166626
5.0,244.625496,138.0,21.68476709890191,21.100204754053458,20.547549149491665,19.663549014828618,17.557664408323348,0.4556252096332748
5.0,244.625496,138.25,21.677092133382747,21.092325735729023,20.539699582579882,19.655811624198464,17.55026409231815,0.4569260919649669
5.0,244.625496,138.5,21.669419577776544,21.08444806500067,20.53185103819988,19.648075324091966,17.542865238828938,0.45822677270151146
5.0,244.625496,138.75,21.661749356706625,21.07657173497386,20.524003524411224,19.640340106624556,17.535467766054637,0.4595272840035631
5.0,244.625496,139.0,21.654081393017464,21.0686967390333,20.516157048054424,19.632605964176186,17.528071602633837,0.4608276245356436
5.0,244.625496,139.25,21.64641561103488,21.060822847409124,20.508311346788012,19.624872675057322,17.520676687996897,0.4621272480658021
5.0,244.625496,139.5,21.63875193759076,21.052949914262648,20.500466263600813,19.617140097795243,17.51328295118945,0.4634264051882828
5.0,244.625496,139.75,21.63109029806165,21.045077932306516,20.492621808359058,19.60940822387785,17.505890305057747,0.4647254599640154
5.0,244.625496,140.0,21.623430614125734,21.037206894858688,20.48477798898899,19.60167704542365,17.498498665332455,0.4660244107592665
5.0,244.625496,140.25,21.61577280655356,21.029336667492665,20.476934658540966,19.593946431859784,17.491107960198597,0.4673226308990819
5.0,244.625496,140.5,21.60811679791816,21.021467133481597,20.469091693404486,19.586216269359042,17.483718118310104,0.4686202336907971
5.0,244.625496,140.75,21.60046251139663,21.01359828577608,20.461249102363396,19.57848654935234,17.47632906183063,0.46991777604526747
5.0,244.625496,141.0,21.592809869410974,21.005730117770813,20.45340689260858,19.570757263893647,17.46894071730932,0.47121525650929164
5.0,244.625496,141.25,21.585158795366272,20.99786256168144,20.445564996675763,19.563028346436102,17.4615530225632,0.4725123804606938
5.0,244.625496,141.5,21.57750921559311,20.989995370244657,20.437723131953437,19.555299558273816,17.454165919090702,0.47380830153653125
5.0,244.625496,141.75,21.569861058138724,20.98212853584489,20.429881308333552,19.547570890487336,17.446779332458807,0.4751042174546451
5.0,244.625496,142.0,21.562214248662634,20.974262051653923,20.422039533459138,19.539842335243677,17.439393183118543,0.4764001265803299
5.0,244.625496,142.25,21.554568711297954,20.966395911089414,20.414197813874043,19.532113884926137,17.432007402830173,0.4776960276505288
5.0,244.625496,142.5,21.546924371963396,20.958529789196398,20.40635577232706,19.52438522640468,17.424621933060518,0.47899042149180043
5.0,244.625496,142.75,21.539281158719252,20.950663629270665,20.398513360896963,19.516656303496916,17.417236696514642,0.48028463952475536
5.0,244.625496,143.0,21.53163899635162,20.942797424020785,20.39067058839512,19.508927107676122,17.409851601961506,0.4815789186016864
5.0,244.625496,143.25,21.5239978057897,20.934931166580967,20.382827462083597,19.501197630709903,17.40246656720791,0.4828732572684016
5.0,244.625496,143.5,21.51635750801842,20.92706468264227,20.374983786634424,19.493467703527635,17.395081522788722,0.48416632484046346
5.0,244.625496,143.75,21.5087180262324,20.919197878108957,20.367139466275873,19.48573723377223,17.387696395866787,0.48545879648337714
5.0,244.625496,144.0,21.501079283648487,20.91133074551635,20.359294509097616,19.478006212348614,17.38031110647235,0.4867513743937018
5.0,244.625496,144.25,21.49344120240718,20.90346327780416,20.351448921678124,19.470274630702033,17.3729255805275,0.488044057238431
5.0,244.625496,144.5,21.485803705704438,20.8955953130675,20.34360252323115,19.462542331726173,17.365539754806008,0.48933609377130005
5.0,244.625496,144.75,21.478166719262454,20.887726521737697,20.335754934111137,19.454808997216425,17.358153560819943,0.49062670681872145
5.0,244.625496,145.0,21.470530167932314,20.87985689470967,20.327906165615136,19.447074616201334,17.35076690165887,0.49191751571372494
5.0,244.625496,145.25,21.46289397010964,20.871986423965204,20.320056226025052,19.439339178895043,17.343379672258063,0.49320851859811665
5.0,244.625496,145.5,21.455258039813266,20.86411508640281,20.31220510365569,19.4316026607067,17.335991782322605,0.4944990710024732
5.0,244.625496,145.75,21.447622291726262,20.856242827533713,20.304352748227576,19.423865006729105,17.32860315573385,0.4957878634807463
5.0,244.625496,146.0,21.439986643644485,20.848369639517948,20.2964991656789,19.416126206900458,17.32121372453621,0.4970768583704414
5.0,244.625496,146.25,21.432351016816824,20.84049551467924,20.288644360931055,19.408386251695433,17.313823429022154,0.4983660546967818
5.0,244.625496,146.5,21.424715336470275,20.8326204453904,20.280788338206246,19.40064513207689,17.30643221912952,0.499655451651901
5.0,244.625496,146.75,21.417079532398898,20.82474384682088,20.272930406331554,19.39290228528733,17.299040049012696,0.5009427603241705
5.0,244.625496,147.0,21.409443536274676,20.81686555480696,20.265070393639938,19.38515755163149,17.291646827067023,0.5022297759467573
5.0,244.625496,147.25,21.40180727005594,20.808985558871477,20.257208310734743,19.377410919055272,17.28425242153768,0.5035171323770694
5.0,244.625496,147.5,21.394170643234812,20.80110384947815,20.24934416543913,19.36966237584045,17.27685670611909,0.5048048278784324
5.0,244.625496,147.75,21.38653355993318,20.793220422236836,20.241477969811136,19.361911914475492,17.269459574921928,0.5060901596040941
5.0,244.625496,148.0,21.378895925314506,20.785335268980845,20.233609729944288,19.354159523523915,17.26206094138941,0.5073753358658736
5.0,244.625496,148.25,21.371257648895078,20.777448380683097,20.225739449984285,19.346405190869014,17.254660734667567,0.5086608461146747
5.0,244.625496,148.5,21.363618645803708,20.769559748285012,20.217867133340185,19.338648904827462,17.247258896138266,0.5099466896731744
5.0,244.625496,148.75,21.35597883700251,20.76166919014323,20.209992574971583,19.330890488604222,17.23985537563879,0.5112310332968404
5.0,244.625496,149.0,21.348338148238234,20.75377653967491,20.202115591554726,19.323129780139205,17.232450114286276,0.5125140839485898
5.0,244.625496,149.25,21.340696505727717,20.745881786031635,20.194236188824355,19.315366767214936,17.22504303598039,0.5137975297284972
5.0,244.625496,149.5,21.33305383297341,20.737984918997885,20.1863543706388,19.307601438524898,17.217634063893314,0.5150813697021659
5.0,244.625496,149.75,21.32541005264928,20.7300858614211,20.178470058927665,19.299833718500214,17.210223131721314,0.5163648113406479
5.0,244.625496,150.0,21.31776508929018,20.722184348117146,20.17058294975352,19.29206335093813,17.202810176284974,0.5176456571219227
5.0,244.625496,150.25,21.310118868406324,20.714280367222976,20.162693049083668,19.284290322610083,17.195395116977757,0.5189269573650234
5.0,244.625496,150.5,21.302471312366936,20.706373907742318,20.15480036049988,19.276514621362484,17.187977867407294,0.5202087111005316
5.0,244.625496,150.75,21.294822341451926,20.698464958954556,20.146904886427983,19.268736235200215,17.18055835284956,0.5214909177465705
5.0,244.625496,151.0,21.287171877422423,20.690552809671846,20.139005784054977,19.260954479302157,17.1731365060066,0.5227698965328534
5.0,244.625496,151.25,21.279519842151533,20.682637364850663,20.13110296919981,19.253169259209084,17.165712206851875,0.5240490477098123
5.0,244.625496,151.5,21.27186614504316,20.674718610058907,20.12319644896402,19.24538055793796,17.158285297628527,0.525328800072286
5.0,244.625496,151.75,21.264210682117046,20.6667965316393,20.11528622774049,19.23758835839512,17.150855634174697,0.5266091524702774
5.0,244.625496,152.0,21.256553344773383,20.65887123734981,20.10737245434404,19.22979275931727,17.143423096973862,0.5278858115408954
5.0,244.625496,152.25,21.24889402690494,20.6509427178945,20.099455132230656,19.22199374702986,17.135987598240625,0.5291629345381414
5.0,244.625496,152.5,21.24123263025048,20.643010960505865,20.091534260894928,19.214191304799698,17.128549074053115,0.5304406302265403
5.0,244.625496,152.75,21.23356906552124,20.635075952227186,20.08360983930957,19.20638541650942,17.121107472143176,0.5317188986876543
5.0,244.625496,153.0,21.22590325105846,20.62713723093424,20.07568132431835,19.19857563547098,17.113662744789536,0.5329945395155257
5.0,244.625496,153.25,21.21823510936689,20.619194568303566,20.06774846515889,19.190761739431856,17.106214808760647,0.53426933371131
5.0,244.625496,153.5,21.210564556870434,20.611247947052657,20.059811265699153,19.182943709099174,17.09876354188549,0.5355448263885203
5.0,244.625496,153.75,21.202891499609606,20.60329735089268,20.051869726901824,19.175121525960297,17.091308821512676,0.5368210169252422
5.0,244.625496,154.0,21.195215838537305,20.59534276931833,20.043923854757644,19.167295176537074,17.083850542755506,0.5380946689052597
5.0,244.625496,154.25,21.187537475504712,20.587384189560712,20.035973651092196,19.159464644971802,17.076388618538818,0.5393672415001598
5.0,244.625496,154.5,21.17985631651856,20.579421595916983,20.02801911321889,19.151629912767696,17.068922976545995,0.5406405078106344
5.0,244.625496,154.75,21.172172273031183,20.571454972668835,20.020060237735063,19.143790961874792,17.061453555901355,0.5419144682669551
5.0,244.625496,155.0,21.164485262160927,20.563484115782376,20.012096793327665,19.13594759391834,17.053980303313537,0.5431871607859213
5.0,244.625496,155.25,21.156795205541357,20.555508685741927,20.004128389144075,19.128099480559612,17.04650315354567,0.5444572311582202
5.0,244.625496,155.5,21.149102023889498,20.54752866286868,19.996155025814637,19.120246600631237,17.03902200791568,0.545728092553156
5.0,244.625496,155.75,21.1414056307488,20.539544028609555,19.988176700894716,19.112388934243302,17.031536757527785,0.5469997448701968
5.0,244.625496,156.0,21.13370593466101,20.531554732783444,19.980193371868374,19.104526430762014,17.024047306875506,0.5482709050517006
5.0,244.625496,156.25,21.12600284425846,20.523560648867594,19.972204903566222,19.09665896591895,17.016553571762994,0.5495385271886984
5.0,244.625496,156.5,21.118296270190207,20.51556175769244,19.96421129186944,19.08878651845627,17.00905546899757,0.5508069653586775
5.0,244.625496,156.75,21.11058612438782,20.507558040442575,19.956212531151756,19.080909067732172,17.001552919849043,0.5520762202156391
5.0,244.625496,157.0,21.102872320867945,20.499549478389145,19.948208614881988,19.0730265934331,16.994045856094928,0.5533462926529429
5.0,244.625496,157.25,21.095154777250503,20.49153531564099,19.94019864515263,19.065138367167332,16.986534213988033,0.5546114183706851
5.0,244.625496,157.5,21.087433411877143,20.48351550627483,19.932182599258333,19.0572443415322,16.979017871819767,0.5558773435343158
5.0,244.625496,157.75,21.079708130183477,20.47549002647911,19.92416047354039,19.04934449066297,16.971496671359926,0.5571442289974677
5.0,244.625496,158.0,21.071978824575393,20.46745885305597,19.91613226192848,19.041438788404392,16.96397047017783,0.5584120753383762
5.0,244.625496,158.25,21.06424538347006,20.45942207137807,19.908098087751043,19.033527312176776,16.95643914900352,0.5596747818684018
5.0,244.625496,158.5,21.05650769784684,20.45137966176252,19.900057943437943,19.02561003845654,16.948902617413665,0.5609383016684855
5.0,244.625496,158.75,21.048765666010684,20.443331601939764,19.89201181845845,19.01768694150287,16.941360806605378,0.5622027603808268
5.0,244.625496,159.0,21.041019194558235,20.43527786943855,19.883959701723622,19.009757996126815,16.93381365842857,0.563468159661575
5.0,244.625496,159.25,21.03326819715155,20.42721803108703,19.875901085099514,19.00182278327003,16.92626111895099,0.5647296078995537
5.0,244.625496,159.5,21.025512591359654,20.419151922921078,19.867835795714097,18.993881142495297,16.918703102209275,0.5659904432868925
5.0,244.625496,159.75,21.017752289566438,20.411079517835578,19.8597638249097,18.985933045246338,16.91113949161019,0.567252322681408
5.0,244.625496,160.0,21.009987196056024,20.403000789431545,19.85168516163992,18.97797846349586,16.903570173146182,0.5685152474376626
5.0,244.625496,160.25,21.00221721178895,20.39491566017525,19.84359973135055,18.970017319687987,16.89599504762952,0.569774735045825
5.0,244.625496,160.5,20.994442238862405,20.38682407664688,19.83550748880887,18.962049559213465,16.888414025442753,0.5710329438033963
5.0,244.625496,160.75,20.986662181819867,20.37872601206992,19.827408420311617,18.954075153201256,16.8808270234153,0.5722922126449967
5.0,244.625496,161.0,20.978876948083755,20.370621439736976,19.81930251112037,18.94609407316387,16.873233967061246,0.5735525437030493
5.0,244.625496,161.25,20.97108644877483,20.36250994864148,19.81118928056454,18.93810592158673,16.86563478832487,0.574810697219274
5.0,244.625496,161.5,20.963290597403624,20.354391048303334,19.80306816065989,18.930110224123016,16.858029389308737,0.5760661182106758
5.0,244.625496,161.75,20.955489300602725,20.346264703773837,19.794939141810374,18.922106943675548,16.850417615854948,0.5773227599801697
5.0,244.625496,162.0,20.947682449645857,20.33813088167861,19.786802209743794,18.914096044332993,16.842799299190162,0.5785806240126237
5.0,244.625496,162.25,20.939869925251035,20.329989670174466,19.778657494688296,18.90607760598846,16.835174291965703,0.5798358969096498
5.0,244.625496,162.5,20.932051606814525,20.321841151743413,19.770505115322393,18.89805170269728,16.82754248073088,0.5810887865457443
5.0,244.625496,162.75,20.92422738019468,20.31368529567242,19.762345050480707,18.890018299896372,16.81990378743523,0.5823428551715283
5.0,244.625496,163.0,20.916397141898383,20.305522070652287,19.754177279046548,18.881977363060237,16.81225815322584,0.583598106042841
5.0,244.625496,163.25,20.9085607981836,20.297351342671462,19.74600165539931,18.873928759962585,16.804605525542716,0.5848518894045067
5.0,244.625496,163.5,20.900718262139716,20.28917288424027,19.73781792296271,18.86587226930782,16.796945845456577,0.5861018496037602
5.0,244.625496,163.75,20.892869449151796,20.280986660322935,19.729626061906327,18.85780785525957,16.78927903417486,0.5873530495450088
5.0,244.625496,164.0,20.885014272322735,20.272792636457787,19.72142605032829,18.84973548304072,16.781605006310166,0.5886054922600978
5.0,244.625496,164.25,20.87715264319487,20.26459066608805,19.71321772916842,18.841655010167084,16.773923683452896,0.5898576546957119
5.0,244.625496,164.5,20.869284473992153,20.25638023952303,19.705000500968787,18.833565944815422,16.766234982474593,0.5911046536199798
5.0,244.625496,164.75,20.8614096748262,20.248161315864138,19.696774346835777,18.82546824497836,16.758538778883782,0.5923530056917167
5.0,244.625496,165.0,20.8535281455673,20.239933855621413,19.68853924362547,18.81736186997153,16.750834929206057,0.5936027137812191
5.0,244.625496,165.25,20.84563977758752,20.2316978237803,19.68029517131095,18.809246782671092,16.743123304758903,0.5948523232155013
5.0,244.625496,165.5,20.837744460529613,20.22345320063614,19.67204212691191,18.801122960148707,16.735403794775124,0.596096523832267
5.0,244.625496,165.75,20.829842086591007,20.215199947188736,19.66378008260146,18.792990360867368,16.727676305003087,0.5973420785217118
5.0,244.625496,166.0,20.82193255266817,20.206938024190606,19.655509009745643,18.784848943315854,16.719940753830237,0.5985889914834895
5.0,244.625496,166.25,20.814015760877442,20.198667376202096,19.647228859556602,18.776698650922498,16.712197068367793,0.599836763661365
5.0,244.625496,166.5,20.806091618215092,20.190387709490103,19.638939293917588,18.7685391985352,16.70444517932014,0.6010779201196472
5.0,244.625496,166.75,20.79816003461834,20.18209898088368,19.630640284790697,18.76037054197043,16.69668499928027,0.6023204879106077
5.0,244.625496,167.0,20.79022091786898,20.1738011477934,19.622331801685167,18.75219263808914,16.688916431252537,0.6035644712369991
5.0,244.625496,167.25,20.78227417354623,20.16549416768073,19.614013812873086,18.744005443816498,16.68113938614245,0.6048098746692468
5.0,244.625496,167.5,20.774319707976545,20.15717742473156,19.605685589390756,18.735808364793094,16.673353780068094,0.606048307712676
5.0,244.625496,167.75,20.766357427232542,20.14885084496766,19.597347074501155,18.727601326575197,16.665559485576193,0.6072879153302129
5.0,244.625496,168.0,20.758387227096215,20.14051437950061,19.58899823591475,18.719384278925304,16.6577563471356,0.6085290547638538
5.0,244.625496,168.25,20.75040899303413,20.13216797961745,19.580639038869307,18.71115717100884,16.649944221707397,0.6097717289224528
5.0,244.625496,168.5,20.742422607259357,20.123810979563366,19.57226869705508,18.702919357901308,16.64212297982512,0.6110069565478521
5.0,244.625496,168.75,20.73442795046608,20.115443322200285,19.56388717883017,18.694670778358187,16.63429245226252,0.612243831021173
5.0,244.625496,169.0,20.72642489254686,20.107064951847814,19.555494446987467,18.68641137252384,16.62645244737409,0.6134823570180973
5.0,244.625496,169.25,20.71841329364389,20.09867596092215,19.547090641729493,18.678141222175952,16.6186027937634,0.614720886836354
5.0,244.625496,169.5,20.71039301274375,20.09027697549762,19.538676546944387,18.66986092216712,16.610743360459416,0.6159534782053148
5.0,244.625496,169.75,20.702363918661867,20.081867950079204,19.53025211250182,18.661570423067754,16.602874104216777,0.6171875787456502
5.0,244.625496,170.0,20.694325904726355,20.07344883668166,19.521817292278744,18.65326967398013,16.594995032647144,0.6184231958100072
5.0,244.625496,170.25,20.686278887305594,20.065019557826748,19.51337200628281,18.64495859793479,16.587106151067623,0.6196601317285645
5.0,244.625496,170.5,20.67822279590732,20.05657876918228,19.504914634319466,18.636635901524354,16.57920744336157,0.6208893575319056
5.0,244.625496,170.75,20.670157559837662,20.048126402834285,19.496445143550474,18.628301517585214,16.571298767586544,0.6221203424684494
5.0,244.625496,171.0,20.66208308088349,20.039662394434163,19.48796349144808,18.619955382887156,16.56337990267356,0.6233530913178569
5.0,244.625496,171.25,20.653999232632614,20.031186817658753,19.47946979884105,18.611597564877723,16.55545064380431,0.6245852926400578
5.0,244.625496,171.5,20.645905876799883,20.02270004725797,19.470964546992672,18.603228418872945,16.547510828693444,0.6258118979386207
5.0,244.625496,171.75,20.637802878231867,20.014202027476987,19.462447681139633,18.5948478859612,16.53956036518077,0.6270401725496176
5.0,244.625496,172.0,20.629690117828694,20.00569270082481,19.453919148489536,18.58645590560748,16.531599202216167,0.6282701243816203
5.0,244.625496,172.25,20.621567492637332,19.99717196603534,19.445378843929813,18.578052376476542,16.52362729323815,0.6294993572087223
5.0,244.625496,172.5,20.61343490969364,19.988639629928088,19.436826551856807,18.569637110144264,16.51564458542243,0.6307228279445168
5.0,244.625496,172.75,20.605292280477265,19.98009563070659,19.428262219969934,18.5612100453958,16.507651009794348,0.6319480159928021
5.0,244.625496,173.0,20.59713951627263,19.971539906624734,19.41968579434752,18.552771121769297,16.499646489119293,0.6331749288460787
5.0,244.625496,173.25,20.588976527610836,19.962972123779867,19.41109688847029,18.54432001723229,16.49163094626056,0.6344008656435923
5.0,244.625496,173.5,20.580803224282228,19.954391476576372,19.402494547179597,18.535855955480013,16.48360427777448,0.6356212463275692
5.0,244.625496,173.75,20.572619507502676,19.945797888359806,19.393878720609912,18.52737885978308,16.475566301606705,0.6368435360229275
5.0,244.625496,174.0,20.564425256607915,19.93719128444015,19.385249351890657,18.51888865466198,16.467516800348875,0.6380677418149615
5.0,244.625496,174.25,20.556220332807868,19.928571980240772,19.376606856765868,18.510385638115263,16.4594555786769,0.6392882462938065
5.0,244.625496,174.5,20.548004592491402,19.919940226790636,19.36795156006014,18.501870045653455,16.451382502559266,0.6405060073384327
5.0,244.625496,174.75,20.53977790301987,19.91129595839873,19.359283394483004,18.49334180828847,16.443297508726346,0.6417255721754075
5.0,244.625496,175.0,20.531540151688905,19.902639107538693,19.350602294588302,18.48480085612914,16.43520056203183,0.642946950286218
5.0,244.625496,175.25,20.52329124193662,19.893969529667356,19.341908102192505,18.476247046914537,16.427091625360003,0.6441636968877371
5.0,244.625496,175.5,20.51503108607455,19.885287107929557,19.33320069557074,18.467680266412998,16.41897064905347,0.6453783466832034
5.0,244.625496,175.75,20.506759599388882,19.87659177090065,19.324480009143965,18.45910044510261,16.410837570248432,0.6465948426141288
5.0,244.625496,176.0,20.498476697133366,19.867883446902564,19.31574597625768,18.450507513789912,16.40269232087017,0.6478131938424414
5.0,244.625496,176.25,20.490182294390227,19.859161678599826,19.306998058553457,18.441901032461544,16.39453482968174,0.6490258750689847
5.0,244.625496,176.5,20.481876304795755,19.8504262341312,19.298236003294523,18.433280777253355,16.38636499024266,0.6502374915690211
5.0,244.625496,176.75,20.473558632980538,19.841677033530043,19.289459743020473,18.42464667002287,16.378182660953847,0.6514510661687033
5.0,244.625496,177.0,20.465229171979153,19.83291399710235,19.280669207272847,18.415998632101218,16.36998769754609,0.652666608211528
5.0,244.625496,177.25,20.456887808076555,19.824136967919024,19.271864229639394,18.40733650953642,16.361779966621917,0.6538740316346711
5.0,244.625496,177.5,20.448534425417765,19.815345860004744,19.263044731682484,18.39866021582887,16.353559339151712,0.6550828806588206
5.0,244.625496,177.75,20.44016890721739,19.806540591170098,19.25421063828062,18.38996966782993,16.34532569045301,0.6562937232006794
5.0,244.625496,178.0,20.431791136835088,19.797721067021634,19.24536185867112,18.381264770515816,16.337078903741293,0.6575043914480891
5.0,244.625496,178.25,20.423400999041885,19.7888871580481,19.236498258991187,18.372545395093645,16.3288188682098,0.6587084828120485
5.0,244.625496,178.5,20.41499838027676,19.78003877907159,19.227619760464968,18.36381145551343,16.3205454741768,0.6599145908065048
5.0,244.625496,178.75,20.406583167999845,19.771175844297087,19.218726282771605,18.355062865375718,16.31225861412425,0.661122726150826
5.0,244.625496,179.0,20.39815525081258,19.76229848280457,19.209818008348158,18.34629974523995,16.30395818657607,0.6623276838751669
5.0,244.625496,179.25,20.38971452003977,19.753406845109165,19.200895139682462,18.337522237015303,16.295644115047086,0.6635289987639145
5.0,244.625496,179.5,20.38126087511866,19.74450084986108,19.19195759094394,18.328730260384376,16.287316359393067,0.6647322817420662
5.0,244.625496,179.75,20.37279422786923,19.735580414187865,19.18300527766231,18.319923734371965,16.278974891975057,0.6659375443842042
5.0,244.625496,180.0,20.36431449959366,19.726645134166727,19.174037723004254,18.311102270233327,16.270619676241264,0.6671374773536919
5.0,244.625496,180.25,20.355821614654936,19.717694761303004,19.165054650067816,18.30226562895994,16.2622506375604,0.6683358352717345
5.0,244.625496,180.5,20.347315490820087,19.708729203583637,19.15605597486707,18.293413722174435,16.25386766199135,0.6695362669381377
5.0,244.625496,180.75,20.338796034996978,19.699748369062956,19.14704161064939,18.28454646107573,16.2454706257539,0.6707387835761622
5.0,244.625496,181.0,20.33026314666203,19.690753147140203,19.13801267314563,18.275664700269775,16.237059417371146,0.6719324677573688
5.0,244.625496,181.25,20.321716727007647,19.681743466907793,19.128969071949022,18.26676837181594,16.228634019576877,0.6731280133380639
5.0,244.625496,181.5,20.31315669965114,19.672719247933156,19.119910715544986,18.257857398562034,16.220194476338595,0.6743255005772519
5.0,244.625496,181.75,20.304583011478158,19.66368029839336,19.11083737920212,18.248931598030612,16.211740820495844,0.6755236161647915
5.0,244.625496,182.0,20.295995620274255,19.654625725090263,19.101747982234443,18.239990114379825,16.20327304927722,0.6767140003903751
5.0,244.625496,182.25,20.28739448072061,19.64555542970464,19.092642442343436,18.231032855882862,16.19479106392761,0.677906491703551
5.0,244.625496,182.5,20.278779525504998,19.636469315640003,19.083520670370095,18.22205973235279,16.186294707571427,0.6791011009015445
5.0,244.625496,182.75,20.270150665292732,19.627367581284044,19.074382936628627,18.213070935509293,16.177783828848067,0.6802924134909087
5.0,244.625496,183.0,20.261507800487884,19.618250441953588,19.06522952244533,18.204066672067412,16.16925831698924,0.6814801770794755
5.0,244.625496,183.25,20.25285083507164,19.609117809107918,19.056060329695246,18.195046855774493,16.160718115900387,0.6826699788821537
5.0,244.625496,183.5,20.244179685564173,19.599969592260116,19.046875262098634,18.186011398438378,16.152163190620726,0.6838618316536647
5.0,244.625496,183.75,20.235494278725337,19.590805390607056,19.0376738435467,18.176959914055367,16.143593498692493,0.6850471695365635
5.0,244.625496,184.0,20.22679454440117,19.581625016305253,19.0284558694695,18.167892221604955,16.135008960973824,0.6862321324116565
5.0,244.625496,184.25,20.218080405870896,19.572428369796675,19.019221243466596,18.158808225133324,16.126409465466093,0.6874192273148387
5.0,244.625496,184.5,20.209351776625333,19.563215574566275,19.00997014166321,18.149708042772772,16.117794895270812,0.688606341120677
5.0,244.625496,184.75,20.200608564647688,19.553987475612967,19.000703620658065,18.140592486636,16.109165163816826,0.6897866475464303
5.0,244.625496,185.0,20.19185068456375,19.54474399013609,18.991421570764484,18.131461477548548,16.10052028559014,0.6909689212387106
5.0,244.625496,185.25,20.183078076923955,19.535485031652414,18.98212388940923,18.12231493319513,16.09186032832772,0.6921531761919473
5.0,244.625496,185.5,20.17429070592316,19.52621016111995,18.972810044124103,18.11315243416201,16.08318534046244,0.6933348374348033
5.0,244.625496,185.75,20.165488544470215,19.516918789876684,18.96347933063038,18.10397341815998,16.07449531087101,0.6945121244458834
5.0,244.625496,186.0,20.15667155680338,19.50761081472254,18.954131653945975,18.094777789842443,16.065790143367003,0.6956915436292586
5.0,244.625496,186.25,20.147839685429126,19.498286133353595,18.944766914002376,18.085565454050773,16.05706970213956,0.6968731069908382
5.0,244.625496,186.5,20.13899285400455,19.48894529426014,18.935385810379305,18.076336939920424,16.04833385799576,0.6980471889587802
5.0,244.625496,186.75,20.130130978964726,19.479588295245318,18.925988344329014,18.0670922462681,16.03958254814994,0.699221995376674
5.0,244.625496,187.0,20.121253987372747,19.47021504297094,18.91657440936407,18.05783128332807,16.030815761164558,0.7003988508801856
5.0,244.625496,187.25,20.112361820982468,19.460825506628343,18.907143979501498,18.048554022070288,16.022033486335594,0.7015749649192619
5.0,244.625496,187.5,20.10345442965327,19.451419777100238,18.89769717864268,18.03926055162206,16.01323570707101,0.7027450473198728
5.0,244.625496,187.75,20.094531767581227,19.441997761029292,18.888233899977386,18.029950784838665,16.004422414540304,0.7039171609549943
5.0,244.625496,188.0,20.08559379369652,19.43255936354746,18.87875403806975,18.020624633495533,15.99559359916825,0.7050913190771265
5.0,244.625496,188.25,20.076640469487895,19.423105002014047,18.869258120705663,18.01128250264383,15.986749242428926,0.7062604188160819
5.0,244.625496,188.5,20.067671758215674,19.413634855335086,18.859746367312034,18.00192456911221,15.977889361194816,0.707427808002263
5.0,244.625496,188.75,20.05868763389869,19.40414883734818,18.850218669139416,17.992550755257636,15.969014014964365,0.7085971440050526
5.0,244.625496,189.0,20.0496880853269,19.394646859979254,18.840674920811058,17.983160982391627,15.960123262326809,0.7097684401936626
5.0,244.625496,189.25,20.040673109336307,19.38512809746974,18.831114109062405,17.97375446300564,15.951217133820608,0.7109312548855781
5.0,244.625496,189.5,20.031642699702367,19.375592430124623,18.821536115802388,17.964331087845377,15.94229557188615,0.7120959029973696
5.0,244.625496,189.75,20.02259682932583,19.366039756571546,18.81194083849553,17.954890764816035,15.933358457541672,0.7132626440710658
5.0,244.625496,190.0,20.013535448501983,19.356470439740544,18.8023287458382,17.94543384642511,15.924405670387234,0.7144259179189352
5.0,244.625496,190.25,20.004458495863506,19.346884804076765,18.792700244256924,17.93596064690747,15.915437140011614,0.7155862250607362
5.0,244.625496,190.5,19.99536591530065,19.33728276001839,18.78305522142258,17.926471081488582,15.906452864989646,0.7167485129774134
5.0,244.625496,190.75,19.98625766681006,19.327664215484234,18.773393568795345,17.916965062914013,15.897452864570331,0.7179127952285828
5.0,244.625496,191.0,19.977133722107517,19.318028314488462,18.763714236597064,17.907441769872793,15.888437138203694,0.7190687013985866
5.0,244.625496,191.25,19.967994052631703,19.308374944911193,18.75401711934012,17.897901095856675,15.879405599916305,0.7202266629293089
5.0,244.625496,191.5,19.95883861049999,19.29870399996798,18.744302110390297,17.88834293939174,15.870358105593498,0.7213867521288964
5.0,244.625496,191.75,19.949667326567933,19.28901678109302,18.734570842513236,17.878768552073392,15.861294520357108,0.722541889862456
5.0,244.625496,192.0,19.940480126060326,19.279313841813806,18.724823979842434,17.86917846705913,15.852214847957784,0.7236957608739343
5.0,244.625496,192.25,19.931276963989085,19.26959510323804,18.715061401456968,17.859572609577413,15.843119236192448,0.7248514810155212
5.0,244.625496,192.5,19.922057839596217,19.25986047287412,18.705282982951424,17.849950894166824,15.834007853512416,0.7260080929009934
5.0,244.625496,192.75,19.912822780018196,19.250109773586136,18.69548850123706,17.84031315746888,15.824880828681623,0.7271574312044574
5.0,244.625496,193.0,19.90357182091328,19.2403429180663,18.685677850574052,17.830659324819365,15.815738241831033,0.7283086575495471
5.0,244.625496,193.25,19.894304994379574,19.230559818500925,18.675850925689264,17.820989322051343,15.806580135283184,0.729461784364738
5.0,244.625496,193.5,19.885022324454162,19.220759967201662,18.666007102619712,17.811302670764405,15.797406523908759,0.7306106073736947
5.0,244.625496,193.75,19.875723824488325,19.210943016163892,18.65614596897958,17.801599044327247,15.788217364841243,0.731757681213461
5.0,244.625496,194.0,19.86640948845078,19.201108865930223,18.64626742373951,17.791878353266277,15.779012554204968,0.7329067722067787
5.0,244.625496,194.25,19.857079286946476,19.19125820430641,18.636372337247252,17.782141263146727,15.769791973678013,0.7340542118853353
5.0,244.625496,194.5,19.847733177017346,19.181392247242467,18.62646220887529,17.772388946688622,15.760555588155338,0.7351975029665494
5.0,244.625496,194.75,19.83837113029952,19.17151092564287,18.616536914563625,17.762621341399527,15.751303529389888,0.7363425320059842
5.0,244.625496,195.0,19.828993161142584,19.161614165285425,18.606596343256346,17.752838380576794,15.74203599566857,0.7374893133376916
5.0,244.625496,195.25,19.81959931844905,19.151701861914923,18.596640354078716,17.743039971963945,15.732753150573346,0.7386297902723553
5.0,244.625496,195.5,19.810189663968437,19.14177393227775,18.586668837458348,17.73322604615033,15.723455111380103,0.7397705579971872
5.0,244.625496,195.75,19.800764258623175,19.131830297390017,18.57668169183352,17.72339653904458,15.714141956470987,0.7409131048727603
5.0,244.625496,196.0,19.79132315640368,19.121871307377116,18.566679349684215,17.713551799277262,15.704813737956293,0.7420534103169244
5.0,244.625496,196.25,19.78186640449748,19.111897455691267,18.556662409303982,17.703692313436285,15.695470527643844,0.7431901495295199
5.0,244.625496,196.5,19.77239405372163,19.10190867586457,18.546630763180904,17.693818029667018,15.686112454099412,0.7443285477916939
5.0,244.625496,196.75,19.762906169165422,19.091904899000543,18.536584310741315,17.683928893517294,15.676739656714789,0.7454686173218863
5.0,244.625496,197.0,19.753402825162663,19.081886943663793,18.526524057063384,17.674025704785574,15.667352250616338,0.7466018292457514
5.0,244.625496,197.25,19.74388409969873,19.071854811967,18.516449968851486,17.664108480063028,15.657950399018029,0.7477360250044439
5.0,244.625496,197.5,19.7343500855146,19.06180844405151,18.50636194726034,17.65417717628373,15.648534294210489,0.7488717804722901
5.0,244.625496,197.75,19.724800888490755,19.05174725175828,18.49625924378312,17.64423124312199,15.639104093393442,0.7500059060973704
5.0,244.625496,198.0,19.715236613249036,19.041670226399773,18.48614060816932,17.634269725073842,15.629659861018705,0.7511359994746084
5.0,244.625496,198.25,19.7056573408421,19.031577284677187,18.47600596508755,17.62429255391615,15.62020151471409,0.7522678750284759
5.0,244.625496,198.5,19.696063108022866,19.021468558222217,18.465855494313296,17.61429986535668,15.610728901736001,0.7533998411985662
5.0,244.625496,198.75,19.686453914162353,19.011344841835786,18.455690189356265,17.604292428594775,15.601241899329706,0.7545266242050113
5.0,244.625496,199.0,19.676829745512258,19.001206070312037,18.445509948879096,17.594270183477683,15.591740489510268,0.7556550539237558
5.0,244.625496,199.25,19.66719060152391,18.991052175103004,18.435314678920438,17.584233064381536,15.58222471287085,0.7567851416040527
5.0,244.625496,199.5,19.657536497084944,18.9808845384943,18.425106092948386,17.574182401191262,15.572694611699038,0.7579089040700374
5.0,244.625496,199.75,19.647867459616464,18.97070318688711,18.41488417541427,17.564118223784963,15.563150340867649,0.7590337128521331
5.0,244.625496,200.0,19.63818354975573,18.960508066061628,18.40464882843347,17.55404048556541,15.553592128210251,0.7601599905407093
5.0,244.625496,200.25,19.628484859083482,18.950298903392362,18.39439969118963,17.543948932974136,15.54402016951667,0.7612834771145144
5.0,244.625496,200.5,19.618771489707694,18.94007544010891,18.384136431921505,17.53384332781066,15.534434594187447,0.762404574035945
5.0,244.625496,200.75,19.60904353615926,18.929837612950536,18.373858968885802,17.523723620395995,15.524835462418789,0.7635272156881734
5.0,244.625496,201.0,19.599301075663362,18.919585938189105,18.363567940056672,17.51359031752581,15.515222799119869,0.7646489873164557
5.0,244.625496,201.25,19.589544171477165,18.909321682602293,18.35326489877993,17.50344464701816,15.505596673333883,0.7657667257199197
5.0,244.625496,201.5,19.57977289385681,18.899044807464712,18.342949739676687,17.493286582613546,15.49595729362675,0.7668857688300595
5.0,244.625496,201.75,19.569987347064625,18.8887552696539,18.332622372192926,17.483116093788706,15.486304925232712,0.7680061280923813
5.0,244.625496,202.0,19.560187663250044,18.878453113787593,18.322282822974415,17.472933236800248,15.476639792799242,0.7691215707611396
5.0,244.625496,202.25,19.550373982750287,18.868138316329897,18.311931035924033,17.462738004390935,15.46696208003143,0.7702368745995393
5.0,244.625496,202.5,19.540546443600636,18.857810832415726,18.301566932343547,17.452530369291765,15.457271936385101,0.7713534985052427
5.0,244.625496,202.75,19.53070517644453,18.847470836191775,18.291190709416757,17.44231051424116,15.447569479731314,0.7724682618702052
5.0,244.625496,203.0,19.520850302573663,18.83711857970049,18.28080265656911,17.43207869610353,15.4378548208601,0.7735800570852805
5.0,244.625496,203.25,19.51098193817035,18.826754023165012,18.27040269513191,17.421834890279357,15.428128085711498,0.7746931198569121
5.0,244.625496,203.5,19.501100199581053,18.81637710610454,18.259990727195813,17.411579050975458,15.41838939420213,0.7758070438718788
5.0,244.625496,203.75,19.491205200799705,18.80598746686141,18.24956628387618,17.401310841988554,15.40863883693622,0.776915439489575
5.0,244.625496,204.0,19.48129704674278,18.795585058719112,18.239129301308395,17.391030228028477,15.398876450649231,0.7780251631617296
5.0,244.625496,204.25,19.471375824814032,18.785169835302824,18.228679713943436,17.38073717254324,15.38910223429381,0.7791362216869867
5.0,244.625496,204.5,19.46144160455654,18.77474220994685,18.218218029298356,17.37043207844917,15.37931617903571,0.780242374603987
5.0,244.625496,204.75,19.451494444197554,18.76430219750669,18.20774424413328,17.360114964375786,15.36951831199448,0.781349050239036
5.0,244.625496,205.0,19.441534402646734,18.753849755826856,18.197258289267147,17.34978579247434,15.359708686744202,0.7824570059117755
5.0,244.625496,205.25,19.43156154227439,18.743385841205917,18.186761343558125,17.339445483818277,15.349887356156918,0.7835612399087459
5.0,244.625496,205.5,19.421575929270098,18.73291077779002,18.17625376738415,17.329094353898736,15.340054449597856,0.784664853869086
5.0,244.625496,205.75,19.41157765032223,18.72242453523884,18.165735482344903,17.31873237828897,15.330210170495194,0.7857695854811556
5.0,244.625496,206.0,19.40156681714182,18.711927107652638,18.155206451001394,17.30835955772558,15.32035471566018,0.7868727789182473
5.0,244.625496,206.25,19.391543553460995,18.701418501061607,18.144666655149503,17.29797590639805,15.310488246114291,0.7879731887071952
5.0,244.625496,206.5,19.381507983180803,18.690898682218013,18.134116030152956,17.28758140176449,15.300610891671822,0.7890747235161009
5.0,244.625496,206.75,19.371460224617348,18.680367698049533,18.123554614537934,17.27717609822506,15.290722755044353,0.7901762520016637
5.0,244.625496,207.0,19.361400387976524,18.66982588765603,18.11298281077144,17.266760330298784,15.280823924006699,0.7912736662261098
5.0,244.625496,207.25,19.351328577292865,18.659273222088114,18.102400552832048,17.25633407854039,15.270914503709575,0.7923721598612715
5.0,244.625496,207.5,19.341244897046494,18.648709671091446,18.091807779936065,17.245897321124723,15.260994602426544,0.7934717397672956
5.0,244.625496,207.75,19.33114945135874,18.63813631107519,18.08120581509513,17.23545109883767,15.251064315229414,0.7945664525275973
5.0,244.625496,208.0,19.321042344719242,18.62755316710725,18.070594635174334,17.224995444310775,15.241123814850472,0.795661880811844
5.0,244.625496,208.25,19.31092370006187,18.616960217827163,18.059974174187904,17.21453034517192,15.231173322036533,0.7967582612270661
5.0,244.625496,208.5,19.30079365811308,18.606357260955097,18.049344147582307,17.204055616574248,15.221213026925547,0.7978521879367899
5.0,244.625496,208.75,19.29065236256453,18.59574413379885,18.038704330625702,17.193571112297125,15.211243063736807,0.798944495462295
5.0,244.625496,209.0,19.280499946809368,18.585120809660506,18.028054673699724,17.183076816364423,15.201263511164367,0.8000378090129474
5.0,244.625496,209.25,19.270336527331388,18.574487251742696,18.017395114423234,17.172572701791186,15.191274416196812,0.8011299651848284
5.0,244.625496,209.5,19.260162204577526,18.563843415755198,18.006725582392306,17.16205873232959,15.181275809748643,0.8022194484907939
5.0,244.625496,209.75,19.249977065758983,18.55318927464002,17.99604603033879,17.151534886129383,15.17126771017639,0.8033099510836916
5.0,244.625496,210.0,19.23978118680205,18.542524999516893,17.98535665935155,17.141001329710893,15.161250127984944,0.8043998976514444
5.0,244.625496,210.25,19.22957463497066,18.53185108559836,17.974658069603766,17.13045853953899,15.151223088502151,0.8054867099485644
5.0,244.625496,210.5,19.21935747646695,18.521167512249605,17.96395020334758,17.119906496485783,15.141186669181744,0.8065744595377228
5.0,244.625496,210.75,19.209129786985343,18.51047432052503,17.953233088767206,17.109345240058204,15.131140969303724,0.8076626048779618
5.0,244.625496,211.0,19.1988916500456,18.499772074856736,17.942507409400513,17.09877531295883,15.121086081102119,0.8087466495313447
5.0,244.625496,211.25,19.18864315350997,18.489060758107385,17.9317731059671,17.088196701192164,15.111022132779794,0.8098315605196675
5.0,244.625496,211.5,19.178384395923477,18.478340351197435,17.921030126804006,17.077609389157537,15.10094926756101,0.81091734383919
5.0,244.625496,211.75,19.168115483505453,18.467610451349582,17.910277945291103,17.06701299377983,15.09086760166869,0.8119994330771977
5.0,244.625496,212.0,19.157836519809063,18.456870958302233,17.89951642861934,17.05640742201115,15.080777190373912,0.8130815447584325
5.0,244.625496,212.25,19.14754759324193,18.446121847619636,17.8887455383449,17.045792653045954,15.070678038929561,0.8141645959405899
5.0,244.625496,212.5,19.13724877382176,18.43536380252041,17.877966119274245,17.035169343803105,15.060570141827375,0.8152444644589224
5.0,244.625496,212.75,19.126940120977753,18.424597022558142,17.867178387909966,17.02453768657614,15.050453554415697,0.8163239292123889
5.0,244.625496,213.0,19.116621701982982,18.41382149123313,17.856382293378292,17.013897665354165,15.040328389046621,0.8174042263695247
5.0,244.625496,213.25,19.10629359813929,18.4030369111612,17.845577440542403,17.003248994846892,15.0301947554841,0.8184825970781305
5.0,244.625496,213.5,19.09595589582502,18.39224300243919,17.834763469180732,16.99259140675636,15.020052714840876,0.8195592927461217
5.0,244.625496,213.75,19.08560867237652,18.381439741110764,17.82394034654194,16.981924878134823,15.009902268461534,0.8206368970685256
5.0,244.625496,214.0,19.07525198749209,18.370627329952207,17.813108320454162,16.97124960273165,14.999743391940871,0.8217129537474386
5.0,244.625496,214.25,19.064885886449336,18.359806006349185,17.80226767390011,16.960565806305368,14.989576079724909,0.8227870916251626
5.0,244.625496,214.5,19.0545104107395,18.348975751227513,17.791418363546185,16.94987346754157,14.979400362618092,0.8238620843355168
5.0,244.625496,214.75,19.04412560611151,18.338136680711397,17.780560520077135,16.939172694217678,14.969216283982911,0.8249362091019613
5.0,244.625496,215.0,19.033731522108447,18.32728905282336,17.769694449272478,16.928463730713062,14.959023892154887,0.826007671434652
5.0,244.625496,215.25,19.023328211876184,18.31643285027611,17.758820106475767,16.917746558031975,14.948823257018743,0.8270799456486546
5.0,244.625496,215.5,19.01291573485128,18.305568058517125,17.74793745607528,16.907021160123563,14.938614452712343,0.8281524697994846
5.0,244.625496,215.75,19.002494153961717,18.294694690574424,17.73704649948184,16.89628754802029,14.928397538936384,0.8292211564100742
5.0,244.625496,216.0,18.992063531014324,18.28381272752594,17.7261471989103,16.885545702478986,14.918172563060663,0.830290658696705
5.0,244.625496,216.25,18.981623924572208,18.27292215011306,17.715239518010183,16.874795603859962,14.9079395614585,0.8313609803699138
5.0,244.625496,216.5,18.971175388805314,18.262022618455678,17.704323020533444,16.86403692459246,14.89769855740805,0.8324274448054662
5.0,244.625496,216.75,18.960717971228814,18.251114071729397,17.69339763162827,16.853269603594004,14.887449536289989,0.8334942207227288
5.0,244.625496,217.0,18.95025170641905,18.240196487034428,17.682463321839304,16.842493615350914,14.877192454829302,0.8345618655232341
5.0,244.625496,217.25,18.93977661562198,18.229269773174487,17.671519975116976,16.83170886745797,14.86692726613023,0.8356262720204725
5.0,244.625496,217.5,18.929292710739198,18.218333887122224,17.660567537897926,16.82091531221189,14.856653920335892,0.8366904029064263
5.0,244.625496,217.75,18.918799996387452,18.20738880476318,17.649605980174886,16.81011291896817,14.846372365326008,0.8377554177521572
5.0,244.625496,218.0,18.908298471464388,18.196434666573897,17.638635477745662,16.799301814136147,14.836082552606847,0.8388177304854026
5.0,244.625496,218.25,18.89778813180984,18.185471529337857,17.62765609595947,16.788482043649815,14.825784452623914,0.8398791770095333
5.0,244.625496,218.5,18.88726897498767,18.174499370123595,17.616667800005107,16.7776535769025,14.81547805520472,0.8409414826522551
5.0,244.625496,218.75,18.87674100240241,18.163517903637278,17.60567022854646,16.76681613190092,14.805163352519486,0.8420020324997771
5.0,244.625496,219.0,18.866204216266144,18.15252682463835,17.594663005429425,16.755969407388765,14.794840307996232,0.8430606979151068
5.0,244.625496,219.25,18.85565861122071,18.14152610364153,17.583646106842956,16.745113366213637,14.784508841683698,0.8441202924334643
5.0,244.625496,219.5,18.84510416812686,18.130515625418717,17.572619397085507,16.73424788851969,14.774168858241712,0.845178647371262
5.0,244.625496,219.75,18.834540856568616,18.11949522756668,17.5615826828484,16.723372807958683,14.76382026162229,0.8462346195100254
5.0,244.625496,220.0,18.82396863808747,18.10846487872179,17.55053593776033,16.712488082686637,14.7534629489431,0.847291549727129
5.0,244.625496,220.25,18.81338746706535,18.09742445810447,17.539479020765587,16.701593584466043,14.743096818720693,0.8483476801314751
5.0,244.625496,220.5,18.80279729299856,18.086373736656203,17.528411657166654,16.690689080484557,14.732721770558399,0.849400926002601
5.0,244.625496,220.75,18.79219806092087,18.07531267951116,17.51733382082932,16.679774523451798,14.722337691388166,0.8504551669831895
5.0,244.625496,221.0,18.781589709480567,18.064241169996897,17.50624537955837,16.668849787480898,14.711944465892543,0.8515090192365624
5.0,244.625496,221.25,18.77097217247017,18.05315891275562,17.4951459785502,16.65791457487347,14.701541981043409,0.8525595023799754
5.0,244.625496,221.5,18.760345379468994,18.04206586884048,17.484035591788526,16.646968833110726,14.691130107539946,0.8536110238135246
5.0,244.625496,221.75,18.749709253050685,18.03096200765425,17.472914199204457,16.63601251767092,14.680708712240081,0.8546625385418471
5.0,244.625496,222.0,18.739063710822155,18.01984732796449,17.461781815444915,16.62504561195897,14.67027767638358,0.8557102132469079
5.0,244.625496,222.25,18.728408669949097,18.008721791148297,17.45063840587901,16.6140680636485,14.65983689873188,0.856758923359759
5.0,244.625496,222.5,18.717744050292854,17.99758534420567,17.439483917586728,16.603079807045333,14.649386291215224,0.857808473921254
5.0,244.625496,222.75,18.70706977523462,17.986437531222403,17.428317791990697,16.592080390875335,14.638925769812888,0.8588531516048171
5.0,244.625496,223.0,18.69638576913316,17.97527830731338,17.417140000721385,16.581069757775293,14.62845521880457,0.8598989191843223
5.0,244.625496,223.25,18.685691949241114,17.964107628265783,17.405950510087465,16.570047851705294,14.61797450430595,0.8609457793167281
5.0,244.625496,223.5,18.674988225719545,17.952924604427324,17.394748222410545,16.559013805985867,14.60748349716103,0.8619880536793889
5.0,244.625496,223.75,18.664274502509407,17.9417290846706,17.383532996301295,16.54796745978934,14.596982005624769,0.8630308748197059
5.0,244.625496,224.0,18.65355066436587,17.930521014661622,17.372304802707454,16.53690874472519,14.586469793313883,0.8640749003988969
5.0,244.625496,224.25,18.642816576839973,17.91929945582441,17.361062495556542,16.525836743277804,14.575946634150945,0.8651144737317407
5.0,244.625496,224.5,18.6320720930094,17.908064202130156,17.349805877713933,16.514751236704864,14.565412250853694,0.8661544577994582
5.0,244.625496,224.75,18.62131704450966,17.896815187892056,17.33853491902494,16.503652139646412,14.554866328981241,0.8671957656960984
5.0,244.625496,225.0,18.61055124324138,17.88555226519773,17.327249478295943,16.492539286177117,14.54430857907209,0.8682320835054483
5.0,244.625496,225.25,18.599774493608603,17.874275360906736,17.315949507113423,16.481412580573213,14.533738742997725,0.8692692458267145
5.0,244.625496,225.5,18.588986600313923,17.862984407818427,17.304634960731672,16.47027193260652,14.523156590975628,0.8703077435356954
5.0,244.625496,225.75,18.578187372676958,17.851678250001726,17.293304422231014,16.459116209098006,14.512561913265928,0.8713411007047939
5.0,244.625496,226.0,18.56737662191593,17.840356703844925,17.281957735260956,16.447945207361112,14.501954425908188,0.8723753239794814
5.0,244.625496,226.25,18.55655414147229,17.82901968386405,17.27059485369017,16.436758819629336,14.49133379378883,0.8734109938592044
5.0,244.625496,226.5,18.54571970563819,17.817666402915204,17.25921484030204,16.425556264805586,14.480699702536025,0.8744408063438277
5.0,244.625496,226.75,18.534873079275695,17.80629676782536,17.247817652477806,16.41433742450468,14.470051814076514,0.8754721714768066
5.0,244.625496,227.0,18.52401401430211,17.794910787253,17.236403362692965,16.40310227790224,14.459389785412098,0.8765042982415835
5.0,244.625496,227.25,18.513142254986416,17.78350924491379,17.224973010194393,16.391851546778675,14.448713326626512,0.8775310961279527
5.0,244.625496,227.5,18.502257554507946,17.772092061774874,17.213526512917454,16.380585128527688,14.438022269568624,0.878559338971548
5.0,244.625496,227.75,18.49135969712987,17.760659155854952,17.202063795008993,16.369302919550783,14.427316525177037,0.879589034154677
5.0,244.625496,228.0,18.480448498850674,17.749208624491786,17.19058248798073,16.358003075381088,14.416596001181043,0.8806125598524136
5.0,244.625496,228.25,18.46952378719145,17.737740268095973,17.179082437609647,16.346685383376936,14.40586044049168,0.8816373775350229
5.0,244.625496,228.5,18.458585359095547,17.726253977440585,17.16756358097085,16.335349719792706,14.395109473248755,0.882663868242237
5.0,244.625496,228.75,18.447632975759593,17.714748811713676,17.15602479592182,16.323995162111114,14.384342744138362,0.8836837572299912
5.0,244.625496,229.0,18.43666637897786,17.70322464272363,17.144466010489143,16.31262156244019,14.373559866207385,0.8847053509045577
5.0,244.625496,229.25,18.425685290283905,17.691681276498645,17.132887054246392,16.30122870856196,14.36276044197838,0.8857283139028407
5.0,244.625496,229.5,18.414689417696838,17.68011707547861,17.121285930320727,16.28981500293403,14.351944098586563,0.8867447597582174
5.0,244.625496,229.75,18.40367845995295,17.66853189049214,17.109662571890233,16.27838027003309,14.341110367036542,0.8877631515790982
5.0,244.625496,230.0,18.39265208591387,17.656925681915656,17.098017025298322,16.266924439035957,14.330258729857904,0.8887816715655572
5.0,244.625496,230.25,18.381609939633677,17.645298732643226,17.08634973034206,16.255447746206773,14.31938873395379,0.8897948771036316
5.0,244.625496,230.5,18.370551664669655,17.63365090351263,17.07466057262401,16.24395002312938,14.308500028790853,0.8908099748296792
5.0,244.625496,230.75,18.35947692435013,17.62198139210251,17.06294860137377,16.232430466539384,14.297592330167884,0.8918250817793728
5.0,244.625496,231.0,18.348385402241103,17.610287384725485,17.051210346067393,16.22088634684223,14.286665305945018,0.8928345899182273
5.0,244.625496,231.25,18.337276772208906,17.59856867667504,17.03944572512082,16.20931743124883,14.275718368478458,0.8938463635995789
5.0,244.625496,231.5,18.32615064530152,17.586825769961642,17.027655508157352,16.197724164647333,14.264750808619823,0.8948557508461581
5.0,244.625496,231.75,18.315006579717792,17.575059268549552,17.01584055114221,16.186107086553484,14.253762050272446,0.8958621135279157
5.0,244.625496,232.0,18.303844134295097,17.563268998513248,17.004000695447083,16.17446598942162,14.242751710179869,0.8968705879150662
5.0,244.625496,232.25,18.292662905806232,17.551454289760965,16.992135162076337,16.162800191064996,14.231719505603586,0.8978759741231975
5.0,244.625496,232.5,18.281462527906044,17.53961446965581,16.980243188237534,16.151109010095666,14.220665134345696,0.898878454287505
5.0,244.625496,232.75,18.270242647920295,17.527749337407055,16.96832461975355,16.139392220960097,14.209588235386427,0.8998831683206102
5.0,244.625496,233.0,18.259002909615372,17.51585811752122,16.956378563203813,16.12764905041553,14.198488431874935,0.9008841252872573
5.0,244.625496,233.25,18.247742951775304,17.503940141019452,16.94440427734327,16.115878827428734,14.187365317679115,0.901882664086491
5.0,244.625496,233.5,18.236462402404133,17.491995183204004,16.932401590279966,16.104081306826718,14.176218439992583,0.9028835624980368
5.0,244.625496,233.75,18.22516087426942,17.48001972159259,16.920366132421606,16.0922530828927,14.165047326677282,0.9038797642652512
5.0,244.625496,234.0,18.21383795707097,17.468011528098558,16.908295299230204,16.080391981898458,14.153851234699097,0.9048745764042176
5.0,244.625496,234.25,18.202493156769393,17.45597050265466,16.896189211796592,16.06849786345048,14.142629098046054,0.9058716350185411
5.0,244.625496,234.5,18.191125867101952,17.443900215163747,16.884052598739892,16.056574097199153,14.131379863585984,0.9068606457546309
5.0,244.625496,234.75,18.179735436151308,17.4318004211321,16.871885169094842,16.0446203965436,14.120102961211892,0.9078521502913913
5.0,244.625496,235.0,18.16832128943446,17.419670368137492,16.85968603172626,16.03263598430566,14.10879815849062,0.9088450663559036
5.0,244.625496,235.25,18.156882951197645,17.407504827749023,16.847448630716585,16.020615800201103,14.09746518365505,0.909829575857062
5.0,244.625496,235.5,18.145419972832734,17.395303403483663,16.83517275295969,16.00855941308086,14.086103282025633,0.9108171733567457
5.0,244.625496,235.75,18.13393181239948,17.383066806640386,16.822859521645398,15.996467458307,14.074711414655303,0.9118019146922589
5.0,244.625496,236.0,18.12241783214647,17.370795903522964,16.8105101881873,15.984340715499105,14.063288714895439,0.9127830353205201
5.0,244.625496,236.25,18.11087738220532,17.358490354558427,16.798124419542408,15.972178804873801,14.051834597202049,0.9137670325745108
5.0,244.625496,236.5,18.099309861061446,17.346147550809658,16.785699002894457,15.959979171237213,14.040348608012563,0.9147456365721922
5.0,244.625496,236.75,18.087714708304794,17.33376577185598,16.773231952160046,15.947740110858282,14.028830115185661,0.9157226067696917
5.0,244.625496,237.0,18.076091339036786,17.32134456988137,16.76072292443714,15.935461141751825,14.017278249838347,0.9167028505203305
5.0,244.625496,237.25,18.064439107606447,17.308884800856497,16.74817321019786,15.92314303095005,14.005692112596337,0.9176730912918365
5.0,244.625496,237.5,18.052757334928454,17.296386069169447,16.7355824337447,15.910785345192874,13.994070990841491,0.9186462356796408
5.0,244.625496,237.75,18.041045363069358,17.283847209585463,16.722949245767776,15.898386911987926,13.98241431671864,0.9196198733197689
5.0,244.625496,238.0,18.029302568471604,17.271264634080648,16.710269229357895,15.885944237847873,13.970721477591463,0.9205854293162797
5.0,244.625496,238.25,18.017528323775633,17.2586377895781,16.69754196846897,15.873456735458609,13.958991556475326,0.9215545644152572
5.0,244.625496,238.5,18.005721930789655,17.24596706736982,16.68476820374186,15.860924723832971,13.947223483052007,0.9225187953261657
5.0,244.625496,238.75,17.99388262897187,17.233252609394274,16.671948298187477,15.848348279691992,13.935416339609752,0.9234805113768205
5.0,244.625496,239.0,17.98200965694673,17.22049389031786,16.6590817348753,15.835726837499324,13.92356940847303,0.924445701295605
5.0,244.625496,239.25,17.970102290381455,17.207685384294997,16.646161591632474,15.823055038600303,13.911682033814957,0.9254016303579006
5.0,244.625496,239.5,17.958159817206106,17.194825486126835,16.633186188458073,15.810331275592263,13.899753133974981,0.9263592513022124
5.0,244.625496,239.75,17.946181428349146,17.181914821443492,16.620156670821913,15.79755607970974,13.887781277840201,0.9273152051302881
5.0,244.625496,240.0,17.934166199352127,17.168955027172945,16.607075386112733,15.784730946158255,13.875765187321944,0.9282653343339223
5.0,244.625496,240.25,17.922113182490513,17.155945465367843,16.593941659086596,15.771855185282776,13.86370398964942,0.9292192384591798
5.0,244.625496,240.5,17.910021497737194,17.142883543767766,16.580752332080255,15.758926232477414,13.851597025063377,0.9301658846171973
5.0,244.625496,240.75,17.89789033081464,17.12976764350439,16.567505591832905,15.745942459351836,13.839443482533522,0.931111531278636
5.0,244.625496,241.0,17.885718863512217,17.116596647387667,16.55420028237936,15.73290272411105,13.82724234926742,0.9320594286970184
5.0,244.625496,241.25,17.87350623446109,17.10336704314408,16.540832153410083,15.719803589345291,13.814992523192222,0.9329967804283856
5.0,244.625496,241.5,17.8612515312436,17.090077915153607,16.527400408760997,15.706644099422745,13.802692679762448,0.9339385577600773
5.0,244.625496,241.75,17.84895375948842,17.076728820531354,16.513904813115246,15.693423748350915,13.790341385131034,0.9348738762762551
5.0,244.625496,242.0,17.83661185979217,17.06331910577227,16.50034481991527,15.680141821621735,13.777937320526318,0.9358074643033303
5.0,244.625496,242.25,17.824224757297902,17.049847176325194,16.486718651885234,15.666796697528588,13.765479297676416,0.936743364503296
5.0,244.625496,242.5,17.81179138690796,17.036307281095628,16.473019185216398,15.653382765853854,13.75296611127401,0.9376683457518742
5.0,244.625496,242.75,17.799310661803627,17.022698217110865,16.459245387141358,15.639898768375605,13.740396126749365,0.9385983027108858
5.0,244.625496,243.0,17.786781380477066,17.009024477631584,16.44540352468217,15.626348907679274,13.727767497231202,0.939519156368309
5.0,244.625496,243.25,17.774202257786424,16.995286670868147,16.431494538901973,15.61273366293581,13.715078973875931,0.9404405687346005
5.0,244.625496,243.5,17.76157209819618,16.98148245504594,16.417515547429623,15.59905068240832,13.702329887451727,0.941363103858727
5.0,244.625496,243.75,17.748889857493282,16.967604526548328,16.40345733688779,15.585292864022586,13.6895195229382,0.9422749788944296
5.0,244.625496,244.0,17.736154535893032,16.953651514338752,16.389318691794355,15.571458797971342,13.67664646302487,0.9431920215341011
5.0,244.625496,244.25,17.72336500269579,16.93961899176599,16.375094326067693,15.55754415007974,13.663708833687199,0.9440985017765936
5.0,244.625496,244.5,17.710519962032993,16.925504741655434,16.360781946957236,15.543546687354718,13.65070450541841,0.9450071319999078
5.0,244.625496,244.75,17.69761796008033,16.911310987190912,16.346385017626808,15.529468419244491,13.637631218463012,0.9459101270379647
5.0,244.625496,245.0,17.68465743628624,16.89703913989844,16.33190572547821,15.515310567754023,13.624487135159251,0.9468100589964814
5.0,244.625496,245.25,17.67163686641049,16.88268728478139,16.31734182502201,15.5010711593966,13.611271009408647,0.9477122402019996
5.0,244.625496,245.5,17.658554855090756,16.868250969781208,16.302687843149243,15.486745790518006,13.59798174817678,0.9486024482515734
5.0,244.625496,245.75,17.64541008603968,16.85372850821783,16.287942083736542,15.472332717757027,13.584617920753045,0.9494981624636193
5.0,244.625496,246.0,17.632201208636737,16.839117486984918,16.273101863647703,15.457829510879863,13.571177840249025,0.9503826378841831
5.0,244.625496,246.25,17.61892680271875,16.824415927785754,16.258165100231604,15.443234154955034,13.55765972006692,0.9512689994096971
5.0,244.625496,246.5,17.60558538411049,16.809618290770015,16.243125040454583,15.428541214133284,13.544061686628174,0.9521500911177181
5.0,244.625496,246.75,17.59217539783952,16.794719050900515,16.227975135490606,15.413745253371859,13.530381501344507,0.9530272033834317
5.0,244.625496,247.0,17.578695146810162,16.77971935731346,16.212717722610428,15.398847225087007,13.516616422830896,0.9539021789635854
5.0,244.625496,247.25,17.56514275239331,16.764622415915298,16.197357592369478,15.383850045271663,13.502763879634143,0.9547703333634703
5.0,244.625496,247.5,17.551516290893378,16.74942540535734,16.181891354541097,15.368750839654556,13.488822066058452,0.9556419911559587
5.0,244.625496,247.75,17.537813960673816,16.734119730153758,16.166308156814953,15.353541189246952,13.474789438993437,0.9564999804480987
5.0,244.625496,248.0,17.524034035659405,16.71870274686814,16.150605368839873,15.338218384999792,13.460663774710712,0.957364458088666
5.0,244.625496,248.25,17.51017466999845,16.70317823666095,16.134788761250608,15.322785888509049,13.446442387200449,0.9582135416518225
5.0,244.625496,248.5,17.4962338842096,16.687543865675377,16.118855653767213,15.30724129655215,13.432123115422057,0.9590683355455812
5.0,244.625496,248.75,17.482209740134792,16.671794126778302,16.10279927974793,15.29157915213964,13.417704186022835,0.959912003325706
5.0,244.625496,249.0,17.468100369907955,16.655925226390853,16.086615356467572,15.275795643334314,13.40318349974417,0.960756720748243
5.0,244.625496,249.25,17.453903857770644,16.639931561354807,16.07029723551483,15.2598852266909,13.388558534721032,0.9615932304621818
5.0,244.625496,249.5,17.43961816124063,16.623808339895973,16.053839491664498,15.243843127630054,13.373826350358616,0.9624282765376522
5.0,244.625496,249.75,17.425241062417456,16.607557096389904,16.037245172907575,15.227670625393385,13.358983672173826,0.963255873918406
5.0,244.625496,250.0,17.410770182070824,16.591177687913756,16.0205147831825,15.211367379034408,13.344027556580105,0.9640812193115089
5.0,244.625496,250.25,17.396203128003577,16.57466256031824,16.003638857881587,15.19492592452377,13.328955594208713,0.9649011596086124
5.0,244.625496,250.5,17.381537576251436,16.55800372185134,15.986607705085008,15.178338368572199,13.31376508597089,0.9657163011280545
5.0,244.625496,250.75,17.36677113417658,16.541204535296657,15.969427051724846,15.161607709424006,13.29845257993081,0.9665255031521875
5.0,244.625496,251.0,17.351901225543617,16.524267442560213,15.952100884896565,15.144736065559712,13.28301491150346,0.9673307837665215
5.0,244.625496,251.25,17.33692526382038,16.507180348653428,15.934613471099336,15.127711601226451,13.267449781891354,0.9681316283643631
5.0,244.625496,251.5,17.32184079024075,16.48992843308161,15.916946129425474,15.11051985373805,13.2517543270169,0.9689263672686775
5.0,244.625496,251.75,17.306645216759193,16.472513603289357,15.899103257618506,15.09316240357313,13.235924031640494,0.9697136099830099
5.0,244.625496,252.0,17.291335543270595,16.454935244930187,15.88108522879658,15.075638402519186,13.21995416427617,0.9704992037926319
5.0,244.625496,252.25,17.27590852769281,16.43718920284859,15.862887480572535,15.057943565730483,13.203840746028124,0.9712743178618456
5.0,244.625496,252.5,17.26036092056946,16.41927054021495,15.844504485917868,15.040072832905617,13.187580094881271,0.9720499031420612
5.0,244.625496,252.75,17.2446894922595,16.40116487088765,15.825918011357572,15.022012071906143,13.171168353880285,0.9728117242016225
5.0,244.625496,253.0,17.228890928678503,16.382866091397993,15.807121731446353,15.003755079643224,13.154600621049674,0.9735750123919629
5.0,244.625496,253.25,17.21296160770906,16.36438556667808,15.78813292624885,14.985312395851812,13.13787131499731,0.974323791068311
5.0,244.625496,253.5,17.19689764695263,16.345718004939958,15.768945015131104,14.96667857077012,13.12097625916834,0.9750735649518868
5.0,244.625496,253.75,17.180695321522986,16.326858917215617,15.749552920219696,14.947848901165273,13.103912282191846,0.9758116320229594
5.0,244.625496,254.0,17.16435114328858,16.30780015928217,15.729946669478897,14.928815202284557,13.086676065894672,0.9765460999723458
5.0,244.625496,254.25,17.147861697650058,16.288532443969086,15.71011506148349,14.909568218286841,13.069263706495677,0.9772736751486791
5.0,244.625496,254.5,17.13122345851989,16.269045250666586,15.690045512618386,14.89009752180818,13.051670439189813,0.9779910188686334
5.0,244.625496,254.75,17.11443262989112,16.249329353849028,15.669727534056603,14.870393914885737,13.033890578836155,0.9787076494994577
5.0,244.625496,255.0,17.097485044873242,16.229386414555627,15.649165742084508,14.850458606623333,13.015917788562854,0.9794075916647604
5.0,244.625496,255.25,17.08037619992928,16.209214589025517,15.628359219543224,14.8302894088607,12.997746245321373,0.9801057373890689
5.0,244.625496,255.5,17.063101517227345,16.188816795843966,15.607313462523537,14.809888665033066,12.979371068765753,0.9807954315588747
5.0,244.625496,255.75,17.045656562606926,16.168172394788616,15.586000872741065,14.789236131738454,12.960788273062603,0.9814755260019798
5.0,244.625496,256.0,17.028037097968618,16.147266350212092,15.564403148818101,14.768316944018634,12.941992816862756,0.9821521815210882
5.0,244.625496,256.25,17.01023867547558,16.12610770959711,15.542535887186995,14.747139343556633,12.922977808032407,0.9828132541304243
5.0,244.625496,256.5,16.99225639467231,16.10468052157779,15.520378330227242,14.725687596117302,12.903736991920328,0.9834696440734386
5.0,244.625496,256.75,16.974085233103462,16.082966600909227,15.497907776937033,14.703943772739105,12.884264165974887,0.9841204673546629
5.0,244.625496,257.0,16.95571998887384,16.060977799423547,15.475144303705536,14.681918711610473,12.864551646834844,0.9847537055373414
5.0,244.625496,257.25,16.937155078204253,16.038705842069685,15.452077757130766,14.659603944146696,12.844592682348543,0.9853830291108252
5.0,244.625496,257.5,16.918384925222778,16.016142399149096,15.428698492191806,14.63699090744446,12.82438159689558,0.9860051979547
5.0,244.625496,257.75,16.899404100768862,15.99326283305255,15.404974177083435,14.614055423986603,12.803912344502365,0.9866110421502997
5.0,244.625496,258.0,16.880207089025696,15.970060394401868,15.380899388629233,14.59079046180346,12.783177014761323,0.9872097118728811
5.0,244.625496,258.25,16.86078788340404,15.94652923488038,15.356469371313105,14.567189840539193,12.762166596972559,0.987801404507543
5.0,244.625496,258.5,16.84113999239786,15.922651381260506,15.331661842381918,14.54323570475201,12.740872303714173,0.9883770799949694
5.0,244.625496,258.75,16.821256632210467,15.898442022151652,15.306502554080769,14.51894188972191,12.719284934828481,0.9889417978206307
5.0,244.625496,259.0,16.80113077883532,15.873890597207277,15.280977806226849,14.49429754319486,12.697396904400401,0.9894995088313491
5.0,244.625496,259.25,16.78075562569667,15.848962536723796,15.25504064930571,14.469268807096991,12.675201707819847,0.9900463914838858
5.0,244.625496,259.5,16.76012452977418,15.823675561793278,15.228721953779022,14.443871911646195,12.652690412445404,0.9905754846197257
5.0,244.625496,259.75,16.739230443648026,15.798020183383732,15.20200980340802,14.418097073852687,12.629854615597951,0.9910950915439936
5.0,244.625496,260.0,16.71806629024429,15.771977780363011,15.174880033654913,14.391925746342933,12.60668733515228,0.9916045633743493
5.0,244.625496,260.25,16.696625153970466,15.745521551020495,15.147298103674967,14.365331590451097,12.583180471923134,0.992101576116926
5.0,244.625496,260.5,16.67489986668965,15.718654804765462,15.119274847418316,14.338317092415613,12.559323562815617,0.9925838523934244
5.0,244.625496,260.75,16.65288262988484,15.691369312402708,15.090801962104434,14.310873665731192,12.535106136739682,0.9930512253881986
5.0,244.625496,261.0,16.6305653297871,15.663665348493806,15.061883532715251,14.28300077671487,12.510518833167287,0.9935060095285655
5.0,244.625496,261.25,16.60793987650747,15.635539042196244,15.032516457116499,14.254693903745792,12.48555343356627,0.9939482946882555
5.0,244.625496,261.5,16.584998425439338,15.606982172397794,15.002691146219123,14.225944393902717,12.46020274260971,0.9943774449398927
5.0,244.625496,261.75,16.561733446917252,15.57798294713838,14.972393260741756,14.196740258014346,12.434459754356578,0.994792974262687
5.0,244.625496,262.0,16.53813758947095,15.548486695230118,14.941546266369897,14.16702864977879,12.408316632971358,0.995192170889849
5.0,244.625496,262.25,16.51420325701039,15.518520322183571,14.910200279965101,14.136834678090825,12.381761284465426,0.9955751513862757
5.0,244.625496,262.5,16.489921855098242,15.488093760911939,14.878372321532769,14.106167159350727,12.354782239567044,0.9959427614787333
5.0,244.625496,262.75,16.465284578928404,15.457189181179931,14.846036392924587,14.07500828876011,12.32737224993118,0.9962955826867937
5.0,244.625496,263.0,16.44028328595061,15.425811410084204,14.8132031462203,14.043361922736318,12.299524826043267,0.9966328116110935
5.0,244.625496,263.25,16.41491031450681,15.39394886413925,14.779856874448381,14.011216390500627,12.271233858594965,0.9969547006615959
5.0,244.625496,263.5,16.389158381568674,15.361591658014694,14.745986065981864,13.97856177372517,12.242493381301978,0.9972604620028388
5.0,244.625496,263.75,16.363020417710672,15.328737277426757,14.711590823370393,13.945395300844284,12.213296807960246,0.9975499946266384
5.0,244.625496,264.0,16.336489381819533,15.295396589206545,14.6766904184553,13.911727014864105,12.183637780978652,0.9978231380322184
5.0,244.625496,264.25,16.30955839195513,15.261552830784343,14.641259714923372,13.877540696270247,12.153511691585496,0.9980802238936386
5.0,244.625496,264.5,16.282221030144402,15.227204836136202,14.605300617372293,13.842835085043417,12.122914048709706,0.9983202507327937
5.0,244.625496,264.75,16.254471141278135,15.192391375441613,14.568874308710582,13.807647007747835,12.091840307821766,0.998543765141524
5.0,244.625496,265.0,16.22630291776109,15.157084198760575,14.53193218830546,13.771949601962657,12.060289819207366,0.998751472043421
5.0,244.625496,265.25,16.197711602176906,15.12130585774183,14.494511968087243,13.735764530595473,12.02826249721631,0.998942237314545
5.0,244.625496,265.5,16.168693136727175,15.085053573357673,14.456606797081601,13.699089573877284,11.995758727933227,0.9991169915342666
5.0,244.625496,265.75,16.1392441223222,15.048317215669115,14.418201069645054,13.661915730275751,11.962779911817055,0.9992740422576755
5.0,244.625496,266.0,16.10936173867373,15.011146381705707,14.379373254436027,13.624290874605572,11.929326756996531,0.9994148161888652
5.0,244.625496,266.25,16.079043579857263,14.97354702532604,14.340123190194632,13.586221524866508,11.895403697247927,0.9995399644335281
5.0,244.625496,266.5,16.048288482314145,14.935516253596628,14.300441576066058,13.547706046597867,11.861018444273348,0.9996494263879921
5.0,244.625496,266.75,16.017096648404824,14.897067562851726,14.260348028955077,13.508758657247997,11.826178242088137,0.9997435938455678
5.0,244.625496,267.0,15.98546907026357,14.858215697930602,14.219861865419949,13.469394974700982,11.790890363965037,0.9998227997430774
5.0,244.625496,267.25,15.953407386261153,14.818958728949749,14.178975421318324,13.429614981483352,11.755163171273216,0.9998870484794629
5.0,244.625496,267.5,15.920913931952004,14.779339745688107,14.137754280459406,13.389461411241278,11.719005039764392,0.9999351200278277
5.0,244.625496,267.75,15.887991650455545,14.739386082942108,14.096229920987435,13.34896214543561,11.682427115098818,0.9999697286456474
5.0,244.625496,268.0,15.854644694282284,14.699101299399151,14.0543970190993,13.30812276913978,11.645444279258154,0.9999910165251915
5.0,244.625496,268.25,15.820878758235432,14.658501802423238,14.012276032440276,13.26696129486834,11.608071795466158,0.9999994456911675
5.0,244.625496,268.5,15.786700622052523,14.61819876979251,13.970813027072374,13.22605798368262,11.570328720426692,1.0
5.0,244.625496,268.75,15.752120753333697,14.578236082494687,13.929914176876775,13.185458236757393,11.532286834039862,1.0
5.0,244.625496,269.0,15.717164393268733,14.538567231178305,13.889440309006277,13.145124953846814,11.49405248081,1.0
5.0,244.625496,269.25,15.681871286221183,14.499145011248535,13.849301966884624,13.105023585341138,11.455718206894295,1.0
5.0,244.625496,269.5,15.646286563962443,14.45992815015942,13.809436803145665,13.06512712599846,11.417353068870321,1.0
5.0,244.625496,269.75,15.61045403971164,14.420882381208223,13.769799458714902,13.025415371465467,11.379006356099586,1.0
5.0,244.625496,270.0,15.574413167675132,14.38197994878731,13.730356035884464,12.985873104005181,11.340712650908713,1.0
5.0,244.625496,270.25,15.538198169573366,14.34319872850336,13.691080732432773,12.946488540023914,11.302495929901212,1.0
5.0,244.625496,270.5,15.501838180195247,14.3045213019351,13.651953637413541,12.907252233931313,11.264372564492202,1.0
5.0,244.625496,270.75,15.465357797047481,14.265934098821,13.612959216156925,12.86815635407555,11.226353458131152,1.0
5.0,244.625496,271.0,15.428777739118404,14.227426646693377,13.574085233609924,12.829194215053144,11.188445565374238,1.0
5.0,244.625496,271.25,15.392115484131766,14.1889909373603,13.535321970620737,12.790359975725352,11.150652979291872,1.0
5.0,244.625496,271.5,15.355385833498392,14.150620904797002,13.496661643273585,12.751648441574064,11.112977717730814,1.0
5.0,244.625496,271.75,15.318601391506323,14.112312002179705,13.458097966904496,12.713054932273828,11.07542029756362,1.0
5.0,244.625496,272.0,15.281772961810795,14.074060863485364,13.419625825414975,12.67457519020205,11.037980157724334,1.0
5.0,244.625496,272.25,15.244909870762957,14.035865035235846,13.381241018483214,12.636205314979671,11.00065597290648,1.0
5.0,244.625496,272.5,15.208020228852712,13.997722765320605,13.342940067132622,12.59794171489206,10.96344588719139,1.0
5.0,244.625496,272.75,15.171111141146616,13.959632837645321,13.304720063444782,12.559781069534715,10.926347688397446,1.0
5.0,244.625496,273.0,15.134188876355381,13.921594443220208,13.266578553915132,12.521720300143077,10.889358938154443,1.0
5.0,244.625496,273.25,15.09725900268266,13.883607080022545,13.228513448595825,12.483756545349724,10.852477068686731,1.0
5.0,244.625496,273.5,15.060326497168859,13.845670475463383,13.190522950092955,12.445887140898447,10.815699454443966,1.0
5.0,244.625496,273.75,15.023395833966967,13.807784526542301,13.152605497904512,12.408109602332587,10.77902346467058,1.0
5.0,244.625496,274.0,14.986471055904657,13.76994925380142,13.114759724645367,12.370421609983037,10.742446501508123,1.0
5.0,244.625496,274.25,14.94955583279465,13.732164766018553,13.076984421505445,12.332820995779823,10.705966027116364,1.0
5.0,244.625496,274.5,14.9126535092323,13.694431233240762,13.039278510894823,12.29530573154213,10.669579582469481,1.0
5.0,244.625496,274.75,14.87576714404091,13.656748866283312,13.001641024694003,12.257873918490233,10.633284799857671,1.0
5.0,244.625496,275.0,14.838899543065404,13.61911790123165,12.964071086884168,12.220523777784178,10.597079410648927,1.0
5.0,244.625496,275.25,14.802053286652402,13.581538587807767,12.926567899606784,12.183253641937778,10.560961249501966,1.0
5.0,244.625496,275.5,14.76523075286871,13.54401118071559,12.889130731913944,12.146061946988063,10.524928255945143,1.0
5.0,244.625496,275.75,14.728434137286314,13.506535933277842,12.8517589106349,12.108947225324053,10.488978474019115,1.0
5.0,244.625496,276.0,14.691665469986134,13.46911309283095,12.814451812911209,12.071908099096337,10.453110050519621,1.0
5.0,244.625496,276.25,14.654926630295215,13.431742897464568,12.777208860051623,12.034943274142634,10.41732123224836,1.0
5.0,244.625496,276.5,14.618219359664419,13.39442557378573,12.740029512434186,11.998051534375142,10.381610362582695,1.0
5.0,244.625496,276.75,14.581545273009416,13.35716133546008,12.702913265242675,11.961231736583805,10.345975877599635,1.0
5.0,244.625496,277.0,14.544905868771766,13.319950382339096,12.665859644870583,11.924482805616318,10.310416301931506,1.0
5.0,244.625496,277.25,14.508302537905191,13.282792900025854,12.628868205861945,11.887803729901012,10.27493024448604,1.0
5.0,244.625496,277.5,14.471736571951654,13.24568905976591,12.591938528286246,11.851193557283155,10.239516394129279,1.0
5.0,244.625496,277.75,14.435209170339872,13.208639018576095,12.555070215466523,11.81465139114874,10.204173515403365,1.0
5.0,244.625496,278.0,14.398721447013987,13.171642919544457,12.51826289199681,11.778176386812838,10.168900444331074,1.0
5.0,244.625496,278.25,14.362274436480153,13.134700892250317,12.481516201998327,11.741767748152032,10.133696084343542,1.0
5.0,244.625496,278.5,14.325869099343372,13.09781305326565,12.444829807574221,11.70542472446256,10.09855940235593,1.0
5.0,244.625496,278.75,14.28950632739428,13.060979506708385,12.408203387430847,11.66914660752758,10.063489425006853,1.0
5.0,244.625496,279.0,14.253186948295914,13.02420034482554,12.37163663563981,11.632932728878487,10.028485235070804,1.0
5.0,244.625496,279.25,14.216911729912445,12.987475648589658,12.335129260520135,11.596782457236566,9.99354596804771,1.0
5.0,244.625496,279.5,14.180681384315566,12.95080548829641,12.298680983623782,11.560695196122412,9.95867080893019,1.0
5.0,244.625496,279.75,14.14449657149916,12.914189924154426,12.262291538810796,11.52467038162156,9.923858989146268,1.0
5.0,244.625496,280.0,14.10835790282857,12.877629006861058,12.225960671402925,11.48870748029573,9.8891097836735,1.0
5.0,244.625496,280.25,14.072265944247574,12.84112277815965,12.189688137406382,11.452805987229837,9.854422508319074,1.0
5.0,244.625496,280.5,14.03622121926314,12.804671271375376,12.153473702796,11.416965424205712,9.819796517159503,1.0
5.0,244.625496,280.75,14.00022421172596,12.7682745119278,12.117317142854317,11.3811853379941,9.785231200133087,1.0
5.0,244.625496,281.0,13.964275368422554,12.731932517819189,12.081218241560034,11.345465298757134,9.750725980777906,1.0
5.0,244.625496,281.25,13.928375101493295,12.695645300098178,12.045176791021131,11.309804898553999,9.716280314108024,1.0
5.0,244.625496,281.5,13.892523790689218,12.659412863298876,12.00919259094857,11.274203749943045,9.681893684620627,1.0
5.0,244.625496,281.75,13.856721785479241,12.623235205855813,11.973265448167073,11.238661484674042,9.647565604426887,1.0
5.0,244.625496,282.0,13.820969407018458,12.587112320495391,11.93739517615982,11.203177752464711,9.613295611499568,1.0
5.0,244.625496,282.25,13.785266949987225,12.551044194604616,11.901581594644346,11.167752219856046,9.5790832680306,1.0
5.0,244.625496,282.5,13.749614684309915,12.515030810578041,11.865824529177216,11.132384569141328,9.54492815889216,1.0
5.0,244.625496,282.75,13.714012856761586,12.47907214614389,11.830123810785238,11.097074497364051,9.510829890195017,1.0
5.0,244.625496,283.0,13.678461692470151,12.443168174670364,11.794479275621303,11.061821715380315,9.476788087938269,1.0
5.0,244.625496,283.25,13.642961396320969,12.407318865453151,11.758890764642997,11.026625946981506,9.442802396744868,1.0
5.0,244.625496,283.5,13.60751215427045,12.371524183985152,11.723358123312444,10.99148692807338,9.408872478677608,1.0
5.0,244.625496,283.75,13.572114134574633,12.335784092209385,11.687881201315813,10.95640440590792,9.374998012130606,1.0
5.0,244.625496,284.0,13.536767488938347,12.300098548756068,11.65245985230117,10.921378138364554,9.34117869079152,1.0
5.0,244.625496,284.25,13.50147235359015,12.26446750916476,11.617093933633436,10.886407893277564,9.307414222670069,1.0
5.0,244.625496,284.5,13.466228850287955,12.228890926092483,11.581783306165232,10.851493447806698,9.273704329188686,1.0
5.0,244.625496,284.75,13.431037087259755,12.193368749508647,11.546527834022633,10.81663458784822,9.24004874433134,1.0
5.0,244.625496,285.0,13.395897160083779,12.157900926877591,11.511327384404744,10.781831107483793,9.206447213846872,1.0
5.0,244.625496,285.25,13.360809152511912,12.122487403329492,11.476181827396264,10.747082808464747,9.172899494503362,1.0
5.0,244.625496,285.5,13.325773137240128,12.08712812182038,11.441091035792123,10.712389499729474,9.139405353390256,1.0
5.0,244.625496,285.75,13.290789176629316,12.051823023281917,11.406054884933445,10.677750996951819,9.105964567265257,1.0
5.0,244.625496,286.0,13.25585732337971,12.016572046761603,11.37107325255405,10.643167122118452,9.072576921943067,1.0
5.0,244.625496,286.25,13.220977621161946,11.981375129553983,11.33614601863685,10.60863770313339,9.039242211723352,1.0
5.0,244.625496,286.5,13.18615010520752,11.946232207323465,11.30127306527948,10.574162573447897,9.005960238855355,1.0
5.0,244.625496,286.75,13.151374802861255,11.91114321421923,11.26645427656855,10.53974157171415,8.97273081303691,1.0
5.0,244.625496,287.0,13.116651734098243,11.87610808298278,11.231689538461982,10.50537454146113,8.939553750945556,1.0
5.0,244.625496,287.25,13.081980912007552,11.841126745048571,11.196978738678897,10.47106133079132,8.906428875799746,1.0
5.0,244.625496,287.5,13.047362343244808,11.806199130638166,11.162321766596564,10.436801792096862,8.873356016948206,1.0
5.0,244.625496,287.75,13.012796028455698,11.771325168848342,11.127718513153962,10.402595781793934,8.840335009485647,1.0
5.0,244.625496,288.0,12.978281962672218,11.736504787733518,11.093168870761518,10.368443160074172,8.80736569389313,1.0
5.0,244.625496,288.25,12.94382013568346,11.701737914382875,11.058672733216639,10.334343790672035,8.77444791570152,1.0
5.0,244.625496,288.5,12.909410532382537,11.667024474992516,11.02422999562463,10.300297540647103,8.741581525176501,1.0
5.0,244.625496,288.75,12.875053133091226,11.632364394932964,10.989840554324713,10.266304280180332,8.708766377023835,1.0
5.0,244.625496,289.0,12.840747913863707,11.59775759881231,10.955504306820748,10.232363882383385,8.67600233011352,1.0
5.0,244.625496,289.25,12.806494846770784,11.563204010535292,10.921221151716402,10.198476223120188,8.64328924722163,1.0
5.0,244.625496,289.5,12.772293900165831,11.528703553358563,10.88699098865446,10.164641180839928,8.61062699478874,1.0
5.0,244.625496,289.75,12.738145038933625,11.494256149942377,10.85281371826003,10.130858636420761,8.57801544269384,1.0
5.0,244.625496,290.0,12.704048224723174,11.459861722398953,10.818689242087343,10.097128473023542,8.545454464042729,1.0
5.0,244.625496,290.25,12.67000341616557,11.425520192337704,10.784617462569994,10.063450575954926,8.512943934970023,1.0
5.0,244.625496,290.5,12.636010569077854,11.391231480907544,10.750598282974327,10.02982483253925,8.480483734453818,1.0
5.0,244.625496,290.75,12.602069636653706,11.356995508836464,10.71663160735582,9.996251131998617,8.44807374414227,1.0
5.0,244.625496,291.0,12.568180569641935,11.322812196468533,10.682717340518233,9.962729365340676,8.415713848191276,1.0
5.0,244.625496,291.25,12.534343316513436,11.288681463798518,10.648855387975365,9.929259425253578,8.383403933112568,1.0
5.0,244.625496,291.5,12.500557823617427,11.254603230504255,10.615045655915273,9.895841206007661,8.351143887631554,1.0
5.0,244.625496,291.75,12.466824035327612,11.220577415976916,10.581288051166716,9.862474603363447,8.318933602554251,1.0
5.0,244.625496,292.0,12.433141894178963,11.18660393934932,10.547582481167801,9.829159514485507,8.286772970642764,1.0
5.0,244.625496,292.25,12.399511340995659,11.152682719522407,10.51392885393657,9.795895837861854,8.254661886498736,1.0
5.0,244.625496,292.5,12.365932315010838,11.118813675189983,10.480327078043489,9.762683473228494,8.222600246454274,1.0
5.0,244.625496,292.75,12.332404753978581,11.08499672486187,10.446777062585669,9.729522321498793,8.190587948469839,1.0
5.0,244.625496,293.0,12.29892859427873,11.051231786885532,10.41327871716273,9.696412284697377,8.158624892038713,1.0
5.0,244.625496,293.25,12.265503771014917,11.017518779466307,10.379831951854186,9.663353265898246,8.126710978097549,1.0
5.0,244.625496,293.5,12.232130218106317,10.983857620686315,10.346436677198296,9.630345169166851,8.094846108942669,1.0
5.0,244.625496,293.75,12.198807868373448,10.950248228522135,10.3130928041722,9.597387899505868,8.063030188151709,1.0
5.0,244.625496,294.0,12.165536653618474,10.916690520861316,10.279800244173364,9.564481362804445,8.031263120510284,1.0
5.0,244.625496,294.25,12.132316504700302,10.883184415517826,10.246558909002161,9.531625465790674,7.999544811943348,1.0
5.0,244.625496,294.5,12.09914735160486,10.849729830246478,10.213368710845579,9.498820115987114,7.96787516945093,1.0
5.0,244.625496,294.75,12.066029123510827,10.816326682756404,10.180229562261932,9.46606522166914,7.936254101047999,1.0
5.0,244.625496,295.0,12.032961748851118,10.782974890723663,10.147141376166548,9.433360691825953,7.904681515708158,1.0
5.0,244.625496,295.25,11.999945155370435,10.749674371803003,10.11410406581836,9.400706436124077,7.873157323310943,1.0
5.0,244.625496,295.5,11.966979270179051,10.716425043638855,10.08111754480733,9.368102364873176,7.8416814345924895,1.0
5.0,244.625496,295.75,11.934064019803152,10.683226823875605,10.048181727042666,9.335548388994054,7.810253761099347,1.0
5.0,244.625496,296.0,11.901199330231929,10.650079630167179,10.015296526741768,9.303044419988689,7.778874215145245,1.0
5.0,244.625496,296.25,11.868385126961607,10.616983380185996,9.982461858419887,9.270590369912174,7.747542709770615,1.0
5.0,244.625496,296.5,11.835621335036647,10.583937991631336,9.94967763688041,9.238186151346437,7.716259158704691,1.0
5.0,244.625496,296.75,11.802907879088261,10.550943382237135,9.91694377720575,9.205831677375638,7.685023476330042,1.0
5.0,244.625496,297.0,11.770244683370459,10.517999469779273,9.88426019474882,9.173526861563124,7.653835577649345,1.0
5.0,244.625496,297.25,11.73763167179374,10.485106172082372,9.851626805125004,9.14127161792984,7.622695378254288,1.0
5.0,244.625496,297.5,11.705068767956611,10.452263407026132,9.819043524204668,9.109065860934122,7.591602794296443,1.0
5.0,244.625496,297.75,11.672555895175067,10.419471092551253,9.786510268106094,9.076909505452749,7.560557742460004,1.0
5.0,244.625496,298.0,11.640092976510141,10.386729146664946,9.754026953188864,9.044802466763217,7.529560139936247,1.0
5.0,244.625496,298.25,11.60767993479369,10.354037487446075,9.721593496047667,9.012744660527119,7.498609904399621,1.0
5.0,244.625496,298.5,11.575316692652475,10.321396033049954,9.68920981350645,8.980736002774568,7.467706953985351,1.0
5.0,244.625496,298.75,11.543003172530724,10.288804701712817,9.656875822612959,8.948776409889621,7.436851207268465,1.0
5.0,244.625496,299.0,11.51073929671116,10.256263411755969,9.624591440633585,8.916865798596609,7.4060425832441545,1.0
5.0,244.625496,299.25,11.47852498733472,10.22377208158967,9.592356585048556,8.885004085947324,7.3752810013093715,1.0
5.0,244.625496,299.5,11.446360166418968,10.191330629716743,9.560171173547378,8.85319118930902,7.344566381245597,1.0
5.0,244.625496,299.75,11.414244755875284,10.158938974735925,9.528035124024585,8.82142702635316,7.313898643202692,1.0
5.0,244.625496,300.0,11.382178677524973,10.126597035344993,9.495948354575722,8.789711515044866,7.283277707683776,1.0
5.0,244.625496,300.25,11.350161853114278,10.09430473034367,9.463910783493585,8.758044573633041,7.252703495531055,1.0
5.0,244.625496,300.5,11.318194204328446,10.062061978636317,9.431922329264665,8.726426120641092,7.222175927912547,1.0
5.0,244.625496,300.75,11.28627565280485,10.029868699234449,9.399982910565818,8.694856074858235,7.1916949263096335,1.0
5.0,244.625496,301.0,11.254406120145255,9.997724811259056,9.368092446261116,8.66333435533135,7.161260412505405,1.0
5.0,244.625496,301.25,11.22258552792728,9.965630233942763,9.336250855398909,8.631860881357332,7.130872308573734,1.0
5.0,244.625496,301.5,11.190813797715109,9.933584886631833,9.304458057209018,8.600435572475911,7.1005305368690275,1.0
5.0,244.625496,301.75,11.15909085106948,9.901588688788022,9.272713971100124,8.569058348462933,7.07023502001663,1.0
5.0,244.625496,302.0,11.127416609557045,9.8696415599903,9.241018516657292,8.537729129324035,7.039985680903817,1.0
5.0,244.625496,302.25,11.095790994759065,9.837743419936428,9.209371613639627,8.506447835288718,7.009782442671357,1.0
5.0,244.625496,302.5,11.064213928279575,9.805894188444444,9.17777318197809,8.475214386804787,6.979625228705596,1.0
5.0,244.625496,302.75,11.032685331752974,9.774093785454008,9.146223141773412,8.444028704533123,6.9495139626310385,1.0
5.0,244.625496,303.0,11.00120512685113,9.742342131027653,9.114721413294124,8.412890709342772,6.919448568303371,1.0
5.0,244.625496,303.25,10.969773235289988,9.710639145351943,9.083267916974716,8.381800322306342,6.889428969802945,1.0
5.0,244.625496,303.5,10.938389578835762,9.678984748738523,9.051862573413876,8.350757464695668,6.859455091428639,1.0
5.0,244.625496,303.75,10.907054079310699,9.647378861625109,9.020505303372833,8.319762057977742,6.829526857692105,1.0
5.0,244.625496,304.0,10.87576665859843,9.615821404576364,8.989196027773785,8.288814023810888,6.799644193312374,1.0
5.0,244.625496,304.25,10.844527238649013,9.584312298284726,8.957934667698417,8.257913284041159,6.769807023210782,1.0
5.0,244.625496,304.5,10.813335741483595,9.552851463571155,8.926721144386493,8.22705976069896,6.740015272506211,1.0
5.0,244.625496,304.75,10.78219208919875,9.52143882138581,8.895555379234512,8.196253375995862,6.710268866510626,1.0
5.0,244.625496,305.0,10.751096203970562,9.490074292808675,8.864437293794447,8.165494052321597,6.680567730724858,1.0
5.0,244.625496,305.25,10.720048008058379,9.458757799050113,8.833366809772542,8.134781712241246,6.650911790834677,1.0
5.0,244.625496,305.5,10.689047423808347,9.427489261451383,8.802343849028158,8.104116278492576,6.621300972707071,1.0
5.0,244.625496,305.75,10.65809437365668,9.39626860148509,8.771368333572699,8.073497673983537,6.591735202386758,1.0
5.0,244.625496,306.0,10.6271887801327,9.365095740755601,8.740440185568561,8.042925821789902,6.562214406092916,1.0
5.0,244.625496,306.25,10.596330565861678,9.33397060099941,8.70955932732816,8.012400645153038,6.532738510216088,1.0
5.0,244.625496,306.5,10.565519653567454,9.30289310408546,8.678725681312978,7.981922067477809,6.503307441315287,1.0
5.0,244.625496,306.75,10.534755966074904,9.271863172015435,8.647939170132673,7.951490012330593,6.473921126115259,1.0
5.0,244.625496,307.0,10.504039426312195,9.24088072692401,8.61719971654422,7.921104403437409,6.4445794915039105,1.0
5.0,244.625496,307.25,10.473369957312892,9.209945691079062,8.58650724345109,7.89076516468215,6.415282464529886,1.0
5.0,244.625496,307.5,10.442747482217928,9.179057986881865,8.555861673902466,7.860472220104906,6.386029972400284,1.0
5.0,244.625496,307.75,10.412171924277406,9.14821753686724,8.525262931092492,7.830225493900391,6.356821942478502,1.0
5.0,244.625496,308.0,10.38164320685227,9.11742426370368,8.494710938359553,7.800024910416438,6.327658302282208,1.0
5.0,244.625496,308.25,10.35116125341588,9.086678090193466,8.464205619185583,7.769870394152585,6.298538979481424,1.0
5.0,244.625496,308.5,10.32072598755542,9.055978939272734,8.433746897195407,7.739761869758735,6.269463901896714,1.0
5.0,244.625496,308.75,10.290337332973246,9.025326734011534,8.40333469615609,7.709699262033876,6.240432997497479,1.0
5.0,244.625496,309.0,10.259995213488107,8.994721397613871,8.37296893997634,7.679682495924878,6.211446194400343,1.0
5.0,244.625496,309.25,10.229699553036266,8.964162853417717,8.3426495527059,7.649711496525342,6.1825034208676275,1.0
5.0,244.625496,309.5,10.199450275672534,8.93365102489501,8.312376458534983,7.61978618907451,6.153604605305896,1.0
5.0,244.625496,309.75,10.169247305571243,8.903185835651632,8.28214958179373,7.589906498956231,6.124749676264602,1.0
5.0,244.625496,310.0,10.139090567027104,8.872767209427378,8.251968846951662,7.560072351697971,6.09593856243479,1.0
5.0,244.625496,310.25,10.108979984456015,8.842395070095906,8.221834178617181,7.530283672969873,6.06717119264786,1.0
5.0,244.625496,310.5,10.078915482395805,8.81206934166467,8.191745501537053,7.500540388583864,6.038447495874417,1.0
5.0,244.625496,310.75,10.048896985506888,8.781789948274843,8.16170274059594,7.470842424492795,6.009767401223156,1.0
5.0,244.625496,311.0,10.018924418572883,8.751556814201237,8.131705820815926,7.441189706789631,5.981130837939816,1.0
5.0,244.625496,311.25,9.988997706501165,8.721369863852189,8.101754667356058,7.411582161706664,5.952537735406185,1.0
10.0,122.312748,0.0,37.0,37.0,37.0,37.0,36.98434519982072,0.0
10.0,122.312748,0.25,36.9999999976847,36.99994943665386,36.99695812207632,36.98482403790169,35.968779223695044,0.0
10.0,122.312748,0.5,36.99999970474444,36.999112774925266,36.97987747756809,36.91198011542911,35.55010508017531,0.0
10.0,122.312748,0.75,36.99999385707807,36.99494300098015,36.944887650783436,36.803754114033325,35.22970089048682,0.0
10.0,122.312748,1.0,36.99994591244762,36.984745861479226,36.894690215063555,36.67959073955328,34.96088656593171,0.0
10.0,122.312748,1.25,36.99972867935438,36.96722806388106,36.83316611729607,36.54922875654545,34.725474146086654,0.0
10.0,122.312748,1.5,36.99907966934355,36.94233650052321,36.763583635896076,36.41741583708,34.51383963207205,0.0
10.0,122.312748,1.75,36.99761757172154,36.91068157347421,36.688386972477446,36.28650696681468,34.320145850708606,0.0
10.0,122.312748,2.0,36.994903473431805,36.87312189677966,36.609342381603234,36.157670251965726,34.14056778408699,0.0
10.0,122.312748,2.25,36.99050616362228,36.8305428901877,36.52771686621013,36.03146137283387,33.972457200280274,0.0
10.0,122.312748,2.5,36.98404812855918,36.78375741809953,36.44442092023693,35.908110768317655,33.813899386381976,0.0
10.0,122.312748,2.75,36.9752285856747,36.73347076001559,36.360111418265355,35.787673315894864,33.66345997573189,0.0
10.0,122.312748,3.0,36.96382898258945,36.68027643511712,36.27526365284284,35.67010886988397,33.520032274359956,0.0
10.0,122.312748,3.25,36.949707879822725,36.62466539623209,36.190221644148295,35.55532663003382,33.382741002421035,0.0
10.0,122.312748,3.5,36.93279067021011,36.567039926297774,36.105233574187395,35.44321000438006,33.25087923004838,0.0
10.0,122.312748,3.75,36.9130576490474,36.50772814583944,36.02047706267435,35.33363070367268,33.12386564192941,0.0
10.0,122.312748,4.0,36.89053240135021,36.44699735127032,35.9360774423553,35.22645678027637,33.001214704016604,0.0
10.0,122.312748,4.25,36.865271447477554,36.38506554556383,35.85212114014581,35.12155721011917,32.88251529034818,0.0
10.0,122.312748,4.5,36.83735548146682,36.32211106673828,35.76866558122468,35.01880447566243,32.76741502536854,0.0
10.0,122.312748,4.75,36.80688221020518,36.25828046005132,35.68574658375785,34.91807597982966,32.65560859315732,0.0
10.0,122.312748,5.0,36.77396064621248,36.19369482853286,35.60338391675803,34.819254769411586,32.54682886654452,0.0
10.0,122.312748,5.25,36.73870664821708,36.128454911834744,35.52158549699801,34.72222984721809,32.4408400826768,0.0
10.0,122.312748,5.5,36.70123949606476,36.06264512567251,35.44035056758949,34.62689623797577,32.33743253005545,0.0
10.0,122.312748,5.75,36.661679303148475,35.99633676384649,35.35967210865583,34.53315490671834,32.23641836843483,0.0
10.0,122.312748,6.0,36.62014509574554,35.92959053200557,35.27953866552761,34.44091258957929,32.13762830822448,0.0
10.0,122.312748,6.25,36.57675341671515,35.86245855156703,35.199935733220926,34.35008157385447,32.04090894865325,0.0
10.0,122.312748,6.5,36.531617337265175,35.79498594533963,35.12084680191123,34.26057945034642,31.946120625185877,0.0
10.0,122.312748,6.75,36.484845783447206,35.727212093831774,35.04225414293728,34.17232885254368,31.853135653549646,0.0
10.0,122.312748,7.0,36.43654310332413,35.65917163273063,34.96413939604283,34.08525719193524,31.761836884709094,0.0
10.0,122.312748,7.25,36.386808816559,35.5908952471173,34.88648400436064,33.999296395438705,31.672116505150004,0.0
10.0,122.312748,7.5,36.33573750091385,35.52241030607455,34.809269532854614,33.91438264877886,31.583875031863172,0.0
10.0,122.312748,7.75,36.28341878029752,35.45374137191048,34.732477897697024,33.83045614824693,31.49702046280331,0.0
10.0,122.312748,8.0,36.22993738702289,35.384910610787294,34.656091527741495,33.74746086232989,31.41146755228354,0.0
10.0,122.312748,8.25,36.17537327723471,35.3159381257068,34.580093474395504,33.66534430406152,31.327137187430978,0.0
10.0,122.312748,8.5,36.1198017833942,35.246842228233035,34.504467482453705,33.584057314508655,31.24395584696544,0.0
10.0,122.312748,8.75,36.0632937915444,35.17763966175821,34.42919803156561,33.50355385750386,31.161855127538118,0.0
10.0,122.312748,9.0,36.00591593405871,35.10834578632761,34.35427035578002,33.42379082552696,31.08077132595122,0.0
10.0,122.312748,9.25,35.94773079088287,35.03897473286187,34.27967044688479,33.34472785649433,31.000645067979818,0.0
10.0,122.312748,9.5,35.88879709406211,34.969539532916805,34.20538504592754,33.266327161118596,30.921420976389776,0.0
10.0,122.312748,9.75,35.82916993171819,34.90005222879736,34.13140162627227,33.18855336043802,30.8430473722096,0.0
10.0,122.312748,10.0,35.768900948694736,34.830523967809334,34.05770837075092,33.11137333307653,30.765476004462123,0.0
10.0,122.312748,10.25,35.70803854189663,34.76096508362787,33.98429414485382,33.03475607177398,30.688661804463923,0.0
10.0,122.312748,10.5,35.6466280489643,34.691385167132786,33.91114846742801,32.958672548718326,30.612562661511443,0.0
10.0,122.312748,10.75,35.58471192939078,34.62179312857062,33.8382614799869,32.88309558921219,30.53713921733488,0.0
10.0,122.312748,11.0,35.52232993754174,34.552197252519754,33.7656239154527,32.80799975321391,30.462354677146863,0.0
10.0,122.312748,11.25,35.45951928730276,34.482605246834986,33.69322706693694,32.73336122430563,30.38817463546839,0.0
10.0,122.312748,11.5,35.39631480827359,34.41302428651319,33.62106275699786,32.65915770565606,30.314566915198792,0.0
10.0,122.312748,11.75,35.33274909357293,34.34346105323735,33.549123307687125,32.58536832256324,30.2415014186234,0.0
10.0,122.312748,12.0,35.268852639420466,34.27392177121138,33.47740151160123,32.511973531181056,30.1689499892424,0.0
10.0,122.312748,12.25,35.20465397673557,34.20441223978434,33.40589060407965,32.43895503305267,30.096886283447464,0.0
10.0,122.312748,12.5,35.14017979504159,34.13493786327228,33.3345842366365,32.36629569509351,30.025285651202537,0.0
10.0,122.312748,12.75,35.07545505899632,34.06550367831489,33.26347645167102,32.29397947468548,29.954125024983398,0.0
10.0,122.312748,13.0,35.01050311788783,33.996114379047356,33.192561658471206,32.221991349563204,29.883382816316427,0.0
10.0,122.312748,13.25,34.94534580844305,33.92677434032255,33.12183461050264,32.1503172521913,29.813038819327726,0.0
10.0,122.312748,13.5,34.88000355129814,33.857487639182615,33.05129038395807,32.078944008349254,29.743074120773887,0.0
10.0,122.312748,13.75,34.81449544147515,33.78825807474953,32.98092435753177,32.00785927965753,29.67347101607696,0.0
10.0,122.312748,14.0,34.748839333201786,33.71908918668092,32.91073219337512,31.93705150979451,29.604212930930753,0.0
10.0,122.312748,14.25,34.68305191940019,33.64998427231773,32.84070981918451,31.866509874169303,29.53528434808184,0.0
10.0,122.312748,14.5,34.617148806158475,33.580946402634865,32.770853411369984,31.7962242328298,29.466670738926393,0.0
10.0,122.312748,14.75,34.55114458248505,33.51197843709251,32.701159379251266,31.72618508639928,29.398358499588372,0.0
10.0,122.312748,15.0,34.4850528856317,33.4430830374751,32.631624350227895,31.65638353484766,29.330334891174758,0.0
10.0,122.312748,15.25,34.418886462256886,33.37426268079562,32.56224515587066,31.58681123891576,29.262587983925147,0.0
10.0,122.312748,15.5,34.35265722568646,33.305519671335176,32.49301881888255,31.517460384022378,29.19510660499468,0.0
10.0,122.312748,15.75,34.286376309514836,33.23685615188102,32.423942540879196,31.448323646494796,29.127880289628248,0.0
10.0,122.312748,16.0,34.22005411777583,33.16827411422056,32.35501369094086,31.37939416197347,29.06089923550135,0.0
10.0,122.312748,16.25,34.15370037189903,33.099775408943756,32.28622979488936,31.310665495851172,28.994154260018817,0.0
10.0,122.312748,16.5,34.08732415465497,33.031361754602074,32.21758852524666,31.242131615615737,28.927636760377098,0.0
10.0,122.312748,16.75,34.02093395127999,32.96303474626806,32.14908769183277,31.173786864973984,28.861338676209197,0.0
10.0,122.312748,17.0,33.954537687960055,32.89479586353635,32.080725232963786,31.105625939642195,28.79525245464358,0.0
10.0,122.312748,17.25,33.888142767841956,32.82664647800371,32.012499207212635,31.037643864695905,28.729371017619904,0.0
10.0,122.312748,17.5,33.82175610472961,32.75858786026291,31.944407785697162,30.969835973378604,28.66368773131471,0.0
10.0,122.312748,17.75,33.755384154613715,32.6906211864428,31.87644924486253,30.902197887275438,28.59819637754016,0.0
10.0,122.312748,18.0,33.68903294517316,32.62274754432454,31.808621959726533,30.834725497763994,28.53289112698786,0.0
10.0,122.312748,18.25,33.62270810337848,32.55496793906188,31.740924397558505,30.76741494865994,28.467766514198328,0.0
10.0,122.312748,18.5,33.556414881318936,32.487283298531466,31.673355111964362,30.70026261998057,28.402817414144373,0.0
10.0,122.312748,18.75,33.49015818036741,32.419694478337334,31.605912737351662,30.633265112754216,28.338039020324075,0.0
10.0,122.312748,19.0,33.423942573789596,32.3522022664922,31.538595983750643,30.56641923480821,28.27342682426584,0.0
10.0,122.312748,19.25,33.35777232789788,32.28480738779652,31.471403631968304,30.499721987472313,28.208976596354272,0.0
10.0,122.312748,19.5,33.29165142184304,32.217510507934925,31.404334529054267,30.433170553138655,28.144684367891667,0.0
10.0,122.312748,19.75,33.225583566131746,32.15031223730849,31.337387584058426,30.366762283623025,28.080546414315336,0.0
10.0,122.312748,20.0,33.159572219951556,32.08321313461976,31.270561764061647,30.30049468927586,28.016559239496235,0.0
10.0,122.312748,20.25,33.09362060738028,32.01621371022672,31.20385609046198,30.234365428794664,27.952719561049133,0.0
10.0,122.312748,20.5,33.02773173255151,31.949314429280513,31.137269635499962,30.168372299692617,27.889024296589124,0.0
10.0,122.312748,20.75,32.96190839384341,31.882515714660926,31.070801519007667,30.102513229381167,27.825470550873412,0.0
10.0,122.312748,21.0,32.896153197153765,31.815817949722742,31.004450905367055,30.036786266827,27.762055603771422,0.0
10.0,122.312748,21.25,32.83046856832009,31.74922148086509,30.938217000664228,29.97118957474641,27.698776899009694,0.0
10.0,122.312748,21.5,32.76485676473967,31.68272661993524,30.87209905002692,29.905721422302417,27.635632033641752,0.0
10.0,122.312748,21.75,32.699319886241376,31.61633364647758,30.806096335133454,29.840380178272277,27.572618748196195,0.0
10.0,122.312748,22.0,32.633859885257145,31.550042809837645,30.740208171882134,29.77516430465508,27.50973491745928,0.0
10.0,122.312748,22.25,32.5684785763384,31.48385433113063,30.674433908210705,29.710072350691032,27.446978541851177,0.0
10.0,122.312748,22.5,32.50317764505948,31.417768405083095,30.60877292205629,29.64510294726598,27.38434773935754,0.0
10.0,122.312748,22.75,32.43795865634768,31.351785201756012,30.543224619446637,29.58025480167628,27.321840737980775,0.0
10.0,122.312748,23.0,32.3728230622767,31.28590486815683,30.477788432714362,29.51552669273086,27.25945586867739,0.0
10.0,122.312748,23.25,32.30777220935816,31.220127529747682,30.41246381882614,29.450917466168708,27.19719155875015,0.0
10.0,122.312748,23.5,32.24280734536348,31.15445329185644,30.3472502578195,29.386426030371503,27.135046325665826,0.0
10.0,122.312748,23.75,32.177929625706334,31.088882240996877,30.2821472513403,29.322051352352332,27.073018771270956,0.0
10.0,122.312748,24.0,32.11314011941407,31.02341444610376,30.21715432127435,29.25779245400275,27.011107576380148,0.0
10.0,122.312748,24.25,32.0484398147144,30.95804995968841,30.15227100846718,29.19364840858152,26.949311495712834,0.0
10.0,122.312748,24.5,31.983829624262416,30.892788818919772,30.087496871526184,29.12961833742946,26.88762935315604,0.0
10.0,122.312748,24.75,31.919310390030766,30.827631046635886,30.02283148569995,29.065701406895844,26.82606003733221,0.0
10.0,122.312748,25.0,31.854882887884962,30.762576652290143,29.958274441829687,29.00189682546272,26.764602497452383,0.0
10.0,122.312748,25.25,31.790547831863943,30.697625632836598,29.893825345368185,28.9382038410544,26.703255739436422,0.0
10.0,122.312748,25.5,31.726305878184906,30.63277797355824,29.82948381546193,28.874621738520194,26.642018822282996,0.0
10.0,122.312748,25.75,31.662157628990258,30.56803364884188,29.765249484092262,28.811149837279217,26.580890854673303,0.0
10.0,122.312748,26.0,31.598103635853093,30.503392622903096,29.701121995271887,28.74778748911686,26.519870991793464,0.0
10.0,122.312748,26.25,31.534144403057013,30.438854850464487,29.637101004293026,28.684534076123114,26.45895843236149,0.0
10.0,122.312748,26.5,31.47028039066456,30.374420277390193,29.573186177023995,28.621389008763632,26.39815241584564,0.0
10.0,122.312748,26.75,31.406512017388103,30.310088841279512,29.509377189251033,28.558351724074992,26.337452219861884,0.0
10.0,122.312748,27.0,31.342839663275708,30.245860472022272,29.44567372606251,28.495421683976133,26.276857157738895,0.0
10.0,122.312748,27.25,31.279263672224097,30.181735092318394,29.382075481272693,28.43259837368849,26.21636657623979,0.0
10.0,122.312748,27.5,31.215784354329625,30.117712618163942,29.318582156882652,28.36988130025784,26.155979853430548,0.0
10.0,122.312748,27.75,31.152401988087895,30.053792959305866,29.25519346257581,28.307269991171307,26.095696396685636,0.0
10.0,122.312748,28.0,31.089116822451665,29.989976019667402,29.19190911524593,28.244763993063344,26.035515640821988,0.0
10.0,122.312748,28.25,31.02592907875615,29.92626169774603,29.1287288385555,28.18236287050507,25.975437046353157,0.0
10.0,122.312748,28.5,30.962838952520332,29.862649886985782,29.06565236252245,28.12006620487147,25.915460097855753,0.0
10.0,122.312748,28.75,30.899846615132226,29.79914047612554,29.002679423133525,28.05787359328153,25.855584302441112,0.0
10.0,122.312748,29.0,30.83695221542557,29.735733349524835,28.93980976198245,27.995784647606577,25.795809188325258,0.0
10.0,122.312748,29.25,30.77415588115492,29.67242838746865,28.87704312593137,27.93379899354242,25.736134303490946,0.0
10.0,122.312748,29.5,30.71145772037573,29.609225466452536,28.814379266794063,27.871916269741224,25.676559214435787,0.0
10.0,122.312748,29.75,30.648857822735554,29.546124459449345,28.751817941039498,27.810136126999208,25.61708350500095,0.0
10.0,122.312748,30.0,30.586356260681963,29.483125236158724,28.689358909514443,27.748458227496634,25.557706775275225,0.0
10.0,122.312748,30.25,30.523953090592723,29.420227663240514,28.627001937183895,27.686882244086682,25.49842864056961,0.0
10.0,122.312748,30.5,30.461648353833116,29.357431604533065,28.56474679288816,27.625407859630066,25.439248730457887,0.0
10.0,122.312748,30.75,30.399442077745125,29.29473692125746,28.50259324911558,27.564034766372465,25.380166687878905,0.0
10.0,122.312748,31.0,30.33733427657288,29.232143472208534,28.440541081789785,27.502762665361985,25.321182168296662,0.0
10.0,122.312748,31.25,30.275324952328482,29.169651113933554,28.378590070070658,27.44159126590409,25.26229483891436,0.0
10.0,122.312748,31.5,30.213414095602015,29.10725970089935,28.316739996168018,27.380520285051592,25.203504377939087,0.0
10.0,122.312748,31.75,30.151601686319356,29.044969085648628,28.25499064516733,27.319549447127418,25.14481047389392,0.0
10.0,122.312748,32.0,30.089887694451146,28.982779118946198,28.193341804866495,27.258678483278107,25.086212824973465,0.0
10.0,122.312748,32.25,30.02827208067605,28.92068964991571,28.13179326562321,27.19790713105594,25.02771113844237,0.0
10.0,122.312748,32.5,29.966754797001304,28.858700526167556,28.070344820212004,27.137235134027975,24.969305130071184,0.0
10.0,122.312748,32.75,29.905335787343198,28.796811593918502,28.00899626369052,27.07666224141023,24.91099452360902,0.0
10.0,122.312748,33.0,29.844014988070185,28.73502269810354,27.947747393274312,27.016188207725325,24.85277905029007,0.0
10.0,122.312748,33.25,29.782792328510943,28.673333682480518,27.88659800821969,26.955812792482167,24.79465844837186,0.0
10.0,122.312748,33.5,29.721667731429715,28.61174438972799,27.825547909714043,26.895535759876186,24.73663246270316,0.0
10.0,122.312748,33.75,29.660641113470934,28.55025466153669,27.76459690077317,26.83535687850883,24.678700844319675,0.0
10.0,122.312748,34.0,29.599712385575256,28.488864338695116,27.703744786145204,26.775275921125086,24.62086335006574,0.0
10.0,122.312748,34.25,29.538881453368656,28.427573261169496,27.642991372220642,26.71529266436786,24.56311974224031,0.0
10.0,122.312748,34.5,29.47814821752656,28.366381268178625,27.582336466948178,26.655406888548093,24.5054697882657,0.0
10.0,122.312748,34.75,29.417512574114312,28.30528819826379,27.52177987975582,26.595618377429677,24.44791326037758,0.0
10.0,122.312748,35.0,29.356974414905864,28.24429388935416,27.461321421477123,26.535926918028146,24.390449935334992,0.0
10.0,122.312748,35.25,29.296533627681722,28.183398178827943,27.4009609042821,26.47633230042228,24.333079594148828,0.0
10.0,122.312748,35.5,29.236190096507812,28.12260090356951,27.34069814161252,26.416834317577816,24.275802021827904,0.0
10.0,122.312748,35.75,29.175943701996236,28.061901900022843,27.28053294812132,26.35743276518245,24.218617007141216,0.0
10.0,122.312748,36.0,29.11579432154925,28.00130100424147,27.22046513961592,26.298127441491406,24.16152434239554,0.0
10.0,122.312748,36.25,29.055741829587483,27.940798051935143,27.1604945330051,26.238918147182932,24.10452382322726,0.0
10.0,122.312748,36.5,28.99578609776338,27.880392878513465,27.100620946249226,26.179804685223022,24.047615248407585,0.0
10.0,122.312748,36.75,28.935926995160898,27.82008531912667,27.040844198313735,26.120786860738825,23.990798419660226,0.0
10.0,122.312748,37.0,28.876164388482284,27.75987520870371,26.981164109125444,26.06186448090015,23.93407314149082,0.0
10.0,122.312748,37.25,28.81649814222277,27.699762381987878,26.92158049953173,26.003037354808562,23.87743922102724,0.0
10.0,122.312748,37.5,28.756928118834,27.63974667357005,26.862093191262222,25.944305293393555,23.82089646787017,0.0
10.0,122.312748,37.75,28.697454178876853,27.579827917919772,26.80270200689296,25.885668109315386,23.76444469395327,0.0
10.0,122.312748,38.0,28.63807618116442,27.520005949414298,26.743406769812776,25.82712561687412,23.708083713412243,0.0
10.0,122.312748,38.25,28.578793982895704,27.460280602365692,26.68420730419184,25.76867763192446,23.651813342462383,0.0
10.0,122.312748,38.5,28.51960743978068,27.40065171104615,26.62510343495215,25.710323971796054,23.595633399283866,0.0
10.0,122.312748,38.75,28.46051640615722,27.34111910971166,26.56609498773987,25.65206445521884,23.539543703914443,0.0
10.0,122.312748,39.0,28.401520735100537,27.281682632624065,26.507181788899466,25.593898902253216,23.483544078149,0.0
10.0,122.312748,39.25,28.34262027852542,27.222342114071694,26.448363665449364,25.535827134224586,23.427634345445476,0.0
10.0,122.312748,39.5,28.283814887281927,27.16309738838858,26.389640445059218,25.47784897366215,23.37181433083691,0.0
10.0,122.312748,39.75,28.225104411244846,27.10394828997243,26.331011956028572,25.419964244241545,23.316083860848988,0.0
10.0,122.312748,40.0,28.16648869939731,27.04489465330137,26.27247802726679,25.362172770731128,23.260442763422937,0.0
10.0,122.312748,40.25,28.107967599909067,26.985936312949587,26.21403848827434,25.304474378941716,23.204890867843318,0.0
10.0,122.312748,40.5,28.049540960209605,26.927073103601888,26.155693169125154,25.24686889567948,23.149428004670405,0.0
10.0,122.312748,40.75,27.991208627056533,26.868304860067312,26.09744190045011,25.189356148701844,23.094054005676917,0.0
10.0,122.312748,41.0,27.93297044659952,26.809631417291794,26.03928451342153,25.13193596667617,23.038768703788744,0.0
10.0,122.312748,41.25,27.874826264440067,26.751052610369985,25.98122083973865,25.07460817914107,22.983571933029452,0.0
10.0,122.312748,41.5,27.816775946320732,26.693018880673346,25.923941407675834,25.01779069849582,22.928466632273587,6.0321468998518435e-06
10.0,122.312748,41.75,27.758821615912783,26.63574446124017,25.867663235026132,24.961686286953636,22.873496040295652,3.5907370109845414e-05
10.0,122.312748,42.0,27.700977060465764,26.57922632416464,25.812291625273296,24.906298217248796,22.818746044350267,9.2888261605157e-05
10.0,122.312748,42.25,27.643271357554436,26.523462088713266,25.75778892653751,24.85163213931856,22.76430685343157,0.00017656017559756763
10.0,122.312748,42.5,27.5857429126065,26.468405701262263,25.704069326094242,24.797655181300694,22.710254397503014,0.00028987095635454565
10.0,122.312748,42.75,27.528432753108092,26.414031877976505,25.651095949735776,24.74435443085424,22.656646852678286,0.0004320484071074364
10.0,122.312748,43.0,27.47138008703188,26.3603501723863,25.598886736690524,24.691749029312675,22.60352702252478,0.0006031648875492251
10.0,122.312748,43.25,27.414620431152855,26.307349905885264,25.547422801250114,24.639838310304754,22.550929313410077,0.0008073443448809348
10.0,122.312748,43.5,27.358185804794903,26.255030784357157,25.49670329398544,24.588629696353753,22.498882325531188,0.0010398412262258943
10.0,122.312748,43.75,27.302105115505704,26.203359871246825,25.446677095906917,24.53809876492709,22.447409510536527,0.0013080664584110867
10.0,122.312748,44.0,27.246404341691083,26.152344052699632,25.39735901166093,24.488256491908555,22.396527899134504,0.001605435228508919
10.0,122.312748,44.25,27.191106337691743,26.101973363883744,25.348732944908633,24.439096996797836,22.34625024720189,0.0019388155707470208
10.0,122.312748,44.5,27.136231232694552,26.052254172357063,25.300808361232043,24.390628350542872,22.296586730910185,0.0023024741745548212
10.0,122.312748,44.75,27.08179691452764,26.0031633696561,25.253548351983266,24.342830350171766,22.247545711696567,0.0027011195238688325
10.0,122.312748,45.0,27.027819403908893,25.954715636053848,25.206976429175615,24.295716937021357,22.199132598687783,0.003133967942090559
10.0,122.312748,45.25,26.974312843610047,25.90690164576466,25.161075527890087,24.249279280954422,22.151351486088025,0.003597827000802845
10.0,122.312748,45.5,26.92128990076516,25.859715070183395,25.115835356650454,24.203510743048447,22.104205562110923,0.004099582522096005
10.0,122.312748,45.75,26.868761957385686,25.813137733089338,25.071228786518713,24.158393295230933,22.057696080534672,0.004632897442593188
10.0,122.312748,46.0,26.816739010665664,25.767176559331844,25.027267622917268,24.11393174071703,22.011821761326967,0.005198784475729292
10.0,122.312748,46.25,26.765229548802473,25.72179717667985,24.983900539627314,24.070092466298924,21.966580290311807,0.005800488695964599
10.0,122.312748,46.5,26.71424074148288,25.677035762169265,24.94118389380188,24.02690665086764,21.921966996310964,0.006435459106893164
10.0,122.312748,46.75,26.663778357866693,25.632877125530086,24.899090958514822,23.984358106295733,21.877978415718896,0.007101294369613529
10.0,122.312748,47.0,26.613847546847207,25.58930707152264,24.857600631497764,23.942431284291168,21.834612102227585,0.007803944763248604
10.0,122.312748,47.25,26.564452981996936,25.546330974248363,24.81672159279781,23.90112861737969,21.791863784247163,0.008541164762441744
10.0,122.312748,47.5,26.51559851595232,25.503932400317858,24.776429360898696,23.860432491446698,21.74972878659199,0.0093082002910803
10.0,122.312748,47.75,26.4672872822801,25.462086841829507,24.736690300702033,23.82031773079998,21.708201492135327,0.01010782975376106
10.0,122.312748,48.0,26.419521524267317,25.420787045261143,24.69749760130048,23.780774931252687,21.66727362916897,0.010938009918444716
10.0,122.312748,48.25,26.372302218341947,25.3800353570151,24.65885687263462,23.74180351763949,21.626935534617704,0.011803923351477359
10.0,122.312748,48.5,26.32562922646465,25.339844408873226,24.620786398387676,23.703412392974162,21.587178422988718,0.012701973898103808
10.0,122.312748,48.75,26.27950188289357,25.300185585808084,24.583244235636553,23.665572618761438,21.547995704984864,0.013629252662470304
10.0,122.312748,49.0,26.233919463230674,25.261040765359606,24.54620734479535,23.628264747919786,21.509379924787947,0.01458725488129726
10.0,122.312748,49.25,26.18888072378992,25.22241915304913,24.50969174096709,23.591494485898462,21.471321242719064,0.015573934099586564
10.0,122.312748,49.5,26.144383541262176,25.184304542105018,24.47367527846051,23.555244399625515,21.43381034927233,0.0165914897504818
10.0,122.312748,49.75,26.10042530431798,25.146678906756577,24.438134902173587,23.519495318369145,21.39683817204637,0.017637725148376526
10.0,122.312748,50.0,26.057002944115954,25.109534010922392,24.4030621837951,23.484237040050072,21.36039429931637,0.018712632383591922
10.0,122.312748,50.25,26.01411269554215,25.07287635983708,24.3684685931319,23.4494729512513,21.324467791618144,0.01981579547768229
10.0,122.312748,50.5,25.97175022662827,25.03669770748555,24.334343446842126,23.415193079348565,21.289049104425548,0.020947934724820576
10.0,122.312748,50.75,25.92991108938543,25.000973098812,24.30065371924248,23.381372173204273,21.254129598542114,0.022107477798599083
10.0,122.312748,51.0,25.88859074718645,24.965680376776238,24.267372313247073,23.347987495540117,21.219699104508077,0.023293014277085272
10.0,122.312748,51.25,25.84778408053775,24.93085458393554,24.234551219109097,23.31506867976301,21.185745519755255,0.024506040779827147
10.0,122.312748,51.5,25.80748527450982,24.89644403118444,24.202119084273527,23.282566434983437,21.152259516167717,0.025744370408303678
10.0,122.312748,51.75,25.767688601775106,24.862481272209433,24.170124712533962,23.250508138515816,21.11923115584278,0.0270083127276543
10.0,122.312748,52.0,25.72838809923377,24.82893149497969,24.138520545305198,23.218860091766526,21.086651416061617,0.028298183752899865
10.0,122.312748,52.25,25.689577861824112,24.79579726409675,24.107313254598047,23.187622547500247,21.05451142527729,0.029612238405465854
10.0,122.312748,52.5,25.65125186548244,24.76307114159945,24.076494541278077,23.156786862117787,21.022801775069027,0.030950573303098295
10.0,122.312748,52.75,25.613403906667077,24.730734333925707,24.04604101371736,23.126334087723983,20.991513616206973,0.03231252751497977
10.0,122.312748,53.0,25.576027682245257,24.698776320959926,24.01594147432233,23.09625281444649,20.960637315217486,0.03369669583495452
10.0,122.312748,53.25,25.539116563798995,24.66718291088368,23.98617974723514,23.06652834587929,20.930162430488682,0.035102542254510594
10.0,122.312748,53.5,25.502663501042072,24.635955875115556,23.956761361555177,23.03716056048166,20.900078105096885,0.03652832889605586
10.0,122.312748,53.75,25.46666108356763,24.60509410598523,23.927686883222663,23.008146845635956,20.8703743377804,0.037977115792395176
10.0,122.312748,54.0,25.431101879179185,24.574561776210654,23.898910176003717,22.97945297914909,20.84104243225017,0.03944185146903801
10.0,122.312748,54.25,25.395978563093855,24.544371206523927,23.87045166945594,22.951088488292783,20.812072080254456,0.04093116958758292
10.0,122.312748,54.5,25.361283458144488,24.514534601308416,23.84232935464053,22.923063102922217,20.78345336393942,0.0424426644505496
10.0,122.312748,54.75,25.32700890247465,24.485029546421124,23.81451407240576,22.895355155748284,20.755179405601595,0.043973810315911854
10.0,122.312748,55.0,25.293147815452965,24.45584966153832,23.786999649604294,22.867957519708096,20.727243459981818,0.045521959049034784
10.0,122.312748,55.25,25.259693359897327,24.426995687981254,23.759789134102398,22.8408697153407,20.699637955289806,0.04708786124516169
10.0,122.312748,55.5,25.226638695803214,24.398460904141803,23.732875200168863,22.814084613747134,20.672355936636272,0.04867176686166679
10.0,122.312748,55.75,25.193977125915286,24.370216113854354,23.70622113331045,22.78757463018391,20.645390820320337,0.050272753330156864
10.0,122.312748,56.0,25.161702012941205,24.34228820813446,23.67986567644682,22.76136323260908,20.618734365774177,0.051896157127245705
10.0,122.312748,56.25,25.129806450468827,24.314653208027917,23.653777909954268,22.735427855770624,20.59237982616706,0.05353663797944602
10.0,122.312748,56.5,25.09828376159402,24.287297187000746,23.627941937181983,22.709754921685253,20.56632102373865,0.05519010746818379
10.0,122.312748,56.75,25.067127378296128,24.26021409850831,23.602352455933566,22.684338060515433,20.540550244451595,0.05685644127487149
10.0,122.312748,57.0,25.036330468649187,24.233398354534792,23.577004520585415,22.659171375428887,20.515059379227566,0.05854366970886629
10.0,122.312748,57.25,25.005885985801864,24.20685676649742,23.551909240063026,22.634260312493954,20.48984074177588,0.06024779725776375
10.0,122.312748,57.5,24.975786892624065,24.180578048804822,23.52705320479489,22.60959392252903,20.464888074650737,0.06196525687285821
10.0,122.312748,57.75,24.946026464088387,24.154550220686243,23.50242267702564,22.585160583483777,20.44019560525749,0.06369253267948666
10.0,122.312748,58.0,24.916598186073003,24.12877408657451,23.478020896414556,22.560960360611034,20.41575686221931,0.0654385428180347
10.0,122.312748,58.25,24.887495529697876,24.10323838352455,23.45383486756238,22.536982407758316,20.391565580015406,0.06720166993986937
10.0,122.312748,58.5,24.85871201836251,24.077936670766903,23.429858290728127,22.513220255327294,20.367615527299147,0.0689735504069971
10.0,122.312748,58.75,24.830241189802177,24.052864138382805,23.406086921565382,22.489668955720582,20.34390023760715,0.07075360932995442
10.0,122.312748,59.0,24.802076556610118,24.028044002486908,23.382552736483632,22.466349223443785,20.320413599288653,0.07255816590496503
10.0,122.312748,59.25,24.77421180228915,24.00344518437172,23.35921568657692,22.44323239096423,20.29715199770879,0.074374138148555
10.0,122.312748,59.5,24.746641226124257,23.97905750207054,23.33606483942443,22.420308672595638,20.274111301393447,0.07619485368197237
10.0,122.312748,59.75,24.71935923534212,23.95488531476906,23.31310800518252,22.39758164929858,20.251285387278326,0.07803047269221086
10.0,122.312748,60.0,24.692359959280896,23.930919148537527,23.29033442125262,22.37504235562738,20.22866853582672,0.07988269061617372
10.0,122.312748,60.25,24.66563750126126,23.90715188080314,23.267736719490905,22.35268392312366,20.206255392148922,0.08173994175206874
10.0,122.312748,60.5,24.639186003768984,23.883576082188654,23.245307167701874,22.330499196452163,20.1840403270374,0.08360825708490288
10.0,122.312748,60.75,24.612999573735802,23.860200554358503,23.223059001332107,22.308495882713967,20.162017591954505,0.08549267436653663
10.0,122.312748,61.0,24.587072327032033,23.837020323764765,23.200986873241025,22.286669192163036,20.140182639398112,0.08738328502993839
10.0,122.312748,61.25,24.561398687148703,23.81402443449371,23.179077965155496,22.26500884024799,20.118531805807002,0.08928300350063989
10.0,122.312748,61.5,24.535973399410445,23.791217421497926,23.157339759285094,22.243518730852966,20.097060957928296,0.09119904480375682
10.0,122.312748,61.75,24.510791319315736,23.768595142182317,23.13576801012437,22.22219492770274,20.075766296830036,0.09311982524657801
10.0,122.312748,62.0,24.485847493214035,23.746150314752175,23.11435457590327,22.201030624366258,20.05464453028365,0.09504954095141675
10.0,122.312748,62.25,24.46113717891354,23.723875357692066,23.093091131127753,22.18001873778802,20.033692074698195,0.09699490135550012
10.0,122.312748,62.5,24.436655692875622,23.701768228040365,23.07197659024048,22.15915726897445,20.012904819745028,0.09894122884928305
10.0,122.312748,62.75,24.412398301222755,23.679832340873748,23.051016680794167,22.138449264567395,19.99227867986081,0.10090129585410168
10.0,122.312748,63.0,24.388360307038575,23.658057607287795,23.030199462369037,22.1178854150226,19.971810356020423,0.10287218253272366
10.0,122.312748,63.25,24.364537212788598,23.636438389823486,23.009519125971767,22.09746044661735,19.951496499801966,0.1048426390665984
10.0,122.312748,63.5,24.34092460213535,23.61497142995338,22.988972910540063,22.077171279957632,19.9313332438691,0.10683176358907098
10.0,122.312748,63.75,24.317518020565828,23.593657355758978,22.968562938632996,22.057018422875657,19.911316692130423,0.10882303724209552
10.0,122.312748,64.0,24.29431302554988,23.572497537151282,22.948292042809438,22.037003097100158,19.891443473456604,0.11082018331726473
10.0,122.312748,64.25,24.271305335804012,23.55148173290336,22.928148033155765,22.01711586388742,19.871710935679044,0.11283310768187475
10.0,122.312748,64.5,24.248490908180486,23.530606993579635,22.908128450129553,21.997353953810794,19.852116152929856,0.11484401723624718
10.0,122.312748,64.75,24.225865766699613,23.509873268334033,22.888234413982968,21.977717297142956,19.832655822762476,0.11686923292884427
10.0,122.312748,65.0,24.203425938727516,23.489279769095685,22.868465923614835,21.958205173604888,19.813326962476605,0.11889941605695667
10.0,122.312748,65.25,24.18116755857526,23.468825419384423,22.84882253008384,21.938816612278714,19.794127062798093,0.12093167390142885
10.0,122.312748,65.5,24.159086945631643,23.448500627157433,22.829292876371994,21.91954280224955,19.775053906669775,0.12298071605931947
10.0,122.312748,65.75,24.137180580304104,23.428302604820708,22.80987462613593,21.90038117334052,19.756104794383887,0.12502627359264626
10.0,122.312748,66.0,24.115444931368483,23.408228726987772,22.79056553653238,21.88132932255209,19.73727662121194,0.12708563791529706
10.0,122.312748,66.25,24.093876410332832,23.38827808059167,22.771365497432814,21.86238642602119,19.718566360645234,0.12914698206229885
10.0,122.312748,66.5,24.072471439527853,23.36845002489578,22.752274633382537,21.84355191715461,19.69997128447085,0.13121406448961181
10.0,122.312748,66.75,24.051226536655037,23.348742008993344,22.733290550315633,21.824823472049694,19.68148904749726,0.13329127880009284
10.0,122.312748,67.0,24.03013836926707,23.329151927643252,22.71441143995533,21.80619918036475,19.66311749022122,0.13536538229136624
10.0,122.312748,67.25,24.009203740853774,23.309680122467153,22.695638581873624,21.787679407848334,19.644854527518806,0.1374574066560589
10.0,122.312748,67.5,23.988419574840652,23.29032365650264,22.67696896001993,21.769261512993317,19.626698334108763,0.13954651428858642
10.0,122.312748,67.75,23.967782940185927,23.271078024584362,22.658397631037808,21.750941402400695,19.608647175764748,0.14164503140331944
10.0,122.312748,68.0,23.947291012046954,23.251938444713645,22.63991939495982,21.732714719597322,19.590699051160094,0.14374740158936455
10.0,122.312748,68.25,23.926940975505826,23.232900530934288,22.621529625301662,21.71457746340529,19.57285157419864,0.145853081913614
10.0,122.312748,68.5,23.9067299504606,23.213967175758484,22.60323296934878,21.696532365129592,19.55510209034068,0.14796630143741318
10.0,122.312748,68.75,23.88665499826647,23.19513941808998,22.585031428307243,21.678580463162273,19.537448374268664,0.15007939650010202
10.0,122.312748,69.0,23.86671327931969,23.176412588687832,22.5669196684769,21.66071750494804,19.51988886844005,0.1522057747936028
10.0,122.312748,69.25,23.846902150616565,23.15778494680835,22.548896236985804,21.642941938154408,19.502422031252856,0.1543266650882961
10.0,122.312748,69.5,23.827219083111725,23.139256636832776,22.530962024992235,21.62525397575181,19.4850461811416,0.15646268661007184
10.0,122.312748,69.75,23.80766161098701,23.12082466332358,22.513113841494192,21.60765093253442,19.467759803677588,0.1585956190418684
10.0,122.312748,70.0,23.788227357826408,23.102483667690024,22.495345572273045,21.59012791949173,19.450561391822394,0.16073738732570547
10.0,122.312748,70.25,23.76891399678542,23.084232150236616,22.477656126887894,21.572683616001484,19.433449067132624,0.16287933118937672
10.0,122.312748,70.5,23.749719161134582,23.066068422419168,22.460044093237922,21.555316529090653,19.416420783670876,0.16502800990776995
10.0,122.312748,70.75,23.730640449680518,23.04799401338754,22.442512105929126,21.538028151245133,19.39947460859086,0.1671788126661651
10.0,122.312748,71.0,23.71167548962758,23.03001090815799,22.425063216215175,21.520820412242813,19.382609015547203,0.16933376685133966
10.0,122.312748,71.25,23.692822040303223,23.01211279610651,22.40768985024546,21.503687534603518,19.36582302049739,0.17149557632920823
10.0,122.312748,71.5,23.67407804594754,22.99429630445814,22.390388413157734,21.486626450196333,19.34911544013197,0.17365587692990062
10.0,122.312748,71.75,23.655441500374582,22.97656271196977,22.37316121087953,21.469638428146336,19.3324846354868,0.1758250232678354
10.0,122.312748,72.0,23.636910359257094,22.95891182553998,22.3560085169151,21.45272338458029,19.315929107651982,0.1779914495772298
10.0,122.312748,72.25,23.61848261702386,22.94134005334335,22.338926270526116,21.435878065929085,19.299447677206786,0.18016935143056395
10.0,122.312748,72.5,23.60015635992097,22.92384609095062,22.321913410690385,21.419101336770034,19.28303909483155,0.18234130124281933
10.0,122.312748,72.75,23.581929714811718,22.9064299317869,22.304970477078434,21.402393276985542,19.266702008768167,0.18452646550811366
10.0,122.312748,73.0,23.56380083120654,22.889090535616944,22.288096629924315,21.385753008218114,19.250435211494324,0.18670530084134088
10.0,122.312748,73.25,23.54576791818053,22.871824409142004,22.271287924924753,21.369177359980227,19.234237620318822,0.18889663194350947
10.0,122.312748,73.5,23.527829246225238,22.854630465284384,22.254543549911823,21.352665396141006,19.218107998276906,0.19108177725345782
10.0,122.312748,73.75,23.509983093655926,22.83750560648,22.23786010335283,21.33621430465104,19.2020449943521,0.19327853377812276
10.0,122.312748,74.0,23.492227728790603,22.820449144210993,22.221237288044954,21.31982350963111,19.186047145922842,0.19546878624738395
10.0,122.312748,74.25,23.474561398390257,22.80346100112376,22.204675513286425,21.303493005448335,19.170112998171458,0.19767131405607485
10.0,122.312748,74.5,23.45698235614761,22.786540374601817,22.188174211777145,21.287222107368187,19.15424130177314,0.19986745562806021
10.0,122.312748,74.75,23.43948891326824,22.76968573472376,22.171731885166093,21.27100944758654,19.138430974110175,0.20207508311145445
10.0,122.312748,75.0,23.422079452599522,22.752896320383165,22.155348019745833,21.254854375681756,19.122680965336915,0.20427642187097814
10.0,122.312748,75.25,23.40475241160091,22.73617062143103,22.13902112793525,21.238755544480746,19.106990253373723,0.20648902590470075
10.0,122.312748,75.5,23.387506273649034,22.719507846712425,22.122750642254125,21.222712278865927,19.091357822395903,0.2086951494577312
10.0,122.312748,75.75,23.370339558225403,22.702905182648635,22.106533416475546,21.206722012233726,19.07578266553126,0.21091261514319692
10.0,122.312748,76.0,23.35325081197151,22.686362044934373,22.090369184006512,21.19078425645037,19.060263663516416,0.21312282216357892
10.0,122.312748,76.25,23.336238579452687,22.66987977658359,22.074260056940187,21.174900332229367,19.044799678919812,0.21534483447199554
10.0,122.312748,76.5,23.31930142176344,22.65345783519,22.058205662323054,21.159069801888677,19.029389852990608,0.21755991885154338
10.0,122.312748,76.75,23.30243798204245,22.63709335728778,22.042202706467577,21.14329005064524,19.01403353234314,0.21978634376318834
10.0,122.312748,77.0,23.285646989898577,22.62078575752074,22.026250855475176,21.12756059362455,18.998729930107945,0.22200594478830088
10.0,122.312748,77.25,23.268927199723034,22.604532534998235,22.010347314935693,21.11187915567337,18.983478151563077,0.22423572812198056
10.0,122.312748,77.5,23.252277366112416,22.588333036517742,21.994491677348172,21.096245186098837,18.96827719173867,0.2264601625639515
10.0,122.312748,77.75,23.23569622653006,22.572187093129134,21.978684103434425,21.080658588210607,18.95312601062495,0.22869225197783827
10.0,122.312748,78.0,23.219182515406665,22.556094304531246,21.962924421492062,21.06511904660284,18.93802369346183,0.2309214050925855
10.0,122.312748,78.25,23.2027350010872,22.54005359139546,21.947211585143748,21.04962560640505,18.922969456086342,0.23315625475339458
10.0,122.312748,78.5,23.186352502867667,22.524064238932386,21.931545018083767,21.034177653020283,18.907962552758008,0.23538971113217114
10.0,122.312748,78.75,23.170033881663578,22.50812601474768,21.915924739644108,21.018775026870067,18.89300225245296,0.23762699426130343
10.0,122.312748,79.0,23.153778034467365,22.492238611462426,21.900350646702723,21.00341750149391,18.878087895414904,0.23986448166508503
10.0,122.312748,79.25,23.13758390361851,22.476400476762496,21.88482105070497,20.988103682767896,18.86321890233724,0.24210466467490263
10.0,122.312748,79.5,23.12145047844227,22.460610310069114,21.86933461570515,20.97283241046139,18.848394651184698,0.24434588065408475
10.0,122.312748,79.75,23.1053767685223,22.444867352582815,21.853890696289167,20.957603032913198,18.83361442134974,0.2465878813039416
10.0,122.312748,80.0,23.089361781999084,22.42917074592386,21.83848850657946,20.942414803822313,18.818877462834017,0.24883298332430223
10.0,122.312748,80.25,23.073404527856884,22.41352018061012,21.82312794818839,20.9272674898082,18.80418303755815,0.25107665562227954
10.0,122.312748,80.5,23.05750402534697,22.39791544862008,21.807809025069748,20.912160952027175,18.78953046594213,0.2533254257855575
10.0,122.312748,80.75,23.041659319960143,22.38235559919396,21.79253078486114,20.897094352201997,18.774919158050025,0.25557130252823723
10.0,122.312748,81.0,23.025869495095897,22.36683809633758,21.77729029155276,20.88206535690693,18.760348532639433,0.25782335213856444
10.0,122.312748,81.25,23.01013365435622,22.35136261516373,21.762087460732435,20.867073706680465,18.745817837898574,0.26006983776437564
10.0,122.312748,81.5,22.994450879788406,22.335928078064285,21.746921213167056,20.85211843421028,18.731326251430406,0.2623253696615484
10.0,122.312748,81.75,22.978820234948195,22.320534165759355,21.73179143209618,20.83719927983612,18.716872971538603,0.2645757574521767
10.0,122.312748,82.0,22.963240781219366,22.3051813540318,21.716698974409763,20.822316730754103,18.70245725647398,0.2668314288029035
10.0,122.312748,82.25,22.947711599977026,22.289869604783828,21.701644001874072,20.80747079165007,18.688078527481203,0.26908526782266873
10.0,122.312748,82.5,22.93223182501166,22.274598112886846,21.686625698205624,20.79266074544562,18.673736351460388,0.27134220424199273
10.0,122.312748,82.75,22.91680065207618,22.259366278825194,21.67164352211885,20.777886070183794,18.659430318879735,0.27359892712323575
10.0,122.312748,83.0,22.901417319661988,22.24417261373709,21.65669581020447,20.76314540859456,18.645159990104872,0.27585687410346166
10.0,122.312748,83.25,22.8860810870196,22.229015612171388,21.641780910656475,20.748437385693244,18.630924826927235,0.2781165074354574
10.0,122.312748,83.5,22.870791205332303,22.213895025693162,21.626898773514828,20.733761808956913,18.61672415640155,0.28037401037381265
10.0,122.312748,83.75,22.855546899500464,22.198810622779963,21.612049335918524,20.719118500957276,18.602557297147154,0.2826368133538704
10.0,122.312748,84.0,22.84034738627336,22.183762157195314,21.597232498002793,20.704507267237044,18.58842365210977,0.28489464442512596
10.0,122.312748,84.25,22.825191899958288,22.16874864895819,21.582447223293414,20.689927218785083,18.57432270203329,0.2871601275625403
10.0,122.312748,84.5,22.81007970219703,22.153769862483898,21.567693429878858,20.675378166433592,18.560253930359263,0.28942082674421254
10.0,122.312748,84.75,22.79501007293458,22.138824997960807,21.552970305011705,20.66085938975908,18.54621683104691,0.291686080508838
10.0,122.312748,85.0,22.77998230873362,22.123913661407048,21.538277556357034,20.646370550005273,18.532210903623376,0.2939494757994118
10.0,122.312748,85.25,22.764995719628715,22.10903525020224,21.52361461697579,20.63191111178439,18.518235653914846,0.2962144028336536
10.0,122.312748,85.5,22.75004962873843,22.09418920791501,21.508980978696403,20.61748058234485,18.504290597803198,0.2984803208252463
10.0,122.312748,85.75,22.735143371644014,22.07937495540247,21.494376101857753,20.60307844678644,18.490375252282796,0.30074483573233546
10.0,122.312748,86.0,22.720276294414756,22.06459130940796,21.47979868499434,20.58870361821276,18.47648913005849,0.30301313688256576
10.0,122.312748,86.25,22.705447749051086,22.04983808445982,21.465248703531813,20.574355949307385,18.462631692035572,0.30527717319070935
10.0,122.312748,86.5,22.690657082901964,22.035114430684686,21.450725270981255,20.56003466486599,18.448802397310438,0.30754728632033207
10.0,122.312748,86.75,22.675903644118275,22.020420135307113,21.436228313997766,20.54573958834007,18.435000713472263,0.3098138565769038
10.0,122.312748,87.0,22.66118678517648,22.00575532927354,21.42175817226598,20.531470868003296,18.421226137178003,0.3120826613592342
10.0,122.312748,87.25,22.646505872787444,21.99112003652192,21.407315026274862,20.517228551978906,18.40747825731626,0.3143514171423886
10.0,122.312748,87.5,22.63186030582712,21.976513794985912,21.392898432249364,20.50301223021772,18.393756755851925,0.31661991865742173
10.0,122.312748,87.75,22.61724952313104,21.961935992386223,21.378507764742082,20.488821351852238,18.380061342336496,0.3188903675353143
10.0,122.312748,88.0,22.602672993357135,21.947386240075172,21.36414268680509,20.4746555793057,18.366391700443383,0.32115841193186234
10.0,122.312748,88.25,22.588130200156346,21.932863309036087,21.349801799344423,20.460513781359758,18.35274749007287,0.3234304232359152
10.0,122.312748,88.5,22.573620632460052,21.91836705072586,21.33548509144833,20.44639584665534,18.33912829858224,0.32569860852274013
10.0,122.312748,88.75,22.55914376990414,21.903897175894198,21.321192350985203,20.432301531261498,18.325533691970094,0.32797107051145186
10.0,122.312748,89.0,22.54469908842768,21.88945352136206,21.306923517703403,20.418230708723335,18.311963275828216,0.33024089256375366
10.0,122.312748,89.25,22.53028607340902,21.875035469533977,21.29267794937967,20.404182821383,18.29841669766701,0.33251255061105717
10.0,122.312748,89.5,22.515904225953335,21.860642612971727,21.278455277802607,20.390157508830168,18.28489360813116,0.33478372179353166
10.0,122.312748,89.75,22.50155305776031,21.846273860322224,21.26425427070185,20.37615376256884,18.27139364238794,0.33705453373650107
10.0,122.312748,90.0,22.48723208351016,21.831927592799847,21.250073056072516,20.362170071011317,18.257916367886416,0.3393270298358511
10.0,122.312748,90.25,22.472940801932882,21.8176036988538,21.235911691351827,20.34820634499053,18.244461213095228,0.34159635867292326
10.0,122.312748,90.5,22.45867867545017,21.803303768337564,21.221772339547076,20.334264106274965,18.231027594285578,0.3438693633247418
10.0,122.312748,90.75,22.444445154939444,21.789027974089915,21.207655300505973,20.320343536570547,18.21761516191759,0.3461400080263933
10.0,122.312748,91.0,22.43023974000849,21.774774337300805,21.193558170874827,20.306442777269577,18.204223754741694,0.3484126493846589
10.0,122.312748,91.25,22.416061988933553,21.760542073815973,21.179480124008666,20.292561099000604,18.190853098594598,0.35068411752190476
10.0,122.312748,91.5,22.401911464752846,21.746330867945414,21.16542091870083,20.278698219366294,18.17750276598935,0.35295482456128174
10.0,122.312748,91.75,22.38778770678458,21.732140170831595,21.15138000622465,20.26485363481342,18.164172304752316,0.35522737880470145
10.0,122.312748,92.0,22.373690239238282,21.717969888690984,21.137357411926097,20.251027270187908,18.150861271624148,0.35749697616319787
10.0,122.312748,92.25,22.359618581840405,21.70381961664574,21.123352753061997,20.23721875410988,18.137569259376264,0.3597697339148826
10.0,122.312748,92.5,22.345572261143378,21.689689231128202,21.109366002289036,20.22342798015945,18.12429589461957,0.36204025204873097
10.0,122.312748,92.75,22.331550815636508,21.675578084809985,21.095396462128875,20.209654345437386,18.11104083497028,0.36431134777088114
10.0,122.312748,93.0,22.317553797642265,21.661485629230352,21.081443571704988,20.195897339730497,18.097803733719942,0.3665825420903893
10.0,122.312748,93.25,22.303580765950798,21.647411776494287,21.06750735153811,20.18215688966664,18.084584217506755,0.3688516952749022
10.0,122.312748,93.5,22.28963128011817,21.63335639237383,21.0535877483222,20.168432878784547,18.07138193331791,0.3711234340190581
10.0,122.312748,93.75,22.275704907806375,21.6193193987348,21.039684771929714,20.154725244058742,18.058196574894335,0.37339246403940907
10.0,122.312748,94.0,22.261801233377753,21.605300131014474,21.025797686507712,20.141033366885484,18.045027876921917,0.3756633023905354
10.0,122.312748,94.25,22.247919859709278,21.591298380983005,21.01192634588361,20.127357061395024,18.03187556184662,0.3779325774144679
10.0,122.312748,94.5,22.234060398515606,21.577313553409034,20.998070107857092,20.113695775890616,18.018739338233367,0.38020189790292874
10.0,122.312748,94.75,22.220222465674187,21.563345077903232,20.98422837123192,20.100048981419565,18.005618895102952,0.38247126105787416
10.0,122.312748,95.0,22.206405675695596,21.549392768694528,20.97040102276831,20.086416513275115,17.992513887458887,0.3847388527832232
10.0,122.312748,95.25,22.19260963744483,21.53545574749092,20.956587066806158,20.072797548770815,17.97942397003975,0.3870081954380008
10.0,122.312748,95.5,22.1788339569274,21.52153395385972,20.942786556289114,20.059192038652785,17.9663487689711,0.3892753401171584
10.0,122.312748,95.75,22.165078233042784,21.507626729697964,20.928998772650086,20.045599365964215,17.953287910462834,0.3915431458655502
10.0,122.312748,96.0,22.15134206210271,21.493733721098696,20.91522339224747,20.03201919983582,17.94024102074033,0.39381028666828644
10.0,122.312748,96.25,22.137625038252626,21.47985485846911,20.901460443720698,20.018451478493386,17.927207720725733,0.39607588739895394
10.0,122.312748,96.5,22.123926755304563,21.465989982416275,20.88770982955599,20.004896054691137,17.914187667396515,0.398342813313679
10.0,122.312748,96.75,22.110246816155133,21.452139041332963,20.873971582951004,19.99135288344455,17.901180563044914,0.40060770760814823
10.0,122.312748,97.0,22.09658483959576,21.43830138470485,20.86024497506869,19.977821351797527,17.888186149013652,0.40287332972924506
10.0,122.312748,97.25,22.082940461439065,21.424476816169832,20.84652986464699,19.96430127808388,17.875204154634222,0.40513771126905446
10.0,122.312748,97.5,22.069313324895564,21.410664723831065,20.832825578769203,19.95079208733932,17.862234294804566,0.4074016181778161
10.0,122.312748,97.75,22.055703075737387,21.39686443127934,20.819131374502692,19.937293142474193,17.84927626100988,0.409665329379162
10.0,122.312748,98.0,22.042109355673063,21.38307589517514,20.805447314010134,19.92380440694673,17.836329699229093,0.41192737527254686
10.0,122.312748,98.25,22.028531796642262,21.369298889573866,20.791773211865866,19.91032567076715,17.82339426496108,0.4141901104507978
10.0,122.312748,98.5,22.01497002972344,21.355533357389778,20.778109092450546,19.896856883321185,17.810469651075376,0.4164514119509982
10.0,122.312748,98.75,22.001423694438444,21.341778537546414,20.764454084851778,19.883397324848616,17.797555585004766,0.4187124563497027
10.0,122.312748,99.0,21.98789244158442,21.328034004661504,20.750807760699416,19.869946593302902,17.784651771955936,0.42097274074543195
10.0,122.312748,99.25,21.97437592247698,21.314299615825227,20.737170045302374,19.856504555472142,17.77175788165055,0.4232318609786213
10.0,122.312748,99.5,21.960873783499935,21.30057478208147,20.723540292196734,19.84307065404386,17.758873593301796,0.4254909825216897
10.0,122.312748,99.75,21.94738567081368,21.286859468968018,20.7099185637262,19.82964485733604,17.745998581596922,0.42774878509134395
10.0,122.312748,100.0,21.933911230112823,21.273153076659508,20.696304195270354,19.816226596410967,17.733132534575827,0.430006185878329
10.0,122.312748,100.25,21.92045011030073,21.25945537387863,20.682696998987677,19.802815651289865,17.72027513815551,0.4322626924994105
10.0,122.312748,100.5,21.90700196122402,21.245766087985622,20.669096727514756,19.789411762861462,17.70742607420947,0.43451826483459677
10.0,122.312748,100.75,21.893566433810857,21.23208466696045,20.655502779546115,19.776014405887356,17.694585036133418,0.4367732392241939
10.0,122.312748,101.0,21.880143181657125,21.21841108119746,20.641915220285952,19.762623551158338,17.68175170601962,0.43902716515382223
10.0,122.312748,101.25,21.866731858348565,21.204744611011797,20.628333231056075,19.74923851363364,17.668925778274257,0.4412803434299274
10.0,122.312748,101.5,21.853332120270178,21.19108514221096,20.614756773399584,19.735859182677682,17.65610693418777,0.44353263678175897
10.0,122.312748,101.75,21.839943622353843,21.177432229896738,20.601185378908625,19.72248513362256,17.643294852113605,0.44578395261560466
10.0,122.312748,102.0,21.82656601938089,21.163785482210656,20.58761865161555,19.709115991239614,17.63048921499307,0.44803437621509057
10.0,122.312748,102.25,21.813198966504288,21.15014485069037,20.5740566286159,19.695751706673153,17.617689699091645,0.4502840096266283
10.0,122.312748,102.5,21.799842119036814,21.136509523955244,20.56049837345481,19.682391505360194,17.604896001137046,0.4525323006889217
10.0,122.312748,102.75,21.786495136052206,21.122879476566254,20.54694396125869,19.669035358964756,17.592107796717176,0.4547799671248036
10.0,122.312748,103.0,21.773157674029136,21.109254239089527,20.533392889714953,19.65568281756498,17.579324760261265,0.4570263722333511
10.0,122.312748,103.25,21.759829389244942,21.095633483448314,20.519844842204904,19.642333564658767,17.566546574755115,0.4592717977344723
10.0,122.312748,103.5,21.746509939046,21.08201710454259,20.50629978112159,19.62898749588352,17.55377292064841,0.4615165921315328
10.0,122.312748,103.75,21.733198982092148,21.06840420196684,20.492756657152796,19.615643749989438,17.541003496443654,0.46375949712922343
10.0,122.312748,104.0,21.71989618033385,21.054794751573393,20.47921554981652,19.60230229814751,17.528237967451073,0.4660020813632196
10.0,122.312748,104.25,21.7066011902467,21.041188275647052,20.465675947367114,19.58896268070823,17.515475992419923,0.46824288239769907
10.0,122.312748,104.5,21.69331366548881,21.027584576535112,20.45213769862106,19.57562470338868,17.502717240505174,0.4704828780288261
10.0,122.312748,104.75,21.680033260023126,21.013983463047058,20.43860065324727,19.562288178139077,17.48996139111881,0.4727221224990793
10.0,122.312748,105.0,21.666759631214095,21.000384281960944,20.42506407397081,19.54895247691001,17.477208145076126,0.474959201714967
10.0,122.312748,105.25,21.65349244184233,20.98678701017981,20.411528032491823,19.535617570966828,17.464457186730005,0.4771962039054322
10.0,122.312748,105.5,21.640231354552807,20.97319094487841,20.397991727145232,19.522282785340245,17.451708205503593,0.4794310311453219
10.0,122.312748,105.75,21.626976033351124,20.959595770024023,20.38445486144923,19.508947812103667,17.438960876940833,0.48166500687398683
10.0,122.312748,106.0,21.613726139054094,20.946001286245096,20.370917280593922,19.495612454660286,17.42621485850626,0.48389816388130547
10.0,122.312748,106.25,21.6004813284019,20.932406973529705,20.35737841872541,19.482276210750452,17.4134698219218,0.4861288705802905
10.0,122.312748,106.5,21.587241258624736,20.91881280809039,20.343838344415964,19.468939049860705,17.40072543758615,0.4883597883631292
10.0,122.312748,106.75,21.574005587335424,20.905217819265776,20.33029591659886,19.45560003997446,17.387981391091394,0.49058791782526995
10.0,122.312748,107.0,21.560773974416474,20.891621664942257,20.316750815446166,19.442258845809405,17.37523733205334,0.4928154409561225
10.0,122.312748,107.25,21.54754607156059,20.87802425545895,20.30320303139969,19.428915372868918,17.362492875788327,0.49504166709144715
10.0,122.312748,107.5,21.534321520940225,20.864425465142645,20.289652497062374,19.41556949209809,17.349747667196883,0.497265588889495
10.0,122.312748,107.75,21.521099966813804,20.850825269572827,20.27609926686973,19.402221170676537,17.3370013975576,0.49948996215855307
10.0,122.312748,108.0,21.50788106496974,20.837222089976965,20.262541423480037,19.388868895052504,17.324253794747644,0.5017107624094213
10.0,122.312748,108.25,21.494664481073258,20.82361551456847,20.248978576784587,19.37551226110247,17.31150449188292,0.5039313411226721
10.0,122.312748,108.5,21.48144986316254,20.810005519491558,20.23541081277776,19.362151235348296,17.298753040782515,0.5061498893492739
10.0,122.312748,108.75,21.468236836301276,20.796392082413117,20.221838200882676,19.348785784976567,17.285999028919594,0.5083665858378464
10.0,122.312748,109.0,21.455025022030792,20.78277516422054,20.208260778581053,19.3354158601681,17.273242113496273,0.5105840026241301
10.0,122.312748,109.25,21.441814054804762,20.76915387697934,20.194677503177633,19.322040602146163,17.26048200656388,0.5127962562792219
10.0,122.312748,109.5,21.428603585230338,20.755528186633835,20.181088438064414,19.308659965619263,17.247718393181838,0.5150094636165043
10.0,122.312748,109.75,21.415393266515345,20.741897628672778,20.167493084109005,19.295273497310475,17.234950947881266,0.5172202883650855
10.0,122.312748,110.0,21.402182752929818,20.728261750069688,20.15389096426946,19.281880754790354,17.22217935006594,0.5194289214578299
10.0,122.312748,110.25,21.388971699614334,20.714620498301855,20.14028211100823,19.2684816777207,17.209403265121285,0.5216385971432175
10.0,122.312748,110.5,21.3757597605657,20.70097179550491,20.126663981341693,19.255074275013623,17.196622365460286,0.5238423640833262
10.0,122.312748,110.75,21.362546585766232,20.687315590905932,20.113036667697635,19.241658483636762,17.183836190428032,0.5260476332099117
10.0,122.312748,111.0,21.34933179200967,20.67365207821001,20.09940053490007,19.228234474532517,17.171044212880755,0.5282488450421712
10.0,122.312748,111.25,21.33611496958769,20.659981303379013,20.085755735778417,19.214802275922203,17.15824599678483,0.5304494411316529
10.0,122.312748,111.5,21.32289571409042,20.646302811595948,20.07210177886413,19.20136143711598,17.14544120309082,0.5326495094101064
10.0,122.312748,111.75,21.309673642198486,20.632615229240816,20.05843701991708,19.18791063070241,17.132629513652844,0.5348448744996717
10.0,122.312748,112.0,21.29644838126416,20.618918500001104,20.044761523153362,19.174449784774858,17.119810515374677,0.5370419764048558
10.0,122.312748,112.25,21.283219543779072,20.605212590774272,20.031075355153362,19.160978851715853,17.106983763470257,0.5392330845662623
10.0,122.312748,112.5,21.26998673147392,20.591497452180814,20.01737854864061,19.147497768222646,17.094148874126994,0.5414249952854342
10.0,122.312748,112.75,21.25674955386049,20.57777248269795,20.003670428128064,19.134005944520492,17.081305524307954,0.5436148568546495
10.0,122.312748,113.0,21.243507636201887,20.56403683308084,19.989950019000783,19.120502554526187,17.068453389198375,0.5458011316413127
10.0,122.312748,113.25,21.23026060927888,20.550290439039056,19.976217358941923,19.106987521434963,17.055592085189907,0.5479893311268663
10.0,122.312748,113.5,21.217008095552412,20.536532872782217,19.962472004992854,19.09346042321788,17.04272122435423,0.5501698530411002
10.0,122.312748,113.75,21.203749713867712,20.522764070493352,19.948713980220134,19.079921184562732,17.029840439045596,0.552352390537578
10.0,122.312748,114.0,21.190485085730852,20.5089829182849,19.934941962674085,19.06636872880861,17.0169493861928,0.5545315485684259
10.0,122.312748,114.25,21.177213837399258,20.49518840521614,19.92115479478118,19.05280207557521,17.00404767190897,0.5567081290243555
10.0,122.312748,114.5,21.163935582802758,20.48138050901613,19.907352588789756,19.039221186964074,16.99113480479181,0.5588848973618179
10.0,122.312748,114.75,21.150649910093797,20.467559381526456,19.893535650801187,19.025626191214158,16.978210300025456,0.5610555449193441
10.0,122.312748,115.0,21.13735639806524,20.45372494768393,19.8797039781502,19.012016999192323,16.965273764589078,0.5632285093509727
10.0,122.312748,115.25,21.12405464000761,20.439876065848296,19.86585620856401,18.998392503573935,16.952324876426864,0.5653954500819514
10.0,122.312748,115.5,21.110744248117154,20.42601228021057,19.85199188803371,18.984752250840486,16.93936326604189,0.5675620450131147
10.0,122.312748,115.75,21.097424832468405,20.412133426801773,19.838110926771133,18.971096067819783,16.92638850861168,0.569727004025826
10.0,122.312748,116.0,21.084095992910907,20.3982392850345,19.82421315031968,18.957423727937474,16.913400197376323,0.5718870804100158
10.0,122.312748,116.25,21.07075732885132,20.384329763918767,19.81029854400357,18.943735128371674,16.900397964696612,0.5740497734784327
10.0,122.312748,116.5,21.057408448360505,20.370402763042872,19.79636452859732,18.930028248500037,16.88738147226245,0.5762039485568934
10.0,122.312748,116.75,21.0440489647146,20.35645797241651,19.78241087674231,18.916302773364773,16.87435024636954,0.5783600632284965
10.0,122.312748,117.0,21.030678461964076,20.34249565325764,19.768438059370112,18.902558934552868,16.861303723748225,0.5805114092595243
10.0,122.312748,117.25,21.017296495213937,20.328515933078496,19.75444634393538,18.888796835026014,16.84824142593953,0.5826608273734032
10.0,122.312748,117.5,21.003902623575225,20.31451856531191,19.740435506868216,18.875016219585945,16.8351629897351,0.5848107524323846
10.0,122.312748,117.75,20.99049643141959,20.30050280901892,19.7264046982323,18.8612163616097,16.822068106799104,0.5869528506315965
10.0,122.312748,118.0,20.97707752590999,20.28646854628345,19.712353881012252,18.847397130932027,16.80895644429317,0.5890980022573278
10.0,122.312748,118.25,20.96364552188637,20.272414507835897,19.6982815366603,18.83355730084448,16.79582765642344,0.5912358884608798
10.0,122.312748,118.5,20.95020003488889,20.25834018964149,19.684187161504756,18.819696374310407,16.782681327968067,0.5933737431971934
10.0,122.312748,118.75,20.93674066441817,20.24424548003672,19.670070743687923,18.805814229555317,16.769516982521473,0.5955091422064349
10.0,122.312748,119.0,20.92326699133507,20.230130279654826,19.655932269505243,18.7919107560264,16.756334172641896,0.5976396009268523
10.0,122.312748,119.25,20.909778594009538,20.21599445021754,19.64177166513379,18.777985805329614,16.74313251202357,0.5997733189686765
10.0,122.312748,119.5,20.896275062564154,20.201837161427786,19.627587967718487,18.764038568423402,16.72991166177988,0.601895928482701
10.0,122.312748,119.75,20.882756001579022,20.187658266429,19.61338111009763,18.75006888912541,16.716671261377606,0.6040219995378642
10.0,122.312748,120.0,20.869221018614002,20.17345668587349,19.599149819194196,18.73607572249943,16.703410936489902,0.6061424818401782
10.0,122.312748,120.25,20.85566971951865,20.159231649901088,19.5848932483503,18.722058317848287,16.690130261420073,0.6082607267034086
10.0,122.312748,120.5,20.8421016956579,20.144982532553477,19.57061073980228,18.70801606118038,16.67682873741557,0.6103783175713342
10.0,122.312748,120.75,20.828516514996988,20.130708023014353,19.556300760543326,18.693947682021136,16.66350582704303,0.6124888251981562
10.0,122.312748,121.0,20.814913721185167,20.116408029571673,19.541963366280257,18.679853070175984,16.650160921939932,0.6146026243232281
10.0,122.312748,121.25,20.801292828188974,20.102084386223243,19.527601043208104,18.665733954333092,16.63679343184223,0.6167054988996327
10.0,122.312748,121.5,20.78765334600751,20.0877369353705,19.513213632952912,18.65159016296085,16.62340302120029,0.618812029800044
10.0,122.312748,121.75,20.77399483878969,20.073363446052515,19.498798347947524,18.6374195431929,16.6099895205945,0.6209124090406132
10.0,122.312748,122.0,20.76031692391542,20.058962390347467,19.484353392291187,18.62322061457502,16.596552591523245,0.6230105783980123
10.0,122.312748,122.25,20.74661920545014,20.04453411767014,19.469879397722778,18.60899369334249,16.583091661479664,0.6251066402987331
10.0,122.312748,122.5,20.732901237136907,20.030079315188818,19.45537737125196,18.594739420103874,16.569606164869725,0.6271968829352845
10.0,122.312748,122.75,20.719162554933646,20.015597769211407,19.440847121905282,18.580457573460627,16.556095710136162,0.6292904544859192
10.0,122.312748,123.0,20.705402722045463,20.001088849788687,19.42628793398666,18.56614753340091,16.542560010912872,0.6313720353868271
10.0,122.312748,123.25,20.691621335250574,19.986552348630156,19.41169965018615,18.55180908498007,16.528998771252677,0.6334577619825006
10.0,122.312748,123.5,20.677818007924376,19.971986241118586,19.397079775055392,18.53744028065011,16.5154116710836,0.635535601105047
10.0,122.312748,123.75,20.66399235409531,19.957389520906784,19.38242719376673,18.523040143976903,16.501798239202312,0.637612910306797
10.0,122.312748,124.0,20.650143952061224,19.942762859058842,19.367742944701227,18.508609301353196,16.488157858200104,0.6396858993066772
10.0,122.312748,124.25,20.6362723362975,19.92810689101753,19.353027955041927,18.494148344696775,16.474489996872805,0.6417549668876664
10.0,122.312748,124.5,20.62237704162853,19.91342132864919,19.338281930461203,18.479656981641593,16.460794317278683,0.6438248122806642
10.0,122.312748,124.75,20.608457642390857,19.898705692458368,19.32350434461145,18.46513473720192,16.447070571663463,0.6458849525358505
10.0,122.312748,125.0,20.594513750647657,19.88395974345472,19.308694991623845,18.45058136983154,16.433318502825653,0.6479495021584888
10.0,122.312748,125.25,20.580544998190327,19.869182017817007,19.293852086321834,18.43599547105174,16.419537833245652,0.650002460539117
10.0,122.312748,125.5,20.566551022025884,19.854372108532527,19.278975254544058,18.42137664266716,16.405728180541637,0.6520582536524556
10.0,122.312748,125.75,20.552531439331897,19.83952960752293,19.264064105067924,18.406724486669727,16.39188908652952,0.6541065970298826
10.0,122.312748,126.0,20.538485843868038,19.82465417259919,19.24911832703057,18.392038666274292,16.378020095459394,0.656153771848895
10.0,122.312748,126.25,20.52441381747887,19.809745458926574,19.234137600938613,18.37731884021146,16.36412077123931,0.6581973240635877
10.0,122.312748,126.5,20.510314939368165,19.794803105696555,19.219121583569905,18.36256465063112,16.350190699255418,0.6602358156645987
10.0,122.312748,126.75,20.496188791263247,19.779827115303984,19.20407039798714,18.347776086551697,16.33622948372443,0.6622743760501092
10.0,122.312748,127.0,20.482034961149797,19.764818041695776,19.18898486023561,18.33295366563711,16.322236779286833,0.6643040860112532
10.0,122.312748,127.25,20.46785305492232,19.749775613100034,19.17386468529795,18.3180971189693,16.308212351363444,0.666338410005174
10.0,122.312748,127.5,20.453642713358857,19.734698357774146,19.158708053676122,18.303205032217033,16.29415601657376,0.6683589587556023
10.0,122.312748,127.75,20.439403602727044,19.719585970763635,19.143514709807608,18.288277108020136,16.280067479664776,0.6703843793086347
10.0,122.312748,128.0,20.425135379563454,19.704440166145424,19.128286986103564,18.27331498328919,16.265946377480454,0.6723994740594045
10.0,122.312748,128.25,20.410837692420312,19.689261118485067,19.1130251284804,18.25831882725586,16.251792533500776,0.6744158173745332
10.0,122.312748,128.5,20.396510231851565,19.674047374098393,19.09772729057282,18.243287252826388,16.237605932754203,0.6764269767276359
10.0,122.312748,128.75,20.382152739528966,19.658797542499173,19.082391780014863,18.228218935008332,16.22338645769432,0.6784339898309288
10.0,122.312748,129.0,20.367764959068758,19.6435118449037,19.067019026454453,18.213114092671848,16.209133789354084,0.6804391517191573
10.0,122.312748,129.25,20.353346598074193,19.628190919307283,19.051609952984613,18.197973345020934,16.194847577854382,0.6824373711301914
10.0,122.312748,129.5,20.338897346597445,19.61283431855796,19.036164037520074,18.182796272259132,16.180527595915862,0.6844374338862116
10.0,122.312748,129.75,20.324416911659807,19.59744090444729,19.020679887055824,18.167581791263675,16.1661736631684,0.6864265659199296
10.0,122.312748,130.0,20.309905014456493,19.582010408661773,19.005157276739713,18.152329649908495,16.151785508218328,0.6884202393527104
10.0,122.312748,130.25,20.2953613643935,19.566545312914037,18.98959952826114,18.137042227591227,16.13736282041661,0.6904006993119625
10.0,122.312748,130.5,20.280785668485,19.55104534506938,18.97400626023089,18.12171927464522,16.12290553981793,0.6923856423911521
10.0,122.312748,130.75,20.26617769120132,19.535508631801832,18.95837506430229,18.10635900922802,16.108413760478353,0.6943609205508375
10.0,122.312748,131.0,20.25153725065327,19.519934369583282,18.94270501144018,18.090960674737623,16.09388739669286,0.6963367321915754
10.0,122.312748,131.25,20.236864154186335,19.50432341192134,18.926997326687633,18.075525103238853,16.079326177990946,0.698305403392867
10.0,122.312748,131.5,20.222158173816393,19.488676072790707,18.91125246727034,18.06005261221004,16.064729886549447,0.700272494856622
10.0,122.312748,131.75,20.207419080491178,19.47299234711077,18.895470464328735,18.044543211902315,16.050098429483693,0.7022352859090459
10.0,122.312748,132.0,20.192646671057897,19.4572722420237,18.879651367672842,18.028996924382884,16.035431768303937,0.7041934409621524
10.0,122.312748,132.25,20.17784076886647,19.441516092531746,18.86379565089786,18.013414087639703,16.0207298834999,0.7061501047900721
10.0,122.312748,132.5,20.16300121937096,19.4257248623558,18.847904586064164,17.997795644626855,16.005992801014564,0.7080993416665707
10.0,122.312748,132.75,20.148127896605185,19.40989803734405,18.831977481802912,17.982141129241626,15.991220653521674,0.7100505748547112
10.0,122.312748,133.0,20.133220715357012,19.39403374228313,18.81601192139108,17.966448775103352,15.976413567247516,0.7119907314430666
10.0,122.312748,133.25,20.118279605584622,19.378131781500215,18.800007761105338,17.95071842243226,15.961571452507865,0.7139344841878039
10.0,122.312748,133.5,20.10330446085974,19.36219383195156,18.783967267331935,17.934951703874766,15.946694093503288,0.7158663987188103
10.0,122.312748,133.75,20.088295140722806,19.346219606880986,18.76789005148574,17.919148373310392,15.931781432907712,0.7178026991839437
10.0,122.312748,134.0,20.07325152340707,19.330207076794096,18.751773493594456,17.903306512704788,15.916833508326691,0.7197271002630578
10.0,122.312748,134.25,20.058173506743827,19.314155791649345,18.735617130988313,17.88742571112901,15.901850168672508,0.7216551624127461
10.0,122.312748,134.5,20.04306095592571,19.298070085075885,18.719426715846495,17.871510133678562,15.886831136876525,0.7235716987315405
10.0,122.312748,134.75,20.027913711361993,19.281949947687586,18.70320209934499,17.85555979664272,15.871776526699854,0.7254914537862728
10.0,122.312748,135.0,20.012731691931833,19.265794931595035,18.686942633288382,17.839574294071706,15.856686740239573,0.7274020146442611
10.0,122.312748,135.25,19.997514910220453,19.24960471832721,18.67064788187125,17.823553350882985,15.841562115309653,0.7293131240043418
10.0,122.312748,135.5,19.982263418004575,19.233377921900395,18.65431603597198,17.80749567841777,15.826402861676051,0.7312169038713697
10.0,122.312748,135.75,19.966977262582144,19.21711375267319,18.6379461339617,17.791400559412338,15.81120899336103,0.7331200093065021
10.0,122.312748,136.0,19.95165644790949,19.200815547771878,18.621542615614597,17.775271222513076,15.795980373470732,0.7350156644602683
10.0,122.312748,136.25,19.93630093841344,19.18448438133331,18.60510677160132,17.759108734478662,15.780717131283517,0.7369109481691527
10.0,122.312748,136.5,19.92091074585321,19.168119978304542,18.588638131129102,17.742912869013814,15.765419705976619,0.7388004669612869
10.0,122.312748,136.75,19.905485967824653,19.151722069570422,18.57213628353879,17.726683408930064,15.750088550043406,0.7406874611300611
10.0,122.312748,137.0,19.890026750528584,19.13529167150712,18.555602523572304,17.710421373293354,15.734724013854962,0.7425699837123103
10.0,122.312748,137.25,19.874533253533563,19.118829652573062,18.539037904232504,17.6941276463618,15.71932646163204,0.7444490009469733
10.0,122.312748,137.5,19.859005657119475,19.10233673584835,18.522443269353424,17.67780297662495,15.70389634786127,0.7463252104426522
10.0,122.312748,137.75,19.84344417818353,19.08581401678818,18.50581994162267,17.66144847229287,15.688434195209327,0.7481960941300282
10.0,122.312748,138.0,19.827849075280373,19.069260447608432,18.48916641266771,17.645063196723697,15.67294058925047,0.750066535114439
10.0,122.312748,138.25,19.81222064416169,19.052673237302024,18.47247898677659,17.628644546156494,15.657415986352541,0.7519294070498641
10.0,122.312748,138.5,19.796559164200374,19.036052960040127,18.455758517611365,17.612193131066945,15.64186045311414,0.7537913638494139
10.0,122.312748,138.75,19.780864826233074,19.019401074533096,18.43900693666679,17.595710404971,15.626273898395695,0.7556474689438647
10.0,122.312748,139.0,19.76513775285604,19.002718636660944,18.42222556802038,17.579197427389484,15.610656403920691,0.7575020814258213
10.0,122.312748,139.25,19.74937806933302,18.986007745109113,18.405417071034535,17.562656247823302,15.595008265733222,0.759351096645044
10.0,122.312748,139.5,19.733585950824317,18.969267973320502,18.38858071403814,17.546086502375907,15.579330012807675,0.7611994432690817
10.0,122.312748,139.75,19.717761647879108,18.952498440624183,18.371715248043,17.52948739374544,15.563622202093978,0.7630410800378847
10.0,122.312748,140.0,19.70190545108476,18.93570033064809,18.354822191654176,17.51286010234781,15.547885213115984,0.7648818230369742
10.0,122.312748,140.25,19.686017641908062,18.918876506297288,18.337905196175743,17.49620741951608,15.532119417220365,0.7667166267471943
10.0,122.312748,140.5,19.67009851221708,18.902026885430093,18.32096392562587,17.47952932520445,15.516325453052817,0.76855172446116
10.0,122.312748,140.75,19.654148420846425,18.885151538434076,18.30399832080717,17.462825945171602,15.500504058849923,0.7703791410798473
10.0,122.312748,141.0,19.63816778065675,18.868250464194244,18.28700825430111,17.44609734240505,15.484655873795365,0.7722077425965815
10.0,122.312748,141.25,19.62215701726105,18.851324567177397,18.26999480893399,17.429344449035465,15.468781434283796,0.7740282002697179
10.0,122.312748,141.5,19.606116548667202,18.834373670161092,18.25295761580564,17.412567164847573,15.452881261527898,0.7758504649885273
10.0,122.312748,141.75,19.590046789660246,18.817396900644965,18.23589543533565,17.395764721631277,15.436955828374158,0.7776641423180393
10.0,122.312748,142.0,19.57394813953013,18.800394251616275,18.218808225422038,17.378937173429584,15.421005444335808,0.7794790689486383
10.0,122.312748,142.25,19.557820954050626,18.78336661151875,18.201697113335634,17.362085424976513,15.405030308309433,0.7812866171135752
10.0,122.312748,142.5,19.541665546281394,18.766314440655957,18.184562617797507,17.34520996548122,15.389030660919389,0.7830945567091496
10.0,122.312748,142.75,19.525482216159578,18.749240116234247,18.167407771297967,17.328313109280128,15.373006826232675,0.7848960205828751
10.0,122.312748,143.0,19.509271278504883,18.73214356417455,18.15023227415778,17.31139482848745,15.356959330582905,0.7866980047083637
10.0,122.312748,143.25,19.493033100126148,18.715024809067245,18.13303602038022,17.29445518744678,15.340888778318023,0.7884930497192955
10.0,122.312748,143.5,19.47676808688672,18.697883923526682,18.115818990018003,17.2774942994251,15.324795688526288,0.7902884735191519
10.0,122.312748,143.75,19.460476649366925,18.680721657324785,18.098582067036634,17.260512926443543,15.308680499650599,0.7920774585104576
10.0,122.312748,144.0,19.444159187864454,18.663538431674336,18.081325677411346,17.24351151707763,15.29254364589694,0.7938665119215956
10.0,122.312748,144.25,19.427816099782763,18.646336254172887,18.064052336802636,17.226492033735358,15.276385590338277,0.7956494962611153
10.0,122.312748,144.5,19.411447793212766,18.629114974997268,18.046761636385565,17.20945438003282,15.260206931385559,0.7974331289937051
10.0,122.312748,144.75,19.395054712968065,18.611873878742365,18.02945248928921,17.192397917636992,15.244008290999203,0.7992098660506824
10.0,122.312748,145.0,19.378637322235914,18.59461286820789,18.012124685546446,17.175322598810567,15.227790124459709,0.8009870984198842
10.0,122.312748,145.25,19.36219605859247,18.577331800058143,17.994777962908024,17.15822833072892,15.211552741843986,0.8027581240708624
10.0,122.312748,145.5,19.34573131637414,18.56003097719671,17.97741266098536,17.14111544128725,15.19529637116687,0.8045288249081537
10.0,122.312748,145.75,19.32924344894973,18.542711543467842,17.960030212877655,17.12398505511656,15.179021224022474,0.8062943940604713
10.0,122.312748,146.0,19.312732786095562,18.5253738448207,17.942630948337637,17.1068375300982,15.162727601288479,0.8080591150279994
10.0,122.312748,146.25,19.2961996630199,18.508018860414293,17.92521604178007,17.089673823996375,15.146415874645314,0.8098190644580392
10.0,122.312748,146.5,19.279644431327412,18.490646248196306,17.90778489436055,17.072493633072103,15.130086471912724,0.8115781578702249
10.0,122.312748,146.75,19.263067461195643,18.473255192531017,17.890336336841493,17.055296199684804,15.113739780562419,0.8133324482174774
10.0,122.312748,147.0,19.24646911766704,18.455846407856924,17.872871271195255,17.038082225144578,15.097376033431582,0.8150851598715708
10.0,122.312748,147.25,19.229849731069034,18.43842111218937,17.855391214812915,17.02085289079987,15.080995429673646,0.8168341337873747
10.0,122.312748,147.5,19.21320961148446,18.42097879782175,17.837895360306824,17.00360772817214,15.064598279030488,0.8185813573309714
10.0,122.312748,147.75,19.196549077975288,18.403518652305973,17.820382562461738,16.98634597293803,15.0481848778422,0.8203248064126601
10.0,122.312748,148.0,19.179868442833644,18.386041137360923,17.802853406057,16.969068073977233,15.031755374470594,0.8220657548402663
10.0,122.312748,148.25,19.163167982469165,18.36854674115013,17.785308474112913,16.951774503693326,15.015309869415912,0.8238040012870809
10.0,122.312748,148.5,19.14644794562197,18.351035915139363,17.767748283167787,16.934465695286413,14.998848513858427,0.8255391388092569
10.0,122.312748,148.75,19.129708575076673,18.333509020301335,17.750173219793353,16.91714199250129,14.982371512785113,0.8272719951730634
10.0,122.312748,149.0,19.112950119537363,18.315966051208278,17.732583183986424,16.89980338820933,14.965879102436956,0.8290016022884202
10.0,122.312748,149.25,19.09617283457331,18.29840699208689,17.714978079405913,16.8824498647742,14.949371503608596,0.8307289605196299
10.0,122.312748,149.5,19.079376973388825,18.28083133841966,17.697357175912714,16.865080938065944,14.932848891892174,0.8324529929638815
10.0,122.312748,149.75,19.062562774947512,18.26323868838606,17.679719915149978,16.847696219714418,14.916311357718216,0.834174933130772
10.0,122.312748,150.0,19.045730448365372,18.245628855942396,17.66206604159955,16.8302955240456,14.899758897327752,0.8358930408495079
10.0,122.312748,150.25,19.02888016389531,18.228001708054368,17.644395372458124,16.812878711471388,14.88319145225682,0.8376097032726587
10.0,122.312748,150.5,19.012012055922,18.210357567971194,17.626708328584737,16.795446072248158,14.866608944190745,0.8393218807269478
10.0,122.312748,150.75,18.995126232415963,18.192696533840603,17.60900500949681,16.777997677981695,14.850011324417943,0.8410331835011529
10.0,122.312748,151.0,18.978222790183047,18.175017673909792,17.591284153882285,16.760532614573837,14.833398574170795,0.8427396800182823
10.0,122.312748,151.25,18.961301818520607,18.157320603321814,17.573545279558655,16.74305048524451,14.816770598592608,0.8444455527229692
10.0,122.312748,151.5,18.944363379637117,18.13960486046421,17.55578780619061,16.725550817810042,14.800127211964886,0.8461459524355381
10.0,122.312748,151.75,18.92740749805262,18.12187028365572,17.538011561435304,16.708033421750493,14.783468177211192,0.8478464957112709
10.0,122.312748,152.0,18.910434162486034,18.104116234957434,17.520215735770925,16.690497648210993,14.76679323903849,0.8495407113949847
10.0,122.312748,152.25,18.89344333246383,18.08634257330044,17.502400200937107,16.672943316628754,14.750102109393497,0.8512358837394269
10.0,122.312748,152.5,18.876434938748368,18.068548480886786,17.484563920643172,16.655369598021732,14.733394481921374,0.8529237821940939
10.0,122.312748,152.75,18.859408886317127,18.05073387202488,17.466706860099574,16.637776356358348,14.71667001006876,0.8546127680861436
10.0,122.312748,153.0,18.84236505161835,18.03289875623167,17.448829088091745,16.62016354415084,14.69992833685741,0.8562949666504731
10.0,122.312748,153.25,18.825303290644687,18.01504293959851,17.43093038823663,16.60253091788768,14.683169149287467,0.8579779262408315
10.0,122.312748,153.5,18.80822345293575,17.997165513333208,17.413009599721992,16.58487755144995,14.666392161217873,0.8596542355266976
10.0,122.312748,153.75,18.791125382988927,17.979266043909508,17.395066232172777,16.56720297015961,14.649597034068506,0.8613309229115865
10.0,122.312748,154.0,18.774008905534785,17.961342721363646,17.377097971419104,16.549505387766807,14.632783365096563,0.8630012712858164
10.0,122.312748,154.25,18.756873813092483,17.943394820247164,17.359104023449188,16.53178404644263,14.61595060949374,0.8646710755015479
10.0,122.312748,154.5,18.739719842439047,17.92542058982526,17.34108222597346,16.51403720810696,14.599098102544282,0.8663356287780997
10.0,122.312748,154.75,18.72254666720754,17.907419799780904,17.323032493448338,16.496264574232878,14.582225064316265,0.8679979791535541
10.0,122.312748,155.0,18.70535389469473,17.88939219935914,17.30495466320239,16.47846582123812,14.565330694885546,0.8696567980631149
10.0,122.312748,155.25,18.68814108825577,17.871336219312536,17.286846801634308,16.460639362929847,14.548414266094305,0.8713119190612053
10.0,122.312748,155.5,18.67090779077565,17.85325054929575,17.268707380521008,16.44278385267034,14.53147500612708,0.8729647594701093
10.0,122.312748,155.75,18.653653511841803,17.83513389404414,17.25053491231252,16.42489795443463,14.514512035500701,0.8746118671281794
10.0,122.312748,156.0,18.636377711334138,17.816985651578545,17.232328846793546,16.40698098784782,14.497524396098555,0.8762588291704165
10.0,122.312748,156.25,18.61907979872133,17.798807553476244,17.214091703787986,16.389034491585736,14.480511147364332,0.8778976282900374
10.0,122.312748,156.5,18.601759162038174,17.78059961920542,17.19582357443208,16.371058376547545,14.46347161102328,0.8795381911497949
10.0,122.312748,156.75,18.58441523275572,17.762357833111487,17.177519197130064,16.353048712101153,14.446405316494927,0.8811695598851503
10.0,122.312748,157.0,18.567047489179757,17.744081575057507,17.15917805796464,16.335004800016264,14.429311526330466,0.8828023304201972
10.0,122.312748,157.25,18.549655367745206,17.725768959086498,17.140797897226317,16.316924744652887,14.412189270860756,0.8844261748436893
10.0,122.312748,157.5,18.532238233726716,17.707418949831712,17.122377645958352,16.298807455500093,14.395037482698742,0.8860503151648617
10.0,122.312748,157.75,18.514795385298108,17.689028646439453,17.103913738735628,16.280650060592816,14.37785502427005,0.8876673165304246
10.0,122.312748,158.0,18.49732605749462,17.670598218998375,17.085406808834712,16.26245260100131,14.360640606480686,0.8892818412693784
10.0,122.312748,158.25,18.47982941123407,17.65212799972714,17.066857584930876,16.244215269610827,14.343392967310713,0.8908920124812119
10.0,122.312748,158.5,18.462304574699857,17.633613849946375,17.04826076532626,16.225933998039636,14.326111050957177,0.8924976568237692
10.0,122.312748,158.75,18.444750682167758,17.61505217543229,17.029611998920117,16.207605225539098,14.308793616809805,0.8941006013961688
10.0,122.312748,159.0,18.42716680648815,17.596445129476322,17.010914696803543,16.18923085912301,14.29143904292494,0.8956951158130346
10.0,122.312748,159.25,18.409551911839646,17.57779288544648,16.99216934670376,16.170810924165234,14.274045886386121,0.8972910378522955
10.0,122.312748,159.5,18.391904948668444,17.55909311538899,16.973373061189346,16.152343058603787,14.256613074063049,0.8988755661399734
10.0,122.312748,159.75,18.37422492044435,17.540345110545857,16.95452523023676,16.133826440661785,14.239139544003175,0.9004621396195757
10.0,122.312748,160.0,18.35651085110214,17.5215464653562,16.935622936822195,16.115258642385427,14.221624175703667,0.9020375792141563
10.0,122.312748,160.25,18.338761758131188,17.502694185092196,16.916662569373866,16.096636676931084,14.2040657300655,0.9036134981471075
10.0,122.312748,160.5,18.32097661717771,17.483779292801614,16.897632608554474,16.077951860103703,14.186462670898864,0.9051807009838289
10.0,122.312748,160.75,18.303154286625542,17.464806134945665,16.878539824725877,16.059208169987603,14.16881271871032,0.9067427269887364
10.0,122.312748,161.0,18.28529340529837,17.445777579545595,16.859388438236298,16.040408182328076,14.15111373480014,0.9083025181509823
10.0,122.312748,161.25,18.267392552771746,17.426685078158417,16.84016715052263,16.021543591070998,14.133364378895749,0.9098535926059105
10.0,122.312748,161.5,18.249450402946195,17.407524759938735,16.820871510187704,16.002610519791407,14.115563010007374,0.9114039601383597
10.0,122.312748,161.75,18.231465574828782,17.38830036651147,16.801507305274594,15.983612343834409,14.097707379864431,0.9129414404540368
10.0,122.312748,162.0,18.213436549657768,17.369009485707597,16.7820716123596,15.964546588634187,14.07979558870365,0.9144796512426429
10.0,122.312748,162.25,18.19536181085201,17.349645675057882,16.762556236472445,15.94540692927234,14.061826036540383,0.9160078167185937
10.0,122.312748,162.5,18.177239866675745,17.330209399440946,16.742962599318375,15.926193608559432,14.043796701616634,0.9175309304996276
10.0,122.312748,162.75,18.159069140871512,17.310700993090652,16.723291689524636,15.906906755603275,14.025705479793519,0.9190502828665106
10.0,122.312748,163.0,18.140848007656917,17.291113686888565,16.70353480516478,15.887539735907046,14.00755058596425,0.9205592563009246
10.0,122.312748,163.25,18.122574855580453,17.271444584760474,16.68368886063664,15.868089588426681,13.989329952662462,0.9220676043607424
10.0,122.312748,163.5,18.104247995143897,17.25169552132391,16.663757121223803,15.848557858394676,13.971041153708425,0.923561773370495
10.0,122.312748,163.75,18.085865631731824,17.231861716940493,16.643733603827773,15.828939797207804,13.952682046975285,0.9250550979854704
10.0,122.312748,164.0,18.067425963662064,17.21193372833142,16.623606289453065,15.809226200243954,13.934250477236802,0.926539209986154
10.0,122.312748,164.25,18.048927133319815,17.191915200856332,16.60338133585229,15.789420307326374,13.915743531839803,0.9280137837013984
10.0,122.312748,164.5,18.030367093630247,17.17180684786447,16.58306031775947,15.769522577046148,13.897158424817292,0.9294886133608568
10.0,122.312748,164.75,18.011743746121354,17.151601825915638,16.562634436839815,15.7495262611974,13.878493045782639,0.9309460536199844
10.0,122.312748,165.0,17.993055070903463,17.13129656352218,16.54209975225275,15.729427713809354,13.859745113968009,0.9324025988865186
10.0,122.312748,165.25,17.9742990232848,17.110885172055028,16.521449183197795,15.709221089847711,13.840911914683087,0.9338492561189541
10.0,122.312748,165.5,17.95547344015541,17.090366749302646,16.500682633421793,15.6889052821986,13.821990352741835,0.9352855656212881
10.0,122.312748,165.75,17.936576005457184,17.069739146795012,16.47979808215523,15.668477992444751,13.802977327324792,0.9367204328061115
10.0,122.312748,166.0,17.917604317255314,17.048990513380584,16.458780257925376,15.64792766905981,13.783869892251262,0.9381381327980649
10.0,122.312748,166.25,17.89855591048839,17.028125817306886,16.43763751776014,15.627258744698022,13.764664440606518,0.9395501186620604
10.0,122.312748,166.5,17.87942813851827,17.0071495208869,16.416376687077506,15.606475184564143,13.745357619343999,0.9409575291390087
10.0,122.312748,166.75,17.860218352826607,16.986047730994994,16.394979070685483,15.585563474207556,13.725947210828531,0.9423492688263108
10.0,122.312748,167.0,17.84092408807163,16.96481338123797,16.373436399154777,15.56451657857696,13.706430469804365,0.9437369256307941
10.0,122.312748,167.25,17.821542804392106,16.94343850144694,16.351739271897753,15.543326616161037,13.686803503907681,0.9451130377766622
10.0,122.312748,167.5,17.802071670310397,16.921929885672903,16.329898761654817,15.52199974518536,13.667061792365313,0.9464753720349872
10.0,122.312748,167.75,17.782507584386135,16.90028617997581,16.307913739802537,15.500534361883096,13.647201573319807,0.9478349144372542
10.0,122.312748,168.0,17.762847474721926,16.878499315945483,16.285773882125046,15.478922444816211,13.62721999242307,0.9491787332502027
10.0,122.312748,168.25,17.7430884225791,16.856565071664694,16.263474655770924,15.457159632526913,13.607113934073443,0.9505121380180411
10.0,122.312748,168.5,17.7232275066633,16.834478045603902,16.241009892049032,15.435240458590009,13.586879832838312,0.9518404463185571
10.0,122.312748,168.75,17.703261702211194,16.81222315232802,16.218360183141332,15.413150234369557,13.566513774963566,0.9531505554603394
10.0,122.312748,169.0,17.683187804116876,16.78980702966095,16.195537054843623,15.39089492681789,13.546010804793662,0.954449274546058
10.0,122.312748,169.25,17.663002292095335,16.767228942119424,16.172540558021236,15.368473487233373,13.525366309490185,0.9557429854456144
10.0,122.312748,169.5,17.642701581445717,16.744474084200526,16.149351138241666,15.345871437907915,13.504576656737557,0.9570187157330494
10.0,122.312748,169.75,17.622282183584485,16.721545999451532,16.12597580235075,15.323091749671496,13.483637585197458,0.9582813253817191
10.0,122.312748,170.0,17.601740508041097,16.698442168772964,16.102412176413786,15.30013164933274,13.462544835111322,0.9595374160401616
10.0,122.312748,170.25,17.581072937859076,16.675152688240527,16.07864762429485,15.276981326188023,13.441294708784282,0.9607770860517842
10.0,122.312748,170.5,17.560275913901673,16.651667032407566,16.054669271136678,15.253630374195057,13.419883060055419,0.9620009626698606
10.0,122.312748,170.75,17.539345764893753,16.62798318915556,16.030476581959668,15.230076494147362,13.39830479418125,0.9632146034887675
10.0,122.312748,171.0,17.51827855456301,16.604104117665482,16.006075510110968,15.20632211666524,13.37655470985495,0.9644178661747207
10.0,122.312748,171.25,17.49707020648323,16.580011074429095,15.981440862329366,15.182348992840733,13.354628418778661,0.9655986058689683
10.0,122.312748,171.5,17.475716679816834,16.555709930138182,15.956583595031244,15.158162274765681,13.332520879302397,0.9667676801067658
10.0,122.312748,171.75,17.454213787688346,16.53120008500443,15.931504128292433,15.133760981818565,13.310227171536603,0.9679279056079793
10.0,122.312748,172.0,17.432557335538515,16.506448910724544,15.906157602473227,15.109113625632329,13.287743201359572,0.9690676755103735
10.0,122.312748,172.25,17.41074317313229,16.481464304662747,15.880559369996893,15.084227266395516,13.265062754583145,0.9701886119939147
10.0,122.312748,172.5,17.38876669139947,16.45624246145087,15.85470599251604,15.059097848082036,13.242179074840852,0.9712967298844479
10.0,122.312748,172.75,17.366622985889123,16.430773387012312,15.82858524457455,15.03371536299147,13.219086433600667,0.9723911970433685
10.0,122.312748,173.0,17.344307138577456,16.405035520557416,15.802169010957003,15.008058755395275,13.195778896333922,0.9734679481876823
10.0,122.312748,173.25,17.32181408242349,16.379049678244442,15.775490991303645,14.98214727916388,13.172249070784726,0.9745210902950652
10.0,122.312748,173.5,17.299138403425587,16.35281086603711,15.748544500010865,14.95597563885614,13.14849107365486,0.9755598396610222
10.0,122.312748,173.75,17.276274877772853,16.3263099844109,15.721317713500364,14.929534600192012,13.124500831545626,0.9765835217885286
10.0,122.312748,174.0,17.253218676225906,16.299533577532102,15.693793324928096,14.90281082970933,13.10027394933494,0.9775902980343484
10.0,122.312748,174.25,17.2299650689821,16.272466108329194,15.665952029295244,14.875789066432572,13.075804799956218,0.9785748502578085
10.0,122.312748,174.5,17.206509078203958,16.245110714836684,15.637802211807195,14.84847183786168,13.051086316580012,0.9795376555374897
10.0,122.312748,174.75,17.182845310414844,16.21747590470255,15.609358335268906,14.820866772869794,13.026111783476264,0.9804824154507259
10.0,122.312748,175.0,17.158968290554057,16.189549751873123,15.580603798242205,14.79296203576474,13.000876442318205,0.9814103616986648
10.0,122.312748,175.25,17.134872877532175,16.161312985271056,15.551512892635262,14.764738807797173,12.975375843518147,0.982317377545191
10.0,122.312748,175.5,17.11055407364091,16.132775003379912,15.522103172597056,14.736205590155544,12.949603924372845,0.9832059668028793
10.0,122.312748,175.75,17.086006651785475,16.1039088177281,15.492336842226027,14.707336310987403,12.923554859868009,0.9840698043879488
10.0,122.312748,176.0,17.061225292366014,16.074731243909348,15.462243076109514,14.678146527077372,12.89722204461361,0.984910585244872
10.0,122.312748,176.25,17.036204453533138,16.04523929703869,15.43181821733564,14.648632985673856,12.870599726346285,0.9857310110608741
10.0,122.312748,176.5,17.010938735510656,16.01541356246281,15.401035105544553,14.618776796858715,12.843683731100839,0.9865305206681095
10.0,122.312748,176.75,16.985423047724165,15.985245643314657,15.369885142035447,14.58856958590155,12.816468810328033,0.9873069049576514
10.0,122.312748,177.0,16.95965219364476,15.954731759435033,15.338366354213647,14.558007409846676,12.788948482236957,0.9880609471715723
10.0,122.312748,177.25,16.93362068907182,15.923874510318846,15.306485458807217,14.527092377529538,12.761116315810995,0.9887910694119775
10.0,122.312748,177.5,16.90732293593253,15.89268661904699,15.274262749115257,14.49583619850823,12.732967019687788,0.9894998751228563
10.0,122.312748,177.75,16.880753576522224,15.861141396462417,15.241658086303067,14.46421315797724,12.704497383606089,0.9901833722113926
10.0,122.312748,178.0,16.853907763324184,15.829258443047614,15.20870455872111,14.432241578278536,12.675703488665798,0.990844136376373
10.0,122.312748,178.25,16.826780789149986,15.797034966842135,15.175397370894762,14.399918620840866,12.646582097943163,0.9914811905360038
10.0,122.312748,178.5,16.79936828640903,15.764445285996384,15.141698873687076,14.36721977741622,12.61713126685115,0.9920925303584199
10.0,122.312748,178.75,16.771666249722326,15.731502310785801,15.107633099655832,14.334157273632462,12.587347216360751,0.9926796509938242
10.0,122.312748,179.0,16.74367052240602,15.698208141726068,15.07320378959466,14.300733130549599,12.557226197447557,0.9932420348172156
10.0,122.312748,179.25,16.715376997507512,15.66457786345956,15.03843381788259,14.266961695829496,12.526766125199478,0.9937804717833645
10.0,122.312748,179.5,16.686782007486954,15.63061443881161,15.003325445923023,14.232845880166984,12.49596699532746,0.9942946358172938
10.0,122.312748,179.75,16.657882633727425,15.596319204982208,14.967879376196784,14.198387179417903,12.464830245677161,0.9947846070496582
10.0,122.312748,180.0,16.628676697756056,15.56165669029757,14.932041658423008,14.163552354385335,12.433357346026263,0.9952482129704163
10.0,122.312748,180.25,16.599162370947173,15.526660989970631,14.895870208743222,14.128374253397192,12.401546757630609,0.9956879452310171
10.0,122.312748,180.5,16.56933749068286,15.491347083220491,14.859384518893432,14.092867626107019,12.369397918711117,0.9961040753980474
10.0,122.312748,180.75,16.539200167022393,15.455715032710833,14.82258068022047,14.057033084656572,12.336913859782229,0.9964960098725222
10.0,122.312748,181.0,16.50874942118949,15.419777519567448,14.785476245500568,14.020883313829462,12.304098682375797,0.9968648785781535
10.0,122.312748,181.25,16.47798506100247,15.383532746288811,14.748065338087805,13.984417452636995,12.270957147405397,0.9972102634225761
10.0,122.312748,181.5,16.446907553445755,15.346989367110089,14.710360200049983,13.947644691091492,12.237494055402223,0.9975327104647368
10.0,122.312748,181.75,16.415517813780983,15.310165334487683,14.672386053759986,13.910583138666096,12.203714343025903,0.9978326336480985
10.0,122.312748,182.0,16.38381719168428,15.27305659317518,14.634132123891838,13.87323016803358,12.169624350636916,0.9981109706437031
10.0,122.312748,182.25,16.35180764996532,15.235675933343305,14.5956168909724,13.835599181877939,12.135230506619402,0.9983672431364148
10.0,122.312748,182.5,16.319491576764587,15.198062745652917,14.556897342085039,13.797728811482699,12.100539543751806,0.9986024988527602
10.0,122.312748,182.75,16.286871898224884,15.160194980042876,14.517929696848562,13.759599684475686,12.065561356853413,0.9988155747520648
10.0,122.312748,183.0,16.25395255548861,15.122104239666953,14.478763126131593,13.721243271835469,12.030305403991434,0.9990090642271169
10.0,122.312748,183.25,16.220738011488105,15.083787165824736,14.43938536521072,13.682658126198012,11.99478123388983,0.9991832370070808
10.0,122.312748,183.5,16.187233215845218,15.045260677834287,14.399820209213507,13.643862017488503,11.958998682176484,0.999338409190999
10.0,122.312748,183.75,16.153443512897095,15.006548725301265,14.360099439954459,13.604879390572354,11.922967733579304,0.999476023716732
10.0,122.312748,184.0,16.119374690104266,14.967652983645152,14.320217805019697,13.565713702858465,11.886700076167413,0.9995966243372675
10.0,122.312748,184.25,16.085033227199933,14.928582762129416,14.280185917616917,13.526375669651255,11.850207561850226,0.9996998821385672
10.0,122.312748,184.5,16.050426071199723,14.889351344439417,14.240020172617797,13.486879791229837,11.813501383337691,0.9997857051136696
10.0,122.312748,184.75,16.0155604149948,14.849965962789895,14.199726557135985,13.447234857015989,11.776592808495817,0.9998562641265909
10.0,122.312748,185.0,15.98044369867083,14.810436123422893,14.159315627157124,13.407451764804579,11.739492998873885,0.9999118940764816
10.0,122.312748,185.25,15.945083549651562,14.770785224848442,14.118819218096633,13.36755444454631,11.702212946597177,0.9999535491380978
10.0,122.312748,185.5,15.909487793443454,14.731017800992204,14.078236422518764,13.327549019808087,11.664764698056661,0.9999821189963258
10.0,122.312748,185.75,15.873664673296338,14.691143705042622,14.037577966434972,13.28744659246621,11.6271605249676,0.9999964403842588
10.0,122.312748,186.0,15.837622747501985,14.651266388772292,13.996999438798664,13.24734631108784,11.589412807808591,1.0
10.0,122.312748,186.25,15.801371189253699,14.611600048965599,13.956804064036863,13.207451737663343,11.551543257022269,1.0
10.0,122.312748,186.5,15.764922478468906,14.572124169426168,13.916894810368058,13.167746552187724,11.513596084748853,1.0
10.0,122.312748,186.75,15.728295949383439,14.532813723118458,13.87721429688654,13.12821128666089,11.47562196829979,1.0
10.0,122.312748,187.0,15.691515703149394,14.493645646218583,13.837723739201785,13.08882938350665,11.437661053021772,1.0
10.0,122.312748,187.25,15.654606440433987,14.45460045233255,13.7983953727454,13.049588046416083,11.399742303991847,1.0
10.0,122.312748,187.5,15.617591069295852,14.4156622348146,13.759208624246616,13.010477508195494,11.361885957194827,1.0
10.0,122.312748,187.75,15.580489809697797,14.376818257437554,13.720147900535743,12.971490162652321,11.3241058780731,1.0
10.0,122.312748,188.0,15.543320075298558,14.338058464388086,13.681201188773082,12.932619895674064,11.286411363344676,1.0
10.0,122.312748,188.25,15.506096692321576,14.299375007907498,13.642359115134179,12.893861627924899,11.248808439936036,1.0
10.0,122.312748,188.5,15.468832234000827,14.260761826895827,13.603614285539411,12.855211015163572,11.211300788952713,1.0
10.0,122.312748,188.75,15.431537368578544,14.22221428660719,13.564960810588168,12.816664253792938,11.173890404604148,1.0
10.0,122.312748,189.0,15.394221178226921,14.183728879069069,13.526393956086066,12.778217953642693,11.136578068028548,1.0
10.0,122.312748,189.25,15.35689143451813,14.145302978852591,13.487909881982993,12.739869053012661,11.099363691297242,1.0
10.0,122.312748,189.5,15.31955482892427,14.106934646795144,13.449505445075069,12.701614760252976,11.062246569360346,1.0
10.0,122.312748,189.75,15.282217162221052,14.068622473919563,13.411178048557774,12.663452512164547,11.025225565844963,1.0
10.0,122.312748,190.0,15.244883498503143,14.030365458302933,13.372925526499309,12.625379943247616,10.988299250703966,1.0
10.0,122.312748,190.25,15.207558289713045,13.992162908535605,13.334746054629449,12.58739486211493,10.951466002411129,1.0
10.0,122.312748,190.5,15.1702454760804,13.954014368400752,13.296638081128082,12.549495232774209,10.914724083801742,1.0
10.0,122.312748,190.75,15.132948567119502,13.915919558353082,13.258600272712993,12.511679159326576,10.878071698177852,1.0
10.0,122.312748,191.0,15.095670707055197,13.877878330217571,13.220631472490851,12.473944873141544,10.841507030556249,1.0
10.0,122.312748,191.25,15.05841472783344,13.839890632245185,13.182730666888945,12.436290721886182,10.805028277693154,1.0
10.0,122.312748,191.5,15.021183192256851,13.801956482254415,13.144896959619782,12.398715159984874,10.768633669616333,1.0
10.0,122.312748,191.75,14.983978429271922,13.764075947067967,13.107129551107219,12.361216740213061,10.732321484730038,1.0
10.0,122.312748,192.0,14.94680256301581,13.72624912683895,13.06942772216412,12.323794106211384,10.696090060062785,1.0
10.0,122.312748,192.25,14.909657536893352,13.68847614316679,13.031790820986823,12.286445985762219,10.659937797855285,1.0
10.0,122.312748,192.5,14.87254513368654,13.650757130144587,12.994218252742764,12.249171184708821,10.62386316940369,1.0
10.0,122.312748,192.75,14.835466992485976,13.613092227669332,12.956709471190011,12.211968581424216,10.5878647168584,1.0
10.0,122.312748,193.0,14.798424623066072,13.575481576495065,12.9192639718926,12.17483712175643,10.551941053513632,1.0
10.0,122.312748,193.25,14.761419418194114,13.537925314625182,12.881881286692398,12.137775814390924,10.516090862998857,1.0
10.0,122.312748,193.5,14.724452664259754,13.500423574730624,12.844560979173274,12.100783726582,10.480312897683088,1.0
10.0,122.312748,193.75,14.687525550530573,13.46297648235127,12.807302640911328,12.063859980213124,10.444605976531365,1.0
10.0,122.312748,194.0,14.650639177275709,13.425584154692695,12.770105888350255,12.027003748152557,10.40896898259375,1.0
10.0,122.312748,194.25,14.613794562950073,13.388246699873136,12.732970360175816,11.990214250875747,10.373400860263414,1.0
10.0,122.312748,194.5,14.576992650592397,13.3509642165086,12.69589571509077,11.953490753329973,10.337900612406246,1.0
10.0,122.312748,194.75,14.540234313560058,13.313736793549799,12.65888162991279,11.916832562020009,10.302467297438241,1.0
10.0,122.312748,195.0,14.503520360699465,13.276564510304521,12.621927797934438,11.880239022296184,10.267100026406908,1.0
10.0,122.312748,195.25,14.46685154103198,13.239447436594498,12.585033927497157,11.843709515828461,10.231797960117374,1.0
10.0,122.312748,195.5,14.430228548020446,13.202385633007816,12.548199740741268,11.807243458251914,10.19656030633223,1.0
10.0,122.312748,195.75,14.39365202346965,13.165379151217163,12.511424972501853,11.770840296970576,10.16138631706509,1.0
10.0,122.312748,196.0,14.357122561104779,13.128428034341377,12.474709369326511,11.73449950910788,10.126275285981105,1.0
10.0,122.312748,196.25,14.320640709864424,13.091532317333309,12.438052688595771,11.698220599593053,10.091226545912438,1.0
10.0,122.312748,196.5,14.284206976938922,13.054692027381227,12.401454697730802,11.662003099373756,10.056239466492974,1.0
10.0,122.312748,196.75,14.247821830579944,13.01790718431434,12.364915173475827,11.625846563746126,10.021313451913551,1.0
10.0,122.312748,197.0,14.211485702703555,12.98117780100547,12.328433901245274,11.58975057079412,9.986447938797042,1.0
10.0,122.312748,197.25,14.175198991305798,12.944503883765911,12.29201067452722,11.55371471993064,9.951642394190952,1.0
10.0,122.312748,197.5,14.13896206270734,12.90788543272891,12.255645294336366,11.517738630533616,9.916896313674274,1.0
10.0,122.312748,197.75,14.102775253641695,12.87132244221941,12.219337568710857,11.481821940670606,9.882209219574493,1.0
10.0,122.312748,198.0,14.066638873199805,12.834814901108482,12.183087312248173,11.445964305906083,9.847580659290244,1.0
10.0,122.312748,198.25,14.030553204642267,12.79836279315154,12.146894345676063,11.41016539818588,9.813010203714803,1.0
10.0,122.312748,198.5,13.994518507089413,12.761966097309939,12.110758495455135,11.374424904793742,9.778497445755479,1.0
10.0,122.312748,198.75,13.958535017098342,12.72562478805585,12.074679593410124,11.33874252737523,9.744041998943924,1.0
10.0,122.312748,199.0,13.922602950135163,12.689338835660626,12.038657476387277,11.303117981024593,9.709643496132488,1.0
10.0,122.312748,199.25,13.886722501949947,12.65310820646702,12.002691985935686,11.267550993430495,9.675301588271772,1.0
10.0,122.312748,199.5,13.850893849861238,12.616932863145758,11.966782968010534,11.232041304076755,9.641015943264735,1.0
10.0,122.312748,199.75,13.815117153956415,12.580812764937058,11.930930272696552,11.196588663494556,9.606786244892898,1.0
10.0,122.312748,200.0,13.77939255821364,12.544747867877744,11.895133753950137,11.161192832562763,9.572612191810304,1.0
10.0,122.312748,200.25,13.743720191550755,12.50873812501462,11.859393269358696,11.125853581853267,9.538493496601195,1.0
10.0,122.312748,200.5,13.708100168805998,12.472783486604799,11.82370867991599,11.090570691018401,9.504429884897469,1.0
10.0,122.312748,200.75,13.672532591655111,12.436883900303673,11.788079849812307,11.055343948217756,9.470421094552284,1.0
10.0,122.312748,201.0,13.637017549469048,12.401039311341195,11.752506646238427,11.020173149581831,9.43646687486628,1.0
10.0,122.312748,201.25,13.601555120116213,12.365249662687143,11.716988939202416,10.985058098710152,9.40256698586316,1.0
10.0,122.312748,201.5,13.566145370712864,12.329514895205982,11.681526601358367,10.949998606201625,9.368721197611535,1.0
10.0,122.312748,201.75,13.530788358325056,12.29383494780197,11.646119507846285,10.91499448921507,9.334929289590104,1.0
10.0,122.312748,202.0,13.495484130625341,12.258209757555061,11.61076753614235,10.880045571057979,9.30119105009344,1.0
10.0,122.312748,202.25,13.4602327265071,12.222639259848172,11.575470565918867,10.845151680801669,9.267506275675798,1.0
10.0,122.312748,202.5,13.425034176659283,12.187123388486352,11.540228478913292,10.810312652921171,9.233874770630562,1.0
10.0,122.312748,202.75,13.389888504104169,12.151662075808344,11.505041158805685,10.775528326958218,9.200296346503002,1.0
10.0,122.312748,203.0,13.354795724700457,12.11625525279102,11.469908491104066,10.74079854720588,9.166770821634286,1.0
10.0,122.312748,203.25,13.319755847614001,12.080902849147122,11.43483036303715,10.706123162413439,9.1332980207347,1.0
10.0,122.312748,203.5,13.284768875758223,12.045604793416738,11.39980666345398,10.671502025510202,9.099877774484229,1.0
10.0,122.312748,203.75,13.249834806206213,12.010361013052915,11.36483728273002,10.636934993347053,9.066509919158774,1.0
10.0,122.312748,204.0,13.214953630576293,11.975171434501775,11.329922112679254,10.602421926454566,9.033194296280294,1.0
10.0,122.312748,204.25,13.180125335392782,11.940035983277461,11.295061046471945,10.567962688816666,8.999930752289437,1.0
10.0,122.312748,204.5,13.145349902423554,11.904954584032286,11.260253978557657,10.533557147658788,8.966719138239126,1.0
10.0,122.312748,204.75,13.110627308995884,11.869927160622346,11.225500804593214,10.499205173249639,8.933559309507816,1.0
10.0,122.312748,205.0,13.07595752829197,11.834953636168917,11.190801421375259,10.464906638715666,8.900451125531152,1.0
10.0,122.312748,205.25,13.041340529625451,11.800033933115888,11.156155726777163,10.43066141986744,8.867394449550819,1.0
10.0,122.312748,205.5,13.006776278700132,11.765167973283493,11.121563619689937,10.396469395037148,8.834389148379515,1.0
10.0,122.312748,205.75,12.972264737852068,11.730355677918574,11.087024999966935,10.362330444926526,8.801435092180995,1.0
10.0,122.312748,206.0,12.937805866276086,11.695596967741595,11.052539768372098,10.328244452464537,8.768532154264216,1.0
10.0,122.312748,206.25,12.903399620237696,11.660891762990621,11.018107826531491,10.294211302674158,8.73568021089069,1.0
10.0,122.312748,206.5,12.869045953271431,11.626239983462456,10.983729076887952,10.260230882547724,8.702879141094188,1.0
10.0,122.312748,206.75,12.834744816366356,11.591641548551117,10.949403422658621,10.226303080930247,8.67012882651201,1.0
10.0,122.312748,207.0,12.800496158139687,11.557096377283811,10.91513076779518,10.192427788410216,8.637429151227051,1.0
10.0,122.312748,207.25,12.76629992499922,11.522604388354601,10.880911016946637,10.15860489721739,8.60478000162004,1.0
10.0,122.312748,207.5,12.732156061295317,11.488165500155871,10.846744075424473,10.124834301127137,8.572181266231187,1.0
10.0,122.312748,207.75,12.69806450946307,11.453779630807754,10.812629849170008,10.091115895370901,8.539632835630751,1.0
10.0,122.312748,208.0,12.66402521015538,11.419446698185661,10.778568244723852,10.057449576552395,8.507134602297873,1.0
10.0,122.312748,208.25,12.630038102367404,11.385166619946013,10.74455916919729,10.023835242569165,8.474686460507181,1.0
10.0,122.312748,208.5,12.59610312355302,11.350939313550297,10.710602530245493,9.990272792539166,8.442288306222666,1.0
10.0,122.312748,208.75,12.562220209733791,11.31676469628757,10.676698236042421,9.956762126732041,8.409940036998345,1.0
10.0,122.312748,209.0,12.528389295600897,11.282642685295489,10.642846195257325,9.92330314650479,8.377641551885286,1.0
10.0,122.312748,209.25,12.49461031461051,11.248573197579965,10.609046317032748,9.88989575424155,8.345392751344598,1.0
10.0,122.312748,209.5,12.460883199073018,11.21455615003355,10.575298510963888,9.856539853297239,8.31319353716598,1.0
10.0,122.312748,209.75,12.4272078802365,11.18059145945261,10.541602687079317,9.823235347944777,8.281043812391488,1.0
10.0,122.312748,210.0,12.393584288364814,11.146679042553385,10.507958755822866,9.789982143325698,8.24894348124418,1.0
10.0,122.312748,210.25,12.360012352810667,11.112818815986985,10.474366628036687,9.756780145403901,8.216892449061316,1.0
10.0,122.312748,210.5,12.326492002083944,11.07901069635342,10.440826214945385,9.723629260922365,8.184890622231851,1.0
10.0,122.312748,210.75,12.293023163915656,11.045254600214692,10.40733742814112,9.690529397362614,8.152937908137902,1.0
10.0,122.312748,211.0,12.259605765317735,11.011550444107044,10.373900179569688,9.657480462906772,8.12103421509997,1.0
10.0,122.312748,211.25,12.226239732639003,10.977898144552386,10.340514381517437,9.62448236640204,8.089179452325663,1.0
10.0,122.312748,211.5,12.192924991617483,10.944297618068976,10.307179946599035,9.591535017327423,8.057373529861678,1.0
10.0,122.312748,211.75,12.159661467429368,10.910748781181399,10.273896787745988,9.558638325762592,8.025616358548872,1.0
10.0,122.312748,212.0,12.1264490847348,10.877251550429873,10.240664818195873,9.52579220235871,7.993907849980188,1.0
10.0,122.312748,212.25,12.093287767720712,10.843805842378956,10.207483951482258,9.492996558311129,7.962247916461257,1.0
10.0,122.312748,212.5,12.060177440140873,10.810411573625652,10.174354101425248,9.460251305333808,7.930636470973536,1.0
10.0,122.312748,212.75,12.02711802535337,10.777068660807002,10.141275182122595,9.427556355635364,7.899073427139775,1.0
10.0,122.312748,213.0,11.994109446355628,10.74377702060714,10.108247107941393,9.39491162189664,7.867558699191685,1.0
10.0,122.312748,213.25,11.961151625817195,10.710536569763907,10.075269793510271,9.36231701724969,7.836092201939683,1.0
10.0,122.312748,213.5,11.928244486110394,10.677347225074993,10.042343153712066,9.32977245525811,7.804673850744541,1.0
10.0,122.312748,213.75,11.895387949338959,10.644208903403683,10.009467103676949,9.297277849898592,7.773303561490852,1.0
10.0,122.312748,214.0,11.862581937364862,10.61112152168421,9.97664155877599,9.264833115543661,7.7419812505621755,1.0
10.0,122.312748,214.25,11.829826371833349,10.57808499692674,9.943866434615087,9.2324381669455,7.710706834817767,1.0
10.0,122.312748,214.5,11.797121174196375,10.545099246222028,9.911141647029291,9.200092919220781,7.679480231570776,1.0
10.0,122.312748,214.75,11.76446626573452,10.512164186745741,9.878467112077464,9.167797287836475,7.648301358567839,1.0
10.0,122.312748,215.0,11.731861567577456,10.479279735762498,9.845842746037274,9.135551188596533,7.617170133969952,1.0
10.0,122.312748,215.25,11.6993070007231,10.44644581062963,9.813268465400466,9.103354537629421,7.586086476334565,1.0
10.0,122.312748,215.5,11.666802486055511,10.413662328800669,9.780744186868459,9.071207251376423,7.555050304598803,1.0
10.0,122.312748,215.75,11.634347944361611,10.380929207828602,9.748269827348171,9.03910924658069,7.524061538063756,1.0
10.0,122.312748,216.0,11.601943296346823,10.3482463653689,9.715845303948097,9.00706044027696,7.493120096379742,1.0
10.0,122.312748,216.25,11.569588462649687,10.315613719182318,9.683470533974653,8.975060749781937,7.462225899532519,1.0
10.0,122.312748,216.5,11.537283363855508,10.283031187137526,9.651145434928695,8.94311009268525,7.431378867830353,1.0
10.0,122.312748,216.75,11.505027920509125,10.250498687213518,9.618869924502265,8.911208386840993,7.400578921891912,1.0
10.0,122.312748,217.0,11.472822053126812,10.218016137501868,9.586643920575527,8.879355550359778,7.3698259826348975,1.0
10.0,122.312748,217.25,11.44066568220744,10.185583456208816,9.554467341213874,8.847551501601282,7.33911997126542,1.0
10.0,122.312748,217.5,11.40855872824285,10.153200561657208,9.522340104665206,8.815796159167263,7.308460809268009,1.0
10.0,122.312748,217.75,11.376501111727597,10.120867372288282,9.490262129357367,8.784089441894993,7.277848418396268,1.0
10.0,122.312748,218.0,11.344492753168002,10.08858380666333,9.45823333389572,8.752431268851106,7.247282720664109,1.0
10.0,122.312748,218.25,11.31253357309063,10.056349783465222,9.426253637060874,8.720821559325818,7.216763638337522,1.0
10.0,122.312748,218.5,11.280623492050196,10.024165221499839,9.39432295780652,8.689260232827504,7.186291093926875,1.0
10.0,122.312748,218.75,11.248762430636958,9.992030039697358,9.3624412152574,8.657747209077597,7.1558650101796735,1.0
10.0,122.312748,219.0,11.216950309483593,9.959944157113476,9.330608328707395,8.626282408005805,7.1254853100737785,1.0
10.0,122.312748,219.25,11.185187049271633,9.927907492930503,9.298824217617693,8.594865749745619,7.09515191681104,1.0
10.0,122.312748,219.5,11.153472570737458,9.89591996645839,9.267088801615081,8.563497154630081,7.064864753811323,1.0
10.0,122.312748,219.75,11.121806794677894,9.863981497135658,9.23540200049032,8.532176543187818,7.034623744706901,1.0
10.0,122.312748,220.0,11.09018964195543,9.832092004530258,9.203763734196594,8.500903836139303,7.004428813337195,1.0
10.0,122.312748,220.25,11.058621033503075,9.800251408340353,9.172173922848073,8.469678954393343,6.974279883743822,1.0
10.0,122.312748,220.5,11.02710089032889,9.768459628395032,9.14063248671851,8.438501819043783,6.9441768801659665,1.0
10.0,122.312748,220.75,10.995629133520225,9.736716584654962,9.109139346239937,8.407372351366384,6.914119727036011,1.0
10.0,122.312748,221.0,10.964205684247634,9.705022197212976,9.07769442200142,8.376290472815906,6.884108348975447,1.0
10.0,122.312748,221.25,10.932830463768545,9.673376386294608,9.046297634747877,8.34525610502335,6.854142670791017,1.0
10.0,122.312748,221.5,10.901503393430678,9.641779072258577,9.014948905378947,8.314269169793349,6.824222617471099,1.0
10.0,122.312748,221.75,10.8702243946752,9.61023017559722,8.983648154947927,8.283329589101736,6.794348114182307,1.0
10.0,122.312748,222.0,10.838993389039691,9.578729616936874,8.952395304660744,8.252437285093228,6.7645190862662865,1.0
10.0,122.312748,222.25,10.807810298160884,9.547277317038226,8.921190275874986,8.221592180079247,6.7347354592367,1.0
10.0,122.312748,222.5,10.776675043777205,9.515873196796615,8.890032990098982,8.190794196535872,6.704997158776401,1.0
10.0,122.312748,222.75,10.745587547731152,9.484517177242301,8.858923368990903,8.160043257101893,6.675304110734755,1.0
10.0,122.312748,223.0,10.714547731971479,9.453209179540691,8.827861334357932,8.12933928457698,6.645656241125134,1.0
10.0,122.312748,223.25,10.683555518555256,9.421949124992542,8.796846808155433,8.098682201919953,6.616053476122545,1.0
10.0,122.312748,223.5,10.65261082964973,9.390736935034132,8.765879712486202,8.06807193224714,6.586495742061393,1.0
10.0,122.312748,223.75,10.621713587534105,9.359572531237395,8.734959969599705,8.03750839883083,6.5569829654333835,1.0
10.0,122.312748,224.0,10.590863714601138,9.328455835310038,8.704087501891372,8.006991525097808,6.527515072885535,1.0
10.0,122.312748,224.25,10.560061133358657,9.297386769095624,8.673262231901916,7.976521234627959,6.498091991218296,1.0
10.0,122.312748,224.5,10.529305766430927,9.266365254573643,8.642484082316672,7.946097451152952,6.4687136473837885,1.0
10.0,122.312748,224.75,10.498597536559945,9.23539121385955,8.611752975964965,7.915720098554992,6.43937996848412,1.0
10.0,122.312748,225.0,10.467936366606613,9.204464569204795,8.5810688358195,7.88538910086563,6.4100908817698175,1.0
10.0,122.312748,225.25,10.437322179551815,9.173585242996817,8.550431584995778,7.855104382264636,6.380846314638318,1.0
10.0,122.312748,225.5,10.406754898497427,9.142753157759037,8.519841146751522,7.8248658670789295,6.351646194632563,1.0
10.0,122.312748,225.75,10.37623444666723,9.111968236150828,8.489297444486143,7.794673479781557,6.322490449439656,1.0
10.0,122.312748,226.0,10.345760747407745,9.081230400967463,8.458800401740197,7.764527144990722,6.293379006889593,1.0
10.0,122.312748,226.25,10.315333724189014,9.050539575140062,8.428349942194872,7.734426787468857,6.264311794954052,1.0
10.0,122.312748,226.5,10.284953300605281,9.019895681735512,8.397945989671504,7.704372332121744,6.235288741745258,1.0
10.0,122.312748,226.75,10.254619400375658,8.989298643956385,8.367588468131087,7.674363703997669,6.206309775514895,1.0
10.0,122.312748,227.0,10.224331947344687,8.958748385140838,8.337277301673804,7.644400828286617,6.177374824653077,1.0
10.0,122.312748,227.25,10.194090865482874,8.928244828762505,8.307012414538569,7.614483630319504,6.148483817687364,1.0
10.0,122.312748,227.5,10.163896078887166,8.897787898430375,8.276793731102595,7.584612035567437,6.119636683281831,1.0
10.0,122.312748,227.75,10.133747511781376,8.867377517888668,8.246621175880957,7.554785969641009,6.090833350236182,1.0
10.0,122.312748,228.0,10.103645088516569,8.837013611016696,8.216494673526173,7.525005358289621,6.062073747484899,1.0
10.0,122.312748,228.25,10.0735887335714,8.806696101828711,8.186414148827787,7.495270127400831,6.033357804096431,1.0
10.0,122.312748,228.5,10.043578371552424,8.776424914473765,8.156379526711978,7.465580202999729,6.004685449272434,1.0
10.0,122.312748,228.75,10.013613927194356,8.746199973235534,8.126390732241168,7.435935511248337,5.976056612347019,1.0
10.0,122.312748,229.0,9.983695325360303,8.716021202532163,8.096447690613632,7.406335978445028,5.947471222786058,1.0
