扫描速率（K/min）,时间（s）,贴身侧温度（℃）,界面12温度（℃）,界面23温度（℃）,外表面温度（℃）,平均固化进度
5.0,0.0,37.0,37.0,37.0,37.0,0.0
5.0,0.025,37.0,36.99999999981369,36.99997643560492,36.16139425728711,0.0
5.0,0.05,37.0,36.99999999767657,36.99984242976573,35.72743848273882,0.0
5.0,0.07500000000000001,36.99999999999999,36.99999998483718,36.99942374311113,35.408581147007034,0.0
5.0,0.1,36.999999999999964,36.999999930997696,36.998467757507406,35.1454515556234,0.0
5.0,0.125,36.99999999999981,36.99999975381829,36.99667799426732,34.91673671306275,0.0
5.0,0.15,36.999999999999126,36.999999266003606,36.993755999857235,34.71199262155662,0.0
5.0,0.175,36.9999999999966,36.99999809627665,36.98943598944257,34.52517758313987,0.0
5.0,0.19999999999999998,36.9999999999883,36.999995585242836,36.983506007272695,34.35242450346181,0.0
5.0,0.22499999999999998,36.99999999996389,36.9999906623847,36.97581596495761,34.191081899629765,0.0
5.0,0.24999999999999997,36.99999999989834,36.999981714699636,36.966276040775384,34.039238326475605,0.0
5.0,0.27499999999999997,36.999999999735785,36.99996645974474,36.95484942720971,33.89546210145029,0.0
5.0,0.3,36.999999999359744,36.999941835747336,36.94154264568912,33.758648018285186,0.0
5.0,0.325,36.99999999854187,36.99990391929992,36.92639555962232,33.627921775512945,0.0
5.0,0.35000000000000003,36.999999996857994,36.999847877704504,36.90947227117496,33.5025776042694,0.0
5.0,0.37500000000000006,36.99999999355772,36.99976795909141,36.890853420162934,33.38203600828107,0.0
5.0,0.4000000000000001,36.9999999873702,36.999657519722334,36.87062999595273,33.265814219560006,0.0
5.0,0.4250000000000001,36.99999997622657,36.99950908487587,36.848898556921455,33.153504987070946,0.0
5.0,0.4500000000000001,36.99999995687736,36.99931443763299,36.825757658390884,33.04476099572484,0.0
5.0,0.47500000000000014,36.999999924382664,36.999064728752266,36.80130526690215,32.93928319123716,0.0
5.0,0.5000000000000001,36.99999987145315,36.99875060052901,36.775636951723804,32.836811877547206,0.0
5.0,0.5250000000000001,36.99999978762204,36.99836231787888,36.748844672847405,32.737119822517954,0.0
5.0,0.5500000000000002,36.99999965823167,36.997889900665776,36.72101601700848,32.640006844631124,0.0
5.0,0.5750000000000002,36.999999463222714,36.9973232523147,36.69223376382199,32.545295509467444,0.0
5.0,0.6000000000000002,36.99999917572,36.996652280857504,36.6625756905857,32.452827669871155,0.0
5.0,0.6250000000000002,36.99999876041532,36.99586700964023,36.63211454608499,32.36246165591671,0.0
5.0,0.6500000000000002,36.99999817175453,36.9949576759006,36.600918141079156,32.27406997131918,0.0
5.0,0.6750000000000003,36.99999735194289,36.99391481626365,36.5690495166592,32.18753738885915,0.0
5.0,0.7000000000000003,36.999996228789406,36.992729338886086,36.536567162021065,32.10275936332533,0.0
5.0,0.7250000000000003,36.99999471341644,36.991392582508595,36.5035252610378,32.01964069945207,0.0
5.0,0.7500000000000003,36.999992697865835,36.98989636306195,36.469973952893696,31.93809442638536,0.0
5.0,0.7750000000000004,36.99999005263664,36.98823300873756,36.435959596416666,31.85804084074507,0.0
5.0,0.8000000000000004,36.99998662419192,36.986395384594985,36.401525030974916,31.77940668832966,0.0
5.0,0.8250000000000004,36.9999822324734,36.984376907860835,36.36670982917071,31.702124460612755,0.0
5.0,0.8500000000000004,36.999976668462914,36.98217155509229,36.33155053828591,31.626131786892564,0.0
5.0,0.8750000000000004,36.999969691828284,36.97977386235239,36.296080908674405,31.551370906623983,0.0
5.0,0.9000000000000005,36.99996102868945,36.97717891948578,36.2603321081808,31.477788209342975,0.0
5.0,0.9250000000000005,36.99995036953754,36.97438235950516,36.224332922285825,31.40533383187074,0.0
5.0,0.9500000000000005,36.99993736733611,36.97138034400768,36.18810994010685,31.333961304299542,0.0
5.0,0.9750000000000005,36.999921635829615,36.96816954544489,36.15168772666862,31.26362723771739,0.0
5.0,1.0000000000000004,36.99990274807983,36.964747126973464,36.11508898204384,31.194291047803,0.0
5.0,1.0250000000000004,36.99988023524643,36.961110720520644,36.07833468807348,31.125914709376254,0.0
5.0,1.0500000000000003,36.99985358562321,36.957258403610425,36.04144424343517,31.058462537768055,0.0
5.0,1.0750000000000002,36.99982224393724,36.95318867541529,36.00443558784839,30.991900993512743,0.0
5.0,1.1,36.99978561091384,36.948900432424246,35.96732531620126,30.926198507394073,0.0
5.0,1.125,36.999743043106335,36.94439294405196,35.93012878336168,30.86132532331325,0.0
5.0,1.15,36.999693852986184,36.93966582845502,35.89286020040269,30.797253356812192,0.0
5.0,1.1749999999999998,36.999637309285696,36.93471902877003,35.85553272293275,30.73395606739039,0.0
5.0,1.1999999999999997,36.999572637582915,36.92955278994364,35.81815853217819,30.671408343010153,0.0
5.0,1.2249999999999996,36.999499021116016,36.92416763628626,35.78074890942065,30.609586395401564,0.0
5.0,1.2499999999999996,36.99941560181253,36.918564349848545,35.74331430434824,30.548467664961766,0.0
5.0,1.2749999999999995,36.99932148151738,36.91274394969187,35.705864397835484,30.488030734199196,0.0
5.0,1.2999999999999994,36.99921572340256,36.90670767210114,35.66840815962623,30.428255248806323,0.0
5.0,1.3249999999999993,36.99909735354062,36.900456951768525,35.63095390135424,30.36912184555849,0.0
5.0,1.3499999999999992,36.99896536262369,36.893993403961275,35.59350932529971,30.310612086334157,0.0
5.0,1.3749999999999991,36.998818707809654,36.88731880767357,35.5560815692459,30.25270839763633,0.0
5.0,1.399999999999999,36.9986563146773,36.88043508975204,35.51867724776821,30.195394015067595,0.0
5.0,1.424999999999999,36.99847707927259,36.87334430997622,35.481302490259516,30.138652932274596,0.0
5.0,1.4499999999999988,36.99827987022876,36.86604864706919,35.44396297596825,30.082469853932412,0.0
5.0,1.4749999999999988,36.99806353094367,36.858550385608176,35.40666396630179,30.026830152387276,0.0
5.0,1.4999999999999987,36.9978268817986,36.85085190380193,35.36941033462522,29.97171982761783,0.0
5.0,1.5249999999999986,36.99756872240374,36.84295566209874,35.33220659376496,29.91712547021158,0.0
5.0,1.5499999999999985,36.99728783385634,36.83486419258763,35.295056921408595,29.86303422708555,0.0
5.0,1.5749999999999984,36.996982980998865,36.82658008915425,35.2579651835751,29.809433769708072,0.0
5.0,1.5999999999999983,36.99665291466523,36.81810599835271,35.22093495631425,29.756312264603917,0.0
5.0,1.6249999999999982,36.996296373904435,36.80944461095493,35.1839695457802,29.703658345946657,0.0
5.0,1.6499999999999981,36.99591208817185,36.800598654139286,35.147072006811506,29.65146109006183,0.0
5.0,1.674999999999998,36.99549877947962,36.791570884281725,35.11024516013816,29.599709991681745,0.0
5.0,1.699999999999998,36.99505516449835,36.78236408031301,35.07349160832604,29.548394941808006,0.0
5.0,1.7249999999999979,36.99457995660353,36.772981037607465,35.0368137505592,29.497506207051693,0.0
5.0,1.7499999999999978,36.9940718678608,36.76342456236974,35.00021379635237,29.44703441033318,0.0
5.0,1.7749999999999977,36.9935296109452,36.75369746648751,34.96369377827753,29.396970512834606,0.0
5.0,1.7999999999999976,36.99295190099038,36.74380256281965,34.927255563781834,29.34730579710765,0.0
5.0,1.8249999999999975,36.992337457364165,36.73374266089093,34.89090086616717,29.298031851248155,0.0
5.0,1.8499999999999974,36.99168500536825,36.72352056296557,34.854631254796196,29.249140554056833,0.0
5.0,1.8749999999999973,36.99099327785964,36.713139060473814,34.8184481645838,29.200624061112542,0.0
5.0,1.8999999999999972,36.99026101679279,36.70260093076692,34.78235290482853,29.152474791690793,0.0
5.0,1.9249999999999972,36.98948697468141,36.69190893417737,34.7463466674336,29.10468541646607,0.0
5.0,1.949999999999997,36.988669915979635,36.68106581136267,34.710430534563386,29.05724884594155,0.0
5.0,1.974999999999997,36.987808618382736,36.67007428091233,34.67460548577735,29.010158219554697,0.0
5.0,1.999999999999997,36.98690187404779,36.658937037198754,34.63887240468004,28.963406895411207,0.0
5.0,2.024999999999997,36.98594849073521,36.64765674845427,34.60323208512274,28.916988440603905,0.0
5.0,2.0499999999999967,36.98494729287225,36.636236055057395,34.56768523698939,28.870896622076465,0.0
5.0,2.0749999999999966,36.98389712253995,36.624677568012835,34.532232491597036,28.825125397995095,0.0
5.0,2.0999999999999965,36.98279684038518,36.612983867610325,34.496874406738364,28.77966890959423,0.0
5.0,2.1249999999999964,36.981645326459585,36.6011575022489,34.46161147139209,28.734521473464913,0.0
5.0,2.1499999999999964,36.98044148098755,36.589200987413705,34.42644411012467,28.68967757425687,0.0
5.0,2.1749999999999963,36.979184225065254,36.577116804793526,34.39137268720518,28.64513185776757,0.0
5.0,2.199999999999996,36.97787250129311,36.564907401528046,34.356397510453434,28.60087912439354,0.0
5.0,2.224999999999996,36.97650527434404,36.5525751895744,34.32151883483999,28.556914322921,0.0
5.0,2.249999999999996,36.9750815314698,36.54012254518358,34.286736865855126,28.513232544634622,0.0
5.0,2.274999999999996,36.973600282948055,36.527551808477796,34.252051762662795,28.469829017724713,0.0
5.0,2.299999999999996,36.97206056247256,36.51486528312042,34.21746364105417,28.426699101974545,0.0
5.0,2.3249999999999957,36.97046142748896,36.50206523607096,34.18297257621444,28.38383828371092,0.0
5.0,2.3499999999999956,36.96880195947878,36.48915389741782,34.148578605315514,28.34124217100208,0.0
5.0,2.3749999999999956,36.967081264194036,36.47613346028232,34.11428172994625,28.298906489088424,0.0
5.0,2.3999999999999955,36.965298471844946,36.46300608078774,34.080081918391095,28.256827076032252,0.0
5.0,2.4249999999999954,36.96345273724317,36.44977387808782,34.04597910776726,28.214999878573877,0.0
5.0,2.4499999999999953,36.96154323990302,36.436438934449214,34.01197320602965,28.173420948182187,0.0
5.0,2.474999999999995,36.95956918410287,36.423003295383296,33.97806409385237,28.132086437288624,0.0
5.0,2.499999999999995,36.957529798909135,36.40946896982252,33.944251626394696,28.090992595694203,0.0
5.0,2.524999999999995,36.955424338165095,36.395837930337215,33.910535634959245,28.050135767139935,0.0
5.0,2.549999999999995,36.95325208044649,36.38211211338904,33.876915928549096,28.00951238603159,0.0
5.0,2.574999999999995,36.95101232898632,36.368293419617274,33.84339229533044,27.96911897431041,0.0
5.0,2.5999999999999948,36.94870441157057,36.35438371415481,33.80996450400686,27.92895213846176,0.0
5.0,2.6249999999999947,36.946327680406974,36.340384826970634,33.776632305110745,27.889008566654432,0.0
5.0,2.6499999999999946,36.94388151196872,36.326298553236036,33.743395432217206,27.84928502600355,0.0
5.0,2.6749999999999945,36.94136530681476,36.31212665371182,33.710253603085235,27.809778359950606,0.0
5.0,2.6999999999999944,36.93877848938862,36.29787085515417,33.67720652073084,27.770485485754545,0.0
5.0,2.7249999999999943,36.93612050779727,36.283532850736876,33.64425387443626,27.731403392088094,0.0
5.0,2.7499999999999942,36.933390833571714,36.26911430048782,33.611395340699275,27.692529136733985,0.0
5.0,2.774999999999994,36.930588961410756,36.25461683173791,33.578630584126365,27.653859844376004,0.0
5.0,2.799999999999994,36.92771440890941,36.24004203958058,33.545959258273115,27.61539270448009,0.0
5.0,2.824999999999994,36.92476671627342,36.22539148734029,33.51338100643508,27.577124969260986,0.0
5.0,2.849999999999994,36.921745446021006,36.21066670704856,33.48089546239226,27.539053951730242,0.0
5.0,2.874999999999994,36.91865018267336,36.19586919992611,33.44850225110983,27.501177023821583,0.0
5.0,2.8999999999999937,36.91548053243476,36.18100043686984,33.416200989397915,27.46349161458987,0.0
5.0,2.9249999999999936,36.91223612286371,36.166061858943536,33.38399128653282,27.42599520848017,0.0
5.0,2.9499999999999935,36.908916602535946,36.15105487787123,33.35187274484201,27.388685343663525,0.0
5.0,2.9749999999999934,36.90552164070045,36.13598087653217,33.3198449602551,27.351559610436336,0.0
5.0,2.9999999999999933,36.902050926929356,36.12084120945659,33.2879075228227,27.314615649680377,0.0
5.0,3.0249999999999932,36.898504170762635,36.10563720332142,33.256060017205286,27.277851151380577,0.0
5.0,3.049999999999993,36.894881101348396,36.09037015744523,33.22430202313362,27.24126385319797,0.0
5.0,3.074999999999993,36.891181467079626,36.07504134428163,33.192633115842526,27.204851539095305,0.0
5.0,3.099999999999993,36.88740503522806,36.05965200991067,33.161052866479615,27.168612038012874,0.0
5.0,3.124999999999993,36.88355159157591,36.04420337452751,33.129560842490314,27.13254322259237,0.0
5.0,3.149999999999993,36.87962094004604,36.02869663292796,33.098156607980634,27.096643007946646,0.0
5.0,3.1749999999999927,36.875612902331305,36.01313295499038,33.066839724059086,27.060909350473295,0.0
5.0,3.1999999999999926,36.871527317523466,35.997513486153565,33.035609749158716,27.025340246710197,0.0
5.0,3.2249999999999925,36.86736404174235,35.981839347890194,33.00446623934062,26.989933732231208,0.0
5.0,3.2499999999999925,36.86312294776562,35.96611163817553,32.973408748579935,26.954687880580238,0.0
5.0,3.2749999999999924,36.85880392465973,35.95033143195112,32.94243682903526,26.919600802242126,0.0
5.0,3.2999999999999923,36.85440687741238,35.93449978158309,32.91155003130254,26.884670643648718,0.0
5.0,3.324999999999992,36.849931726566886,35.918617717314994,32.880747904654264,26.849895586218732,0.0
5.0,3.349999999999992,36.845378407858895,35.90268624771485,32.85002999726479,26.815273845429928,0.0
5.0,3.374999999999992,36.84074687185565,35.88670636011625,32.81939585642263,26.780803669922346,0.0
5.0,3.399999999999992,36.83603708359822,35.87067902105341,32.78884502873042,26.74648334063128,0.0
5.0,3.424999999999992,36.8312490222469,35.85460517668996,32.75837706029323,26.71231116994878,0.0
5.0,3.4499999999999917,36.82638268073007,35.83848575324139,32.727991496895946,26.678285500912615,0.0
5.0,3.4749999999999917,36.82143806539674,35.82232165739115,32.697687884170286,26.644404706421486,0.0
5.0,3.4999999999999916,36.816415195672946,35.8061137767001,32.66746576775204,26.610667188475556,0.0
5.0,3.5249999999999915,36.81131410372225,35.789862980009545,32.637324693429086,26.57707137744126,0.0
5.0,3.5499999999999914,36.80613483411051,35.77357011783756,32.607264207280686,26.54361573133944,0.0
5.0,3.5749999999999913,36.80087744347494,35.75723602276869,32.577283855808595,26.51029873515591,0.0
5.0,3.599999999999991,36.79554200019782,35.740861509837,32.54738318606037,26.477118900173647,0.0
5.0,3.624999999999991,36.79012858408479,35.72444737690248,32.517561745745354,26.444074763325702,0.0
5.0,3.649999999999991,36.784637286047875,35.70799440502071,32.487819083343716,26.411164886568095,0.0
5.0,3.674999999999991,36.779068207793394,35.69150335880594,32.45815474820898,26.378387856271964,0.0
5.0,3.699999999999991,36.77342146151476,35.67497498678748,32.428568290664344,26.345742282634212,0.0
5.0,3.7249999999999908,36.76769716959025,35.658410021759565,32.399059262093125,26.313226799106,0.0
5.0,3.7499999999999907,36.761895464285814,35.64180918112455,32.36962721502375,26.28084006183842,0.0
5.0,3.7749999999999906,36.75601648746297,35.625173167229654,32.34027170320945,26.248580749144722,0.0
5.0,3.7999999999999905,36.75006039029179,35.60850266769721,32.3109922817031,26.216447560978544,0.0
5.0,3.8249999999999904,36.744027332969,35.59179835574848,32.2817885069273,26.18443921842748,0.0
5.0,3.8499999999999903,36.73791748444121,35.575060890521144,32.252659936740095,26.152554463221538,0.0
5.0,3.8749999999999902,36.731731022133395,35.55829091738042,32.223606130496556,26.1207920572559,0.0
5.0,3.89999999999999,36.72546813168234,35.54148906822407,32.19462664910635,26.089150782127522,0.0
5.0,3.92499999999999,36.7191290066754,35.52465596178111,32.1657210550876,26.057629438685066,0.0
5.0,3.94999999999999,36.71271384839427,35.507792203904565,32.136888912617266,26.026226846591722,0.0
5.0,3.97499999999999,36.70622286556389,35.490898387858145,32.10812978757811,25.994941843900477,0.0
5.0,3.99999999999999,36.699656274106424,35.473975094596994,32.07944324760254,25.963773286641374,0.0
5.0,4.02499999999999,36.693014296900316,35.457022893042634,32.05082886211351,25.932720048420432,0.0
5.0,4.04999999999999,36.6862971635443,35.440042340352115,32.02228620236252,25.901781020029745,0.0
5.0,4.07499999999999,36.67950511012643,35.4230339821815,31.993814841464978,25.870955109068454,0.0
5.0,4.099999999999991,36.67263837899797,35.40599835294378,31.96541435443303,25.840241239574215,0.0
5.0,4.124999999999991,36.665697218552275,35.38893597606124,31.937084318206015,25.80963835166478,0.0
5.0,4.1499999999999915,36.65868188300838,35.37184736421245,31.908824311678618,25.779145401189428,0.0
5.0,4.174999999999992,36.65159263219944,35.354733019573935,31.880633915726904,25.74876135938986,0.0
5.0,4.199999999999992,36.64442973136588,35.33759343405656,31.85251271323232,25.71848521257031,0.0
5.0,4.2249999999999925,36.63719345095322,35.32042908953683,31.82446028910376,25.68831596177653,0.0
5.0,4.249999999999993,36.629884066414434,35.303240458083096,31.796476230297852,25.658252622483396,0.0
5.0,4.274999999999993,36.622501858016975,35.28602800217679,31.768560125837464,25.628294224290833,0.0
5.0,4.299999999999994,36.61504711065416,35.26879217492882,31.74071156682865,25.59843981062784,0.0
5.0,4.324999999999994,36.60752011366106,35.2515334202911,31.712930146476005,25.56868843846433,0.0
5.0,4.349999999999994,36.599921160634686,35.2342521732635,31.685215460096572,25.539039178030528,0.0
5.0,4.374999999999995,36.59225054925848,35.216948860096046,31.65756710513239,25.50949111254374,0.0
5.0,4.399999999999995,36.58450858113103,35.1996238984867,31.6299846811617,25.480043337942227,0.0
5.0,4.424999999999995,36.57669556159893,35.18227769777466,31.602467789908953,25.45069496262598,0.0
5.0,4.449999999999996,36.5688117995937,35.16491065912931,31.575016035253608,25.42144510720419,0.0
5.0,4.474999999999996,36.56085760747275,35.14752317573491,31.54762902323785,25.392292904249203,0.0
5.0,4.4999999999999964,36.55283330086424,35.13011563297112,31.520306362073235,25.36323749805676,0.0
5.0,4.524999999999997,36.544739198515906,35.112688408589385,31.493047662146374,25.33427804441236,0.0
5.0,4.549999999999997,36.53657562214755,35.09524187288537,31.46585253602365,25.305413710363535,0.0
5.0,4.5749999999999975,36.52834289630741,35.077776388867385,31.43872059845504,25.27664367399786,0.0
5.0,4.599999999999998,36.52004134823206,35.06029231242107,31.411651466377126,25.247967124226566,0.0
5.0,4.624999999999998,36.51167130771005,35.042789992470176,31.384644758915293,25.21938326057355,0.0
5.0,4.649999999999999,36.50323310694892,35.025269771133736,31.357700097385152,25.190891292969653,0.0
5.0,4.674999999999999,36.494727080445784,35.007731983879644,31.33081710529329,25.162490441552013,0.0
5.0,4.699999999999999,36.486153564861276,34.990176959674606,31.303995408337315,25.134179936468424,0.0
5.0,4.725,36.4775128988968,34.972605021130725,31.277234634405286,25.105959017686466,0.0
5.0,4.75,36.468805423175034,34.95501648464862,31.250534413574503,25.077826934807323,0.0
5.0,4.775,36.46003148012368,34.93741166055729,31.223894378109776,25.049782946884157,0.0
5.0,4.800000000000001,36.451191413862254,34.91979085325068,31.19731416246111,25.02182632224487,0.0
5.0,4.825000000000001,36.442285570092004,34.90215436132115,31.170793403260912,24.993956338319183,0.0
5.0,4.850000000000001,36.433314295988794,34.88450247768974,31.144331739320688,24.966172281469873,0.0
5.0,4.875000000000002,36.42427794009893,34.86683548973349,31.117928811627316,24.938473446828038,0.0
5.0,4.900000000000002,36.415176852237835,34.849153679409746,31.091584263338852,24.910859138132345,0.0
5.0,4.9250000000000025,36.40601138339156,34.83145732337757,31.06529773977997,24.883328667572076,0.0
5.0,4.950000000000003,36.396781885621024,34.81374669311633,31.03906888843699,24.855881355633908,0.0
5.0,4.975000000000003,36.38748871196895,34.7960220550415,31.012897358952532,24.828516530952303,0.0
5.0,5.0000000000000036,36.378132216369394,34.778283670617746,30.986782803119883,24.80123353016344,0.0
5.0,5.025000000000004,36.36871275355992,34.76053179646937,30.96072487487698,24.774031697762567,0.0
5.0,5.050000000000004,36.35923067899618,34.74276668448818,30.934723230300126,24.746910385964654,0.0
5.0,5.075000000000005,36.34968634876904,34.72498858193878,30.908777527597408,24.719868954568344,0.0
5.0,5.100000000000005,36.34008011952405,34.70719773156146,30.882887427101846,24.692906770823004,0.0
5.0,5.125000000000005,36.330412348383284,34.68939437167257,30.857052591264285,24.666023209298892,0.0
5.0,5.150000000000006,36.320683392869455,34.671578736262646,30.83127268464606,24.63921765176027,0.0
5.0,5.175000000000006,36.31089361083227,34.653751055092144,30.80554737391142,24.612489487041444,0.0
5.0,5.200000000000006,36.301043360376966,34.63591155378493,30.779876327819753,24.585838110925646,0.0
5.0,5.225000000000007,36.291132999795,34.61806045391961,30.7542592172176,24.559262926026655,0.0
5.0,5.250000000000007,36.28116288749679,34.600197973118675,30.72869571503051,24.53276334167309,0.0
5.0,5.2750000000000075,36.271133381946505,34.58232432513556,30.703185496254672,24.506338773795335,0.0
5.0,5.300000000000008,36.26104484159884,34.56443971993961,30.677728237948436,24.47998864481501,0.0
5.0,5.325000000000008,36.25089762483775,34.54654436379911,30.652323619223655,24.45371238353689,0.0
5.0,5.3500000000000085,36.24069208991702,34.5286384593623,30.626971321236876,24.427509425043258,0.0
5.0,5.375000000000009,36.230428594902726,34.510722205736506,30.60167102718042,24.401379210590616,0.0
5.0,5.400000000000009,36.22010749761751,34.49279579856541,30.576422422273307,24.375321187508643,0.0
5.0,5.42500000000001,36.20972915558656,34.47485943010444,30.55122519375211,24.349334809101432,0.0
5.0,5.45000000000001,36.19929392598531,34.45691328929447,30.52607903086165,24.323419534550865,0.0
5.0,5.47500000000001,36.188802165588896,34.4389575618337,30.500983624845627,24.297574828822118,0.0
5.0,5.500000000000011,36.17825423072312,34.4209924302479,30.475938668937143,24.27180016257121,0.0
5.0,5.525000000000011,36.16765047721708,34.403018073958926,30.45094385834915,24.246095012054596,0.0
5.0,5.550000000000011,36.156991260357344,34.38503466935171,30.425998890264793,24.220458859040672,0.0
5.0,5.575000000000012,36.14627693484363,34.36704238983958,30.40110346382772,24.194891190723226,0.0
5.0,5.600000000000012,36.13550785474591,34.34904140592811,30.376257280132286,24.169391499636735,0.0
5.0,5.625000000000012,36.12468437346306,34.33103188527742,30.351460042213724,24.143959283573462,0.0
5.0,5.650000000000013,36.113806843682795,34.31301399276298,30.326711455038254,24.11859404550234,0.0
5.0,5.675000000000013,36.10287561734304,34.294987890535104,30.30201122549312,24.093295293489568,0.0
5.0,5.7000000000000135,36.0918910455946,34.27695373807687,30.277359062376625,24.068062540620893,0.0
5.0,5.725000000000014,36.080853478765164,34.25891169226082,30.252754676388076,24.042895304925516,0.0
5.0,5.750000000000014,36.069763266324514,34.240861907404216,30.228197780117725,24.017793109301607,0.0
5.0,5.775000000000015,36.05862075685099,34.22280453532311,30.203688088036678,23.992755481443385,0.0
5.0,5.800000000000015,36.0474262979992,34.204739725385,30.17922531648676,23.96778195376969,0.0
5.0,5.825000000000015,36.036180236468816,34.18666762456037,30.15480918367036,23.942872063354063,0.0
5.0,5.850000000000016,36.02488291797456,34.16858837747297,30.130439409640267,23.918025351856254,0.0
5.0,5.875000000000016,36.01353468721728,34.15050212644889,30.10611571628948,23.893241365455143,0.0
5.0,5.900000000000016,36.002135887856134,34.13240901156452,30.081837827341,23.868519654783046,0.0
5.0,5.925000000000017,35.99068686248175,34.11430917069335,30.05760546833763,23.843859774861343,0.0
5.0,5.950000000000017,35.97918795259052,34.09620273955174,30.033418366631743,23.819261285037424,0.0
5.0,5.975000000000017,35.96763949855978,34.078089851743506,30.00927625137506,23.79472374892292,0.0
5.0,6.000000000000018,35.956041839624,34.05997063880356,29.985178853508433,23.770246734333163,0.0
5.0,6.025000000000018,35.944395313851984,34.04184523024048,29.961125905751615,23.74582981322787,0.0
5.0,6.0500000000000185,35.932700258124854,34.023713753578086,29.937117142593035,23.721472561653023,0.0
5.0,6.075000000000019,35.92095700811505,34.00557633439606,29.91315230027959,23.697174559683866,0.0
5.0,6.100000000000019,35.909165898266146,33.98743309636962,29.88923111680643,23.672935391369098,0.0
5.0,6.1250000000000195,35.897327261773476,33.969284161308224,29.865353331906768,23.6487546446761,0.0
5.0,6.15000000000002,35.885441430565685,33.951129649193426,29.841518687041685,23.62463191143729,0.0
5.0,6.17500000000002,35.87350873528696,33.932969678215834,29.81772692538997,23.6005667872975,0.0
5.0,6.200000000000021,35.861529505280146,33.914804364811175,29.793977791837957,23.576558871662375,0.0
5.0,6.225000000000021,35.84950406857054,33.89663382369555,29.770271032969394,23.552607767647803,0.0
5.0,6.250000000000021,35.83743275185048,33.878458167899886,29.74660639705532,23.528713082030293,0.0
5.0,6.275000000000022,35.82531588046461,33.86027750880354,29.722983634043967,23.504874425198317,0.0
5.0,6.300000000000022,35.81315377839586,33.84209195616718,29.69940249555069,23.481091411104586,0.0
5.0,6.325000000000022,35.800946768252096,33.823901618164825,29.67586273484791,23.45736365721924,0.0
5.0,6.350000000000023,35.78869517125345,33.80570660141525,29.6523641068551,23.433690784483904,0.0
5.0,6.375000000000023,35.77639930722025,33.78750701101257,29.62890636812877,23.41007241726665,0.0
5.0,6.4000000000000234,35.76405949456163,33.76930295055616,29.605489276852516,23.386508183317773,0.0
5.0,6.425000000000024,35.75167605026466,33.75109452217989,29.582112592827052,23.362997713726404,0.0
5.0,6.450000000000024,35.73924928988418,33.73288182658066,29.558776077460323,23.33954064287794,0.0
5.0,6.4750000000000245,35.72677952753307,33.714664963046296,29.535479493757602,23.31613660841226,0.0
5.0,6.500000000000025,35.71426707587321,33.69644402948283,29.512222606311667,23.292785251182714,0.0
5.0,6.525000000000025,35.70171224610686,33.67821912244107,29.489005181292956,23.269486215215842,0.0
5.0,6.550000000000026,35.68911534796866,33.659990337142666,29.4658269864398,23.246239147671872,0.0
5.0,6.575000000000026,35.67647668971807,33.64175776750552,29.442687791048687,23.223043698805913,0.0
5.0,6.600000000000026,35.66379657813235,33.62352150616858,29.419587365964517,23.199899521929847,0.0
5.0,6.625000000000027,35.65107531849997,33.60528164451618,29.396525483570965,23.17680627337491,0.0
5.0,6.650000000000027,35.63831321461456,33.58703827270172,29.373501917780814,23.153763612454966,0.0
5.0,6.675000000000027,35.62551056876924,33.56879147967082,29.350516444026372,23.130771201430402,0.0
5.0,6.700000000000028,35.612667681751425,33.55054135318403,29.327568839249892,23.107828705472702,0.0
5.0,6.725000000000028,35.59978485283804,33.532287979838905,29.304658881894063,23.084935792629608,0.0
5.0,6.750000000000028,35.586862379791164,33.51403144509168,29.28178635189253,23.062092133790934,0.0
5.0,6.775000000000029,35.57390055885408,33.495771833278404,29.258951030660434,23.039297402654945,0.0
5.0,6.800000000000029,35.56089968474768,33.47750922763559,29.23615270108501,23.01655127569534,0.0
5.0,6.8250000000000295,35.5478600506673,33.459243710320436,29.213391147516244,22.99385343212881,0.0
5.0,6.85000000000003,35.534781948279864,33.440975362430564,29.190666155757533,22.97120355388314,0.0
5.0,6.87500000000003,35.521665667721415,33.42270426402331,29.167977513056414,22.948601325565868,0.0
5.0,6.9000000000000306,35.508511497595,33.40443049413461,29.145325008095323,22.926046434433495,0.0
5.0,6.925000000000031,35.49531972496887,33.38615413079742,29.122708430982403,22.903538570361167,0.0
5.0,6.950000000000031,35.482090635375,33.36787525105979,29.10012757324236,22.881077425812943,0.0
5.0,6.975000000000032,35.468824512807956,33.34959393100246,29.077582227807337,22.858662695812498,0.0
5.0,7.000000000000032,35.455521639724,33.33131024575608,29.055072189007873,22.83629407791435,0.0
5.0,7.025000000000032,35.44218229704057,33.31302426951811,29.032597252563868,22.81397127217555,0.0
5.0,7.050000000000033,35.428806764135985,33.29473607556928,29.0101572155756,22.791693981127867,0.0
5.0,7.075000000000033,35.41539531884947,33.27644573628969,28.987751876514814,22.76946190975039,0.0
5.0,7.100000000000033,35.401948237481406,33.258153323174575,28.965381035215824,22.74727476544261,0.0
5.0,7.125000000000034,35.38846579479386,33.23985890684973,28.943044492866658,22.72513225799793,0.0
5.0,7.150000000000034,35.37494826401138,33.22156255708657,28.920742052000282,22.703034099577607,0.0
5.0,7.1750000000000345,35.361395916822005,33.203264342816844,28.898473516485836,22.680980004685107,0.0
5.0,7.200000000000035,35.347809023378524,33.184964332147096,28.876238691519927,22.65896969014087,0.0
5.0,7.225000000000035,35.33418785229999,33.166662592372745,28.854037383617964,22.637002875057508,0.0
5.0,7.2500000000000355,35.320532670673366,33.148359189991865,28.831869400605548,22.615079280815333,0.0
5.0,7.275000000000036,35.30684374405551,33.13005419071868,28.8097345516099,22.593198631038344,0.0
5.0,7.300000000000036,35.293121336475245,33.11174765949679,28.78763264705133,22.57136065157053,0.0
5.0,7.325000000000037,35.27936571043571,33.093439660512054,28.765563498634762,22.549565070452584,0.0
5.0,7.350000000000037,35.26557712691688,33.075130257205224,28.7435269193413,22.527811617898948,0.0
5.0,7.375000000000037,35.25175584537821,33.05681951228432,28.721522723419834,22.50610002627524,0.0
5.0,7.400000000000038,35.23790212376161,33.038507487736716,28.69955072637871,22.48443003007601,0.0
5.0,7.425000000000038,35.224016218494384,33.02019424484097,28.677610744977425,22.462801365902816,0.0
5.0,7.450000000000038,35.21009838449254,33.00187984417842,28.65570259721837,22.441213772442683,0.0
5.0,7.475000000000039,35.19614887516411,32.98356434564448,28.633826102338634,22.419666990446853,0.0
5.0,7.500000000000039,35.18216794241273,32.965247808459786,28.611981080801858,22.39816076270984,0.0
5.0,7.525000000000039,35.168155836641276,32.946930291181,28.590167354290088,22.376694834048834,0.0
5.0,7.55000000000004,35.15411280675571,32.92861185171146,28.568384745695745,22.35526895128339,0.0
5.0,7.57500000000004,35.140039100169076,32.91029254731157,28.54663307911358,22.333882863215408,0.0
5.0,7.6000000000000405,35.12593496280555,32.891972434608995,28.524912179832704,22.312536320609432,0.0
5.0,7.625000000000041,35.11180063910471,32.87365156960862,28.503221874328666,22.291229076173206,0.0
5.0,7.650000000000041,35.09763637202587,32.855330007702285,28.48156199025556,22.269960884538538,0.0
5.0,7.675000000000042,35.08344240305255,32.83700780367839,28.45993235643819,22.24873150224242,0.0
5.0,7.700000000000042,35.06921897219709,32.818685011731176,28.43833280286428,22.227540687708444,0.0
5.0,7.725000000000042,35.05496631800531,32.80036168546995,28.41676316067672,22.20638820122843,0.0
5.0,7.750000000000043,35.04068467756135,32.78203787792803,28.39522326216587,22.185273804944398,0.0
5.0,7.775000000000043,35.02637428649256,32.76371364157151,28.373712940761905,22.164197262830694,0.0
5.0,7.800000000000043,35.012035378974495,32.74538902830789,28.352232031027196,22.14315834067646,0.0
5.0,7.825000000000044,34.997668187736025,32.727064089494476,28.330780368648746,22.122156806068283,0.0
5.0,7.850000000000044,34.98327294406453,32.708738875946665,28.30935779043068,22.101192428373103,0.0
5.0,7.875000000000044,34.96884987781117,32.690413437945985,28.28796413428675,22.08026497872138,0.0
5.0,7.900000000000045,34.9543992173962,32.672087825248056,28.266599239232914,22.059374229990453,0.0
5.0,7.925000000000045,34.9399211898145,32.65376208709032,28.24526294537995,22.038519956788146,0.0
5.0,7.9500000000000455,34.925416020640974,32.63543627219967,28.223955093926108,22.017701935436598,0.0
5.0,7.975000000000046,34.91088393403622,32.61711042879987,28.202675527149825,21.996919943956293,0.0
5.0,8.000000000000046,34.89632515275214,32.59878460461885,28.181424088402448,21.976173762050326,0.0
5.0,8.025000000000047,34.88173989813767,32.580458846895894,28.160200622101044,21.955463171088873,0.0
5.0,8.050000000000047,34.86712839014453,32.562133202388615,28.139004973721228,21.93478795409384,0.0
5.0,8.075000000000047,34.85249084733313,32.54380771737985,28.11783698979004,21.914147895723744,0.0
5.0,8.100000000000048,34.8378274868784,32.52548243768436,28.09669651787887,21.893542782258788,0.0
5.0,8.125000000000048,34.82313852457578,32.507157408655466,28.075583406596415,21.872972401586107,0.0
5.0,8.150000000000048,34.8084241748472,32.4888326751915,28.054497505581704,21.852436543185238,0.0
5.0,8.175000000000049,34.79368465074714,32.470508281742156,28.03343866549713,21.83193499811374,0.0
5.0,8.200000000000049,34.77892016396871,32.45218427231468,28.012406738021564,21.81146755899303,0.0
5.0,8.22500000000005,34.76413092484983,32.43386069048003,27.991401575843476,21.791034019994378,0.0
5.0,8.25000000000005,34.74931714237936,32.41553757937879,27.970423032654132,21.770634176825077,0.0
5.0,8.27500000000005,34.734479024203345,32.397214981727075,27.9494709631408,21.75026782671481,0.0
5.0,8.30000000000005,34.71961677663126,32.37889293982227,27.92854522298003,21.729934768402167,0.0
5.0,8.32500000000005,34.70473060464231,32.36057149554867,27.907645668830952,21.709634802121318,0.0
5.0,8.350000000000051,34.68982071189173,32.342250690383004,27.88677215832864,21.689367729588884,0.0
5.0,8.375000000000052,34.674887300717145,32.323930565399884,27.86592455007748,21.66913335399094,0.0
5.0,8.400000000000052,34.659930572144965,32.30561116127711,27.84510270364463,21.648931479970187,0.0
5.0,8.425000000000052,34.64495072589675,32.287292518300916,27.824306479553478,21.628761913613285,0.0
5.0,8.450000000000053,34.62994796039567,32.268974676371045,27.803535739277155,21.608624462438325,0.0
5.0,8.475000000000053,34.614922472772925,32.25065767500586,27.782790345232115,21.588518935382453,0.0
5.0,8.500000000000053,34.59987445887424,32.232341553347204,27.762070160771707,21.568445142789667,0.0
5.0,8.525000000000054,34.58480411326633,32.214026350165284,27.74137505017983,21.548402896398716,0.0
5.0,8.550000000000054,34.569711629243415,32.19571210386342,27.72070487866461,21.528392009331174,0.0
5.0,8.575000000000054,34.55459719883374,32.177398852482696,27.700059512352112,21.508412296079644,0.0
5.0,8.600000000000055,34.53946101280607,32.15908663370657,27.67943881828012,21.488463572496094,0.0
5.0,8.625000000000055,34.5243032606763,32.14077548486534,27.658842664391905,21.46854565578033,0.0
5.0,8.650000000000055,34.509124130713936,32.12246544294058,27.638270919530104,21.44865836446861,0.0
5.0,8.675000000000056,34.4939238099487,32.10415654456947,27.617723453430575,21.428801518422386,0.0
5.0,8.700000000000056,34.47870248417708,32.08584882604906,27.59720013671631,21.40897493881716,0.0
5.0,8.725000000000056,34.46346033796892,32.06754232334043,27.57670084089142,21.389178448131478,0.0
5.0,8.750000000000057,34.448197554673975,32.049237072072835,27.55622543833511,21.369411870136055,0.0
5.0,8.775000000000057,34.432914316428516,32.03093310754768,27.53577380229573,21.349675029883013,0.0
5.0,8.800000000000058,34.4176108041619,32.01263046474255,27.515345806884827,21.32996775369523,0.0
5.0,8.825000000000058,34.40228719760316,31.994329178315045,27.494941327071295,21.310289869155817,0.0
5.0,8.850000000000058,34.38694367528758,31.976029282606646,27.474560238675497,21.290641205097728,0.0
5.0,8.875000000000059,34.37158041456329,31.957730811646442,27.454202418363458,21.271021591593442,0.0
5.0,8.900000000000059,34.35619759159784,31.939433799154838,27.43386774364111,21.251430859944804,0.0
5.0,8.92500000000006,34.34079538138477,31.921138278547176,27.413556092848534,21.231868842672938,0.0
5.0,8.95000000000006,34.32537395775021,31.902844282937302,27.39326734515429,21.21233537350829,0.0
5.0,8.97500000000006,34.30993349335939,31.884551845141075,27.373001380549724,21.192830287380776,0.0
5.0,9.00000000000006,34.29447415972326,31.86626099767981,27.35275807984338,21.17335342041003,0.0
5.0,9.02500000000006,34.278996127205,31.847971772783655,27.332537324655387,21.153904609895758,0.0
5.0,9.050000000000061,34.26349956502658,31.82968420239493,27.312338997411917,21.13448369430819,0.0
5.0,9.075000000000061,34.24798464127529,31.8113983181714,27.292162981339683,21.11509051327865,0.0
5.0,9.100000000000062,34.23245152291027,31.79311415148949,27.27200916046045,21.09572490759018,0.0
5.0,9.125000000000062,34.216900375769,31.77483173344745,27.25187741958559,21.076386719168337,0.0
5.0,9.150000000000063,34.20133136457383,31.756551094868467,27.2317676443107,21.057075791071995,0.0
5.0,9.175000000000063,34.18574465293845,31.73827226630373,27.211679721010206,21.037791967484324,0.0
5.0,9.200000000000063,34.17014040337437,31.719995278035444,27.19161353683205,21.018535093703804,0.0
5.0,9.225000000000064,34.154518777297355,31.701720160079777,27.17156897969238,20.99930501613536,0.0
5.0,9.250000000000064,34.13887993503393,31.683446942189793,27.151545938270285,20.980101582281574,0.0
5.0,9.275000000000064,34.12322403582775,31.665175653858302,27.131544302002574,20.960924640733996,0.0
5.0,9.300000000000065,34.10755123784604,31.6469063243207,27.111563961078584,20.941774041164535,0.0
5.0,9.325000000000065,34.091861698186,31.628638982557725,27.09160480643501,20.922649634316937,0.0
5.0,9.350000000000065,34.07615557288116,31.610373657298208,27.07166672975079,20.903551271998353,0.0
5.0,9.375000000000066,34.06043301690779,31.59211037702175,27.051749623442003,20.884478807070984,0.0
5.0,9.400000000000066,34.04469418419116,31.573849169961367,27.03185338065683,20.86543209344381,0.0
5.0,9.425000000000066,34.028939227611964,31.555590064106106,27.01197789527051,20.84641098606441,0.0
5.0,9.450000000000067,34.01316829901257,31.5373330872036,26.992123061880356,20.827415340910836,0.0
5.0,9.475000000000067,33.997381549203304,31.519078266762605,26.972288775800816,20.80844501498361,0.0
5.0,9.500000000000068,33.98157912796874,31.50082563005547,26.952474933058518,20.78949986629775,0.0
5.0,9.525000000000068,33.965761184073926,31.4825752041206,26.932681430387408,20.7705797538749,0.0
5.0,9.550000000000068,33.949927865270624,31.464327015764866,26.912908165223868,20.75168453773555,0.0
5.0,9.575000000000069,33.934079318303496,31.44608109156596,26.893155035701916,20.732814078891277,0.0
5.0,9.600000000000069,33.91821568891629,31.427837457874773,26.873421940648385,20.71396823933713,0.0
5.0,9.62500000000007,33.902337121858025,31.40959614081766,26.853708779578184,20.695146882044032,0.0
5.0,9.65000000000007,33.88644376088907,31.391357166298725,26.83401545268956,20.67634987095127,0.0
5.0,9.67500000000007,33.87053574878732,31.37312056000207,26.81434186085939,20.65757707095908,0.0
5.0,9.70000000000007,33.85461322735423,31.354886347393983,26.79468790563854,20.63882834792125,0.0
5.0,9.72500000000007,33.83867633742091,31.33665455372511,26.77505348924721,20.620103568637862,0.0
5.0,9.750000000000071,33.82272521885417,31.3184252040326,26.75543851457033,20.601402600848022,0.0
5.0,9.775000000000071,33.80676001056251,31.30019832314222,26.735842885152998,20.582725313222724,0.0
5.0,9.800000000000072,33.79078085050216,31.28197393567041,26.71626650519594,20.56407157535774,0.0
5.0,9.825000000000072,33.77478787568299,31.263752066026363,26.696709279550983,20.545441257766598,0.0
5.0,9.850000000000072,33.75878122217449,31.245532738414024,26.677171113716586,20.52683423187361,0.0
5.0,9.875000000000073,33.742761025111676,31.227315976834085,26.657651913833387,20.50825037000696,0.0
5.0,9.900000000000073,33.72672741870098,31.209101805085954,26.638151586679783,20.48968954539188,0.0
5.0,9.925000000000074,33.710680536226135,31.19089024676968,26.61867003966754,20.47115163214385,0.0
5.0,9.950000000000074,33.69462051005398,31.17268132528788,26.599207180837418,20.452636505261903,0.0
5.0,9.975000000000074,33.67854747164029,31.154475063847595,26.579762918854872,20.43414404062195,0.0
5.0,10.000000000000075,33.66246155153559,31.136271485462178,26.560337163005713,20.415674114970177,0.0
5.0,10.025000000000075,33.64636287939088,31.1180706129531,26.54092982319185,20.39722660591653,0.0
5.0,10.050000000000075,33.63025158396336,31.099872468951773,26.521540809927057,20.3788013919282,0.0
5.0,10.075000000000076,33.61412779312219,31.081677075901318,26.502170034332735,20.360398352323227,0.0
5.0,10.100000000000076,33.597991633854114,31.06348445605833,26.482817408133744,20.342017367264116,0.0
5.0,10.125000000000076,33.58184323226916,31.045294631494624,26.463482843654226,20.323658317751526,0.0
5.0,10.150000000000077,33.56568271360622,31.027107624098925,26.4441662538135,20.30532108561803,0.0
5.0,10.175000000000077,33.54951020223871,31.008923455578575,26.424867552121928,20.28700555352188,0.0
5.0,10.200000000000077,33.53332582168006,30.990742147461194,26.405586652676863,20.268711604940886,0.0
5.0,10.225000000000078,33.51712969458933,30.972563721096318,26.386323470158597,20.25043912416632,0.0
5.0,10.250000000000078,33.5009219427767,30.95438819765704,26.367077919826336,20.232187996296854,0.0
5.0,10.275000000000079,33.48470268720894,30.936215598141594,26.34784991751421,20.213958107232585,0.0
5.0,10.300000000000079,33.46847204801489,30.918045943374953,26.32863937962731,20.195749343669092,0.0
5.0,10.32500000000008,33.45223014449091,30.89987925401038,26.309446223137755,20.17756159309155,0.0
5.0,10.35000000000008,33.435977095106246,30.88171555053098,26.290270365580763,20.159394743768882,0.0
5.0,10.37500000000008,33.419713017508435,30.863554853251223,26.27111172505078,20.141248684747985,0.0
5.0,10.40000000000008,33.40343802852865,30.845397182318433,26.251970220197624,20.123123305847976,0.0
5.0,10.42500000000008,33.38715224418699,30.827242557714293,26.232845770222642,20.105018497654513,0.0
5.0,10.450000000000081,33.370855779697834,30.809090999256302,26.21373829487491,20.086934151514136,0.0
5.0,10.475000000000081,33.35454874947506,30.790942526599224,26.19464771444746,20.06887015952869,0.0
5.0,10.500000000000082,33.338231267137274,30.77279715923652,26.175573949773504,20.050826414549768,0.0
5.0,10.525000000000082,33.321903445513065,30.75465491650177,26.15651692222273,20.032802810173195,0.0
5.0,10.550000000000082,33.305565396646145,30.736515817570055,26.137476553697585,20.014799240733595,0.0
5.0,10.575000000000083,33.28921723180051,30.718379881459345,26.118452766629602,19.996815601298955,0.0
5.0,10.600000000000083,33.27285906146556,30.700247127031865,26.099445483975742,19.97885178766528,0.0
5.0,10.625000000000083,33.256490995361226,30.682117572995438,26.08045462921477,19.960907696351253,0.0
5.0,10.650000000000084,33.24011314244299,30.663991237904817,26.06148012634365,19.942983224592968,0.0
5.0,10.675000000000084,33.223725610906975,30.645868140163,26.042521899873964,19.92507827033868,0.0
5.0,10.700000000000085,33.207328508194905,30.62774829802253,26.02357987482837,19.90719273224363,0.0
5.0,10.725000000000085,33.19092194099912,30.60963172975107,26.004674754825018,19.88932651079989,3.5956995680065486e-08
5.0,10.750000000000085,33.17450601526753,30.591518454086156,25.985785201507717,19.871479510757233,8.811642537706879e-08
5.0,10.775000000000086,33.15808083620854,30.57340849127843,25.966963686619277,19.85365164638078,2.429705019988322e-07
5.0,10.800000000000086,33.14164650829595,30.555301864592458,25.948133586800772,19.835842847347124,4.087199729187545e-07
5.0,10.825000000000086,33.12520313527383,30.537198601976613,25.929363109308884,19.818053063849497,6.720185358872014e-07
5.0,10.850000000000087,33.10875082016145,30.51909873750765,25.910598358519746,19.8002822693616,9.741658076958544e-07
5.0,10.875000000000087,33.09228966525814,30.501002312325625,25.891870404555135,19.782530460736282,1.3507544917763557e-06
5.0,10.900000000000087,33.07581977214838,30.482909374962528,25.873164317127134,19.76479765616795,1.7895283250835102e-06
5.0,10.925000000000088,33.059341241706875,30.464819981065173,25.854477528843777,19.747083891462054,2.284270023196316e-06
5.0,10.950000000000088,33.04285417410413,30.446734192714878,25.835829205659728,19.729389216070455,2.8656932169075644e-06
5.0,10.975000000000088,33.026358668812264,30.42865207743718,25.817181989826047,19.71171368872758,3.483552736754897e-06
5.0,11.000000000000089,33.00985482461157,30.410573707224234,25.79859873919903,19.69405737458429,4.227271518726697e-06
5.0,11.02500000000009,32.9933427395978,30.392499157586816,25.77999445533478,19.676420342590383,4.9876518981138865e-06
5.0,11.05000000000009,32.97682251119042,30.374428507168087,25.76147339957674,19.65880266465384,5.928845211070445e-06
5.0,11.07500000000009,32.960294236142076,30.356361838199017,25.742957446447765,19.641204416788437,6.951233519891714e-06
5.0,11.10000000000009,32.943758010549274,30.33829923859462,25.724537505300727,19.62362568422901,8.248459558898163e-06
5.0,11.12500000000009,32.92721392986452,30.32024080497606,25.70611674305417,19.60606656823666,9.625673735737193e-06
5.0,11.150000000000091,32.91066208890993,30.302186645948705,25.68777952872528,19.58852719309444,1.1283014974461194e-05
5.0,11.175000000000091,32.89410258189229,30.284136884568728,25.669459902646246,19.57100771116338,1.3070259746425183e-05
5.0,11.200000000000092,32.87753550241975,30.266091659586483,25.65119418457553,19.553508304951006,1.5101416559187504e-05
5.0,11.225000000000092,32.86096094351998,30.24805112529719,25.632972395181184,19.536029186624106,1.7317840627578696e-05
5.0,11.250000000000092,32.84437899766003,30.230015450150635,25.614768876400348,19.518570594445546,1.9729161662067295e-05
5.0,11.275000000000093,32.82778975676784,30.21198481460904,25.59664192166737,19.50113278839552,2.2389331988108223e-05
5.0,11.300000000000093,32.811193312255654,30.193959408501986,25.578500751698332,19.483716044164872,2.5199487029313194e-05
5.0,11.325000000000093,32.794589755045365,30.175939428582573,25.5604623000516,19.466320648204153,2.832252743800694e-05
5.0,11.350000000000094,32.77797917559614,30.15792507622668,25.54240426991573,19.44894689313011,3.157820395782753e-05
5.0,11.375000000000094,32.761361663934316,30.139916556078727,25.524437776211492,19.43159507463332,3.518388304563023e-05
5.0,11.400000000000095,32.74473730968587,30.12191407570665,25.506467267010656,19.414265488816977,3.896447033867562e-05
5.0,11.425000000000095,32.728106202111356,30.103917847649114,25.48861583956446,19.396958432847327,4.322577548632965e-05
5.0,11.450000000000095,32.71146843014348,30.08592809252361,25.47076098340237,19.37967420781874,4.7658337001848326e-05
5.0,11.475000000000096,32.69482408242705,30.067945042407445,25.4530057675132,19.362413123350088,5.256686412572696e-05
5.0,11.500000000000096,32.67817324736119,30.049968942496793,25.435254982097817,19.345175500943075,5.7662762160261455e-05
5.0,11.525000000000096,32.66151601314371,30.03200005176655,25.417604678702507,19.32796167648671,6.328214493559552e-05
5.0,11.550000000000097,32.64485246781723,30.014038641865124,25.399966012022904,19.310772001025683,6.909540009396749e-05
5.0,11.575000000000097,32.628182699316895,29.996084995408136,25.38240645654628,19.29360684021108,7.541714802530703e-05
5.0,11.600000000000097,32.61150679551955,29.978139403158185,25.364876212109664,19.276466572310365,8.197083130001903e-05
5.0,11.625000000000098,32.594824844294166,29.960202161286666,25.34740495597734,19.2593515851438,8.901109942792015e-05
5.0,11.650000000000098,32.57813693355342,29.94227356848809,25.329981850985636,19.242262272710438,9.633451869503978e-05
5.0,11.675000000000098,32.5614431513064,29.924353923577904,25.312596395486096,19.225199031402305,0.00010410594774535028
5.0,11.700000000000099,32.54474358571232,29.906443523658268,25.29527770036181,19.208162256856955,0.00011223181007617609
5.0,11.7250000000001,32.528038325135185,29.888542664425326,25.277990963064404,19.191152341412508,0.00012084200530262102
5.0,11.7500000000001,32.511327458199254,29.87065164279172,25.260796971937182,19.17416967404218,0.00012990540973277582
5.0,11.7750000000001,32.49461107384513,29.852770761360873,25.243618307633984,19.15721464143661,0.00013946098512669926
5.0,11.8000000000001,32.4778892613862,29.834900331979586,25.226537943040913,19.140287630400636,0.0001494685061711222
5.0,11.8250000000001,32.46116211056524,29.81704067784955,25.20947384309006,19.123389029723068,0.00015999588585255815
5.0,11.850000000000101,32.444429711610674,29.799192133490607,25.192516667632976,19.10651923253995,0.0001710112139969297
5.0,11.875000000000101,32.42769215529245,29.781355043327487,25.17556363746187,19.08967863735255,0.00018253730073282694
5.0,11.900000000000102,32.410949532977114,29.763529758873247,25.158719329171305,19.07286764865788,0.0001945680621618291
5.0,11.925000000000102,32.39420193668205,29.745716635601077,25.14188015204594,19.056086675936882,0.00020712032410388203
5.0,11.950000000000102,32.37744945912872,29.727916029487346,25.12515040334404,19.039336132688582,0.0002201905167001582
5.0,11.975000000000103,32.3606921937949,29.71012829417808,25.10842097374928,19.022616434301728,0.00023379243560648952
5.0,12.000000000000103,32.34393023496596,29.69235377849818,25.091792877722447,19.005927995855743,0.00024790837268890304
5.0,12.025000000000103,32.32716367778526,29.67459282474166,25.07517891960765,18.989271229364153,0.00026258528595633806
5.0,12.050000000000104,32.31039261830349,29.65684576941721,25.058659309531695,18.972646541892253,0.00027782760128543385
5.0,12.075000000000104,32.293617153527165,29.6391129459772,25.0421649607723,18.95605433424512,0.0002936826039734032
5.0,12.100000000000104,32.27683738146593,29.6213946907992,25.025749866081316,18.93949500047011,0.00031014941554564527
5.0,12.125000000000105,32.26005340117862,29.603691348736287,25.009392221000144,18.922968928628055,0.00032728223890636087
5.0,12.150000000000105,32.243265312817805,29.58600327552491,24.993095268977132,18.906476502563233,0.00034494736824187733
5.0,12.175000000000106,32.22647321767266,29.568330837305723,24.97686566614526,18.890018104292288,0.0003633854577623765
5.0,12.200000000000106,32.20967721820981,29.550674407898175,24.96067925835062,18.873594115476745,0.00038230018677646465
5.0,12.225000000000106,32.1928774181122,29.533034365661504,24.944583161234956,18.857204918736695,0.00040206626117025726
5.0,12.250000000000107,32.17607392231577,29.515411089505225,24.928510066313347,18.840850897661465,0.00042226125985013794
5.0,12.275000000000107,32.15926683704421,29.49780495575249,24.912541867956698,18.824532436909287,0.0004433565609206626
5.0,12.300000000000107,32.14245626984162,29.480216334594743,24.89658302405209,18.808249921066775,0.0004648696737060855
5.0,12.325000000000108,32.12564232960352,29.462645588145175,24.880737119413645,18.792003733816966,0.0004872966337567232
5.0,12.350000000000108,32.10882512660628,29.44509306890954,24.864906918578786,18.775794256803565,0.0005101936078699707
5.0,12.375000000000108,32.092004772534935,29.427559120480765,24.849164817308026,18.7596218684397,0.000533943516666079
5.0,12.400000000000109,32.07518138050975,29.410044080053893,24.833438442441214,18.743486941122505,0.0005582541112527219
5.0,12.425000000000109,32.058355065111215,29.39254828383934,24.817822069495932,18.72738983912757,0.0005834381567142538
5.0,12.45000000000011,32.04152594240354,29.3750720742035,24.802229646974045,18.71133091763656,0.0006093071365573556
5.0,12.47500000000011,32.02469412995634,29.357615802195454,24.786719097363004,18.695310522958486,0.0006358909356629663
5.0,12.50000000000011,32.007859746864455,29.34017982786279,24.771236451769866,18.679328992178892,0.0006632716031506297
5.0,12.52500000000011,31.991022913765583,29.3227645167299,24.755859102347088,18.66338665376438,0.0006913423139832647
5.0,12.55000000000011,31.974183752855758,29.305370237736962,24.7405213574,18.647483829504782,0.0007203344422280385
5.0,12.575000000000111,31.957342387902557,29.287997358861237,24.725242743891258,18.631620836331805,0.0007498906267447132
5.0,12.600000000000112,31.940498944256177,29.270646243980117,24.710045389296337,18.61579798814552,0.0007804497675706542
5.0,12.625000000000112,31.92365354885853,29.253317248782768,24.694880835144318,18.60001559648138,0.0008115636596673917
5.0,12.650000000000112,31.90680633025058,29.236010717931006,24.679809072367085,18.584273970875806,0.0008436439200848755
5.0,12.675000000000113,31.88995741857813,29.21872698331272,24.664773080226393,18.568573418699387,0.0008763884668595745
5.0,12.700000000000113,31.87310694559625,29.201466363327008,24.64981380863683,18.55291424466053,0.0009099766802454079
5.0,12.725000000000113,31.856255044672427,29.184229165998893,24.634884207947163,18.537296748816207,0.0009443519139458208
5.0,12.750000000000114,31.839401850788494,29.167015692269146,24.620051708737325,18.52172122483441,0.0009795052759353654
5.0,12.775000000000114,31.82254750054118,29.14982624469848,24.605247716319752,18.506187958665386,0.0010156382803043658
5.0,12.800000000000114,31.805692132141147,29.13266113569302,24.59052804411754,18.4906972281488,0.001052472398367919
5.0,12.825000000000115,31.78883588541032,29.115520689787925,24.57585893216288,18.475249303485086,0.0010903241170305252
5.0,12.850000000000115,31.771978901777274,29.098405244485228,24.561240011933723,18.459844447340405,0.00112889950426492
5.0,12.875000000000115,31.755121324270547,29.081315143057612,24.54670195824557,18.44448291517382,0.001168380283769436
5.0,12.900000000000116,31.738263297509928,29.064250730083504,24.53220700447844,18.429164955657047,0.001208750791376085
5.0,12.925000000000116,31.721404967695772,29.04721234262475,24.517776904567903,18.413890810838613,0.0012498419111603007
5.0,12.950000000000117,31.70454648259663,29.030200304228668,24.50338659567698,18.398660715032257,0.0012919453921265555
5.0,12.975000000000117,31.687687991535476,29.013214920697617,24.489095415562424,18.383474894620715,0.0013347901151675246
5.0,13.000000000000117,31.670829645374923,28.99625647965747,24.474836532002605,18.368333568955425,0.0013786522864513858
5.0,13.025000000000118,31.65397159650166,28.97932525403615,24.46064600870862,18.353236951397026,0.0014232843899814303
5.0,13.050000000000118,31.637113998810314,28.962421500984387,24.446504245055166,18.338185249449456,0.0014687767419510618
5.0,13.075000000000118,31.62025700768679,28.945545471684454,24.43241152831591,18.323178663322114,0.0015152504380274241
5.0,13.100000000000119,31.603400779990924,28.92869741555689,24.41840487864985,18.308217385040003,0.0015624871381836806
5.0,13.125000000000119,31.5865454740383,28.911877587570363,24.404435112853918,18.293301598521335,0.00161082828454503
5.0,13.15000000000012,31.56969124958085,28.895086257607517,24.390551543310828,18.27843148117885,0.0016599848210679315
5.0,13.17500000000012,31.552838267786022,28.8783237062527,24.376704400094386,18.263607205731248,0.0017101277774234833
5.0,13.20000000000012,31.535986691214248,28.86159022851713,24.36292325873674,18.248828941105582,0.0017612213011444801
5.0,13.22500000000012,31.519136683794624,28.844886121906633,24.34919349177673,18.2340968520882,0.0018130759972261443
5.0,13.25000000000012,31.502288410798936,28.828211679235995,24.335502393336295,18.219411097074385,0.0018660467460948932
5.0,13.275000000000121,31.485442038814206,28.811567182095953,24.32191746194187,18.204771827135545,0.0019198200928785534
5.0,13.300000000000122,31.468597735714138,28.794952891837593,24.308344992699453,18.190179186127274,0.00197458195568349
5.0,13.325000000000122,31.451755670629915,28.778369055257727,24.294837423555094,18.17563331025123,0.0020302835958012307
5.0,13.350000000000122,31.434916013920674,28.761815896363615,24.281394954663536,18.161134327468748,0.002086753381718611
5.0,13.375000000000123,31.418078937144006,28.745293621679835,24.267988287985492,18.146682356552102,0.0021443891412504684
5.0,13.400000000000123,31.401244613026606,28.728802420609572,24.254693209932608,18.132277508624053,0.002202794378681922
5.0,13.425000000000123,31.384413215435007,28.712342474795232,24.241400727374366,18.117919889443826,0.002262264915419088
5.0,13.450000000000124,31.36758491934626,28.695913976003993,24.228173403600433,18.103609599872698,0.0023226796854769697
5.0,13.475000000000124,31.350759900818172,28.679517115974193,24.21500154944052,18.08934673457342,0.002383836597610992
5.0,13.500000000000124,31.333938336958774,28.6631521093012,24.201872802876988,18.075131379745518,0.00244631414459698
5.0,13.525000000000125,31.31712040589465,28.64681918971812,24.188854323698944,18.06096361386449,0.0025095629075167266
5.0,13.550000000000125,31.30030628673793,28.630518600274055,24.175829275698764,18.046843509502274,0.0025738387769818263
5.0,13.575000000000125,31.283496159551856,28.614250592706775,24.162881072854173,18.032771133939896,0.0026391466461096378
5.0,13.600000000000126,31.266690205315115,28.598015396452332,24.149991351255174,18.01874654906255,0.0027051674683915856
5.0,13.625000000000126,31.24988860588523,28.58181322917186,24.13713907801021,18.004769810653773,0.0027725314815300146
5.0,13.650000000000126,31.233091543961514,28.565644294799696,24.124386398830715,17.990840969546575,0.0028406699087620293
5.0,13.675000000000127,31.216299203048045,28.549508773643808,24.11163785941618,17.97696007293202,0.0029097109419004663
5.0,13.700000000000127,31.19951176741708,28.533406833108437,24.09895429400012,17.96312716392738,0.002979940969175847
5.0,13.725000000000128,31.182729422073226,28.517338607914514,24.08636011741846,17.94934228188239,0.003050847986170301
5.0,13.750000000000128,31.165952352718474,28.501304216774678,24.073758609474673,17.935605461845647,0.003122952972324955
5.0,13.775000000000128,31.149180745717928,28.48530377462851,24.061248218392613,17.92191673327154,0.003195979532098886
5.0,13.800000000000129,31.13241478806601,28.469337402766726,24.04877588814348,17.908276118889304,0.003269866411006784
5.0,13.825000000000129,31.115654667352718,28.453405241193018,24.0363292680231,17.894683632598213,0.003344975330183091
5.0,13.85000000000013,31.098900571729374,28.43750745777959,24.023992501227582,17.881139279290306,0.003420943968453426
5.0,13.87500000000013,31.08215268987362,28.421644245344194,24.011655048742348,17.867643055854764,0.0034978512213114927
5.0,13.90000000000013,31.06541121095327,28.405815794656892,23.999367929268896,17.854194950889177,0.0035759139813679773
5.0,13.92500000000013,31.048676324589092,28.390022294536017,23.98719002850023,17.840794946156148,0.0036548639593311427
5.0,13.95000000000013,31.031948220816723,28.374263933274474,23.97499233921411,17.82744301805491,0.0037348373308245145
5.0,13.975000000000131,31.01522709004812,28.35854088747842,23.96287548487449,17.814139137779968,0.0038158562803783497
5.0,14.000000000000131,30.99851312303314,28.342853305095616,23.950837480635805,17.800883272728235,0.0038977172431134844
5.0,14.025000000000132,30.98180651082177,28.32720129585791,23.938794317787277,17.787675387345,0.003980695037328161
5.0,14.050000000000132,30.965107444727504,28.311584948106862,23.9268195903951,17.774515442073003,0.0040646279703111104
5.0,14.075000000000133,30.948416116292137,28.29600433428996,23.91491931324986,17.761403392967033,0.004149492116958491
5.0,14.100000000000133,30.931732717251997,28.280459507890274,23.90302549579832,17.74833919135022,0.0042354511001175795
5.0,14.125000000000133,30.915057439505393,28.264950515137695,23.8912089166322,17.73532278352795,0.004322308860200046
5.0,14.150000000000134,30.898390475080845,28.24947742196799,23.879441582241324,17.722354111465346,0.004410120705940496
5.0,14.175000000000134,30.881732016105484,28.234040323697574,23.867699017154337,17.70943311310692,0.004499112329054116
5.0,14.200000000000134,30.865082254773085,28.21863934171876,23.856054030230595,17.696559723947036,0.0045890327233008305
5.0,14.225000000000135,30.848441383311215,28.203274628629732,23.84441350064621,17.68373387862873,0.0046799069064816625
5.0,14.250000000000135,30.83180959394724,28.187946344779938,23.832812767691603,17.67095551003435,0.004771891492698471
5.0,14.275000000000135,30.81518707887333,28.17265463733822,23.82131090632539,17.65822454880019,0.004864794382639128
5.0,14.300000000000136,30.798574030210645,28.15739963717305,23.809802545729045,17.64554092298106,0.0049586643520793845
5.0,14.325000000000136,30.781970639973448,28.14218144906524,23.798335445932285,17.632904555735767,0.005053629408045012
5.0,14.350000000000136,30.765377100033653,28.12700017951819,23.786981520690492,17.62031536505425,0.005149577011090232
5.0,14.375000000000137,30.74879360208655,28.11185591617419,23.775604370427917,17.607773264552925,0.00524645591370095
5.0,14.400000000000137,30.732220337618138,28.096748694330238,23.764279231912916,17.595278162533432,0.0053443770081657545
5.0,14.425000000000137,30.71565749787437,28.081678544494352,23.753070911932884,17.582829963341513,0.005443299852599453
5.0,14.450000000000138,30.699105273832313,28.066645475657587,23.741824903930052,17.570428569081294,0.00554311071864432
5.0,14.475000000000138,30.682563856172905,28.051649457671697,23.730612668387057,17.558073877248166,0.005643930511096416
5.0,14.500000000000139,30.666033435254914,28.036690488727654,23.7195301280867,17.545765779393,0.005745827158791063
5.0,14.525000000000139,30.649514201089296,28.021768615901106,23.708421905896923,17.533504161724803,0.005848686262420397
5.0,14.55000000000014,30.633006343313372,28.006883905557995,23.69736799678325,17.521288905371215,0.005952558397511458
5.0,14.57500000000014,30.616510051164138,27.992036499285007,23.686421614735803,17.50911988914914,0.006057483050014245
5.0,14.60000000000014,30.600025513450383,27.977226557693506,23.675444640126322,17.49699699230331,0.0061633190948416254
5.0,14.62500000000014,30.58355291852362,27.9624541802081,23.664489930246365,17.484920092272358,0.006270123760688153
5.0,14.65000000000014,30.567092454248197,27.947719467889446,23.65367323370311,17.47288906304777,0.0063780488380971384
5.0,14.675000000000141,30.55064430797125,27.93302249602868,23.642830637515914,17.460903775723633,0.006486893864430574
5.0,14.700000000000141,30.534208666493313,27.918363288171783,23.631995679338306,17.448964096548718,0.006596682379136756
5.0,14.725000000000142,30.517785716040336,27.903741902794454,23.621300583109466,17.437069886407453,0.00670760325205638
5.0,14.750000000000142,30.50137564223767,27.88915836829103,23.610594834761102,17.42522100317487,0.006819348207827012
5.0,14.775000000000142,30.484978630086292,27.874612648507185,23.599892515336535,17.413417302055816,0.006932105776247006
5.0,14.800000000000143,30.468594863941295,27.860104727301632,23.589307829661394,17.401658635788774,0.007045976363171257
5.0,14.825000000000143,30.452224527492188,27.845634547258328,23.578738993586267,17.389944856752212,0.007160670723998234
5.0,14.850000000000144,30.43586780374457,27.83120200600844,23.568156686652692,17.37827581672363,0.007276319541231104
5.0,14.875000000000144,30.419524875002292,27.816807138706817,23.557691843442914,17.366651366162227,0.007393130732791918
5.0,14.900000000000144,30.403195922849385,27.802449988878077,23.547250649767065,17.35507135566384,0.007510772742330704
5.0,14.925000000000145,30.38688112813102,27.78813061559221,23.53679315107779,17.343535635675966,0.007629425438308733
5.0,14.950000000000145,30.37058067093305,27.77384922028304,23.52642009635294,17.332044054297842,0.007749205138664023
5.0,14.975000000000145,30.354294730560134,27.759605928769727,23.516111547864476,17.320596457394085,0.007869832267985708
5.0,15.000000000000146,30.338023485512778,27.745400753634378,23.505786139044215,17.30919268931809,0.007991475966774379
5.0,15.025000000000146,30.321767113464166,27.731233804751437,23.495513407381594,17.297832591927417,0.008114156546477872
5.0,15.050000000000146,30.305525791237688,27.717105106850266,23.485330288887933,17.2865160052938,0.008237709453343352
5.0,15.075000000000147,30.28929969478612,27.703014586559807,23.47513102998873,17.275242769236502,0.008362217450070627
5.0,15.100000000000147,30.273088999173154,27.68896226555747,23.464937273950447,17.264012721039993,0.008487792143182083
5.0,15.125000000000147,30.256893878557623,27.67494807983983,23.454870462662125,17.25282569380997,0.008614280832571816
5.0,15.150000000000148,30.240714506180293,27.660971866222518,23.444802152926428,17.24168151809797,0.00874171534613188
5.0,15.175000000000148,30.22455105435275,27.647033593175838,23.43473308720599,17.23058002256615,0.008870199618318449
5.0,15.200000000000149,30.208403694447497,27.6331331782323,23.42475082098016,17.219521033702094,0.008999538536047189
5.0,15.225000000000149,30.192272596888255,27.619270509336623,23.414812503776,17.208504377364573,0.009129850246707661
5.0,15.25000000000015,30.176157931139482,27.60544569826726,23.404862278363076,17.197529879715336,0.009261189477638298
5.0,15.27500000000015,30.160059865694226,27.591658796723816,23.394985335565085,17.186597366998374,0.009393457407746938
5.0,15.30000000000015,30.143978568059907,27.577909896995237,23.38516034381177,17.17570666654315,0.009526692019248311
5.0,15.32500000000015,30.127914204742016,27.56419926399132,23.375329345111105,17.164857607339098,0.009660999083341101
5.0,15.35000000000015,30.11186694122641,27.55052698021545,23.365504990408006,17.15405001649689,0.009796101244687836
5.0,15.375000000000151,30.095836941961192,27.536892923205883,23.35580320193355,17.143283716905703,0.009932196931396815
5.0,15.400000000000151,30.079824370339523,27.52329718074201,23.346098466114128,17.13255852880207,0.010069441806039657
5.0,15.425000000000152,30.063829388684518,27.509739768788304,23.336390424394676,17.12187427070018,0.010207348400432874
5.0,15.450000000000152,30.047852158237156,27.496220516949876,23.326756098897594,17.111230758800232,0.01034626401064656
5.0,15.475000000000152,30.031892839147552,27.482739394642465,23.317171860069383,17.100627807885193,0.010486336706559619
5.0,15.500000000000153,30.015951590469452,27.469296335292395,23.307584410172375,17.090065232600097,0.01062716050529952
5.0,15.525000000000153,30.000028570157298,27.45589110501239,23.298007637085377,17.079542845596666,0.010768827799744819
5.0,15.550000000000153,29.984123935064826,27.44252356722134,23.288550196386915,17.069060457216533,0.010911646668530926
5.0,15.575000000000154,29.96823784094395,27.429193727564602,23.279083000209383,17.058617878267302,0.011055399917407331
5.0,15.600000000000154,29.952370442442646,27.415901608858217,23.269614776729192,17.048214921074617,0.0111998344583009
5.0,15.625000000000155,29.936521893100778,27.402647167978245,23.260197371736567,17.037851397227143,0.011345344370448443
5.0,15.650000000000155,29.920692345343248,27.38943056057589,23.250855743586612,17.027527116790548,0.011491993095554678
5.0,15.675000000000155,29.904881950470372,27.37625208303447,23.241508616324126,17.017241889618575,0.011639420658756184
5.0,15.700000000000156,29.889090858646146,27.36311182004337,23.232162309093788,17.006995524513304,0.01178766656743363
5.0,15.725000000000156,29.873319218885506,27.350009648569547,23.222926515393976,16.996787829119373,0.011937089632594293
5.0,15.750000000000156,29.857567179042135,27.336945608380812,23.2136939949026,16.98661861241107,0.012087390690715887
5.0,15.775000000000157,29.84183488579823,27.323919690070053,23.20446104366766,16.976487686030076,0.012238398572693477
5.0,15.800000000000157,29.826122484657375,27.310931649240402,23.19525686661364,16.966394861836555,0.012390453758122767
5.0,15.825000000000157,29.810430119940932,27.297981507766806,23.186143310205864,16.956339950465683,0.012543592693438564
5.0,15.850000000000158,29.794757934787906,27.28506925219893,23.177026714963887,16.946322762590945,0.01269752356690564
5.0,15.875000000000158,29.779106071157525,27.272194525085563,23.167911544585657,16.936343109031352,0.012852148185610464
5.0,15.900000000000158,29.76347466983346,27.259357151986567,23.158870563125877,16.92640080004013,0.013008007057826142
5.0,15.925000000000159,29.747863870428322,27.246557103751684,23.149862889260948,16.916495646220074,0.013164657535197213
5.0,15.95000000000016,29.732273811387017,27.233794485941086,23.140857660996456,16.90662745964475,0.01332217440540921
5.0,15.97500000000016,29.716704629987795,27.221069288710517,23.131862650620867,16.896796052086152,0.013480537264014481
5.0,16.00000000000016,29.701156462340304,27.208381533166985,23.12297760453371,16.88700123483311,0.013640074834788296
5.0,16.02500000000016,29.68562944338057,27.195731652589807,23.114081691836724,16.87724282138426,0.013800419198571829
5.0,16.050000000000157,29.67012370686365,27.183119743172306,23.10518839960631,16.867520628606595,0.013961541407795956
5.0,16.075000000000156,29.654639385355225,27.17054554932169,23.09631876253313,16.857834473680057,0.014123604663164827
5.0,16.100000000000154,29.639176610223856,27.158009209767712,23.087539590187603,16.848184172033136,0.014286815936157493
5.0,16.125000000000153,29.623735511635427,27.1455105911876,23.07875353605344,16.838569538211274,0.014450679904877783
5.0,16.15000000000015,29.608316218550947,27.133049438305413,23.069971500769846,16.82899038608376,0.014615376424628292
5.0,16.17500000000015,29.5929188587281,27.12062571121728,23.061245551969748,16.819446527844814,0.014781137871089384
5.0,16.20000000000015,29.577543558726244,27.108239358452433,23.052569625478903,16.809937774799348,0.01494783841289933
5.0,16.225000000000147,29.562190443913877,27.09589011188593,23.043892901373056,16.8004639392514,0.015115294851163289
5.0,16.250000000000146,29.546859638477212,27.083577626106166,23.035221632146797,16.791024833957607,0.015283505422283196
5.0,16.275000000000144,29.531551265428334,27.07130212561832,23.026611874765,16.781620270284428,0.015452837771670933
5.0,16.300000000000143,29.516265446611428,27.0590637012793,23.01804309041969,16.77225005856258,0.015623003647974682
5.0,16.32500000000014,29.501002302706066,27.04686208518526,23.00947480500818,16.76291400974861,0.015793967231551943
5.0,16.35000000000014,29.485761953227083,27.03469758882643,23.00091281325364,16.753611934839018,0.015965755473385964
5.0,16.37500000000014,29.470544516521294,27.022570976492137,22.992408836996933,16.744343643069683,0.01613865918307792
5.0,16.400000000000137,29.455350109762254,27.010481983914744,22.98394601537294,16.735108942325013,0.016312362501160867
5.0,16.425000000000136,29.44017884894479,26.99843016473505,22.975485492947055,16.725907641026637,0.016486850313270258
5.0,16.450000000000134,29.425030848881327,26.986415812520402,22.967031798592878,16.716739548059536,0.016662170626734554
5.0,16.475000000000133,29.409906223201613,26.97443872643759,22.958654482264777,16.707604472643087,0.01683850637561858
5.0,16.50000000000013,29.39480508435662,26.96249824817692,22.95029465152685,16.698502226201647,0.01701572121531644
5.0,16.52500000000013,29.37972754362651,26.95059449324179,22.941937813295965,16.68943262402986,0.017193697497883045
5.0,16.55000000000013,29.364673711131484,26.938727757986094,22.93358894251352,16.680395483634264,0.017372530065145837
5.0,16.575000000000127,29.349643695843888,26.926897399530553,22.925306999296193,16.671390622356977,0.017552229437556324
5.0,16.600000000000126,29.334637605599724,26.915102812606577,22.91705149346539,16.662417857569768,0.0177328774336161
5.0,16.625000000000124,29.31965554710785,26.903345271303557,22.908797824181764,16.653477007970814,0.017914308787332658
5.0,16.650000000000123,29.304697625955676,26.89162482540306,22.900552411836273,16.644567892663776,0.018096527683093205
5.0,16.67500000000012,29.28976394661107,26.879940286564455,22.892375125453732,16.635690330036013,0.018279686998423337
5.0,16.70000000000012,29.274854612420974,26.86829255547859,22.884222870759896,16.626844139103802,0.018463833356852474
5.0,16.72500000000012,29.259969725607874,26.85668295291002,22.87607406185583,16.618029141601706,0.018648689794952922
5.0,16.750000000000117,29.245109387266076,26.845110499348127,22.867933263434118,16.609245161487394,0.018834351360888093
5.0,16.775000000000116,29.230273697359863,26.833573775278982,22.85985993486436,16.600492023901097,0.01902090947302432
5.0,16.800000000000114,29.21546275472526,26.8220745012443,22.851807129487952,16.59176955607104,0.019208472500514533
5.0,16.825000000000113,29.200676657076386,26.81061257021734,22.843755888772453,16.58307758842734,0.019396672307326605
5.0,16.85000000000011,29.185915501016414,26.799186080167857,22.83571291588359,16.57441595299974,0.019585664439846107
5.0,16.87500000000011,29.1711793820522,26.787795199433432,22.82771759635106,16.565784480543265,0.019775633476816476
5.0,16.90000000000011,29.156468394610652,26.7764411298054,22.819762771261065,16.55718300001488,0.01996648348093413
5.0,16.925000000000107,29.14178263205464,26.765122723173125,22.811811326910114,16.54861134008353,0.02015798424181213
5.0,16.950000000000106,29.127122186695974,26.753838453453685,22.80386696170886,16.540069329513422,0.0203503220108255
5.0,16.975000000000104,29.112487149803655,26.742591736189308,22.79595364268352,16.531556795700972,0.02054371355193104
5.0,17.000000000000103,29.097877611606414,26.7313824843348,22.788099080055073,16.52307356484454,0.02073784760494298
5.0,17.0250000000001,29.0832936612904,26.720208004114493,22.78024772130208,16.5146194643232,0.020932669481116595
5.0,17.0500000000001,29.06873538699376,26.7090699691655,22.772399820237645,16.50619432405647,0.021128369517172944
5.0,17.0750000000001,29.054202875800662,26.69797020482328,22.76457074277382,16.49779797490428,0.021325069515614147
5.0,17.100000000000097,29.03969621373746,26.686906981348734,22.756804207314335,16.48943024749038,0.021522471441842998
5.0,17.125000000000096,29.02521548577333,26.67587774871864,22.749046849094437,16.481090973354377,0.02172056863153762
5.0,17.150000000000095,29.010760775826412,26.66488574459555,22.741292676674917,16.472779986103834,0.021919657712034153
5.0,17.175000000000093,28.996332166775286,26.65393117327793,22.733545936191113,16.464497119819583,0.0221195192743232
5.0,17.20000000000009,28.98192974047476,26.643011221031635,22.72585904718078,16.45624220721377,0.02232014180368861
5.0,17.22500000000009,28.967553577774208,26.632125163333004,22.718193689899618,16.448015080345282,0.02252152495515239
5.0,17.25000000000009,28.95320375853592,26.621275196759836,22.71053431675719,16.439815572603326,0.022723890789522666
5.0,17.275000000000087,28.938880361650785,26.610460838865343,22.70288104350758,16.431643518869638,0.022926894821712295
5.0,17.300000000000086,28.92458346504898,26.59968196879184,22.6952769811214,16.423498754734748,0.02313074706733831
5.0,17.325000000000085,28.910313145704748,26.588938967827364,22.68770083012127,16.41538111714078,0.023335404481254474
5.0,17.350000000000083,28.896069479635806,26.578232100564506,22.680133696026694,16.407290445981605,0.02354103434719849
5.0,17.37500000000008,28.881852541899377,26.567563068484866,22.672570646136844,16.39922658407416,0.023747245711220537
5.0,17.40000000000008,28.86766240658824,26.556930521579616,22.66503656167075,16.391189375199364,0.023954229615348502
5.0,17.42500000000008,28.853499146830334,26.546332669866775,22.65754151236553,16.383178662835476,0.02416209313055834
5.0,17.450000000000077,28.83936283479428,26.535768794765634,22.65006237352711,16.375194290801566,0.02437088659271252
5.0,17.475000000000076,28.82525354170104,26.525241673519268,22.64259030009438,16.36723610412066,0.024580338203423903
5.0,17.500000000000075,28.811171337840108,26.514750988776598,22.635125741044252,16.35930394795614,0.024790499031508217
5.0,17.525000000000073,28.797116292587813,26.504294051314126,22.627706740703857,16.351397666160178,0.02500154110852038
5.0,17.55000000000007,28.783088474425284,26.493871111080804,22.62031652444461,16.343517101943636,0.02521348673261041
5.0,17.57500000000007,28.769087950953466,26.483483449656568,22.61293581640537,16.335662100091554,0.025426095018689688
5.0,17.60000000000007,28.755114788903086,26.473131146296407,22.6055596944451,16.327832507922245,0.025639322419599635
5.0,17.625000000000068,28.74116905413859,26.462814560188676,22.598210995455563,16.320028174317063,0.025853422799840233
5.0,17.650000000000066,28.72725081165647,26.452533282541207,22.590903092032832,16.312248949267122,0.026068538084263192
5.0,17.675000000000065,28.713360125579733,26.44228654709216,22.583608655454245,16.304494684991532,0.02628431604200184
5.0,17.700000000000063,28.699497059151216,26.432078980515637,22.576320682028094,16.296765236858864,0.02650078069856313
5.0,17.725000000000062,28.685661674729303,26.421906845378906,22.56903763796444,16.289060461951273,0.02671793598281015
5.0,17.75000000000006,28.671854033789476,26.41176961089777,22.561804185344755,16.281380217226236,0.026936116410801122
5.0,17.77500000000006,28.658074196933836,26.401664699368787,22.55458721944259,16.27372435945895,0.0271550098579645
5.0,17.800000000000058,28.64432222390817,26.39159752140025,22.547383042903405,16.26609274641125,0.027374560711572637
5.0,17.825000000000056,28.630598173624225,26.3815646586665,22.540185377395783,16.25848523707444,0.02759476228231707
5.0,17.850000000000055,28.616902104183744,26.37156516170216,22.53301436519633,16.25090169069426,0.02781584665756789
5.0,17.875000000000053,28.60323407290042,26.361597476929376,22.525873453437104,16.243341966292398,0.02803782783870491
5.0,17.900000000000052,28.58959413631589,26.351666153893266,22.5187469616354,16.235805923340333,0.02826050078144626
5.0,17.92500000000005,28.5759823502072,26.34177143799818,22.51163209169998,16.228293422491607,0.02848378233466151
5.0,17.95000000000005,28.56239876958573,26.331911498075186,22.50452353330667,16.22080432483707,0.028707834423915064
5.0,17.975000000000048,28.548843448689748,26.322084441824874,22.497451565689286,16.213338490743496,0.028932805741807063
5.0,18.000000000000046,28.535316440974103,26.312293697858046,22.49039808263572,16.205895779817318,0.029158520173996724
5.0,18.025000000000045,28.52181779910123,26.30254517369118,22.48336271559321,16.198476052055838,0.029384963444808322
5.0,18.050000000000043,28.508347574938327,26.292828612052777,22.476336544452785,16.19107916879504,0.029611984031966326
5.0,18.075000000000042,28.49490581956465,26.28314298991607,22.469315958679093,16.18370499192707,0.02983983463836215
5.0,18.10000000000004,28.48149258328922,26.27349057838475,22.462338620130414,16.176353382992627,0.030068545710705007
5.0,18.12500000000004,28.46810791567561,26.263877590594234,22.45537488905337,16.169024203657454,0.030298014099285713
5.0,18.150000000000038,28.45475186556869,26.254295150112945,22.44842704955503,16.161717317115276,0.03052812519080389
5.0,18.175000000000036,28.441424481118,26.244744540554795,22.441487676414482,16.15443258878986,0.03075886976524167
5.0,18.200000000000035,28.428125809793197,26.23522871531245,22.434569016171242,16.147169885867193,0.030990523763635563
5.0,18.225000000000033,28.41485589838929,26.22575230583712,22.42768167520522,16.139929077098913,0.031222877508348304
5.0,18.250000000000032,28.401614793022663,26.21630982844415,22.420805560651164,16.132710033395238,0.03145598589106134
5.0,18.27500000000003,28.38840253912151,26.206896718271334,22.41394295539778,16.125512628343383,0.03168974360918231
5.0,18.30000000000003,28.375219181414323,26.197518119431887,22.407088164917475,16.118336737483837,0.03192421087026239
5.0,18.325000000000028,28.362064763920095,26.1881896669082,22.400255384968503,16.111182236684563,0.03215952518581033
5.0,18.350000000000026,28.348939329945487,26.17888979423731,22.393450830660335,16.104049001347022,0.03239556742526604
5.0,18.375000000000025,28.335842922093654,26.169616221638066,22.386660156972056,16.096936907027246,0.03263230994066637
5.0,18.400000000000023,28.322775582284937,26.16037475236822,22.379881746534135,16.089845830441643,0.03286974363078129
5.0,18.425000000000022,28.309737351784797,26.151179237383708,22.37311073029038,16.082775649387717,0.033107900896634
5.0,18.45000000000002,28.296728271233142,26.142012379025758,22.366372238131802,16.075726242275845,0.03334686617893813
5.0,18.47500000000002,28.28374838066929,26.13286852095986,22.359646846347328,16.068697488200208,0.03358640288534843
5.0,18.500000000000018,28.270797719546664,26.123759419482408,22.35293256117226,16.061689267200993,0.03382672925139394
5.0,18.525000000000016,28.25787632673392,26.114707957196764,22.346233669943658,16.054701460116828,0.03406778055453814
5.0,18.550000000000015,28.244984240506266,26.105681791919835,22.339543644206717,16.047733947635056,0.03430949116643384
5.0,18.575000000000014,28.232121498534433,26.096672516479124,22.33288948497469,16.04078660994785,0.0345519642838868
5.0,18.600000000000012,28.219288137874788,26.08769290228817,22.32624435961127,16.033859327568805,0.034795079355158964
5.0,18.62500000000001,28.206484194961323,26.078794561860224,22.31961302709938,16.026951982431424,0.03503903228228459
5.0,18.65000000000001,28.193709705604515,26.069910304996174,22.31299528082402,16.02006445830648,0.035283652132980264
5.0,18.675000000000008,28.180964705004055,26.06103808257623,22.30638570658488,16.013196640000533,0.03552895223971325
5.0,18.700000000000006,28.16824922777452,26.052192050123974,22.299816136827282,16.006348413065567,0.03577495535672692
5.0,18.725000000000005,28.155563307975086,26.0434208786662,22.293247315114318,15.999519664366503,0.03602175905564626
5.0,18.750000000000004,28.142906979135514,26.0346675448981,22.286692215554496,15.99271028245596,0.03626909848836704
5.0,18.775000000000002,28.13028027427461,26.02592312104378,22.280151712148875,15.985920157153222,0.03651715424139533
5.0,18.8,28.117683225905168,26.017204444255274,22.273620076010868,15.979149178282176,0.0367659531053641
5.0,18.825,28.105115866020565,26.0085766160574,22.2671263967392,15.972397235339491,0.03701550803352599
5.0,18.849999999999998,28.092578226067314,25.999954984168582,22.260634183804513,15.965664218283772,0.03726572352489724
5.0,18.874999999999996,28.0800703369135,25.991338259461557,22.254155664594766,15.958950018263824,0.037516441864798224
5.0,18.899999999999995,28.06759222881605,25.9827452398238,22.247691178333394,15.952254527559543,0.03776791163621972
5.0,18.924999999999994,28.05514393138311,25.97424502287171,22.24123561932639,15.94557763861601,0.038020310714401366
5.0,18.949999999999992,28.04272547353244,25.965754779847067,22.234808682621914,15.938919243419678,0.038273223024017894
5.0,18.97499999999999,28.03033688345227,25.95726593697217,22.228393932073296,15.932279233925092,0.03852673905716303
5.0,18.99999999999999,28.017978188564634,25.948791259880963,22.22198633293158,15.925657502680663,0.038780822980662814
5.0,19.024999999999988,28.005649415483862,25.940410366503603,22.215595061091552,15.919053942938447,0.03903584056107899
5.0,19.049999999999986,27.993350589967783,25.93204560940624,22.209213878444846,15.912468448105853,0.03929150361916317
5.0,19.074999999999985,27.98108173686691,25.923680128438555,22.202856045633407,15.90590091138811,0.03954771646506447
5.0,19.099999999999984,27.96884288007358,25.915324334983687,22.19651631050294,15.899351226416046,0.039804519109716524
5.0,19.124999999999982,27.95663404246549,25.90704861247554,22.1901777444681,15.892819287915446,0.04006209614574321
5.0,19.14999999999998,27.944455245840057,25.89880064703478,22.183857895503476,15.886304991720767,0.040320393647532295
5.0,19.17499999999998,27.932306510844242,25.890555506467347,22.177549769671334,15.879808234242457,0.0405792840673779
5.0,19.199999999999978,27.920187856903826,25.882313908721564,22.171258438718958,15.87332891198464,0.0408387397883068
5.0,19.224999999999977,27.908099302148052,25.874125740884573,22.164993650156937,15.866866922177577,0.04109884792040146
5.0,19.249999999999975,27.896040863324686,25.865991669426272,22.158729230528287,15.860422163837235,0.04135971877156832
5.0,19.274999999999974,27.884012555709543,25.85786596075694,22.152482783957623,15.853994538321597,0.04162117854625637
5.0,19.299999999999972,27.872014393020162,25.84974061770702,22.14624742525736,15.847583949099416,0.04188315073108466
5.0,19.32499999999997,27.860046387338574,25.84165708903148,22.1400198997195,15.841190300695246,0.04214583031660082
5.0,19.34999999999997,27.848108549043886,25.833626525705778,22.133828959966472,15.834813498464072,0.04240931415415251
5.0,19.374999999999968,27.836200886757663,25.82561372689669,22.127636466559807,15.828453449240886,0.04267330755103631
5.0,19.399999999999967,27.824323407307137,25.81760406568971,22.121453704432554,15.8221100615558,0.04293788421933781
5.0,19.424999999999965,27.812476115706538,25.809624559728242,22.11528584686799,15.815783244953648,0.04320294761677141
5.0,19.449999999999964,27.8006590151494,25.801676255411348,22.109127671526863,15.809472908759345,0.043468765688148045
5.0,19.474999999999962,27.788872107003805,25.793768867501374,22.102991144232316,15.803178961345475,0.04373544022863022
5.0,19.49999999999996,27.77711539080757,25.785871909020884,22.096871219588706,15.796901310627556,0.044002457858414015
5.0,19.52499999999996,27.765388864264477,25.77799348977519,22.09075507288561,15.790639864929773,0.04427006633658099
5.0,19.549999999999958,27.75369252324126,25.770139307323067,22.084654767642213,15.784394533399986,0.04453823394474359
5.0,19.574999999999957,27.742026361763415,25.762324351183175,22.078564853407514,15.778165225801988,0.04480707975907078
5.0,19.599999999999955,27.73039037201014,25.75453459066406,22.07248975710149,15.771951852083925,0.045076744568635294
5.0,19.624999999999954,27.71878454431263,25.74676176385738,22.066440194362947,15.765754322821945,0.04534684904657785
5.0,19.649999999999952,27.707208867160237,25.73900958732429,22.060390130296824,15.759572550030668,0.04561740402536715
5.0,19.67499999999995,27.695663327216725,25.73129258135026,22.054353098566825,15.7534064473419,0.04588865090058563
5.0,19.69999999999995,27.684147909346727,25.72359838201673,22.048328670303704,15.747255929411768,0.046160555557808285
5.0,19.724999999999948,27.672662596651243,25.715919728858406,22.042313073591753,15.741120910863847,0.04643310061697214
5.0,19.749999999999947,27.661207370509622,25.70827246955375,22.036325826635903,15.73500130608967,0.04670622378944944
5.0,19.774999999999945,27.649782210625265,25.700648012957547,22.030344192059967,15.728897030080681,0.04697977878789853
5.0,19.799999999999944,27.63838709507198,25.69304014857142,22.024369311185325,15.722807999110675,0.04725391815028925
5.0,19.824999999999942,27.627022000337245,25.6854551400589,22.018408697563448,15.71673413063913,0.047528764332434366
5.0,19.84999999999994,27.615686901358256,25.67789524767234,22.012457747147035,15.710675342583935,0.04780415297701896
5.0,19.87499999999994,27.60438177154856,25.670362612795234,22.006516432929494,15.70463155230551,0.04808009626141445
5.0,19.899999999999938,27.593106582817036,25.66285421596673,22.000605051166875,15.698602676672495,0.048356615364320496
5.0,19.924999999999937,27.581861305584088,25.655362866652094,21.99469288700395,15.692588632992894,0.048633627322371954
5.0,19.949999999999935,27.57064590879935,25.64789003811122,21.988793018134142,15.686589339712498,0.048911378230981725
5.0,19.974999999999934,27.55946035996406,25.640460901193546,21.982904789868698,15.68060471639476,0.04918964844552132
5.0,19.999999999999932,27.548304625161965,25.633046351270853,21.977024977250974,15.674634683046415,0.04946840348706793
5.0,20.02499999999993,27.537178669102456,25.625647852144915,21.971164368645507,15.668679159596463,0.049747710482434856
5.0,20.04999999999993,27.526082455175313,25.61826508016889,21.96531927521236,15.66273806626457,0.05002759674403283
5.0,20.07499999999993,27.51501594551075,25.610911676001013,21.959475130989816,15.656811324061339,0.05030807406538772
5.0,20.099999999999927,27.50397910103656,25.60358422711365,21.953645356968952,15.650898854746933,0.05058913756918818
5.0,20.124999999999925,27.492971881527108,25.596275604978402,21.94782638793138,15.645000580339605,0.05087069327280409
5.0,20.149999999999924,27.48199424564295,25.588983692145867,21.942015526225536,15.639116422402134,0.05115270689008077
5.0,20.174999999999923,27.471046150960646,25.58170578615747,21.936231636755362,15.63324630220903,0.051435300174258444
5.0,20.19999999999992,27.460127553991924,25.574461993171504,21.930452129645726,15.627390141810771,0.051718539657858595
5.0,20.22499999999992,27.449238410192553,25.567234746049305,21.924676690369182,15.62154786469933,0.05200236633297197
5.0,20.24999999999992,27.438378673965317,25.560043605152963,21.918915690109426,15.615719395554809,0.052286636742329
5.0,20.274999999999917,27.427548298665062,25.55285592207747,21.913164627546507,15.609904659473042,0.052571419244742276
5.0,20.299999999999915,27.416747236611776,25.54568958791593,21.90742782751801,15.604103581408154,0.05285666423467521
5.0,20.324999999999914,27.40597543911423,25.538561061183966,21.90171286558062,15.598316086748055,0.05314257501018033
5.0,20.349999999999913,27.395232856502673,25.531430290336836,21.89599791471477,15.592542102345519,0.053429094489055966
5.0,20.37499999999991,27.384519438167825,25.52434448414731,21.890290996309062,15.586781556754103,0.053716121556088896
5.0,20.39999999999991,27.373835132603475,25.517261454749356,21.88459751635174,15.581034379563377,0.054003502134931346
5.0,20.42499999999991,27.363179887449736,25.510200598065182,21.878913321944747,15.575300500421617,0.054291452897940594
5.0,20.449999999999907,27.352553649534155,25.503170221413423,21.87324752124003,15.569579848681244,0.05457987692398799
5.0,20.474999999999905,27.341956364907507,25.4961387489632,21.86759648422202,15.56387235416618,0.05486889901700316
5.0,20.499999999999904,27.331387978871785,25.48915085962485,21.861946008880608,15.558177948041223,0.05515857904619473
5.0,20.524999999999903,27.32084843599924,25.48216199020537,21.856304816251804,15.552496562737138,0.05544864003403459
5.0,20.5499999999999,27.310337680143565,25.475212567090875,21.85067600819406,15.546828131092239,0.05573911092633127
5.0,20.5749999999999,27.299855654447686,25.468279191835688,21.845055944788417,15.541172585349909,0.05603012535536661
5.0,20.5999999999999,27.28940230135225,25.4613442097752,21.83945681593945,15.535529857040546,0.05632162173574987
5.0,20.624999999999897,27.278977562606386,25.454454143316298,21.8338679180899,15.529899877981574,0.056613808731581707
5.0,20.649999999999896,27.268581379279883,25.447567276456436,21.828280502036325,15.52428258119502,0.056906449310700616
5.0,20.674999999999894,27.25821369177718,25.440722074568214,21.822701490535646,15.51867790073539,0.05719958846549214
5.0,20.699999999999893,27.24787443985677,25.43388513482825,21.81713527194505,15.51308577075319,0.057493086535146794
5.0,20.72499999999989,27.23756356265862,25.427049726245933,21.811577976434428,15.507506124557793,0.0577870638094055
5.0,20.74999999999989,27.22728099873798,25.42025572533697,21.806046645238872,15.501938894981327,0.05808168241562743
5.0,20.77499999999989,27.217026686099956,25.413462791131103,21.800518309989993,15.49638401584174,0.05837677527856192
5.0,20.799999999999887,27.206800562229628,25.406709222264478,21.79499220414046,15.490841422881523,0.05867241931629136
5.0,20.824999999999886,27.19660256411678,25.39996765722274,21.789476302501583,15.485311053356234,0.058968486294208984
5.0,20.849999999999884,27.1864326282767,25.393227386431224,21.78397207778784,15.479792844872117,0.05926494469073216
5.0,20.874999999999883,27.17629069076704,25.38651962101448,21.778476216973697,15.4742867342995,0.05956186142987776
5.0,20.89999999999988,27.166176687198252,25.37982171895123,21.77300197263717,15.468792657805382,0.05985938567508169
5.0,20.92499999999988,27.156090552736185,25.373157999145064,21.76753500181263,15.463310551997637,0.06015739533865147
5.0,20.94999999999988,27.146032222100416,25.366513776680907,21.762070054953213,15.457840354860688,0.060455898984660215
5.0,20.974999999999877,27.136001629564593,25.359865077182263,21.756614360995506,15.452382005606827,0.06075482589571531
5.0,20.999999999999876,27.12599870896316,25.3532552059589,21.75117026844822,15.446935443820557,0.061054212265598796
5.0,21.024999999999874,27.11602339370482,25.346651792924522,21.74573446110199,15.441500608585224,0.06135403124134844
5.0,21.049999999999873,27.106075616790644,25.34007414638713,21.740315059555687,15.436077438338849,0.061654432197323
5.0,21.07499999999987,27.096155310835673,25.333522507115042,21.734908684920367,15.430665871761896,0.06195529528413012
5.0,21.09999999999987,27.086262408093855,25.326966447528083,21.72950355741071,15.42526584874558,0.06225651973454955
5.0,21.12499999999987,27.076396840483717,25.320432140770475,21.724104579074957,15.419877310383779,0.06255830659712235
5.0,21.149999999999867,27.066558539609602,25.31392451969613,21.718718353196106,15.414500198178162,0.06286047206526274
5.0,21.174999999999866,27.056747436773783,25.307426046829292,21.713340769460466,15.409134453192998,0.06316307548644602
5.0,21.199999999999864,27.046963462980216,25.300969808091267,21.707980562208828,15.403780016044639,0.063466305128215
5.0,21.224999999999863,27.03720654893668,25.29450919011076,21.70263149994232,15.398436827933208,0.06376992828543877
5.0,21.24999999999986,27.02747662506099,25.288052377914884,21.69728402186106,15.393104831654059,0.06407385647224177
5.0,21.27499999999986,27.017773621491223,25.281636540841053,21.691940454652006,15.38778397142329,0.06437832884964463
5.0,21.29999999999986,27.008097468096906,25.275232355642856,21.68661017214696,15.382474191785484,0.06468324141939367
5.0,21.324999999999857,26.998448094490314,25.268852123285324,21.681288863981578,15.377175436546771,0.06498860700467328
5.0,21.349999999999856,26.988825430040137,25.262478746082117,21.675984744582212,15.371887648727652,0.06529447880918161
5.0,21.374999999999854,26.97922940388794,25.256107861618876,21.67069154933972,15.366610771701552,0.06560078423539827
5.0,21.399999999999853,26.969659944962938,25.249769347158697,21.665400201972425,15.361344750383514,0.0659074734897744
5.0,21.42499999999985,26.960116981989362,25.243447526621352,21.660112387642087,15.356089531225631,0.0662145449296055
5.0,21.44999999999985,26.950600443485648,25.237155536513814,21.65483553380342,15.350845061115338,0.06652210559125549
5.0,21.47499999999985,26.94111025776223,25.230870502007683,21.64956879288959,15.345611286160374,0.0668301448302103
5.0,21.499999999999847,26.93164635292589,25.22459050205502,21.644311896163856,15.340388151127325,0.06713864506114771
5.0,21.524999999999846,26.92220865689217,25.218323918474848,21.639075642327356,15.33517560026215,0.0674475922823095
5.0,21.549999999999844,26.912797097400407,25.21209063674538,21.633840619470128,15.32997357884343,0.06775694388536535
5.0,21.574999999999843,26.90341160202676,25.205879303593925,21.62860842624069,15.324782033980934,0.06806663854693072
5.0,21.59999999999984,26.89405209819677,25.19967962918925,21.62338548506957,15.31960091414521,0.06837677575579118
5.0,21.62499999999984,26.884718513201708,25.19347842518531,21.61817292355074,15.314430168121126,0.06868734981336125
5.0,21.64999999999984,26.875410774217343,25.18728741844792,21.612967872552797,15.30926974413597,0.06899840717471546
5.0,21.674999999999837,26.86612880831587,25.181119870734936,21.607782452642837,15.30411959005038,0.06930989517338593
5.0,21.699999999999836,26.856872542461254,25.17497933809989,21.60260202076341,15.29897965446449,0.06962182834581261
5.0,21.724999999999834,26.847641903489556,25.16887994125512,21.597423978575115,15.293849887526372,0.06993411608482453
5.0,21.749999999999833,26.838436818088418,25.162762418114053,21.592251307047047,15.288730240575381,0.07024673720147222
5.0,21.77499999999983,26.82925721279057,25.156659207254986,21.587090211330622,15.283620665063742,0.07055981600161279
5.0,21.79999999999983,26.820103013983896,25.15056016829862,21.58193727996507,15.278521111617062,0.07087330662456048
5.0,21.82499999999983,26.810974147928516,25.144500477699676,21.576797676955962,15.273431529928096,0.07118736180848051
5.0,21.849999999999827,26.80187054077173,25.138470796981544,21.571670983723664,15.268351869718638,0.07150181402170908
5.0,21.874999999999826,26.79279211856232,25.13244827950514,21.566546156707126,15.263282081905833,0.0718165832632033
5.0,21.899999999999824,26.783738807271725,25.126418400114783,21.561424438116454,15.258222118816699,0.07213168481545598
5.0,21.924999999999823,26.774710532823985,25.12040434413938,21.556312352601115,15.253171933375985,0.07244718955932612
5.0,21.94999999999982,26.76570722112422,25.11439464664408,21.55120963098988,15.248131478066686,0.07276303651144231
5.0,21.97499999999982,26.75672879806941,25.108420064579896,21.546114001169094,15.243100704270784,0.07307946506102017
5.0,21.99999999999982,26.747775189535055,25.102488576119526,21.541039131959057,15.23807956280073,0.07339639831773999
5.0,22.024999999999817,26.738846321349243,25.096553802366593,21.535966075928748,15.233068005250955,0.07371360666540651
5.0,22.049999999999816,26.729942119274025,25.090614826524767,21.530895886521588,15.228065984862711,0.07403112718193318
5.0,22.074999999999815,26.72106250900538,25.084689307646467,21.52583231669988,15.223073456211578,0.07434902490134777
5.0,22.099999999999813,26.71220741618702,25.07877985631234,21.520779031694843,15.218090374235388,0.07466730680705481
5.0,22.12499999999981,26.70337676642509,25.072905288455388,21.515733311452255,15.213116693383382,0.07498600219978566
5.0,22.14999999999981,26.69457048529847,25.0670633956053,21.51070041447187,15.208152367509507,0.07530527676431871
5.0,22.17499999999981,26.685788498371345,25.061207632802123,21.50567911076842,15.203197350705233,0.07562487960190206
5.0,22.199999999999807,26.67703073121598,25.055350343917343,21.50065991722093,15.198251598288302,0.07594475796845322
5.0,22.224999999999806,26.66829710944197,25.049508896226733,21.49564394076285,15.193315066924752,0.07626502215993547
5.0,22.249999999999805,26.6595875587167,25.043686422938862,21.490636314889116,15.188387713800585,0.07658558559557531
5.0,22.274999999999803,26.650902004762102,25.037891046160386,21.48563809201207,15.183469495598402,0.0769065601555593
5.0,22.2999999999998,26.642240373328406,25.032139313415612,21.480646881884887,15.178560367886293,0.07722800083657044
5.0,22.3249999999998,26.633602590163186,25.026371668252427,21.475670788681036,15.17366028543683,0.07754991691204619
5.0,22.3499999999998,26.62498858099653,25.02060519679021,21.470702103978493,15.168769203355891,0.07787212765292363
5.0,22.374999999999797,26.6163982715489,25.01485016825029,21.4657358685991,15.163887078063672,0.07819469514439066
5.0,22.399999999999796,26.607831587551253,25.009117947411703,21.460772973499488,15.159013867239079,0.07851759280020129
5.0,22.424999999999795,26.59928845476319,25.003425030230822,21.455819142937386,15.154149528897976,0.07884084363949714
5.0,22.449999999999793,26.59076879898604,24.99774576969074,21.450874046235107,15.149294020432224,0.0791645008768489
5.0,22.474999999999792,26.582272546079157,24.992057116852887,21.445935590408418,15.144447298124438,0.07948850928710803
5.0,22.49999999999979,26.57379962198516,24.986366165762227,21.441013410234092,15.139609317638632,0.07981299997751323
5.0,22.52499999999979,26.565349952756517,24.980690771658598,21.43609604392484,15.134780035222782,0.08013780111918016
5.0,22.549999999999788,26.55692346456577,24.97503662860133,21.431181358859735,15.129959408600131,0.08046295590470835
5.0,22.574999999999786,26.54852008368808,24.96942886853974,21.426271299751857,15.125147396827959,0.08078844645772809
5.0,22.599999999999785,26.540139736464607,24.963832473912262,21.42137117425377,15.1203439594804,0.08111423511770992
5.0,22.624999999999783,26.531782349269825,24.958225832322267,21.41647847175511,15.115549055889383,0.08144038473521806
5.0,22.649999999999782,26.523447848500847,24.95261768540735,21.41159533523151,15.110762644944632,0.08176690505385299
5.0,22.67499999999978,26.515136160587776,24.947025167286107,21.406725430640975,15.105984685758965,0.08209392079960862
5.0,22.69999999999978,26.506847212008427,24.941457938301692,21.40185762866345,15.101215138628598,0.08242125194804606
5.0,22.724999999999778,26.49858092929373,24.935935730779665,21.396993015229143,15.096453965334645,0.0827489322553079
5.0,22.749999999999776,26.490337239027408,24.930419613751837,21.39213553729654,15.091701128551835,0.08307691596620838
5.0,22.774999999999775,26.482116067855774,24.924891057950116,21.387286649911314,15.086956590941773,0.08340520000979221
5.0,22.799999999999773,26.473917342516987,24.9193626538293,21.382444481834764,15.082220314507857,0.0837337935775597
5.0,22.824999999999772,26.465740989879862,24.913840582974572,21.377616180832224,15.077492260760561,0.08406271445180506
5.0,22.84999999999977,26.45758693696659,24.90833205788961,21.372794261233043,15.072772391609606,0.08439212679597945
5.0,22.87499999999977,26.449455110938533,24.90288275916973,21.367975014630293,15.068060670139864,0.08472195858434191
5.0,22.899999999999768,26.441345439049712,24.897453795712686,21.363159212795043,15.06335706050618,0.08505204960282717
5.0,22.924999999999766,26.433257848596362,24.892008203447066,21.358350443771563,15.058661527034387,0.08538242056004866
5.0,22.949999999999765,26.42519226689212,24.886561980850807,21.35355038512577,15.053974033268556,0.08571313433606759
5.0,22.974999999999763,26.417148621276766,24.881117013538645,21.348757015400537,15.049294541511422,0.08604408755332811
5.0,22.999999999999762,26.409126839140384,24.8756849816598,21.34397859079987,15.04462301334711,0.08637542311906482
5.0,23.02499999999976,26.401126847938393,24.870316294813623,21.339204400860897,15.039959410844562,0.08670722628860918
5.0,23.04999999999976,26.393148575191212,24.864963744839667,21.33443311161206,15.035303697460975,0.08703942818306588
5.0,23.074999999999758,26.38519194848492,24.859597154885844,21.32966535972932,15.030655837930544,0.08737185949839829
5.0,23.099999999999756,26.377256895492515,24.854225378144996,21.324904855708294,15.026015797348698,0.0877045695112721
5.0,23.124999999999755,26.369343344017278,24.84885629093366,21.320152678151583,15.021383540233746,0.08803761352525041
5.0,23.149999999999753,26.361451222036226,24.843491938304364,21.315408302588455,15.016759030157056,0.0883708576034436
5.0,23.174999999999752,26.353580457711768,24.838152720526196,21.310678206704445,15.012142230388097,0.08870451066557751
5.0,23.19999999999975,26.345730979357086,24.832886645416036,21.305950251062406,15.007533105059741,0.0890386373745506
5.0,23.22499999999975,26.337902715373627,24.827606018363916,21.30122544847869,15.002931619837739,0.08937311850856947
5.0,23.249999999999748,26.330095594198756,24.82231677345932,21.296504294988807,14.99833774153828,0.08970780722352925
5.0,23.274999999999746,26.322309544291926,24.81702623777681,21.291790214135414,14.993751437049815,0.09004277787317681
5.0,23.299999999999745,26.314544494158632,24.811738402192425,21.287084300027395,14.98917267237175,0.09037807330537198
5.0,23.324999999999743,26.30680037238499,24.806464815180313,21.28238823226315,14.984601412434637,0.09071363206849252
5.0,23.349999999999742,26.29907710765524,24.801261065778366,21.27770312612752,14.980037621934747,0.09104959367730432
5.0,23.37499999999974,26.29137462874871,24.796059275141392,21.273020565530274,14.9754812665141,0.09138590186328158
5.0,23.39999999999974,26.283692864536885,24.79084939018941,21.268341361028064,14.970932313331298,0.09172255614075749
5.0,23.424999999999738,26.276031744003138,24.785634378520427,21.263665907698666,14.966390730610353,0.09205946548609863
5.0,23.449999999999736,26.268391196287375,24.78041873216223,21.25899718691576,14.961856486570525,0.09239663427383063
5.0,23.474999999999735,26.260771150732612,24.775206900625694,21.25433664928864,14.95732954852424,0.09273411373732827
5.0,23.499999999999734,26.253171536899785,24.77002046276712,21.2496824744183,14.952809882584878,0.093071893417563
5.0,23.524999999999732,26.2455922845347,24.764905668235812,21.24503960847028,14.948297454186383,0.09340998944752057
5.0,23.54999999999973,26.23803332350475,24.759778143265518,21.240403268975008,14.943792229172303,0.0937484237218184
5.0,23.57499999999973,26.230494583744473,24.754643049323544,21.235769637542518,14.93929417469699,0.09408723492899075
5.0,23.599999999999728,26.222975995240354,24.749503860373466,21.23113939140056,14.93480325929369,0.09442627599743193
5.0,23.624999999999726,26.215477488056244,24.744366911813824,21.22651454225048,14.930319452135935,0.09476558772145972
5.0,23.649999999999725,26.207998992372055,24.739237143496208,21.221897826788616,14.92584272213851,0.09510521651702519
5.0,23.674999999999724,26.20054043850363,24.73416572057582,21.217288863372975,14.921373037534451,0.09544520665524864
5.0,23.699999999999722,26.19310175689467,24.729122870576774,21.212692342455977,14.91691036638758,0.09578545984282491
5.0,23.72499999999972,26.185682878100966,24.724067644832832,21.20809820524849,14.912454677604375,0.09612596483399162
5.0,23.74999999999972,26.178283732796597,24.71900603931851,21.20350723237975,14.908005941533656,0.09646679887417696
5.0,23.774999999999718,26.170904251814623,24.713941385066672,21.19891985270385,14.903564129650592,0.09680791123078827
5.0,23.799999999999716,26.16354436620606,24.708878710772815,21.19433628788377,14.899129213475986,0.09714928009576529
5.0,23.824999999999715,26.156204007280756,24.703820151868175,21.18976105578738,14.894701163456645,0.09749093692722392
5.0,23.849999999999714,26.14888310660059,24.698836740719624,21.185192594323816,14.890279948445045,0.09783300818507405
5.0,23.874999999999712,26.14158159592759,24.693863513381316,21.180635890081902,14.885865536191494,0.09817533349334961
5.0,23.89999999999971,26.13429940716069,24.688881628989147,21.176084512553018,14.881457894570506,0.0985178563330846
5.0,23.92499999999971,26.12703647230035,24.68389432597622,21.17153608919037,14.877056992670832,0.09886065694781068
5.0,23.949999999999708,26.11979272345795,24.67890435913836,21.166991137351197,14.872662801051849,0.09920378623576868
5.0,23.974999999999707,26.112568092894293,24.673915110855035,21.16244992908917,14.868275291089814,0.09954715138531951
5.0,23.999999999999705,26.105362513052167,24.668950895167118,21.157914762573867,14.863894433919006,0.09989082855654742
5.0,24.024999999999704,26.09817591655758,24.664048646396477,21.15338728190763,14.8595201996697,0.10023492103281645
5.0,24.049999999999702,26.091008236194703,24.659143513503235,21.148867793873094,14.855152557447722,0.1005792569178573
5.0,24.0749999999997,26.083859404883672,24.65423220353572,21.144358658256902,14.850791476189066,0.10092379797316393
5.0,24.0999999999997,26.076729355688432,24.649316469633348,21.13985212207919,14.846436925811672,0.10126858697660318
5.0,24.124999999999698,26.069618021858297,24.64439882338966,21.135348819024053,14.842088877836522,0.10161359317346347
5.0,24.149999999999697,26.062525336879027,24.639480553381546,21.130849096659798,14.837747305100452,0.10195888686308874
5.0,24.174999999999695,26.055451234497106,24.634587902182027,21.12635460561427,14.833412180840131,0.10230450622882449
5.0,24.199999999999694,26.04839564869518,24.629744569481346,21.121867784092288,14.829083477830407,0.1026504982968793
5.0,24.224999999999692,26.041358513628605,24.62491097234349,21.117386997936375,14.824761168038947,0.10299678971000353
5.0,24.24999999999969,26.034339763558652,24.620073848155467,21.11291790167725,14.820445223117476,0.10334328607600653
5.0,24.27499999999969,26.0273393328183,24.615231770393606,21.10845206476131,14.816135615386498,0.10368997723586344
5.0,24.299999999999688,26.020357155823557,24.610387185319873,21.103989278135966,14.81183231852791,0.10403693428211401
5.0,24.324999999999687,26.013393167113186,24.605541790224112,21.099529949705737,14.807535307482217,0.10438408119889085
5.0,24.349999999999685,26.00644730138326,24.600727903365502,21.095074843251638,14.80324455764375,0.10473158001634765
5.0,24.374999999999684,25.999519493492933,24.595955486283128,21.09062715517238,14.798960043958942,0.1050794311648366
5.0,24.399999999999682,25.992609678445017,24.59118980606013,21.086185509965276,14.794681740455593,0.10542757002266767
5.0,24.42499999999968,25.98571779136712,24.58642200929678,21.081750913517343,14.790409620377526,0.10577596970966552
5.0,24.44999999999968,25.978843767519113,24.581650585120812,21.07732517905208,14.786143656905885,0.10612454347868565
5.0,24.474999999999678,25.971987542332982,24.576875789452536,21.072902038201406,14.781883823991402,0.10647331764498381
5.0,24.499999999999677,25.96514905146557,24.572099983942795,21.06848207970542,14.777630096692155,0.10682234488059138
5.0,24.524999999999675,25.95832823083076,24.567340641006112,21.064065624792597,14.773382450784997,0.10717157164189683
5.0,24.549999999999674,25.95152501658668,24.56262699414314,21.05965511720871,14.769140861982851,0.10752117249327373
5.0,24.574999999999672,25.944739345081373,24.55792955472218,21.055251167470747,14.764905305317468,0.1078711094020999
5.0,24.59999999999967,25.937971152786982,24.553232830814125,21.050852895935563,14.760675754988844,0.10822130018965948
5.0,24.62499999999967,25.93122037625879,24.548533359932424,21.046465337009963,14.756452184901894,0.10857173734897035
5.0,24.649999999999668,25.924486952138686,24.543830749180337,21.042080378704043,14.752234569548943,0.10892233627290689
5.0,24.674999999999667,25.917770817194647,24.539126469364334,21.03769855632149,14.748022884564067,0.10927318608023573
5.0,24.699999999999665,25.911071908367703,24.534444380877886,21.033320189485966,14.743817106567038,0.10962424850241997
5.0,24.724999999999664,25.9043901627975,24.529779258014663,21.028946599882914,14.73961721246447,0.1099755244729697
5.0,24.749999999999662,25.89772551781585,24.525145261783084,21.02457955398586,14.735423178736907,0.1103271924926928
5.0,24.77499999999966,25.891077910921606,24.520516571604233,21.020218096295704,14.731234981108692,0.11067911390463732
5.0,24.79999999999966,25.884447279762707,24.515886490742208,21.015865651648316,14.72705259484221,0.11103126368382639
5.0,24.82499999999966,25.877833562144673,24.51125375037873,21.01151808115579,14.722875995482095,0.11138364724710355
5.0,24.849999999999657,25.871236696064763,24.50661844077877,21.007173534029256,14.71870515949162,0.11173620770800578
5.0,24.874999999999655,25.864656619751276,24.501990658609948,21.00283235278063,14.714540064327352,0.1120890018213434
5.0,24.899999999999654,25.858093271681923,24.497390964406005,20.998494739341158,14.710380687908053,0.11244203321122964
5.0,24.924999999999653,25.85154659056745,24.4928048502522,20.994163725093202,14.706227007906232,0.1127953167194341
5.0,24.94999999999965,25.84501651530787,24.48823892495398,20.989838283767604,14.702079001319282,0.11314892203587461
5.0,24.97499999999965,25.838502984944732,24.48367606232115,20.985518416601455,14.697936644477986,0.11350275485591317
5.0,24.99999999999965,25.83200593863434,24.479112017635085,20.98120752369109,14.693799913569942,0.11385682643011169
5.0,25.024999999999647,25.825525315652463,24.474546037950986,20.976899421786552,14.689668785359432,0.11421111480859164
5.0,25.049999999999645,25.819061055421077,24.469978196880074,20.972594459674113,14.685543237576999,0.11456557808328943
5.0,25.074999999999644,25.812613097535102,24.46544180045674,20.968292882735884,14.681423248708617,0.11492028588128018
5.0,25.099999999999643,25.806181381770422,24.460909500005993,20.96399485174056,14.677308797301487,0.1152752336087307
5.0,25.12499999999964,25.7997658480695,24.45640456505027,20.959702159660765,14.67319986119228,0.11563044735939318
5.0,25.14999999999964,25.793366436518042,24.451907779883328,20.955415647931652,14.669096417093158,0.11598586036126327
5.0,25.17499999999964,25.786983087333656,24.44741163608064,20.951135280715945,14.664998440735893,0.11634153737962448
5.0,25.199999999999637,25.780615740880876,24.442913927041438,20.946862950045233,14.660905907590044,0.11669745977086324
5.0,25.224999999999635,25.774264337710147,24.438414346826256,20.942593557185194,14.656818793752894,0.11705356009106851
5.0,25.249999999999634,25.767928818602186,24.43392276105836,20.938327336011426,14.652737076459633,0.11740987915616612
5.0,25.274999999999633,25.76160912459513,24.429457251527488,20.93406448507741,14.648660733955685,0.11776641884744389
5.0,25.29999999999963,25.75530519698212,24.424999973437444,20.929806627652138,14.64458974494026,0.1181231918669404
5.0,25.32499999999963,25.74901697728368,24.42055666557937,20.92555418554866,14.640524088008194,0.11848022832230859
5.0,25.34999999999963,25.74274440721176,24.41612122844739,20.9213067388494,14.636463741371335,0.1188374542076022
5.0,25.374999999999627,25.73648742864417,24.411687850223828,20.917063882448538,14.632408682866668,0.11919490101259511
5.0,25.399999999999626,25.730245983619106,24.407253970805414,20.912829397020836,14.628358890315758,0.11955260102880072
5.0,25.424999999999624,25.724020014345133,24.402818917262334,20.908597786847153,14.624314342041039,0.11991046572807225
5.0,25.449999999999623,25.717809463213115,24.398415187401937,20.904369309503284,14.62027501714614,0.12026859098874186
5.0,25.47499999999962,25.71161427279777,24.39400542598004,20.900144189398453,14.6162408953372,0.12062691424949967
5.0,25.49999999999962,25.70543438584473,24.3896156814699,20.89592383474453,14.612211956434388,0.12098548182111735
5.0,25.52499999999962,25.699269745249417,24.385241885377194,20.891708821650436,14.608188179925294,0.12134431598374779
5.0,25.549999999999617,25.693120294040973,24.380873436984384,20.88749865975885,14.60416954479139,0.12170329129576667
5.0,25.574999999999616,25.68698597538364,24.376505640205746,20.883294510972423,14.600156029678448,0.1220624656048223
5.0,25.599999999999614,25.680866732598986,24.372136681855217,20.879096329597445,14.596147613362891,0.1224218767065875
5.0,25.624999999999613,25.674762509200466,24.367777468126302,20.874901209319614,14.592144275226483,0.12278149082748939
5.0,25.64999999999961,25.668673248926456,24.36344088896759,20.87070938732172,14.588145995414235,0.12314132760700156
5.0,25.67499999999961,25.66259889576008,24.35909080206866,20.866521012984062,14.584152754571871,0.12350138002595236
5.0,25.69999999999961,25.656539393929343,24.354756537841872,20.86233708555866,14.580164533346727,0.12386161444163306
5.0,25.724999999999607,25.65049468788777,24.350440367706913,20.858158631397494,14.576181311986451,0.1242221078511183
5.0,25.749999999999606,25.64446472228316,24.346132662794247,20.853985103185835,14.5722030702447,0.12458279287643231
5.0,25.774999999999604,25.638449441926184,24.341827439245225,20.849818500683643,14.56822978769151,0.1249436072082452
5.0,25.799999999999603,25.63244879176837,24.337521871529805,20.84565607799525,14.564261444267855,0.1253046435338009
5.0,25.8249999999996,25.626462716892213,24.333231287225736,20.84149687017527,14.560298020717845,0.12566593253994277
5.0,25.8499999999996,25.620491162511332,24.32895580316503,20.837340968340595,14.556339498623819,0.12602740873417742
5.0,25.8749999999996,25.61453407397646,24.32467085586283,20.833188471065206,14.552385860032324,0.12638909213493324
5.0,25.899999999999597,25.60859139678316,24.320406567414572,20.82904041338539,14.548437086906171,0.12675101626787125
5.0,25.924999999999596,25.60266307657918,24.316154075534378,20.824897706001646,14.544493160731093,0.12711315547743118
5.0,25.949999999999594,25.596749059173195,24.31190773160292,20.820759781029004,14.540554062452353,0.12747548543038612
5.0,25.974999999999593,25.59084929054803,24.3076634505523,20.81662710106437,14.536619772725894,0.1278379548065218
5.0,25.99999999999959,25.584963716878647,24.303419064678213,20.812499987892007,14.532690272382233,0.12820057040836677
5.0,26.02499999999959,25.579092284549375,24.299181294000423,20.808375960231967,14.52876554284887,0.12856344347405213
5.0,26.04999999999959,25.57323494016338,24.294970881355447,20.804255142542146,14.524845566271356,0.12892654455961539
5.0,26.074999999999587,25.567391630540637,24.290745769216674,20.800137648618065,14.520930325261057,0.12928977667062297
5.0,26.099999999999586,25.5615623027042,24.28653437845454,20.79602393683932,14.517019802414538,0.12965327138979577
5.0,26.124999999999584,25.555746903857873,24.282338427160475,20.791915636026868,14.513113979911836,0.13001699512737513
5.0,26.149999999999583,25.549945381361347,24.278151340861065,20.787812116347446,14.509212839414802,0.13038089548205592
5.0,26.17499999999958,25.54415768271065,24.27396790966903,20.783714718225088,14.505316362347262,0.1307449588902628
5.0,26.19999999999958,25.538383755529573,24.269785265521747,20.779621227534374,14.50142453038919,0.13110915326675407
5.0,26.22499999999958,25.53262354757372,24.265624202071677,20.775531022439203,14.497537325862183,0.13147355827018403
5.0,26.249999999999577,25.526877006746556,24.26146950677048,20.771444098215827,14.493654731779198,0.13183816849355612
5.0,26.274999999999576,25.521144081124607,24.25730354508337,20.767360513163105,14.489776731551327,0.13220297652821095
5.0,26.299999999999574,25.51542471898571,24.25315634410451,20.76328097352954,14.485903308537166,0.13256798370072784
5.0,26.324999999999573,25.509718868832888,24.24901548295675,20.759206562869043,14.48203444571399,0.13293321093412316
5.0,26.34999999999957,25.504026479408473,24.24488310316448,20.755136745521465,14.478170125633868,0.13329865303729146
5.0,26.37499999999957,25.4983474996971,24.240755735415416,20.75107195444222,14.474310330662792,0.1336642298197481
5.0,26.39999999999957,25.492681878918834,24.236630528604547,20.747011732406687,14.470455043376022,0.13402995363401873
5.0,26.424999999999567,25.48702956651379,24.23251037822201,20.74295474629982,14.466604246880422,0.1343958179196488
5.0,26.449999999999566,25.481390512120978,24.228421704345546,20.738900977068845,14.462757924873522,0.13476188043580783
5.0,26.474999999999564,25.47576466555697,24.224317843766556,20.73485047437474,14.458916061407491,0.13512814439039014
5.0,26.499999999999563,25.470151976799496,24.220220110039513,20.7308040602388,14.455078640509901,0.13549461561850157
5.0,26.52499999999956,25.4645523959773,24.216134424952113,20.72676249813357,14.451245645905056,0.13586128913138434
5.0,26.54999999999956,25.458965873364434,24.212057746988144,20.722725344006943,14.447417060977143,0.136228206806807
5.0,26.57499999999956,25.45339235937677,24.20798689796033,20.71869266815356,14.443592868955921,0.1365952691274411
5.0,26.599999999999557,25.44783180456954,24.2039191492991,20.714664535822163,14.439773053221984,0.1369624783469039
5.0,26.624999999999556,25.442284159635655,24.199863371234056,20.710639659831127,14.435957597557833,0.13732983489518014
5.0,26.649999999999554,25.43674937540747,24.195830717040444,20.7066180019911,14.432146486193378,0.13769736157781765
5.0,26.674999999999553,25.43122740286667,24.191784906946637,20.70259957341166,14.428339703612842,0.13806505051647625
5.0,26.69999999999955,25.425718193163867,24.18773848527915,20.698584784211917,14.424537234225417,0.1384329266170537
5.0,26.72499999999955,25.420221697642887,24.183709881971044,20.69457463838488,14.42073906210179,0.13880100229167647
5.0,26.74999999999955,25.414737867861273,24.17968378695029,20.69056860390436,14.416945170910259,0.13916925570359356
5.0,26.774999999999547,25.409266655599232,24.17566315066308,20.686566659968044,14.413155544043592,0.13953773210688855
5.0,26.799999999999546,25.403808012853315,24.171647470168562,20.68256924591144,14.409370164869145,0.1399063573142108
5.0,26.824999999999545,25.398361891814627,24.167635075216776,20.678575239992373,14.405589016976904,0.14027511725472416
5.0,26.849999999999543,25.392928244836813,24.163656159380018,20.674584566735113,14.401812084296962,0.14064404843606484
5.0,26.87499999999954,25.387507024405156,24.159671208446454,20.67059714533941,14.398039351031418,0.14101310975413336
5.0,26.89999999999954,25.38209818311846,24.155678729661684,20.666612986490016,14.394270801436845,0.14138232589256935
5.0,26.92499999999954,25.376701673688668,24.15170297244929,20.66263312123983,14.390506419599246,0.14175177010720727
5.0,26.949999999999537,25.371317448955004,24.14773164759803,20.658657773338287,14.386746189362396,0.14212137914163042
5.0,26.974999999999536,25.3659454619043,24.143762049907345,20.65468655521154,14.382990094456021,0.1424911676775229
5.0,26.999999999999535,25.360585665687953,24.1397985387347,20.65071946761747,14.379238118751617,0.14286116562844656
5.0,27.024999999999533,25.35523801362799,24.13583984974502,20.646755965503182,14.375490246509452,0.14323129307187749
5.0,27.04999999999953,25.349902459210156,24.131904047708066,20.64279582590421,14.371746462494752,0.1436015632582025
5.0,27.07499999999953,25.344578956070503,24.127979121636383,20.638838936110925,14.368006751913745,0.14397200362802282
5.0,27.09999999999953,25.339267457987166,24.124044569593096,20.63488523903629,14.364271100198398,0.14434255569496496
5.0,27.124999999999527,25.33396791888473,24.120106980042383,20.63093475948908,14.360539492715741,0.14471324527314772
5.0,27.149999999999526,25.328680292849448,24.116189943323715,20.626988707395565,14.356811914549098,0.14508414992657165
5.0,27.174999999999525,25.323404534147247,24.112273639497825,20.62304696616351,14.353088350478625,0.14545522115746692
5.0,27.199999999999523,25.318140597235274,24.10835709984679,20.619109098283445,14.349368785155857,0.14582644913594492
5.0,27.224999999999522,25.31288843675982,24.104445844856336,20.61517491385324,14.345653203355392,0.14619788167955927
5.0,27.24999999999952,25.307648007537004,24.10054427159143,20.61124423641878,14.341941590172636,0.14656946253822672
5.0,27.27499999999952,25.302419264520807,24.09667734673603,20.607316898143903,14.338233931089965,0.14694121470653465
5.0,27.299999999999518,25.297202162772223,24.092799010587626,20.60339278418235,14.334530211900146,0.14731308166284243
5.0,27.324999999999516,25.291996657444606,24.088916086485437,20.599471879608846,14.330830418526052,0.14768507429044558
5.0,27.349999999999515,25.28680270379077,24.08503499122367,20.595554982420076,14.327134536841806,0.14805718803163104
5.0,27.374999999999513,25.28162025718543,24.081172212104278,20.591642174540155,14.323442552607887,0.14842953685429788
5.0,27.399999999999512,25.276449273151,24.077310207585956,20.58773321722233,14.31975445155052,0.14880202951466612
5.0,27.42499999999951,25.271289707376003,24.073451657051727,20.58382741167892,14.316070219495614,0.14917468549431567
5.0,27.44999999999951,25.266141515720005,24.069596405742235,20.579925264289496,14.312389842465743,0.14954749976316886
5.0,27.474999999999508,25.261004654204346,24.065756940923396,20.576026553990317,14.308713306706435,0.14992048655244739
5.0,27.499999999999506,25.255879078995335,24.06194056933191,20.572131120342927,14.305040598643508,0.15029362029414126
5.0,27.524999999999505,25.250764746392655,24.058114589150357,20.56823890990453,14.301371704785945,0.1506668777810139
5.0,27.549999999999503,25.245661612833636,24.054284713600897,20.564350384516025,14.297706611623122,0.15104023753340065
5.0,27.574999999999502,25.24056963491322,24.050452643763016,20.560465767123446,14.294045305586728,0.151413720475893
5.0,27.5999999999995,25.235488769408537,24.04664044264472,20.55658497490693,14.290387773113086,0.15178738788531318
5.0,27.6249999999995,25.23041897329449,24.04283157573813,20.552707228000045,14.286734000744023,0.15216121832217236
5.0,27.649999999999498,25.225360203741776,24.039021344660746,20.548832726280867,14.283083975178785,0.1525351928384925
5.0,27.674999999999496,25.220312418095318,24.035216569386147,20.544961797488654,14.27943768326029,0.15290936163892704
5.0,27.699999999999495,25.215275573837665,24.03143238152327,20.541094227252536,14.275795111927303,0.15328368676836993
5.0,27.724999999999493,25.2102496285495,24.027667289122874,20.53722988051552,14.272156248155746,0.15365815240316275
5.0,27.749999999999492,25.205234539884234,24.02389380927937,20.533368720790868,14.268521078893011,0.1540327448373394
5.0,27.77499999999949,25.200230265569488,24.020116838468912,20.529511095487376,14.264889591005758,0.15440743676861607
5.0,27.79999999999949,25.195236763435904,24.01634547421207,20.525657302755185,14.261261771287923,0.15478226626991265
5.0,27.824999999999488,25.190253991462296,24.01258874085399,20.5218072409212,14.257637606554693,0.15515724952728213
5.0,27.849999999999486,25.185281907822198,24.008832366186912,20.51795955315904,14.254017083728852,0.15553238759676133
5.0,27.874999999999485,25.180320470919074,24.005073527719567,20.51411529523767,14.25040018984583,0.1559076496154045
5.0,27.899999999999483,25.175369639401108,24.001318155234344,20.51027459371866,14.24678691200749,0.1562830871212435
5.0,27.924999999999482,25.170429372150927,23.997572579526953,20.50643722072584,14.243177237343707,0.15665868657434065
5.0,27.94999999999948,25.165499628254274,23.993861631410784,20.50260307469006,14.239571153001055,0.15703445069792898
5.0,27.97499999999948,25.16058036696233,23.990140612742188,20.49877235266654,14.235968646155703,0.1574103120564754
5.0,27.999999999999478,25.155671547665584,23.98641568687291,20.49494532411989,14.232369704061838,0.15778629481061182
5.0,28.024999999999476,25.150773129888744,23.98268863542087,20.49112187540233,14.228774314142541,0.1581623718645311
5.0,28.049999999999475,25.145885073302306,23.978972293476343,20.487301052942986,14.225182464056092,0.15853858600872672
5.0,28.074999999999473,25.141007337738376,23.975266352065358,20.483482763095438,14.22159414164473,0.1589149516348395
5.0,28.099999999999472,25.136139883198794,23.971560098529064,20.479668188267432,14.218009334800122,0.15929146653114643
5.0,28.12499999999947,25.131282669849355,23.967857722488223,20.47585703680689,14.214428031353968,0.15966813621227255
5.0,28.14999999999947,25.126435658001586,23.964176897157152,20.472049135693965,14.210850219051851,0.1600449781186052
5.0,28.174999999999468,25.121598808092088,23.960510595411822,20.468244415282207,14.207275885591823,0.16042197443607592
5.0,28.199999999999466,25.116772080674405,23.956837185345723,20.464443062882072,14.203705018691446,0.16079907593642837
5.0,28.224999999999465,25.111955436433874,23.95316107212949,20.460645299738587,14.200137606175298,0.16117629629733918
5.0,28.249999999999464,25.107148836223665,23.949483497788904,20.456851060649047,14.196573636085532,0.1615536094317088
5.0,28.274999999999462,25.102352241107017,23.945808761522525,20.453058971803387,14.193013096730834,0.16193102157420772
5.0,28.29999999999946,25.09756561238643,23.94215130502403,20.449269314115128,14.189455976581842,0.1623085660654209
5.0,28.32499999999946,25.09278891160699,23.93849529171021,20.44548335602396,14.185902264079973,0.16268625242988027
5.0,28.349999999999458,25.088022100532115,23.934839767237467,20.44170078574597,14.182351947501434,0.16306406732353584
5.0,28.374999999999456,25.083265141098135,23.93118890308623,20.437921407096557,14.178805014943224,0.16344207831427132
5.0,28.399999999999455,25.078517995359952,23.927566112537484,20.434145128320317,14.175261454398674,0.1638202507715571
5.0,28.424999999999454,25.073780625444726,23.923948902052974,20.430372191107,14.171721253869372,0.16419853581826063
5.0,28.449999999999452,25.069052993530644,23.920325446556664,20.426602662075446,14.16818440148696,0.16457692827933693
5.0,28.47499999999945,25.064335061859275,23.916699179778654,20.422836518631524,14.164650885635314,0.16495543037307836
5.0,28.49999999999945,25.059626792775813,23.913076419183547,20.419072185831304,14.161120694977892,0.16533401784642915
5.0,28.524999999999448,25.05492814878105,23.909468942790625,20.41531004921481,14.157593818300258,0.16571273814860418
5.0,28.549999999999446,25.05023909257803,23.905862373181925,20.41155165497942,14.154070244266642,0.16609156106820794
5.0,28.574999999999445,25.045559587101618,23.902253551884122,20.407796664187245,14.150549961268608,0.16647050523918927
5.0,28.599999999999444,25.0408895955253,23.898648366855536,20.404044903200273,14.147032957445502,0.16684962352295069
5.0,28.624999999999442,25.036229081244787,23.895055632947997,20.400296289253145,14.143519220832243,0.1672288939906244
5.0,28.64999999999944,25.031578007845567,23.89148807256149,20.39655099521301,14.140008739554037,0.16760832211376056
5.0,28.67499999999944,25.02693633906884,23.887911950995264,20.392808957702677,14.136501502008539,0.1679878604738474
5.0,28.699999999999438,25.022304038790644,23.884332676699387,20.389070203966543,14.132997497007116,0.16836748677607422
5.0,28.724999999999437,25.017681071019837,23.880751830544906,20.38533226415764,14.129496713734127,0.16874720416293976
5.0,28.749999999999435,25.013067399909016,23.877183035496973,20.38159716576781,14.125999141482993,0.16912701825755772
5.0,28.774999999999434,25.008462989766787,23.873622770600143,20.37786577807086,14.122504769350707,0.16950695154701537
5.0,28.799999999999432,25.003867805062203,23.87006214710643,20.37413776704843,14.119013586096296,0.16988700543850543
5.0,28.82499999999943,24.99928181041737,23.86650414820578,20.370412945658426,14.115525580216135,0.17026719394873843
5.0,28.84999999999943,24.994704970589652,23.862959173800597,20.36669123658273,14.112040740153242,0.17064752536738112
5.0,28.874999999999428,24.9901372504511,23.859437423478997,20.36297268056943,14.108559054529529,0.17102805062458096
5.0,28.899999999999427,24.985578614977605,23.855907475226665,20.359257178706695,14.105080512325097,0.17140867387984038
5.0,28.924999999999425,24.98102902925836,23.852374584529816,20.3555448574346,14.101605102983331,0.17178940087465
5.0,28.949999999999424,24.976488458526028,23.84884028520898,20.35183346502799,14.098132816334022,0.1721701934282442
5.0,28.974999999999422,24.97195686819606,23.845308782716398,20.348124203859978,14.09466364228141,0.17255108306470981
5.0,28.99999999999942,24.96743422389822,23.841793279774436,20.344418778429542,14.091197570441093,0.17293208458635373
5.0,29.02499999999942,24.962920491488113,23.83827942593692,20.340716793707283,14.087734589965615,0.17331319561047312
5.0,29.049999999999418,24.95841563703543,23.834763678052905,20.337018015192264,14.08427468963592,0.17369438822429084
5.0,29.074999999999417,24.95391962679202,23.83124908899855,20.333322322681965,14.08081785812703,0.17407573272880997
5.0,29.099999999999415,24.949432427147197,23.827759350294837,20.329629640469467,14.077364084303522,0.17445721367857817
5.0,29.124999999999414,24.944954004582236,23.824276778643092,20.32593998901744,14.073913357444495,0.17483887053112665
5.0,29.149999999999412,24.94048432563825,23.820788965047566,20.32225346863677,14.070465667371929,0.1752206380710523
5.0,29.17499999999941,24.936023356907032,23.81729939658499,20.318566060891765,14.067021004283873,0.1756024821714931
5.0,29.19999999999941,24.931571065043588,23.81380901367071,20.314882525363377,14.063579358328727,0.17598439235527458
5.0,29.224999999999408,24.927127416789876,23.810335852848503,20.311202701986485,14.060140719231166,0.17636642258297475
5.0,29.249999999999407,24.922692378997983,23.80686674181252,20.30752624901986,14.05670507621359,0.1767485380004385
5.0,29.274999999999405,24.918265918645613,23.803396475640962,20.303852952405812,14.053272418213725,0.17713075987482566
5.0,29.299999999999404,24.91384800284151,23.799926566800956,20.30018268214457,14.049842734240045,0.17751308528609155
5.0,29.324999999999402,24.90943859882075,23.7964644546041,20.296515253371467,14.046416013692426,0.1778955511372454
5.0,29.3499999999994,24.90503767393356,23.793030102738623,20.292850790321793,14.042992246557306,0.17827815021646853
5.0,29.3749999999994,24.900645195636425,23.789586647092836,20.28918938215089,14.039571423478842,0.17866090377907945
5.0,29.399999999999398,24.896261131494803,23.786140392453902,20.2855291078631,14.036153535647422,0.17904375536096243
5.0,29.424999999999397,24.89188544920008,23.78269327997931,20.281869514212694,14.032738574404036,0.1794266787533037
5.0,29.449999999999395,24.887518116593036,23.779245799379794,20.278213953008446,14.029326530738452,0.17980967626905084
5.0,29.474999999999394,24.88315910168013,23.775810270081756,20.274561915434443,14.025917394997094,0.18019277472427742
5.0,29.499999999999392,24.878808372631525,23.772383234950603,20.27091311053961,14.022511156945113,0.1805759574515799
5.0,29.52499999999939,24.874465897758935,23.76895644972003,20.26726733026256,14.019107806091675,0.18095923705095723
5.0,29.54999999999939,24.870131645478764,23.7655296606617,20.263624250738822,14.015707332075923,0.18134261664120518
5.0,29.574999999999388,24.865805584271847,23.76213330288211,20.259983983957394,14.012309724956264,0.1817261482104313
5.0,29.599999999999387,24.861487682654523,23.75873318041706,20.25634668586823,14.008914975359392,0.18210977285259658
5.0,29.624999999999385,24.85717790917401,23.75532854911916,20.252707671396564,14.005523074267671,0.18249356195637906
5.0,29.649999999999384,24.85287623243174,23.75192282905429,20.2490724464346,14.0021340124999,0.182877444720669
5.0,29.674999999999383,24.848582621125832,23.74851707234992,20.24544103942285,13.998747780265848,0.18326139800671248
5.0,29.69999999999938,24.844297044095285,23.745119549832328,20.241813051295757,13.99536436709482,0.18364543100192376
5.0,29.72499999999938,24.840019470349816,23.74173384872216,20.23818823795096,13.991983762140435,0.184029563180225
5.0,29.74999999999938,24.835749869078125,23.73834956966445,20.23456646522183,13.98860595466532,0.18441378387680388
5.0,29.774999999999377,24.831488209636895,23.73496393160634,20.230947290976733,13.985230934475586,0.18479809225465252
5.0,29.799999999999375,24.82723446152661,23.731576754767488,20.227330804112764,13.981858692167835,0.18518248122535436
5.0,29.824999999999374,24.822988594360424,23.72820991123072,20.22371719488899,13.978489219183366,0.1855669809907571
5.0,29.849999999999373,24.818750577833857,23.72485390996781,20.220103536018257,13.975122507581581,0.18595161219092926
5.0,29.87499999999937,24.814520381704902,23.721491899594053,20.216490919163768,13.971758549483784,0.18633639111587355
5.0,29.89999999999937,24.81029797579149,23.718128211821266,20.212882399137126,13.968397336467616,0.18672126602449712
5.0,29.92499999999937,24.806083329985267,23.714764203176852,20.20927743136974,13.965038859281306,0.18710621120332138
5.0,29.949999999999367,24.801876414272204,23.711404245988668,20.205675705629815,13.961683108002811,0.18749122074048086
5.0,29.974999999999365,24.79767719874798,23.708058891728452,20.2020770537353,13.958330072501635,0.18787632814771557
5.0,29.999999999999364,24.79348565362136,23.7047158542855,20.198480820834703,13.954979742938066,0.1882615272087691
5.0,30.024999999999363,24.78930174920614,23.70137174943891,20.194887193967446,13.95163211010054,0.1886467960785885
5.0,30.04999999999936,24.785125455906982,23.698035071479612,20.191296363126405,13.948287165535744,0.1890321604160994
5.0,30.07499999999936,24.78095674420717,23.694719136453113,20.18770789935097,13.944944901508283,0.1894176481951172
5.0,30.09999999999936,24.776795584667404,23.691395890898256,20.184116811954723,13.94160531057129,0.18980323086305653
5.0,30.124999999999357,24.7726419479414,23.688070352686893,20.180530204508166,13.938268384874334,0.19018892283119196
5.0,30.149999999999356,24.768495804806125,23.684744681500103,20.17694734171005,13.934934115664321,0.1905747374990799
5.0,30.174999999999354,24.76435712619593,23.68141956716041,20.173367826259117,13.931602493276944,0.19096062412422346
5.0,30.199999999999353,24.760225883225157,23.678095039048937,20.169791432961507,13.928273507563421,0.1913465677247859
5.0,30.22499999999935,24.75610204718715,23.674786446224076,20.16621771478619,13.924947148481404,0.19173260119263424
5.0,30.24999999999935,24.751985589527468,23.671482933856616,20.162646338899044,13.921623406574337,0.1921187277058093
5.0,30.27499999999935,24.747876481799803,23.66817927580993,20.15907760504866,13.918302273212461,0.19250493193043278
5.0,30.299999999999347,24.7437746956177,23.664875286024223,20.15551165724051,13.914983740626692,0.19289120860582634
5.0,30.324999999999346,24.739680202615858,23.66160304053036,20.15194474846541,13.9116678016284,0.19327760045758766
5.0,30.349999999999344,24.73559297443394,23.658321731801845,20.148378920450174,13.908354448971782,0.19366407952253695
5.0,30.374999999999343,24.7315129827307,23.655036730545916,20.144817255577397,13.905043674693028,0.19405064595279312
5.0,30.39999999999934,24.727440199226262,23.651750663900337,20.14125915592672,13.901735469838735,0.19443733589872594
5.0,30.42499999999934,24.723374595759008,23.64846465829764,20.13770428593673,13.89842982470518,0.19482411649277476
5.0,30.44999999999934,24.71931614433669,23.645179052706425,20.134152461956543,13.895126729410794,0.19521096008552985
5.0,30.474999999999337,24.71526481716302,23.6419011579997,20.13060278483013,13.891826174485997,0.1955978708178201
5.0,30.499999999999336,24.7112205866306,23.638634594637544,20.127055519495293,13.888528151247813,0.19598487722373262
5.0,30.524999999999334,24.70718342528431,23.635369808422457,20.123510911926296,13.885232651916052,0.1963719569483838
5.0,30.549999999999333,24.703153305768506,23.632104060968906,20.119963042880517,13.8819396692318,0.19675910819470765
5.0,30.57499999999933,24.699130200774512,23.628858016543788,20.116418608638487,13.878649195673669,0.19714635334865593
5.0,30.59999999999933,24.69511408300484,23.62561759212659,20.11287817512298,13.8753612227889,0.1975336943582633
5.0,30.62499999999933,24.691104925165956,23.622371773243497,20.10934123013918,13.872075741059113,0.19792111713730692
5.0,30.649999999999327,24.68710269999242,23.619124067714257,20.10580747618293,13.868792740318005,0.19830865641459544
5.0,30.674999999999326,24.68310738029365,23.61587629123851,20.10227672354677,13.865512210453497,0.19869629660798835
5.0,30.699999999999324,24.679118939005832,23.612629058388443,20.09874828452837,13.862234142060496,0.19908399907971128
5.0,30.724999999999323,24.67513734923007,23.609390274469003,20.09522195182314,13.858958526813511,0.19947177335415475
5.0,30.74999999999932,24.671162584245337,23.60616213124464,20.09169810210768,13.855685357521626,0.1998596366329325
5.0,30.77499999999932,24.667194617496524,23.60293575499919,20.088175155636595,13.852414627882418,0.20024755777730618
5.0,30.79999999999932,24.66323342256684,23.59970852686063,20.084649689922482,13.849146331780451,0.2006355484404676
5.0,30.824999999999317,24.659278973145945,23.596484668687697,20.081128823280952,13.845880462393303,0.20102360566617222
5.0,30.849999999999316,24.65533124300442,23.59328627217892,20.077611752682415,13.842617011650434,0.20141177387686682
5.0,30.874999999999314,24.651390205984143,23.590079971358765,20.07409804695172,13.839355970332965,0.20180000163796502
5.0,30.899999999999313,24.647455836010316,23.586870098509642,20.070587447662884,13.836097328687378,0.2021883228955619
5.0,30.92499999999931,24.643528107122627,23.58365893353496,20.067079801022714,13.832841077222506,0.2025767519473581
5.0,30.94999999999931,24.63960699351396,23.580447828078377,20.063573956054416,13.82958720734135,0.2029652705603268
5.0,30.97499999999931,24.63569246955965,23.577237272845785,20.06007029775037,13.826335711619057,0.20335384699747516
5.0,30.999999999999307,24.631784509822964,23.574039858458224,20.056568156268728,13.823086583704873,0.203742511038856
5.0,31.024999999999306,24.627883089032576,23.57084901457902,20.05306198120131,13.81983981763268,0.20413123002947678
5.0,31.049999999999304,24.623988182039383,23.567658886473147,20.049560574127963,13.816595406809522,0.20452000199179463
5.0,31.074999999999303,24.620099763766692,23.56447272126518,20.046063052551034,13.813353343325405,0.2049088543252143
5.0,31.0999999999993,24.616217809169914,23.56130820876131,20.042568948984925,13.810113617967291,0.20529779371776188
5.0,31.1249999999993,24.612342293219726,23.558136285811337,20.0390779861317,13.806876220839117,0.20568680885054497
5.0,31.1499999999993,24.608473190915873,23.554961865124465,20.035589991984732,13.803641142230516,0.20607587196039887
5.0,31.174999999999297,24.604610477327693,23.551786933766493,20.032103877969508,13.800408373345984,0.2064650519089194
5.0,31.199999999999296,24.60075412764725,23.548612293459033,20.028619771235874,13.797177906662997,0.20685433481376247
5.0,31.224999999999294,24.596904117235816,23.545438181887622,20.025138043041952,13.793949735922427,0.20724369582845154
5.0,31.249999999999293,24.59306042164676,23.542269028421437,20.021655650072812,13.790723855732798,0.20763311346141552
5.0,31.27499999999929,24.589223016617122,23.53911232800938,20.018171660878803,13.78750026070254,0.20802260167121417
5.0,31.29999999999929,24.58539187803231,23.535958186204677,20.014692266805167,13.784278944473654,0.20841214380694406
5.0,31.32499999999929,24.581566981877135,23.53280357174223,20.011216652924027,13.781059899232472,0.208801754429418
5.0,31.349999999999287,24.577748304188738,23.529660229263055,20.007744382232303,13.77784311593734,0.20919143143321925
5.0,31.374999999999286,24.573935821025522,23.526527720591215,20.004275193963622,13.774628585070772,0.20958118065357148
5.0,31.399999999999284,24.570129508461587,23.52338952756746,20.00080892181398,13.771416297542828,0.20997099795624677
5.0,31.424999999999283,24.566329342608455,23.520249434343377,19.99734447328501,13.768206245386507,0.21036088456065452
5.0,31.44999999999928,24.56253529965621,23.51710876235087,19.993881823645356,13.764998422042812,0.21075086365442508
5.0,31.47499999999928,24.558747355918694,23.513968374739278,19.990421427475436,13.761792822261222,0.21114093896163347
5.0,31.49999999999928,24.55496548786517,23.510828618624632,19.986955810720467,13.758589441374655,0.21153108341321034
5.0,31.524999999999277,24.551189672125254,23.50769491681771,19.98349385928327,13.75538827413283,0.2119212795779899
5.0,31.549999999999276,24.547419885463608,23.504572681929314,19.980036047743443,13.752189313779253,0.21231154889388293
5.0,31.574999999999275,24.54365610473236,23.50145291325965,19.9765817821136,13.748992551890101,0.21270187728649384
5.0,31.599999999999273,24.539898306816184,23.498332791758497,19.973130724199446,13.745797978964292,0.21309226212943955
5.0,31.62499999999927,24.536146468587486,23.4952379899899,19.96968266383833,13.742605585396698,0.21348272596653528
5.0,31.64999999999927,24.532400566888008,23.492139424392413,19.96623632746143,13.73941536236987,0.21387326752545924
5.0,31.67499999999927,24.52866057854693,23.489037105572617,19.962791782242515,13.7362273023519,0.21426385074392917
5.0,31.699999999999267,24.52492648043408,23.485932546788124,19.959349495982163,13.73304139916548,0.21465448374712587
5.0,31.724999999999266,24.52119824953427,23.482826930041853,19.955909414544823,13.729857647778164,0.21504521997335507
5.0,31.749999999999265,24.517475863020472,23.479721038287764,19.95246300189457,13.726676043525272,0.21543602965631325
5.0,31.774999999999263,24.513759298303192,23.476615322925046,19.949021722439674,13.723496580969012,0.21582691553481062
5.0,31.79999999999926,24.51004853304037,23.473514452641545,19.945584486383808,13.720319253101588,0.21621785614040692
5.0,31.82499999999926,24.50634354510475,23.470425200952587,19.942150730653193,13.71714405135523,0.21660887106096754
5.0,31.84999999999926,24.50264431251892,23.46733855852421,19.938720130295852,13.7139709663272,0.21699993597847428
5.0,31.874999999999257,24.4989508133765,23.464251676785555,19.9352924823328,13.710799988809141,0.21739104465691575
5.0,31.899999999999256,24.49526302577105,23.461189787763285,19.93186621428468,13.707631110645206,0.21778223585747328
5.0,31.924999999999255,24.491580927752356,23.45812215241267,19.928441697271673,13.70446432513328,0.21817349201756853
5.0,31.949999999999253,24.48790449732239,23.4550513883464,19.92501936044074,13.701299626981037,0.21856480398428121
5.0,31.974999999999252,24.484233712470466,23.451979062126064,19.92159268365657,13.698137011650424,0.21895615240932137
5.0,31.99999999999925,24.48056855123403,23.44890588886199,19.918167554899682,13.694976474194581,0.21934758173722793
5.0,32.02499999999925,24.476908991763242,23.44583267359292,19.91474686640975,13.691818008227184,0.21973911419161132
5.0,32.04999999999925,24.47325501236803,23.44276636786528,19.911329869705703,13.688661605625715,0.2201307222260208
5.0,32.07499999999925,24.469606591535186,23.43970992180217,19.90791615513297,13.68550725705809,0.220522399985761
5.0,32.09999999999925,24.46596370791625,23.43665579638897,19.904505474612716,13.682354952992723,0.22091412907087413
5.0,32.12499999999925,24.462326340296663,23.433601550532966,19.901097668252376,13.679204684754124,0.22130589372407256
5.0,32.149999999999245,24.45869446755937,23.430546422486582,19.89769095513129,13.676056445230953,0.22169769846076282
5.0,32.174999999999244,24.45506806865404,23.427513125320953,19.89428591780939,13.672910229056047,0.2220895763513561
5.0,32.19999999999924,24.451447122581214,23.424478069262165,19.890882989347347,13.669766032353952,0.2224815241455394
5.0,32.22499999999924,24.44783160839713,23.42143952811256,19.88747499237085,13.66662385189812,0.22287351208485526
5.0,32.24999999999924,24.444221505238794,23.418399328874827,19.884068947257802,13.663483683810455,0.22326553524436332
5.0,32.27499999999924,24.44061679236062,23.41535784491989,19.88066733212909,13.660345522479059,0.22365763683491258
5.0,32.29999999999924,24.437017449167964,23.412315815969077,19.877269393668108,13.657209360293562,0.22404982699214948
5.0,32.324999999999235,24.4334234552319,23.409273987759075,19.873874720391132,13.654075188252266,0.22444209297519155
5.0,32.349999999999234,24.4298347902752,23.40624453493936,19.87048306401285,13.65094299706241,0.22483443781088625
5.0,32.37499999999923,24.426251434130403,23.403220628707107,19.86709426511359,13.64781277827112,0.22522682500888414
5.0,32.39999999999923,24.422673366681202,23.400197766116065,19.86370641019582,13.644684525018059,0.22561924148402018
5.0,32.42499999999923,24.419100567806108,23.39720006816156,19.860320136303613,13.641558232225172,0.22601171719612703
5.0,32.44999999999923,24.41553301734522,23.39419430952129,19.85693569917886,13.638433896317975,0.2264042462389517
5.0,32.47499999999923,24.411970695104536,23.391183582418776,19.853543397776203,13.635311514185602,0.22679681630740822
5.0,32.499999999999226,24.40841358089823,23.388172454640483,19.8501564216491,13.632191081701212,0.2271894427531883
5.0,32.524999999999224,24.404861654614866,23.38516135673672,19.84677356931957,13.629072592683949,0.22758210309724952
5.0,32.54999999999922,24.40131489628518,23.382149920301725,19.843394232174177,13.62595603886105,0.22797482611595835
5.0,32.57499999999922,24.3977732861293,23.379138586541366,19.840018065161452,13.62284141071872,0.2283676536093872
5.0,32.59999999999922,24.394236804568333,23.376127778471037,19.83664485433264,13.619728698748878,0.22876056454106836
5.0,32.62499999999922,24.39070543219628,23.373128395539116,19.833272885582186,13.61661789452581,0.22915353311307607
5.0,32.64999999999922,24.387179149720634,23.37013506174526,19.829902286465998,13.613508991253187,0.2295465385731742
5.0,32.674999999999216,24.383657937888824,23.36714298816913,19.826533713746603,13.61040198377103,0.22993957420821476
5.0,32.699999999999214,24.38014177742059,23.364158206382015,19.82316737044427,13.607296868249298,0.2303326491767447
5.0,32.72499999999921,24.376630648964547,23.3611891769586,19.819793139879337,13.604193641264219,0.23072577165703176
5.0,32.74999999999921,24.373124533091488,23.35821118021684,19.81642371255258,13.60109229845415,0.2311189521827443
5.0,32.77499999999921,24.369623410326888,23.355229584479165,19.813058549062152,13.597992833554507,0.23151217675257707
5.0,32.79999999999921,24.366127261212565,23.352247879348262,19.809696964141416,13.59489523837469,0.23190544567246105
5.0,32.82499999999921,24.36263606637806,23.34926629280764,19.80633857610375,13.591799503640969,0.23229876601222554
5.0,32.849999999999206,24.359149806599696,23.346284681027278,19.802983152355253,13.588705620234336,0.2326921834402108
5.0,32.874999999999204,24.355668462829847,23.343303531552863,19.79962910113878,13.585613580267687,0.23308567841173303
5.0,32.8999999999992,24.35219201618818,23.34032704202269,19.796276182288956,13.582523377626849,0.23347922048718356
5.0,32.9249999999992,24.34872044791806,23.33736144972246,19.79292519349381,13.579435007946847,0.23387281076944977
5.0,32.9499999999992,24.345253739321734,23.33439886154362,19.78957160988944,13.576348467992425,0.23426642575843948
5.0,32.9749999999992,24.341791871693676,23.33144159266196,19.78621525915997,13.573263754397262,0.2346600696268105
5.0,32.9999999999992,24.33833482627267,23.328503349259147,19.782863878848254,13.570180862329059,0.2350537692242361
5.0,33.024999999999196,24.33488258422954,23.32555596512718,19.779516426651387,13.567099784860236,0.23544752799693028
5.0,33.049999999999194,24.331435126697283,23.32260497659668,19.776172365544735,13.564020513337358,0.2358413335748809
5.0,33.07499999999919,24.32799243483647,23.31965369650439,19.77283138791147,13.560943038463492,0.23623518124853046
5.0,33.09999999999919,24.324554489916927,23.31670236678673,19.769493175298233,13.557867351572098,0.23662907099359576
5.0,33.12499999999919,24.321121273392038,23.313750834610694,19.766155256791507,13.5547934455425,0.23702304595692167
5.0,33.14999999999919,24.31769276694517,23.31079946537279,19.762818934462192,13.551721315091376,0.23741708250491386
5.0,33.17499999999919,24.314268952496242,23.307848544689126,19.759484663329335,13.548650956555084,0.2378111701313893
5.0,33.199999999999186,24.310849812166857,23.304902558871007,19.75614966639409,13.5455823673007,0.23820529149549885
5.0,33.224999999999184,24.307435328212755,23.301966518231755,19.752809231577206,13.542515544570334,0.2385994496710962
5.0,33.24999999999918,24.304025482940325,23.29903309896946,19.74947410351061,13.539450484150215,0.23899363516831787
5.0,33.27499999999918,24.300620258628722,23.296116573521516,19.74614306630061,13.5363871796562,0.2393878653441187
5.0,33.29999999999918,24.297219637479518,23.29320267109027,19.742815503016416,13.533325622829034,0.23978216210893155
5.0,33.32499999999918,24.293823601609557,23.29028186302793,19.739491065561996,13.530265804611766,0.2401765009614262
5.0,33.34999999999918,24.290432133089464,23.287359065065996,19.736169539527957,13.527207716487096,0.24057088140059305
5.0,33.374999999999176,24.287045214015375,23.284436198381766,19.73284849429143,13.524151351498174,0.24096529470283734
5.0,33.399999999999174,24.283662826591254,23.281513213828415,19.72952871353674,13.521096704629915,0.24135976565044495
5.0,33.42499999999917,24.280284953197576,23.278590290149328,19.726210941322506,13.518043772625212,0.24175431798202268
5.0,33.44999999999917,24.276911576427995,23.27566774682931,19.72289491389942,13.51499255351383,0.24214892540280505
5.0,33.47499999999917,24.273542679085764,23.27274957254342,19.719569728325943,13.511943045506865,0.2425435626601537
5.0,33.49999999999917,24.270178244143512,23.26984140286025,19.71625020825489,13.508895245506627,0.24293824194347585
5.0,33.52499999999917,24.266818254679947,23.26693597910035,19.712934940699682,13.505849148117205,0.24333294731830604
5.0,33.549999999999166,24.26346269381205,23.264030769600616,19.709623224457385,13.502804745725284,0.24372767701366602
5.0,33.574999999999164,24.260111544640875,23.261141315418897,19.706314672027446,13.499762029512759,0.2441224611192172
5.0,33.59999999999916,24.256764790225663,23.258254345053995,19.70300904969261,13.496720990860762,0.2445173155448095
5.0,33.62499999999916,24.253422413594084,23.255362131156716,19.699703643344154,13.493681622488051,0.24491219783062912
5.0,33.64999999999916,24.250084397786484,23.252468600745495,19.69639951164768,13.490643918938767,0.2453071167174048
5.0,33.67499999999916,24.246750725921643,23.249574440486764,19.693097233062296,13.487607876468504,0.24570208638385904
5.0,33.69999999999916,24.243421381264874,23.24667957672516,19.689796278215393,13.484573492589087,0.24609710380991592
5.0,33.724999999999156,24.24009634727875,23.243784403705064,19.68648630769376,13.48154076494724,0.24649217210771163
5.0,33.749999999999154,24.236775607641924,23.240889370430008,19.683182071421935,13.478509689831347,0.2468872922316268
5.0,33.77499999999915,24.23345914623022,23.238000466363776,19.67988213090861,13.475480261215475,0.24728244541701505
5.0,33.79999999999915,24.230146947064906,23.23511972060421,19.676585769672464,13.472452470902617,0.24767763585311067
5.0,33.82499999999915,24.22683899424188,23.23224113492174,19.673292590275942,13.469426309605808,0.24807285164258044
5.0,33.84999999999915,24.223535271861365,23.22937678913965,19.67000235214708,13.466401768406632,0.2484681198984378
5.0,33.87499999999915,24.220235763978785,23.226517701696682,19.666713084746487,13.463378839965362,0.24886343742124067
5.0,33.899999999999146,24.216940454592457,23.22365170128511,19.66342450745175,13.46035751907219,0.24925878797135162
5.0,33.924999999999145,24.213649327672268,23.220784241718633,19.660137592637753,13.4573378025316,0.24965417702702739
5.0,33.94999999999914,24.210362367219748,23.21791650729451,19.65685261158336,13.45431968866684,0.2500496173141313
5.0,33.97499999999914,24.207079557340066,23.21504840657521,19.65356047852331,13.451303176268823,0.25044507291673024
5.0,33.99999999999914,24.203800882303927,23.212179980508225,19.650270016104802,13.448288263084669,0.2508405861247418
5.0,34.02499999999914,24.20052632658163,23.209311508700363,19.64698431240652,13.445274944609768,0.2512361464328097
5.0,34.04999999999914,24.19725587484035,23.20644606959971,19.64370241288234,13.442263213880441,0.25163175426273726
5.0,34.074999999999136,24.193989511906143,23.203590429718453,19.640423814297844,13.43925306231528,0.2520274040139372
5.0,34.099999999999135,24.190727222702222,23.200737577366457,19.63714822406179,13.436244481133922,0.2524230797953525
5.0,34.12499999999913,24.18746899218043,23.19788503895334,19.633872727538954,13.43323746263764,0.2528187800185986
5.0,34.14999999999913,24.184214805263778,23.19504883690547,19.630598326846677,13.43023200086446,0.253214528505902
5.0,34.17499999999913,24.1809646468155,23.19221369781107,19.62732588644015,13.42722809161112,0.25361032123710037
5.0,34.19999999999913,24.177718501643596,23.189372293931832,19.624055482633214,13.424225732112312,0.2540061367647812
5.0,34.22499999999913,24.174476354539344,23.186529506528995,19.620782441025476,13.421224920414186,0.2544020099553025
5.0,34.249999999999126,24.17123819033738,23.18368657319842,19.617504923819478,13.418225654196855,0.25479790150679893
5.0,34.274999999999125,24.168003993978374,23.18084340760943,19.61423279595366,13.415227929486473,0.2551938181460236
5.0,34.29999999999912,24.16477375055517,23.177999950747946,19.610964768675174,13.412231740069728,0.2555897904868005
5.0,34.32499999999912,24.161547445328925,23.17515654129077,19.607700192322543,13.409237077961812,0.2559858050003573
5.0,34.34999999999912,24.158325063710528,23.172319752427267,19.60443870402762,13.406243934639964,0.25638187224424275
5.0,34.37499999999912,24.15510659121273,23.16949004040789,19.60117851311163,13.403252302396778,0.25677797199729785
5.0,34.39999999999912,24.151892013386515,23.166662268675783,19.597918639034418,13.400262175209319,0.25717408979150735
5.0,34.424999999999116,24.14868131575962,23.16384447928209,19.594660371809926,13.397273548931352,0.2575702479118834
5.0,34.449999999999115,24.1454744837954,23.161036907947317,19.591404104346296,13.394286421016325,0.25796644734757007
5.0,34.47499999999911,24.142271502885986,23.158222161903392,19.588146453218222,13.391300789910765,0.2583626699113122
5.0,34.49999999999911,24.13907235838371,23.15540442917954,19.584882238424004,13.3883166538398,0.2587589330093142
5.0,34.52499999999911,24.135877035662297,23.152586363058155,19.581623614710217,13.385334009385378,0.25915523692637615
5.0,34.54999999999911,24.13268552018963,23.14976821995311,19.578369176844266,13.382352850735934,0.2595515563811629
5.0,34.57499999999911,24.129497797590894,23.146949731670286,19.575118228738067,13.379373170051037,0.2599479118022245
5.0,34.599999999999106,24.1263138536848,23.14413072365001,19.571870387836938,13.376394958689586,0.26034430828094335
5.0,34.624999999999105,24.12313367448335,23.141311585543445,19.568624225470366,13.373418208653948,0.26074074554532745
5.0,34.6499999999991,24.11995724615468,23.13849723948749,19.565378029454696,13.370442913585956,0.261137221560222
5.0,34.6749999999991,24.116784554957384,23.13569085937475,19.562133287209182,13.36746906905079,0.26153373290249393
5.0,34.6999999999991,24.11361558716138,23.132886808770937,19.55889029924819,13.364496672280412,0.26193026703689354
5.0,34.7249999999991,24.110450328974814,23.1300991240868,19.555643688645606,13.361525721412782,0.26232683652723954
5.0,34.7499999999991,24.107288766496968,23.127313043032423,19.552393012583853,13.358556214109418,0.2627234302548691
5.0,34.774999999999096,24.104130885711818,23.124521081232857,19.549147750751217,13.355588146134926,0.26312005616490663
5.0,34.799999999999095,24.100976672524837,23.121726060978578,19.54590660084541,13.35262151076749,0.2635167186436171
5.0,34.82499999999909,24.09782611283162,23.118930958822446,19.54266890866543,13.349656299362936,0.2639134199819218
5.0,34.84999999999909,24.09467919259735,23.116136059272502,19.539434309789172,13.346692502724949,0.2643101360478814
5.0,34.87499999999909,24.09153589792432,23.11334103521797,19.53620258267741,13.343730112672494,0.2647068815916538
5.0,34.89999999999909,24.08839621509031,23.110545850708704,19.53297046018605,13.340769123149832,0.26510367001260177
5.0,34.92499999999909,24.08526013054962,23.107750724527964,19.529739150702127,13.33780953053321,0.2655004947568459
5.0,34.949999999999086,24.082127630898476,23.104965346821075,19.526509483053868,13.334851333263085,0.26589736905366135
5.0,34.974999999999085,24.078998702815678,23.10218411200893,19.523281647838377,13.331894531189091,0.2662942663639478
5.0,34.99999999999908,24.07587333299509,23.09940384567408,19.520047581940545,13.328939124527105,0.2666911756498826
5.0,35.02499999999908,24.07275150808782,23.096634807177924,19.516812633978386,13.325985112365126,0.26708811596182847
5.0,35.04999999999908,24.06963321466984,23.093873013239428,19.51358283247732,13.323032491378866,0.2674850940649218
5.0,35.07499999999908,24.066518439245375,23.09110470429487,19.510356998764017,13.32008125552685,0.26788209987773787
5.0,35.09999999999908,24.063407168286343,23.08833260748599,19.507134531377673,13.317131396877361,0.2682791399316577
5.0,35.124999999999076,24.060299388296933,23.08555991923042,19.50391509135939,13.314182907120808,0.268676209221932
5.0,35.149999999999075,24.057195085884214,23.082787486140884,19.500694856939536,13.311235778958237,0.26907328995659024
5.0,35.17499999999907,24.054094247814557,23.080015097928506,19.497475635906174,13.30829000680639,0.26947038723621974
5.0,35.19999999999907,24.050996861040655,23.07724247670513,19.494258129328056,13.305345586813253,0.2698675251114107
5.0,35.22499999999907,24.04790291269244,23.074469894542347,19.49104248634798,13.302402516512547,0.2702647140875594
5.0,35.24999999999907,24.04481239003407,23.07170335984841,19.48781946611777,13.29946079393575,0.2706619281702761
5.0,35.27499999999907,24.04172528039731,23.068943367687602,19.484596837834363,13.296520416181208,0.27105916499748905
5.0,35.299999999999066,24.03864157110693,23.06618528803978,19.481379288113963,13.293581378195936,0.2714564219765245
5.0,35.324999999999065,24.035561249417178,23.0634484731929,19.478165676013543,13.290643672553989,0.2718537272457745
5.0,35.34999999999906,24.03248430247812,23.060705749431406,19.474955416260322,13.287707290346546,0.27225105545008593
5.0,35.37499999999906,24.02941071734418,23.057958333424754,19.471748177671973,13.284772222709526,0.27264841767994424
5.0,35.39999999999906,24.02634048102421,23.05520821994371,19.468542185088165,13.281838462291999,0.2730458010523922
5.0,35.42499999999906,24.023273580558755,23.052458137481874,19.465335910002942,13.278906004071077,0.27344320427606444
5.0,35.44999999999906,24.02021000310193,23.04970833790203,19.46213098598249,13.275974845368511,0.2738406197368576
5.0,35.474999999999056,24.0171497359856,23.046958493548022,19.458927713118687,13.273044985344212,0.2742380548588066
5.0,35.499999999999055,24.014092766750544,23.04420826278036,19.45572507645959,13.27011642429514,0.27463552024984417
5.0,35.524999999999054,24.01103908313863,23.041457894108312,19.45251189126498,13.267189162339614,0.27503301618516696
5.0,35.54999999999905,24.007988673048867,23.038708915918825,19.449304837415287,13.264263197770221,0.275430545143551
5.0,35.57499999999905,24.004941524467043,23.03596923938361,19.446102214022275,13.261338526065026,0.27582810567789895
5.0,35.59999999999905,24.00189762538391,23.033232518417424,19.442903195385654,13.258415140157137,0.27622569281842274
5.0,35.62499999999905,23.998856963720268,23.030508538489777,19.439707335973686,13.255493031752179,0.27662331706256266
5.0,35.64999999999905,23.995819527277796,23.027790213518838,19.436514373728315,13.252572193045943,0.2770209659449469
5.0,35.674999999999045,23.992785303730273,23.025065946880893,19.43332091336026,13.249652618069288,0.27741863832091823
5.0,35.699999999999044,23.989754280658897,23.022338128620717,19.430127876444566,13.2467343031948,0.27781632496418024
5.0,35.72499999999904,23.98672644562191,23.019609145985054,19.42693620873142,13.2438172468717,0.27821402869783607
5.0,35.74999999999904,23.98370178623824,23.01688036071969,19.423746195867015,13.24090144898433,0.2786117563225698
5.0,35.77499999999904,23.980680290262196,23.01415171431539,19.42055159373668,13.237986909876334,0.2790094907016766
5.0,35.79999999999904,23.97766194563072,23.01142294162089,19.417353123143545,13.235073628879523,0.2794072441935398
5.0,35.82499999999904,23.974646740473748,23.008694186122856,19.41416019314469,13.232161602921625,0.27980504032013676
5.0,35.849999999999035,23.9716346630877,23.005968776012107,19.410971411245942,13.229250826067448,0.28020286611809475
5.0,35.874999999999034,23.96862570188062,23.003250946829553,19.40778608281987,13.226341290270675,0.28060073250504813
5.0,35.89999999999903,23.965619845303593,23.000535440196373,19.404603823829305,13.223432986932158,0.28099862237149126
5.0,35.92499999999903,23.962617081785073,22.997821715312046,19.401422455518865,13.220525908508085,0.28139652623600747
5.0,35.94999999999903,23.95961739968415,22.995127382496122,19.398240731249746,13.217620049484712,0.2817944582393137
5.0,35.97499999999903,23.95662078727594,22.992425532447587,19.395060326970953,13.214715406529535,0.28219240553216973
5.0,35.99999999999903,23.9536272327749,22.989719440796932,19.391881514210294,13.21181197808734,0.2825903722113698
5.0,36.024999999999025,23.950636724390666,22.987011282871144,19.38869855895476,13.208909763497383,0.28298835115039683
5.0,36.049999999999024,23.94764925040078,22.98430310415704,19.38551072090693,13.206008761488071,0.28338634635258453
5.0,36.07499999999902,23.94466479921938,22.98159506129869,19.382328479108974,13.203108968653336,0.28378435398487717
5.0,36.09999999999902,23.941683359443545,22.978886875520324,19.379150391221362,13.200210378836761,0.28418239116716376
5.0,36.12499999999902,23.938704919865987,22.97617847417269,19.375975749136728,13.197312983767407,0.2845804638372852
5.0,36.14999999999902,23.935729469451754,22.97347003200892,19.372804167020767,13.194416774568703,0.28497855524038546
5.0,36.17499999999902,23.932756997284446,22.97076838260594,19.36963541517316,13.191521743479166,0.28537668939786504
5.0,36.199999999999015,23.929787492493965,22.968071673124673,19.366465975549847,13.188627885075729,0.2857748405488435
5.0,36.224999999999014,23.926820944182083,22.965381263221065,19.363296764712906,13.185735196603522,0.28617300599085765
5.0,36.24999999999901,23.923857341364357,22.962705609870948,19.36012868262314,13.182843677526078,0.2865711985902681
5.0,36.27499999999901,23.92089667294525,22.96002334673166,19.356962134187366,13.179953328724308,0.286969412278963
5.0,36.29999999999901,23.917938927735342,22.957337238372435,19.353787200126515,13.177064151206872,0.28736763091149875
5.0,36.32499999999901,23.914984094506636,22.954649292229504,19.350612867241065,13.174176144395028,0.2877658593094077
5.0,36.34999999999901,23.91203216206983,22.951961347369082,19.34744366849248,13.171289304801634,0.2881641139541989
5.0,36.374999999999005,23.909083119351553,22.94927352436113,19.344278410908817,13.16840362588967,0.28856237555495634
5.0,36.399999999999004,23.906136955451494,22.946585541365344,19.34111648736402,13.165519099162557,0.28896065540570687
5.0,36.424999999999,23.90319365966662,22.94389712311652,19.337957556513057,13.16263571592965,0.2893589711831838
5.0,36.449999999999,23.90025322147869,22.941208378692174,19.334801140663586,13.159753469058366,0.289757310310034
5.0,36.474999999999,23.897315630509002,22.93852296862459,19.33164309449104,13.156872354027595,0.29015567373965423
5.0,36.499999999999,23.894380876450615,22.93584439586245,19.32848578751349,13.153992369008899,0.29055406152581736
5.0,36.524999999999,23.89144894899246,22.933167983201933,19.325329694411597,13.15111351423067,0.2909524600989175
5.0,36.549999999998995,23.888519837751907,22.930503655582395,19.322175184749387,13.148235791114463,0.29135088386014363
5.0,36.574999999998994,23.885593532232377,22.927844286163435,19.31900855095302,13.145359200817596,0.29174931836355983
5.0,36.59999999999899,23.88267002181816,22.925179444619012,19.315847298245593,13.142483742417328,0.29214776325533925
5.0,36.62499999999899,23.879749295809084,22.922511297351175,19.312690712230868,13.139609411760762,0.292546220390336
5.0,36.64999999999899,23.876831343485573,22.919841951347276,19.30953783164093,13.136736201673155,0.2929447000128538
5.0,36.67499999999899,23.873916154185487,22.917172694943964,19.30638814993418,13.133864103355187,0.29334319342762927
5.0,36.69999999999899,23.8710037173718,22.91450352273984,19.303241374763463,13.130993108283946,0.29374169673123185
5.0,36.724999999998985,23.868094022674608,22.911834145982553,19.300094504380564,13.128123209795177,0.2941402249858357
5.0,36.749999999998984,23.86518705989898,22.90916439923506,19.29694727985547,13.125254403783192,0.2945387695674681
5.0,36.77499999999898,23.862282818998814,22.906497416139942,19.293801019654605,13.122386688501862,0.2949373435194297
5.0,36.79999999999898,23.85938129002445,22.903837308512355,19.29065613409243,13.11952006386202,0.29533594323604684
5.0,36.82499999999898,23.856482463057354,22.901179425000443,19.28750589103188,13.116654530301279,0.2957345544434274
5.0,36.84999999999898,23.853586328147372,22.89852562894468,19.284351840208846,13.113790087143895,0.2961331699321297
5.0,36.87499999999898,23.850692875268216,22.895887078083618,19.281203379713624,13.110926731112784,0.2965318164612798
5.0,36.899999999998975,23.847802094303955,22.893241996913993,19.278059066774574,13.10806445588541,0.29693047260721545
5.0,36.924999999998974,23.844913975072096,22.890593147628483,19.27491818954272,13.105203252947012,0.29732914161642104
5.0,36.94999999999897,23.84202850737793,22.887941800807916,19.27178035721466,13.102343113285404,0.2977278173347279
5.0,36.97499999999897,23.8391456810846,22.885289850182037,19.268643183086457,13.099484029113933,0.29812651094489545
5.0,36.99999999999897,23.83626548617876,22.882638169923457,19.265505250231264,13.096625994892165,0.29852521648413993
5.0,37.02499999999897,23.833387912813954,22.879986637957355,19.26236848141803,13.093769007450897,0.2989239354807487
5.0,37.04999999999897,23.830512951321275,22.877334951076538,19.259233222279292,13.090913065528138,0.2993226710782516
5.0,37.074999999998965,23.82764059218561,22.874683121799904,19.256099579828735,13.088058169154058,0.29972142150153747
5.0,37.099999999998964,23.824770825993124,22.87203516182335,19.252953209722946,13.085204318389065,0.30012018318415445
5.0,37.12499999999896,23.82190364336125,22.86939329911029,19.249812691143113,13.082351511603788,0.30051897644219394
5.0,37.14999999999896,23.81903903486594,22.86675526635926,19.246676765688512,13.079499744350047,0.30091777871287806
5.0,37.17499999999896,23.816176990983195,22.864135045936823,19.24354448452707,13.076649009545218,0.3013166134826198
5.0,37.19999999999896,23.813317502061384,22.861508422146507,19.24041535247332,13.073799298817413,0.3017154551820782
5.0,37.22499999999896,23.810460558334746,22.85887806044584,19.237289086260184,13.070950604338629,0.3021143064030706
5.0,37.249999999998956,23.807606149976213,22.856245193227135,19.234164016441806,13.068102920408384,0.30251316429243813
5.0,37.274999999998954,23.80475426717532,22.85361063761302,19.231037535385447,13.065256244190275,0.3029120303083756
5.0,37.29999999999895,23.80190490021936,22.85097628201291,19.22791155038887,13.062410575475186,0.3033109074792008
5.0,37.32499999999895,23.799058039556385,22.848342261083136,19.224786668500894,13.059565915828264,0.30370979580954155
5.0,37.34999999999895,23.796213675825715,22.845708278674817,19.221656870936446,13.056722267285961,0.30410869356216885
5.0,37.37499999999895,23.793371799851062,22.843074190732878,19.218522235161142,13.053879630559292,0.30450759794296794
5.0,37.39999999999895,23.79053240259989,22.8404400735138,19.21539328558568,13.051038003420736,0.3049065155362149
5.0,37.424999999998946,23.787695475118333,22.837809978367318,19.212268518972845,13.048197380198307,0.3053054648685018
5.0,37.449999999998944,23.784861008454566,22.835185544304895,19.209147201302553,13.045357752649899,0.3057044324841299
5.0,37.47499999999894,23.782028993585204,22.832566117542484,19.20602893144111,13.042519111748208,0.30610341619355547
5.0,37.49999999999894,23.77919942136068,22.82996212065799,19.202913038895527,13.039681449621215,0.3065024226189922
5.0,37.52499999999894,23.776372282484164,22.827352016756013,19.19979512350125,13.036844760828911,0.3069014215163672
5.0,37.54999999999894,23.773547567532123,22.824738286581393,19.19667783227967,13.034009042613416,0.30730042348849357
5.0,37.57499999999894,23.77072526701286,22.82212209514038,19.193561847665798,13.031174294372601,0.30769944117571885
5.0,37.599999999998936,23.767905371447878,22.819504793284167,19.19044731760102,13.02834051686906,0.308098464477952
5.0,37.624999999998934,23.765087871454373,22.816887627835392,19.18732637830579,13.025507711137884,0.3084974953441441
5.0,37.64999999999893,23.7622727578085,22.81427060990915,19.184202742539163,13.022675876945648,0.3088965353488669
5.0,37.67499999999893,23.75946002147602,22.811653475745256,19.181084578692534,13.019845011443769,0.30929558388863987
5.0,37.69999999999893,23.756649653606253,22.809036235831005,19.177970462676527,13.017015108865264,0.3096946466098889
5.0,37.72499999999893,23.753841645493086,22.806418989666607,19.174859697472826,13.014186161469796,0.31009373346972713
5.0,37.74999999999893,23.75103598851253,22.80380835779515,19.171751903689945,13.011358161262478,0.31049284713377845
5.0,37.774999999998926,23.74823267405,22.801201451707577,19.168645889741672,13.008531101751268,0.3108919727370236
5.0,37.799999999998924,23.74543169343219,22.798598527333805,19.16553799489594,13.00570497899174,0.31129109283741196
5.0,37.82499999999892,23.742633037878736,22.79601071814887,19.16243076324458,13.002879791641998,0.31169022852055794
5.0,37.84999999999892,23.739836698486865,22.793416811754486,19.1593247656593,13.000055540321334,0.3120893708531262
5.0,37.87499999999892,23.73704266625535,22.790819289318947,19.156220172006336,12.997232226778703,0.31248852337097993
5.0,37.89999999999892,23.734250932143063,22.788219479449396,19.1531031674036,12.994409852482079,0.3128876650471786
5.0,37.92499999999892,23.731461487146998,22.785619419215166,19.149991216798654,12.991588416829249,0.3132868185969472
5.0,37.949999999998916,23.72867432237927,22.783019399973885,19.146883898256025,12.988767916003072,0.31368598296089695
5.0,37.974999999998914,23.72588942912452,22.780419235111736,19.143780218387494,12.985948343186497,0.3140851553099148
5.0,37.99999999999891,23.723106798865867,22.777818683804334,19.14067966716797,12.983129689983802,0.31448434054593644
5.0,38.02499999999891,23.72032642327597,22.77521764312176,19.137581955410948,12.980311948361331,0.31488354013230807
5.0,38.04999999999891,23.71754829417683,22.772616942840013,19.134485550807817,12.977495112354134,0.31528276146126877
5.0,38.07499999999891,23.71477240347718,22.77002352680293,19.131387338475754,12.974679178900669,0.31568199970833166
5.0,38.09999999999891,23.71199874310012,22.767432601374004,19.12828976997179,12.971864147664917,0.3160812340657864
5.0,38.124999999998906,23.709227304915935,22.764850588502348,19.12519317763807,12.969050020210483,0.31648046998608564
5.0,38.149999999998904,23.70645808069574,22.76227605954127,19.122097927667472,12.96623679904918,0.31687972235648265
5.0,38.1749999999989,23.70369106209861,22.759696370308745,19.11899456997849,12.963424486409178,0.31727897437916064
5.0,38.1999999999989,23.70092624069671,22.757113521641223,19.11589069919621,12.96061308264938,0.31767822968904214
5.0,38.2249999999989,23.69816360803175,22.754528929704097,19.112792087981067,12.957802585045306,0.31807749044051586
5.0,38.2499999999989,23.695403155686645,22.75194417349078,19.109697413461056,12.954992987731394,0.3184767643268267
5.0,38.2749999999989,23.69264487535274,22.749359428990754,19.106606020307474,12.952184282879228,0.3188760525146959
5.0,38.299999999998896,23.689888758875995,22.746774498299615,19.103517547119765,12.949376462560203,0.31927534300922794
5.0,38.324999999998894,23.687134798272577,22.744189152306003,19.100426794845454,12.946569520331245,0.3196746343098574
5.0,38.34999999999889,23.684382985712343,22.74160347840495,19.09733631042283,12.94376345190777,0.32007393816482277
5.0,38.37499999999889,23.68163331347516,22.73902256977005,19.094247353511673,12.940958255001066,0.32047326807797794
5.0,38.39999999999889,23.678885773890407,22.736445927578437,19.091159729569334,12.938153928778327,0.3208725977249046
5.0,38.42499999999889,23.67614035927274,22.73387058387392,19.088073582293372,12.935350473349425,0.32127192961010953
5.0,38.44999999999889,23.673397061868382,22.731307419963716,19.084974396607592,12.932547888666736,0.3216712595371929
5.0,38.474999999998886,23.67065587382532,22.72874623637297,19.081881240360964,12.929746172957378,0.3220705991833347
5.0,38.499999999998884,23.667916787196532,22.72618051825414,19.078792624583308,12.926945321719717,0.3224699538494219
5.0,38.52499999999888,23.665179793976883,22.72361193734915,19.07570759088582,12.924145328002668,0.3228693076380229
5.0,38.54999999999888,23.66244488616408,22.721041311962022,19.072625641720453,12.921346183811416,0.3232686600914777
5.0,38.57499999999888,23.659712055826517,22.718470029994403,19.069546491784916,12.918547881966596,0.3236680316760949
5.0,38.59999999999888,23.656981295159376,22.715898876968897,19.066464832893622,12.915750417486311,0.3240674040335803
5.0,38.62499999999888,23.65425259651478,22.713327795192008,19.0633833956257,12.912953787963469,0.32446677637558713
5.0,38.649999999998876,23.651525952399588,22.710756548917885,19.06030346274731,12.910157993121548,0.324866154499515
5.0,38.674999999998875,23.64880135544227,22.708185185510658,19.05722480151005,12.90736303406562,0.3252655381855555
5.0,38.69999999999887,23.646078798336585,22.70561943298175,19.05414755273431,12.904568912643063,0.32566494580377137
5.0,38.72499999999887,23.643358273773995,22.70305734139563,19.051057626967673,12.901775630307304,0.3260643421304194
5.0,38.74999999999887,23.640639774379032,22.700499854267335,19.047973207967715,12.89898318656006,0.32646374132394784
5.0,38.77499999999887,23.63792329266261,22.697955649719063,19.044893324630593,12.896191577957829,0.32686315506378755
5.0,38.79999999999887,23.635208821006387,22.6954059774593,19.041816993654827,12.89340079839175,0.32726257734946035
5.0,38.824999999998866,23.632496351684757,22.6928530067025,19.038743712333407,12.890610840496796,0.32766201179614585
5.0,38.849999999998865,23.629785876920437,22.69029776838458,19.03567319730481,12.887821697527121,0.3280614441573614
5.0,38.87499999999886,23.62707738895923,22.687740930105203,19.032600167250934,12.885033364768454,0.32846086112692097
5.0,38.89999999999886,23.624370880144184,22.685184081616978,19.029527219112065,12.882245839948304,0.32886029151499385
5.0,38.92499999999886,23.621666342970645,22.682627392509115,19.026455463098493,12.879459122802576,0.32925972407662224
5.0,38.94999999999886,23.618963770110454,22.68007065060828,19.023384886012813,12.876673214310093,0.32965915701152454
5.0,38.97499999999886,23.61626315440208,22.67751370310994,19.020312377455557,12.873888115849969,0.3300585961152165
5.0,38.999999999998856,23.613564488810738,22.674956609807865,19.017230930491255,12.87110382787652,0.3304580285880884
5.0,39.024999999998855,23.610867766367033,22.672399677547254,19.01415547439522,12.868320348463483,0.3308574635421258
5.0,39.04999999999885,23.60817298009486,22.669849597942882,19.011084240824786,12.865537672665615,0.33125691305063715
5.0,39.07499999999885,23.60548012294104,22.667306661935832,19.008016404036077,12.862755793171056,0.3316563731624962
5.0,39.09999999999885,23.6027891877212,22.664775419576422,19.004951530495692,12.859974701924227,0.33205584723829834
5.0,39.12499999999885,23.600100167096365,22.662239187328822,19.00188816344065,12.857194391961213,0.3324553319168193
5.0,39.14999999999885,23.597413053588866,22.659699831220372,18.9988225907441,12.854414858599647,0.33285480818172913
5.0,39.174999999998846,23.59472783963547,22.657158263496882,18.995757581663828,12.851636099628768,0.33325427201398017
5.0,39.199999999998845,23.592044517664124,22.654615095070216,18.992693452809046,12.84885811475837,0.3336537220393201
5.0,39.22499999999884,23.589363080174323,22.65207185711682,18.989630503423708,12.846080904830059,0.334053196860465
5.0,39.24999999999884,23.586683519801454,22.649528724834642,18.9865690402844,12.843304471189084,0.3344526731184801
5.0,39.27499999999884,23.58400582935186,22.646985507029463,18.98349722329264,12.84052881473029,0.33485214246151074
5.0,39.29999999999884,23.581330001803856,22.644441976362756,18.980428305812687,12.837753934558233,0.33525160948252486
5.0,39.32499999999884,23.57865603027753,22.641898221685498,18.977364255899072,12.834979827076536,0.335651084308435
5.0,39.349999999998836,23.5759839079813,22.639357178902333,18.974303910635506,12.8322064862188,0.3360505706688944
5.0,39.374999999998835,23.573313628146316,22.636821143622342,18.971246685663928,12.829433904774804,0.3364500685758258
5.0,39.39999999999883,23.570645183961133,22.634286769330256,18.968189626667684,12.826662076074163,0.33684955912632036
5.0,39.42499999999883,23.56797856851926,22.631761056755096,18.9651311722875,12.823890995145572,0.3372490478435884
5.0,39.44999999999883,23.565313774791196,22.62924108081301,18.962073613506245,12.821120659008974,0.3376485509694411
5.0,39.47499999999883,23.562650795629224,22.626716456235457,18.95901742442666,12.818351066355131,0.3380480467879879
5.0,39.49999999999883,23.559989623805865,22.624188904350593,18.95596247410091,12.815582217045058,0.3384475316745879
5.0,39.524999999998826,23.557330252077783,22.621659813310128,18.95290849901241,12.812814111699213,0.33884702474780587
5.0,39.549999999998825,23.554672673259432,22.61913041064466,18.94984201431554,12.81004675070325,0.339246515515609
5.0,39.57499999999882,23.552016880288626,22.61660085023944,18.94678187833799,12.80728013276529,0.3396460037404288
5.0,39.59999999999882,23.549362866269597,22.614070992130774,18.943726098564525,12.804514254041859,0.34004550028305086
5.0,39.62499999999882,23.546710624485925,22.611540665851457,18.94067375915691,12.80174910850287,0.3404449909863473
5.0,39.64999999999882,23.544060148382727,22.609009855453557,18.937624386351946,12.79898468934992,0.34084448226348085
5.0,39.67499999999882,23.54141143152316,22.60648091842239,18.93457377043718,12.796220990609063,0.34124398504832154
5.0,39.699999999998816,23.538764467528352,22.60395705838078,18.931522470488407,12.793458008068962,0.3416434899447218
5.0,39.724999999998815,23.536119250012504,22.60143489797946,18.928472336387728,12.790695739386013,0.34204298420921386
5.0,39.74999999999881,23.533475772526522,22.598926835475865,18.925423196828085,12.787934183680232,0.3424424798905965
5.0,39.77499999999881,23.530834028524197,22.596417092380783,18.922375259312386,12.785173341028273,0.34284198841850294
5.0,39.79999999999881,23.528194011360924,22.59390363055632,18.919328794877067,12.782413212110416,0.3432414926037029
5.0,39.82499999999881,23.525555714326398,22.591387691141566,18.91627103315733,12.779653797387015,0.34364097902813195
5.0,39.84999999999881,23.522919130702167,22.588869905702726,18.91321764361697,12.776895095801619,0.3440404619511576
5.0,39.874999999998806,23.520284253827427,22.58635175028475,18.910168882942365,12.774137103911368,0.3444399624062759
5.0,39.899999999998805,23.51765107715503,22.583833602449637,18.90712368661882,12.771379816153456,0.3448394665638235
5.0,39.9249999999988,23.51501959428404,22.581315354865644,18.90408151438676,12.76862322616146,0.34523897026556527
5.0,39.9499999999988,23.5123897989625,22.578796838271966,18.901038799555018,12.765867328347156,0.3456384677210196
5.0,39.9749999999988,23.509761685061505,22.576278126445747,18.89799496691818,12.763112118900633,0.3460379659681972
5.0,39.9999999999988,23.50713524652714,22.573763065318957,18.89495215024803,12.760357595949822,0.34643746552943655
5.0,40.0249999999988,23.504510477320654,22.57125196860926,18.89191033223957,12.757603759160977,0.3468369570144127
5.0,40.049999999998796,23.50188737135889,22.568742123033168,18.888869646660563,12.754850609194905,0.3472364418340916
5.0,40.074999999998795,23.499265922467494,22.566243860664155,18.88583035428051,12.752098147300746,0.3476359396023638
5.0,40.09999999999879,23.496646124358342,22.56374650363711,18.882782229153943,12.749346374580929,0.3480354338405325
5.0,40.12499999999879,23.494027970638736,22.56124516966891,18.879735279522055,12.746595290785681,0.34843492027094436
5.0,40.14999999999879,23.491411454852123,22.558741228314492,18.876693244216774,12.743844893374167,0.3488343954878739
5.0,40.17499999999879,23.488796570540824,22.556235368195214,18.87365488644487,12.74109517759266,0.3492338699333747
5.0,40.19999999999879,23.486183311314583,22.553728341780403,18.870619597377285,12.738346137620402,0.3496333586552319
5.0,40.224999999998786,23.483571670907395,22.55122122242005,18.867582736123936,12.73559776802472,0.3500328419589766
5.0,40.249999999998785,23.48096164320925,22.548714107214174,18.864545360758893,12.732850064701054,0.3504323250730338
5.0,40.27499999999878,23.47835322226668,22.54620683067082,18.8615092491611,12.730103025079645,0.350831795269194
5.0,40.29999999999878,23.47574640225347,22.543699330066246,18.85847437189727,12.727356647881999,0.35123125676201494
5.0,40.32499999999878,23.473141177418153,22.541191693502224,18.855440639332336,12.724610932783309,0.35163071998306017
5.0,40.34999999999878,23.470537542018295,22.538690131367748,18.852408244927375,12.721865880184449,0.35203018991043267
5.0,40.37499999999878,23.46793549025315,22.536190843038742,18.849374500987786,12.719121490990258,0.35242965277593474
5.0,40.399999999998776,23.465335016208062,22.53370682950212,18.846332146289452,12.716377765782369,0.35282911627319424
5.0,40.424999999998775,23.462736113824448,22.531219350022905,18.84329571580774,12.713634703650609,0.3532285768662041
5.0,40.449999999998774,23.460138776905318,22.528728562630715,18.840263398027027,12.710892301616788,0.3536280389044648
5.0,40.47499999999877,23.457542999157038,22.526235485146756,18.837234351791157,12.708150555165075,0.3540274934317282
5.0,40.49999999999877,23.454948774257414,22.523740649912067,18.834206724663815,12.705409459554584,0.35442694524553403
5.0,40.52499999999877,23.452356095932412,22.52124537731115,18.8311768057588,12.70266901101883,0.35482640528135806
5.0,40.54999999999877,23.449764958022676,22.518750041850897,18.82814725084083,12.699929207253929,0.3552258531807148
5.0,40.57499999999877,23.447175354525534,22.516254551652125,18.82511831793909,12.697190047226028,0.3556252902597094
5.0,40.599999999998765,23.44458727960582,22.513758722835306,18.822090402691355,12.694451530678634,0.3560247206146825
5.0,40.624999999998764,23.44200072757628,22.511262560757423,18.819063859932818,12.691713657710343,0.3564241515607622
5.0,40.64999999999876,23.439415692853547,22.50876617378361,18.816034510640144,12.68897642837313,0.3568235773366981
5.0,40.67499999999876,23.436832169898455,22.50627160959553,18.81299885158118,12.686239841826463,0.35722298692232773
5.0,40.69999999999876,23.43425015315056,22.503781714370472,18.809968899171142,12.683503895374374,0.3576223946747562
5.0,40.72499999999876,23.431669636967733,22.501297791730018,18.806942968036562,12.680768584207756,0.3580218040244623
5.0,40.74999999999876,23.42909061558274,22.498823880537778,18.803920262976632,12.678033902210673,0.3584212261675817
5.0,40.774999999998755,23.42651308308828,22.496345480221198,18.8008981851161,12.675299843383053,0.3588206427051188
5.0,40.799999999998754,23.423937033456557,22.493864190542414,18.797874253529923,12.672566403005463,0.3592200414817194
5.0,40.82499999999875,23.421362460590338,22.491380805402205,18.79485108598143,12.66983357806595,0.35961944488426956
5.0,40.84999999999875,23.41878935839302,22.48889596317999,18.791828653342357,12.667101367056475,0.3600188388795641
5.0,40.87499999999875,23.416217720839917,22.486410844846212,18.78880720240673,12.664369769509033,0.3604182321473695
5.0,40.89999999999875,23.4136475420339,22.48392561487285,18.78578704375321,12.661638785592235,0.3608176194949038
5.0,40.92499999999875,23.411078816234177,22.481440145475233,18.78276738804244,12.658908415870906,0.36121700055454264
5.0,40.949999999998745,23.408511537854494,22.47895435771877,18.77973710709003,12.656178660562592,0.3616163617158955
5.0,40.974999999998744,23.405945701433716,22.476468337951648,18.77671292008781,12.653449518415528,0.3620157190388354
5.0,40.99999999999874,23.403381301586386,22.47398697865882,18.77369289791346,12.65072098611304,0.36241507898854153
5.0,41.02499999999874,23.40081833294403,22.471508313724406,18.770676152290115,12.647993058768506,0.36281443931727864
5.0,41.04999999999874,23.398256790098905,22.469030386079467,18.767661333088853,12.645265731257037,0.3632137915774546
5.0,41.07499999999874,23.395696667561303,22.46656122532764,18.764643825950767,12.642538999478457,0.36361313932553346
5.0,41.09999999999874,23.39313795973995,22.464095209347914,18.761626725959506,12.639812860906039,0.3640124841406924
5.0,41.124999999998735,23.390580660951297,22.46162516483379,18.758610424423154,12.637087314435572,0.36441181588702753
5.0,41.149999999998734,23.38802476545699,22.45915248671427,18.755595020783804,12.634362359912291,0.36481114824002486
5.0,41.17499999999873,23.385470267521026,22.456678143851438,18.752580804125586,12.631637997695789,0.36521048338379686
5.0,41.19999999999873,23.38291716147236,22.45420334347191,18.74956161887301,12.628914228098834,0.3656098080600984
5.0,41.22499999999873,23.38036544175752,22.451728298196315,18.746539070965298,12.626191050398134,0.36600911569093725
5.0,41.24999999999873,23.3778151029715,22.449252921165762,18.743521693060963,12.62346846189504,0.36640841466243673
5.0,41.27499999999873,23.375266139861285,22.44677717005661,18.740508040189663,12.620746457791922,0.36680770466783913
5.0,41.299999999998725,23.372718547302696,22.444301114932344,18.737497429520744,12.618025032110552,0.36720698970769833
5.0,41.324999999998724,23.370172320255957,22.441825153611415,18.73448809683775,12.615304179180889,0.36760626640348126
5.0,41.34999999999872,23.367627453708256,22.439354456221132,18.731476292834397,12.612583894818604,0.3680055449149211
5.0,41.37499999999872,23.365083942613637,22.436886274939194,18.72846491445017,12.609864176690364,0.3684048086842509
5.0,41.39999999999872,23.362541781842495,22.43443239076309,18.72545420132107,12.607145023992238,0.36880407307366514
5.0,41.42499999999872,23.36000096615366,22.43197381273108,18.72244432127884,12.604426436858832,0.3692033310939771
5.0,41.44999999999872,23.357461490198325,22.42951224712989,18.71943559755702,12.601708415863357,0.3696025933839565
5.0,41.474999999998715,23.354923348556284,22.42704853687009,18.71642832980599,12.598990961785164,0.3700018540030311
5.0,41.499999999998714,23.352386535794952,22.424583138991206,18.713411363914663,12.596274075041258,0.3704010964952605
5.0,41.52499999999871,23.349851046534937,22.42211721870778,18.710397967738384,12.593557754704442,0.37080032703917093
5.0,41.54999999999871,23.347316875504998,22.419651136969186,18.70738897178484,12.59084199786278,0.3711995451688216
5.0,41.57499999999871,23.344784017573925,22.417184832350475,18.704383330426985,12.588126799949107,0.3715987609009556
5.0,41.59999999999871,23.342252467753813,22.41471817415411,18.701380522891693,12.58541215597554,0.37199796385543354
5.0,41.62499999999871,23.339722221176174,22.412251208948824,18.69837652032681,12.582698061934009,0.37239715671050994
5.0,41.649999999998705,23.337193273046932,22.409784310201584,18.695371404388293,12.579984515587828,0.37279633943759216
5.0,41.674999999998704,23.33466561858916,22.407322517555116,18.692366279356953,12.5772715164187,0.37319551565338316
5.0,41.6999999999987,23.33213925298386,22.40486251706447,18.689361726100046,12.574559065021083,0.37359468073123264
5.0,41.7249999999987,23.329614171319466,22.402406382202976,18.686358225393604,12.57184716240841,0.37399384193421475
5.0,41.7499999999987,23.327090368560302,22.39995988412717,18.683356135846118,12.569135809571462,0.3743930153445008
5.0,41.7749999999987,23.324567839542425,22.397508940077245,18.68034858347582,12.566425007020976,0.37479218309655926
5.0,41.7999999999987,23.322046578999924,22.395055155617353,18.67733925906922,12.563714754004513,0.3751913339510207
5.0,41.824999999998695,23.3195265816168,22.392599327538697,18.67433490258767,12.561005047842956,0.37559047545105445
5.0,41.849999999998694,23.31700784209213,22.390142728170918,18.67133414890657,12.558295884047773,0.37598961220339583
5.0,41.87499999999869,23.314490355202768,22.38768581788209,18.668336345536495,12.555587257357145,0.3763887352342329
5.0,41.89999999999869,23.31197411584937,22.385228590387108,18.665337143615055,12.55287916306408,0.3767878402761595
5.0,41.92499999999869,23.30945911907717,22.382770922198212,18.6623369768499,12.55017159786251,0.3771869264353666
5.0,41.94999999999869,23.306945360069218,22.38031274612475,18.659336778851074,12.547464559923341,0.377585991883352
5.0,41.97499999999869,23.30443283411536,22.377854162490078,18.656337139457467,12.544758048434515,0.37798505909398356
5.0,41.999999999998685,23.30192153656384,22.37539848729843,18.653338548372982,12.542052063030964,0.37838412651520037
5.0,42.024999999998684,23.299411462764592,22.372945897272405,18.650341369160664,12.539346603439956,0.3787831882298133
5.0,42.04999999999868,23.296902608014676,22.370497153406333,18.64733458475717,12.536641668848654,0.37918223227518466
5.0,42.07499999999868,23.294394967517178,22.36805875464406,18.64433180192378,12.533937256970649,0.3795812853866598
5.0,42.09999999999868,23.29188853636417,22.365616072877245,18.641333275266415,12.53123336353526,0.3799803369588733
5.0,42.12499999999868,23.289383309549716,22.36317063162969,18.63833802308482,12.528529982752964,0.38037937971028674
5.0,42.14999999999868,23.286879282010712,22.36072319018682,18.635345550441,12.525827108636967,0.38077841246923283
5.0,42.174999999998676,23.284376448684945,22.358274521764784,18.632353356942186,12.523124736513143,0.38117742911971103
5.0,42.199999999998674,23.281874804571007,22.355825493590427,18.629359076692005,12.520422863922404,0.38157642645215856
5.0,42.22499999999867,23.27937434477526,22.35337622663324,18.626364643954442,12.517721490594361,0.3819754017705452
5.0,42.24999999999867,23.27687506453583,22.35092662081415,18.623370563117433,12.515020617750158,0.3823743647584032
5.0,42.27499999999867,23.27437695922025,22.34847654304379,18.62037733586439,12.512320247235476,0.3827733142791025
5.0,42.29999999999867,23.271880024298977,22.34602604089237,18.617385361309797,12.509620380888087,0.3831722654726366
5.0,42.32499999999867,23.269384255301087,22.34357788357681,18.614392415667723,12.506921020176387,0.3835712147076515
5.0,42.349999999998666,23.266889647760884,22.341132985446077,18.611392116387105,12.504222165565256,0.3839701483553403
5.0,42.374999999998664,23.26439619716521,22.33868911203353,18.608397269130716,12.501523815751396,0.384369066775669
5.0,42.39999999999866,23.26190389891163,22.336255205265775,18.60540620284215,12.498825967476703,0.3847679967063371
5.0,42.42499999999866,23.259412748287314,22.333821843206724,18.602418146339684,12.496128616281096,0.38516692311629314
5.0,42.44999999999866,23.2569227404752,22.33138509843635,18.599432361063315,12.493431757909793,0.38556584125146975
5.0,42.47499999999866,23.254433870587775,22.32894605415788,18.596443418790738,12.490735389516932,0.3859647387870664
5.0,42.49999999999866,23.251946133720782,22.32650526987923,18.59345390049848,12.488039510031891,0.3863636053187257
5.0,42.524999999998656,23.249459525013307,22.324063482164934,18.590464549246484,12.4853441197232,0.38676245672983256
5.0,42.549999999998654,23.246974039699246,22.321621411021926,18.587475960553757,12.482649219427529,0.38716129851332715
5.0,42.57499999999865,23.244489673138542,22.319179132796872,18.584488571528194,12.479954809918613,0.3875601319216886
5.0,42.59999999999865,23.2420064208225,22.316736537657874,18.581502688638405,12.477260891665072,0.38795895435434097
5.0,42.62499999999865,23.239524278353784,22.31429355224905,18.578508450151478,12.474567464441371,0.388357758600462
5.0,42.64999999999865,23.237043241406212,22.31185023188593,18.575517256836374,12.471874526644635,0.3887565528513287
5.0,42.67499999999865,23.234563305672285,22.30941156660776,18.572530282535272,12.469182074917322,0.38915534927195694
5.0,42.699999999998646,23.232084466808026,22.30697464289827,18.56954651340332,12.466490104603784,0.3895541377130199
5.0,42.724999999998644,23.229606720385693,22.304546183805193,18.566565443991426,12.463798610972791,0.38995292723695435
5.0,42.74999999999864,23.22713006186525,22.30212047671991,18.563584566354553,12.461107590603499,0.39035170979825523
5.0,42.77499999999864,23.22465448659313,22.299691322395574,18.56060139758734,12.458417042174972,0.39075047150690057
5.0,42.79999999999864,23.222179989830558,22.29725984023461,18.557617521774173,12.455726966327834,0.3911492140085294
5.0,42.82499999999864,23.219706566805343,22.29482660511458,18.55463385365515,12.453037364855858,0.39154793982166847
5.0,42.84999999999864,23.217234212774166,22.292391937021712,18.551651041659248,12.450348239762405,0.3919466482157228
5.0,42.874999999998636,23.214762923079785,22.28995684098626,18.54866952675267,12.447659592621898,0.39234535205454196
5.0,42.899999999998634,23.212292693190033,22.287521579015024,18.545688371728893,12.444971424358602,0.3927440437791301
5.0,42.92499999999863,23.209823518711197,22.285086083686483,18.542698825116297,12.442283734826933,0.3931427136621947
5.0,42.94999999999863,23.207355395374922,22.282650214930733,18.539714759449023,12.439596522209511,0.39354136662742434
5.0,42.97499999999863,23.204888319002997,22.28021399030444,18.536734456280303,12.436909782892645,0.39394001770299963
5.0,42.99999999999863,23.202422285457192,22.27777748460108,18.53375712525301,12.43422351220603,0.3943386561903332
5.0,43.02499999999863,23.19995729058255,22.275345580066023,18.530780384655436,12.431537705696307,0.39473729209954805
5.0,43.049999999998626,23.197493330152938,22.27291578094519,18.52780141657352,12.428852360145143,0.39513590548150795
5.0,43.074999999998624,23.19503039982885,22.2704988880573,18.52482180571189,12.42616747381967,0.3955345153356275
5.0,43.09999999999862,23.192568495137795,22.268077896255686,18.521842402690744,12.423483046041627,0.3959331158125081
5.0,43.12499999999862,23.19010761148463,22.265654239655895,18.518863829146387,12.42079907651636,0.3963317063553794
5.0,43.14999999999862,23.187647744191587,22.263228635425456,18.515886516578217,12.418115564841656,0.3967302794883815
5.0,43.17499999999862,23.18518888855916,22.260801475809288,18.512910755206118,12.415432510398693,0.39712883667061344
5.0,43.19999999999862,23.182731039932914,22.25837328058843,18.50993649165715,12.41274991259919,0.3975273847984135
5.0,43.224999999998616,23.180274193760464,22.255944787342898,18.506952921250214,12.410067770743346,0.3979259035624088
5.0,43.249999999998614,23.177818345626815,22.253516086541442,18.503974891547337,12.407386083443221,0.3983244120620242
5.0,43.27499999999861,23.175363491262605,22.25108707523218,18.501000613112236,12.404704848322947,0.39872291157903367
5.0,43.29999999999861,23.172909626526287,22.24865762140492,18.498029270224777,12.402024062489652,0.39912139381876427
5.0,43.32499999999861,23.170456747365666,22.246227773051277,18.49505493046308,12.399343723343378,0.39951986135475986
5.0,43.34999999999861,23.168004849766522,22.24379947575605,18.4920799379179,12.39666382904439,0.39991830778886456
5.0,43.37499999999861,23.165553929697012,22.241374482860117,18.489104991729903,12.3939843784157,0.4003167443156524
5.0,43.399999999998606,23.163103983056505,22.238950835183104,18.486130702395954,12.391305370524762,0.40071517803546575
5.0,43.424999999998604,23.160655005638027,22.236539785371654,18.483157529154614,12.388626804312361,0.4011136105819908
5.0,43.4499999999986,23.158206993113332,22.234124617379152,18.480185794929177,12.385948678503153,0.40151203441314404
5.0,43.4749999999986,23.155759941046327,22.231706785466354,18.477212768931267,12.383270991678312,0.40191043981867314
5.0,43.4999999999986,23.15331384493371,22.22928701531955,18.47423426055347,12.380593741995606,0.4023088141154611
5.0,43.5249999999986,23.150868700263725,22.226865701523074,18.47126070863453,12.377916926706021,0.40270717544152934
5.0,43.5499999999986,23.14842450257874,22.224443676265334,18.468290615218287,12.375240542097435,0.4031055218674875
5.0,43.574999999998596,23.14598124752709,22.222021360217617,18.46532196438238,12.372564584104849,0.40350385435491176
5.0,43.599999999998595,23.143538930893463,22.219598757757954,18.46235098331889,12.3698890490894,0.40390216677336493
5.0,43.62499999999859,23.14109754860355,22.21717575970411,18.459379855749916,12.367213934237457,0.4043004540445526
5.0,43.64999999999859,23.138657096704275,22.21475235430453,18.456408915606485,12.364539237470469,0.4046987249749195
5.0,43.67499999999859,23.136217571325066,22.212328595927897,18.45343863875259,12.361864957106283,0.40509699043999126
5.0,43.69999999999859,23.13377896862783,22.209907988685874,18.450469438761267,12.359191091574711,0.4054952496188117
5.0,43.72499999999859,23.131341284754196,22.207489552256334,18.44750162709983,12.356517639369327,0.4058935014512029
5.0,43.749999999998586,23.1289045157792,22.205076493306304,18.444533728559666,12.353844599171826,0.4062917490761039
5.0,43.774999999998585,23.12646865768095,22.202669583008657,18.441559006457123,12.351171969591075,0.4066899771148709
5.0,43.79999999999858,23.12403370633427,22.20025912664395,18.438589337241545,12.348499748609314,0.40708819068734686
5.0,43.82499999999858,23.121599657531803,22.197846284839212,18.435623157844176,12.345827933390595,0.4074863894745789
5.0,43.84999999999858,23.119166507028492,22.195431651537998,18.43265975156607,12.343156520828925,0.40788456789243155
5.0,43.87499999999858,23.11673425059869,22.19301555710616,18.4296959963438,12.340485508502406,0.4082827199230538
5.0,43.89999999999858,23.114302884091575,22.190598740293517,18.426730479411333,12.337814895338907,0.4086808527198366
5.0,43.924999999998576,23.111872403471924,22.188181635743458,18.423764631769945,12.33514468161789,0.40907897150746986
5.0,43.949999999998575,23.109442804837933,22.185764257842123,18.42079896247569,12.332474868446203,0.4094770694201039
5.0,43.97499999999857,23.107014084414015,22.18334651838951,18.4178340010089,12.32980545710047,0.40987515456572954
5.0,43.99999999999857,23.10458623852162,22.180928447395416,18.414870167109196,12.32713644857885,0.41027323549222433
5.0,44.02499999999857,23.102159263534485,22.178510487763965,18.41190776155517,12.324467843516402,0.4106713027488393
5.0,44.04999999999857,23.099733155826367,22.17609642166385,18.40894324107875,12.321799642237584,0.4110693610627171
5.0,44.07499999999857,23.097307911719916,22.173683713070755,18.405974890439783,12.319131844486941,0.41146739823167244
5.0,44.099999999998566,23.09488352744587,22.17127997173246,18.403011104351528,12.316464449027286,0.4118654321727872
5.0,44.124999999998565,23.092459999121733,22.168876812752618,18.40005054667943,12.313797453675063,0.41226345569664496
5.0,44.14999999999856,23.090037322756665,22.16647064377016,18.39709222808133,12.311130855992152,0.4126614581550809
5.0,44.17499999999856,23.08761549428331,22.164062360233316,18.39413079808544,12.308464654093994,0.41305942589262507
5.0,44.19999999999856,23.085194509609902,22.161652434051614,18.391168622986747,12.30579884696612,0.41345736831275787
5.0,44.22499999999856,23.082774364680088,22.15924146277418,18.38820642858924,12.303133434190855,0.41385529311976776
5.0,44.24999999999856,23.08035505552624,22.156830081509185,18.385244846142164,12.300468415408945,0.41425321597384823
5.0,44.274999999998556,23.07793657830489,22.15441838366646,18.38228434338749,12.29780378990524,0.41465112477367105
5.0,44.299999999998555,23.075518929308174,22.152006293419657,18.379325243401407,12.295139556536961,0.41504901560562
5.0,44.32499999999855,23.073102104951126,22.149593714308757,18.376365587634947,12.292475713899474,0.41544688863052687
5.0,44.34999999999855,23.070686101739014,22.14718070372237,18.37340037375376,12.289812260195589,0.41584473965881924
5.0,44.37499999999855,23.06827091622124,22.14476732517639,18.370439884845922,12.28714919288356,0.4162425730019539
5.0,44.39999999999855,23.06585654493919,22.14235781962817,18.367482683777492,12.2844865086708,0.4166404079885917
5.0,44.42499999999855,23.063442984375865,22.139949991061737,18.364526593167326,12.281824204074399,0.41703822120026324
5.0,44.449999999998546,23.061030230916067,22.137553996810958,18.361568363571905,12.27916227610092,0.41743601976586003
5.0,44.474999999998545,23.058618280826625,22.13515425102817,18.358610294386708,12.276500722578286,0.4178337986804565
5.0,44.49999999999854,23.056207130263356,22.132752008718978,18.35565233031999,12.273839542058703,0.4182315517052953
5.0,44.52499999999854,23.053796775305027,22.1303479054726,18.352694859201556,12.271178733499173,0.4186292879461746
5.0,44.54999999999854,23.05138721200656,22.1279422931504,18.34973829551025,12.26851829597788,0.4190270060910695
5.0,44.57499999999854,23.04897843645824,22.12553593039513,18.346782971657355,12.26585822861216,0.4194247160777163
5.0,44.59999999999854,23.04657044483685,22.12312919811675,18.343829127522618,12.263198530719277,0.41982241781575574
5.0,44.624999999998536,23.04416323343806,22.120722111531386,18.340876497890044,12.260539202144619,0.42022010104254226
5.0,44.649999999998535,23.041756798685046,22.118314580629036,18.337916269939036,12.257880243147524,0.4206177503512399
5.0,44.67499999999853,23.039351137114025,22.11590657492293,18.334960900481928,12.255221653858769,0.42101538995117094
5.0,44.69999999999853,23.036946245341284,22.11349815623357,18.332008834677985,12.252563433952005,0.4214130116226287
5.0,44.72499999999853,23.034542120018525,22.111092188319425,18.329056688437877,12.249905582818542,0.4218106117246968
5.0,44.74999999999853,23.032138757784463,22.108688345681756,18.326102978447206,12.247248099908685,0.42220819614469535
5.0,44.77499999999853,23.02973615522063,22.106285062796598,18.32314895246961,12.24459098484642,0.4226057602445564
5.0,44.799999999998526,23.027334308819423,22.103891861427375,18.32019508812784,12.241934237254085,0.423003316634726
5.0,44.824999999998525,23.02493321497173,22.101496572430957,18.317241900246348,12.239277856484192,0.4234008586225121
5.0,44.84999999999852,23.02253286997873,22.099098562949326,18.314289797931757,12.236621841488578,0.42379838322306257
5.0,44.87499999999852,23.020133270086742,22.09669858657385,18.311339072973702,12.233966190944075,0.4241958867804137
5.0,44.89999999999852,23.01773441153743,22.094297050151713,18.308389896656713,12.231310903621337,0.4245933729269146
5.0,44.92499999999852,23.015336290621125,22.091894633315082,18.305440546948148,12.228655978800019,0.4249908489128464
5.0,44.94999999999852,23.012938903720652,22.08949180396013,18.302485734913336,12.226001416203214,0.42538830240848696
5.0,44.974999999998516,23.010542247336293,22.08708861467673,18.29953541857547,12.223347215554066,0.42578573314707385
5.0,44.999999999998515,23.008146318087874,22.084684992572267,18.296588147795177,12.220693376355333,0.42618314091573817
5.0,45.02499999999851,23.00575111269521,22.082280954459236,18.293638158000597,12.218039897966973,0.4265805189674142
5.0,45.04999999999851,23.003356627941745,22.079876549524094,18.290688316077155,12.215386779700458,0.4269778835039231
5.0,45.07499999999851,23.000962860628412,22.077475569368254,18.287738564590565,12.212734020768488,0.42737523552485474
5.0,45.09999999999851,22.998569807525783,22.07507602749494,18.284789204205715,12.21008162014445,0.4277725729196704
5.0,45.12499999999851,22.996177465333226,22.072682985218076,18.281840644636215,12.207429576474436,0.42816990299962554
5.0,45.149999999998506,22.993785830653987,22.070292917503302,18.278893232308842,12.204777888152602,0.4285672199063685
5.0,45.174999999998505,22.991394899993313,22.067899804757822,18.275947217637135,12.202126553590555,0.42896451789891965
5.0,45.199999999998504,22.989004669781664,22.065504560654073,18.27300273128327,12.199475571636702,0.4293617904140143
5.0,45.2249999999985,22.986615136418255,22.063107662667576,18.270056891493564,12.196824941898315,0.4297590461320844
5.0,45.2499999999985,22.984226296324206,22.06070938248521,18.26710737075534,12.194174664559515,0.4301562781529228
5.0,45.2749999999985,22.98183814599216,22.058310498531963,18.26416201478222,12.19152473990132,0.4305534957053174
5.0,45.2999999999985,22.97945068202104,22.055911262251033,18.261218525503867,12.188875168044248,0.4309506834648415
5.0,45.3249999999985,22.977063901129284,22.053511653443397,18.258272712558522,12.186225948937206,0.43134783990671083
5.0,45.349999999998495,22.974677800145408,22.051111645712485,18.255326217406804,12.18357708230634,0.43174497456638494
5.0,45.374999999998494,22.972292375979297,22.048711271678293,18.252379758508432,12.18092856744428,0.4321420970082228
5.0,45.39999999999849,22.969907625580266,22.04631055299658,18.24943393346284,12.178280402973348,0.43253920786058114
5.0,45.42499999999849,22.96752354588896,22.043912441273527,18.246489174609934,12.175632586783722,0.43293630912580156
5.0,45.44999999999849,22.96514013379041,22.04151610690229,18.243545775560943,12.172985116252251,0.4333333963373725
5.0,45.47499999999849,22.96275738607613,22.03912882599273,18.24060390502412,12.170337988714564,0.4337304701772178
5.0,45.49999999999849,22.960375299423614,22.036741180789463,18.237662614724844,12.167691202020634,0.4341275247010636
5.0,45.524999999998485,22.957993870399743,22.034350893044245,18.23471539933446,12.165044754617599,0.43452455236237836
5.0,45.549999999998484,22.955613095489348,22.031958664668558,18.23177256970299,12.16239864520034,0.43492155661104753
5.0,45.57499999999848,22.95323297114311,22.029564875722933,18.228832708155345,12.159752872504049,0.4353185390814539
5.0,45.59999999999848,22.95085349383348,22.027169848309487,18.225894965005477,12.157107435601679,0.43571549965930506
5.0,45.62499999999848,22.948474660105397,22.02477429810473,18.222953714191963,12.154462334308661,0.436112436172716
5.0,45.64999999999848,22.94609646661096,22.022378369740505,18.22001114131518,12.15181756915143,0.4365093441526477
5.0,45.67499999999848,22.94371891012217,22.01998202177834,18.217068514512803,12.149173140840038,0.43690623301383846
5.0,45.699999999998475,22.941341987521195,22.01758527086151,18.21412658796696,12.146529049607375,0.4373031119876643
5.0,45.724999999998474,22.93896569577197,22.01518815100597,18.211185817609675,12.143885294813193,0.4376999781830086
5.0,45.74999999999847,22.936590031879156,22.012790674158868,18.20824646629638,12.141241874995563,0.4380968230906803
5.0,45.77499999999847,22.93421499284154,22.010396522332616,18.20530865246185,12.138598788319056,0.43849365702627974
5.0,45.79999999999847,22.931840575607115,22.0080035672292,18.202364714272633,12.135956032820667,0.4388904653016726
5.0,45.82499999999847,22.929466777037337,22.005616975134703,18.199424010035855,12.133313606282677,0.4392872592057145
5.0,45.84999999999847,22.92709359388807,22.003232717842735,18.19648647756631,12.130671506172215,0.439684034197284
5.0,45.874999999998465,22.92472102281301,22.000845532773152,18.19355042328813,12.12802972998291,0.44008077726396155
5.0,45.899999999998464,22.922349060390673,21.998456262393876,18.19061129917825,12.125388275654503,0.44047748942123105
5.0,45.92499999999846,22.919977703169778,21.99606535345483,18.18767112220084,12.122747141615378,0.4408741774315121
5.0,45.94999999999846,22.917606947722533,21.9936735770813,18.18473103932154,12.1201063264095,0.4412708533453233
5.0,45.97499999999846,22.91523679069349,21.99128127720581,18.181791731091632,12.117465828225502,0.4416675096052129
5.0,45.99999999999846,22.912867228833694,21.988888489456965,18.178853608643283,12.114825644664561,0.44206414657035636
5.0,46.02499999999846,22.910498259014272,21.98649516839442,18.175916917761402,12.112185772891063,0.44246076468792905
5.0,46.049999999998455,22.908129878218716,21.984101362679947,18.172981763260754,12.109546210108931,0.44285736618581406
5.0,46.074999999998454,22.905762083517,21.981707117275118,18.170048175801465,12.106906954200408,0.44325395388916605
5.0,46.09999999999845,22.903394872027086,21.979313128346806,18.167107967349537,12.104268003909223,0.4436505179322235
5.0,46.12499999999845,22.901028240870474,21.976921967121008,18.1641718962644,12.101629358516108,0.44404706318815346
5.0,46.14999999999845,22.898662187128902,21.974531684947454,18.16123874771441,12.098991017558124,0.4444435805308596
5.0,46.17499999999845,22.896296707809725,21.97214951113628,18.15830322218486,12.096352980757745,0.4448400738728766
5.0,46.19999999999845,22.893931799827655,21.96976687874234,18.155366983639894,12.093715247937968,0.44523654356999076
5.0,46.224999999998445,22.89156746000837,21.967381599714567,18.15243063777084,12.091077818783138,0.44563299078317664
5.0,46.249999999998444,22.889203685114573,21.96499437937638,18.14949475917756,12.088440692544342,0.44602941991495487
5.0,46.27499999999844,22.88684047188864,21.962605625889402,18.146559785695104,12.085803867882472,0.44642583240925815
5.0,46.29999999999844,22.884477817101274,21.96021615862407,18.143626023800664,12.083167342972414,0.4468222306552034
5.0,46.32499999999844,22.882115717594402,21.957826189532433,18.14069363744787,12.080531115865886,0.447218596814858
5.0,46.34999999999844,22.879754170308967,21.95543571315883,18.137762698650263,12.077895185016537,0.44761494404345203
5.0,46.37499999999844,22.87739317229297,21.953044745567258,18.13483002221991,12.07525954966405,0.44801127758529935
5.0,46.399999999998435,22.875032720689784,21.95065332010191,18.131895049200573,12.072624209734213,0.4484075920301006
5.0,46.424999999998434,22.87267281271036,21.94826145490098,18.128963715717198,12.069989165474798,0.4488038718574514
5.0,46.44999999999843,22.870313445595063,21.94587196485779,18.126034386009593,12.067354417298155,0.44920013209039017
5.0,46.47499999999843,22.867954616572145,21.94348390572817,18.123102442720363,12.064719965796153,0.44959636664643104
5.0,46.49999999999843,22.865596322819908,21.941096073080523,18.12016943600015,12.062085811611999,0.4499925719071291
5.0,46.52499999999843,22.863238561439573,21.9387176818088,18.117236387293303,12.059451955079536,0.4503887703976982
5.0,46.54999999999843,22.86088132944541,21.93633630720576,18.11430396114189,12.056818395830707,0.45078495193536494
5.0,46.574999999998425,22.858524623775793,21.933952501694716,18.111372583082744,12.054185132626603,0.45118111308569403
5.0,46.599999999998424,22.85616844132402,21.931566870236978,18.108442508065423,12.051552163532659,0.45157725095422335
5.0,46.62499999999842,22.853812778981684,21.929179902236967,18.105513851388764,12.04891948639248,0.45197336317094783
5.0,46.64999999999842,22.851457633683914,21.926792256056213,18.102586655318827,12.04628709945753,0.45236946161728375
5.0,46.67499999999842,22.84910300244568,21.92440409112373,18.09965467748549,12.043655001675164,0.45276553416335324
5.0,46.69999999999842,22.846748882381398,21.922015390392783,18.096724689135073,12.041023192493554,0.4531615836182431
5.0,46.72499999999842,22.844395270704897,21.919626167389076,18.093797636132333,12.038391671600657,0.4535576010978929
5.0,46.749999999998415,22.84204216471098,21.917236466184562,18.090868553522682,12.035760438785706,0.4539535874742641
5.0,46.774999999998414,22.839689561742947,21.914846313603785,18.087938089259413,12.033129493756267,0.45434954372600406
5.0,46.79999999999841,22.83733745915209,21.912459065351655,18.085007493666314,12.030498835812791,0.4547454918184888
5.0,46.82499999999841,22.83498585425598,21.910072821845947,18.08207748957175,12.027868463519967,0.45514142295579024
5.0,46.84999999999841,22.832634744303075,21.90769207529528,18.079148510256502,12.025238374591344,0.45553734016723535
5.0,46.87499999999841,22.83028412645116,21.905313815670137,18.07622081772761,12.02260856609902,0.4559332434778352
5.0,46.89999999999841,22.827933997765776,21.90293276503338,18.073294524689214,12.01997903496745,0.45632911398851156
5.0,46.924999999998406,22.825584355240316,21.900549704714905,18.070369666329686,12.017349778613804,0.45672496385818484
5.0,46.949999999998404,22.82323519583373,21.89816505140345,18.067446249519747,12.014720795581438,0.45712079827955904
5.0,46.9749999999984,22.820886516516463,21.895779550632156,18.06452044082214,12.012092085843488,0.4575166134429981
5.0,46.9999999999984,22.818538314313635,21.89339348007185,18.061593589267137,12.009463650551766,0.4579123893576107
5.0,47.0249999999984,22.816190586335704,21.89100686650966,18.05866983406063,12.006835491533309,0.45830813404840803
5.0,47.0499999999984,22.81384332979123,21.888619669450904,18.055745098356354,12.00420761084684,0.4587038516202882
5.0,47.0749999999984,22.81149654198055,21.88623189239154,18.052818325404566,12.001580010359213,0.4590995442347214
5.0,47.099999999998396,22.809150220273107,21.883843588614717,18.04989121382016,11.99895269126118,0.4594952197753153
5.0,47.124999999998394,22.806804362073144,21.88145531019171,18.046964645270066,11.996325653640772,0.4598908776046607
5.0,47.14999999999839,22.804458964779673,21.87906956697239,18.044039104887883,11.993698896323338,0.4602865248205889
5.0,47.17499999999839,22.802114025747123,21.876684589135465,18.04111486293606,11.99107241708998,0.4606821521962288
5.0,47.19999999999839,22.799769542253483,21.8743064193457,18.038192027760708,11.988446213224504,0.46107775394070716
5.0,47.22499999999839,22.79742551148297,21.87192860055336,18.03527062801375,11.985820282232348,0.461473339055118
5.0,47.24999999999839,22.795081930528557,21.869548223849954,18.03235066481872,11.983194622557482,0.46186890564814587
5.0,47.274999999998386,22.79273879641519,21.867165961561764,18.0294256377798,11.98056923381372,0.46226444032675384
5.0,47.299999999998384,22.79039610613881,21.864782179026488,18.02650330430571,11.97794411647981,0.46265993887673607
5.0,47.32499999999838,22.788053856711713,21.862397463084587,18.023583501847995,11.975319271528383,0.4630554133495632
5.0,47.34999999999838,22.785712045203308,21.86001217216625,18.020661728808005,11.972694700185212,0.4634508552376764
5.0,47.37499999999838,22.78337066876749,21.85762636070622,18.017738090780654,11.97007040362669,0.46384626915633154
5.0,47.39999999999838,22.781029724651823,21.85524000938792,18.014814272773517,11.967446382516556,0.4642416646387113
5.0,47.42499999999838,22.778689210188286,21.852853156969296,18.0118911067699,11.9648226365596,0.46463705028623375
5.0,47.449999999998376,22.776349122768668,21.85046583340412,18.00896903118687,11.962199164328188,0.46503241749942925
5.0,47.474999999998374,22.774009459809974,21.848080430054658,18.00604824246111,11.959575963479537,0.4654277574241165
5.0,47.49999999999837,22.771670218716274,21.84569637498803,18.003128811612847,11.95695303129804,0.46582307827558495
5.0,47.52499999999837,22.769331396843615,21.84331252924548,18.00021075917575,11.954330365392977,0.46621838021193945
5.0,47.54999999999837,22.766992991474574,21.84093650014213,17.997289882236405,11.951707964147271,0.46661366678800315
5.0,47.57499999999837,22.76465499980845,21.838558803620984,17.994368806434686,11.949085826674184,0.4670089139267076
5.0,47.59999999999837,22.762317418970717,21.836178722773614,17.991450613084265,11.946463952560102,0.46740412684158744
5.0,47.624999999998366,22.759980246040964,21.83379685149556,17.98853429641879,11.943842341806748,0.46779931884121284
5.0,47.649999999998364,22.757643478093097,21.831413518491335,17.98561544077556,11.94122099488472,0.4681944755308559
5.0,47.67499999999836,22.755307112238157,21.829029166875547,17.982694849884613,11.938599912546678,0.4685896092665197
5.0,47.69999999999836,22.752971145659462,21.82664423241124,17.97977415559292,11.93597909532971,0.46898472450834583
5.0,47.72499999999836,22.75063557563255,21.824258797609748,17.976854160837338,11.933358543019038,0.4693798173201713
5.0,47.74999999999836,22.748300399526546,21.821872911020705,17.97393526973253,11.930738254393768,0.4697748971131475
5.0,47.77499999999836,22.74596561478793,21.819486597865108,17.971017652252833,11.928118227390554,0.47016995001271916
5.0,47.799999999998356,22.743631218910718,21.817099857249435,17.968101368879832,11.92549845961228,0.4705649804403196
5.0,47.824999999998354,22.74129720939869,21.81471419847706,17.965186439219764,11.922878949001115,0.4709599963947416
5.0,47.84999999999835,22.73896358372599,21.81233027774452,17.962266289018512,11.920259694136428,0.4713549829825479
5.0,47.87499999999835,22.73663033930259,21.809950776094237,17.959349198271333,11.91764069407214,0.47174993940016097
5.0,47.89999999999835,22.734297473451726,21.80757497327186,17.95643441100923,11.915021948139131,0.4721448666505002
5.0,47.92499999999835,22.731964983405305,21.805196519098523,17.953519314358125,11.912403455953502,0.4725397676087855
5.0,47.94999999999835,22.729632866320024,21.802816123892576,17.950602283788545,11.909785217424979,0.47293463674036385
5.0,47.974999999998346,22.727301119311456,21.800434168342612,17.947684671177612,11.907167232538699,0.47332948459769913
5.0,47.999999999998344,22.72496973949813,21.79805092420681,17.944767317357158,11.904549500968152,0.4737243110906281
5.0,48.02499999999834,22.722638724045034,21.795666996360893,17.941850744066787,11.901932021762077,0.4741191197591739
5.0,48.04999999999834,22.720308070196854,21.793282534183188,17.938935220184707,11.89931479330323,0.47451389586462067
5.0,48.07499999999834,22.717977775294532,21.790897527876464,17.93602087387171,11.896697813577786,0.4749086478598288
5.0,48.09999999999834,22.715647836773357,21.788511991009,17.93310776824142,11.894081080661369,0.47530338909876285
5.0,48.12499999999834,22.713318252144507,21.78612595240748,17.930195938244065,11.891464593278158,0.47569810824728354
5.0,48.149999999998336,22.710989018964455,21.78373942531218,17.9272789156585,11.888848350954301,0.47609278505362884
5.0,48.174999999998334,22.708660134797604,21.781353130064662,17.924364574858796,11.886232353708712,0.4764874258373905
5.0,48.19999999999833,22.7063315971777,21.77896890016134,17.92145149126814,11.883616601668358,0.4768820459710163
5.0,48.22499999999833,22.704003403573534,21.776586754011507,17.918535979610496,11.88100109474712,0.47727663317786556
5.0,48.24999999999833,22.701675551364836,21.774211308793973,17.915619782042896,11.878385832311043,0.4776712027981167
5.0,48.27499999999833,22.69934803783441,21.771833021762877,17.912703851783334,11.875770812855677,0.4780657500806865
5.0,48.29999999999833,22.69702086017998,21.769452694328375,17.909788732891723,11.873156033853212,0.4784602755190994
5.0,48.324999999998326,22.694694015544606,21.76707074952258,17.906874738565154,11.870541491900104,0.47885478437785156
5.0,48.349999999998325,22.692367501059124,21.764687782161584,17.903961999955545,11.867927183165273,0.47924926225140163
5.0,48.37499999999832,22.690041313886745,21.762304128178528,17.901050557270075,11.865313104023935,0.4796437164469967
5.0,48.39999999999832,22.68771545126009,21.75991985333268,17.898140418327284,11.862699251722194,0.48003815015597756
5.0,48.42499999999832,22.685389910503595,21.757534940327247,17.895227465447142,11.86008562471919,0.4804325550652706
5.0,48.44999999999832,22.683064689038414,21.755149435492328,17.89231443817093,11.857472222523908,0.48082693062658727
5.0,48.47499999999832,22.68073978437065,21.75276337877227,17.889403942562257,11.854859045321621,0.4812212733698551
5.0,48.499999999998316,22.6784151940664,21.750376788323877,17.88649369510982,11.852246093716902,0.481615583561366
5.0,48.524999999998315,22.676090915718618,21.74799206412381,17.883580735964358,11.849633368494759,0.4820098655483144
5.0,48.54999999999831,22.673766946911574,21.74560830783161,17.880667184797222,11.847020870224519,0.4824041253493244
5.0,48.57499999999831,22.67144328518869,21.74322456847907,17.877754046607894,11.844408598793134,0.48279836223417877
5.0,48.59999999999831,22.66911992802947,21.74084818437945,17.874841831927974,11.841796553119186,0.4831925849660741
5.0,48.62499999999831,22.66679687284075,21.738469767215975,17.871930769308698,11.839184731221357,0.48358677874746664
5.0,48.64999999999831,22.66447411696543,21.736089101683127,17.86902094130981,11.836573130632727,0.48398094687607596
5.0,48.674999999998306,22.662151657707692,21.733706714108873,17.866112371989395,11.833961749019409,0.4843750938285674
5.0,48.699999999998305,22.659829492369038,21.731323140837592,17.863205066732323,11.831350584829847,0.48476921692378744
5.0,48.7249999999983,22.65750761828631,21.728938818425487,17.86029511862,11.828739637628177,0.4851633058535051
5.0,48.7499999999983,22.65518603286276,21.726553857557825,17.857384779301366,11.826128907919012,0.48555735823051255
5.0,48.7749999999983,22.6528647335856,21.724168282518235,17.854476884149445,11.823518396745909,0.48595139025083367
5.0,48.7999999999983,22.650543718027276,21.721782139811136,17.85156787414401,11.820908105324834,0.4863453926273489
5.0,48.8249999999983,22.648222983831356,21.71939545846981,17.848657153363114,11.818298034677184,0.4867393626168903
5.0,48.849999999998296,22.645902528686566,21.71700942406396,17.84574624366382,11.815688185214704,0.48713331081663835
5.0,48.874999999998295,22.643582350294267,21.714624968433448,17.84283591124772,11.813078556399542,0.4875272397660469
5.0,48.89999999999829,22.641262446335404,21.712240831525303,17.839926554463098,11.810469146660928,0.48792114459976477
5.0,48.92499999999829,22.638942814443023,21.70986041097804,17.837018341005397,11.80785995364603,0.48831502317597714
5.0,48.94999999999829,22.636623452186193,21.707482634196474,17.834111329896004,11.805250974738248,0.48870887935969654
5.0,48.97499999999829,22.634304357069635,21.705102270506142,17.831205540656292,11.80264220769399,0.4891027134418073
5.0,48.99999999999829,22.631985526550142,21.70272001198832,17.82829938513144,11.800033651161531,0.48949651437722697
5.0,49.024999999998286,22.62966695806629,21.70033623079588,17.825389761808747,11.797425304710742,0.489890271374432
5.0,49.049999999998285,22.627348649074058,21.697951474041155,17.822482909012663,11.794817168474282,0.4902840059677287
5.0,49.07499999999828,22.62503059707946,21.69556604150487,17.819577536636785,11.792209242827429,0.49067771619247597
5.0,49.09999999999828,22.622712799660665,21.69317999072659,17.816669146607403,11.789601528146076,0.4910713899499273
5.0,49.12499999999828,22.62039525447521,21.69079334675653,17.813759956937893,11.78699402447266,0.4914650437589202
5.0,49.14999999999828,22.618077959251682,21.688406144620583,17.81085108125928,11.784386731117296,0.4918586746065466
5.0,49.17499999999828,22.61576091176832,21.686018402790197,17.807943069857743,11.781779646409356,0.49225228106202434
5.0,49.199999999998276,22.61344410982266,21.683630613414685,17.805036176213285,11.779172767775592,0.49264585916738446
5.0,49.224999999998275,22.611127551197363,21.681244687608686,17.80213048826975,11.776566092153544,0.4930394140235072
5.0,49.24999999999827,22.608811233627577,21.678859694874042,17.799226025567716,11.773959616611526,0.4934329413614379
5.0,49.27499999999827,22.606495154775786,21.6764819695824,17.79632278919371,11.771353339004547,0.4938264553146285
5.0,49.29999999999827,22.604179312220285,21.67410148798299,17.793417201442846,11.768747258335154,0.4942199279621009
5.0,49.32499999999827,22.60186370346148,21.671719017575054,17.790510812736656,11.76614137460579,0.4946133666108845
5.0,49.34999999999827,22.59954832594571,21.669334963464287,17.787606827149766,11.763535688418916,0.495006774875934
5.0,49.374999999998266,22.597233177101355,21.666949560228105,17.784704405072297,11.760930200735922,0.4954001564203118
5.0,49.399999999998265,22.594918254378186,21.664563369160923,17.781800152329946,11.75832491279718,0.4957935093024127
5.0,49.42499999999826,22.59260355528083,21.66217656119396,17.778894254812332,11.75571982592359,0.496186836693303
5.0,49.44999999999826,22.59028907738932,21.659789144218404,17.775988301306814,11.753114941111306,0.4965801395820473
5.0,49.47499999999826,22.587974818363605,21.657401144549695,17.77308303398504,11.750510258620809,0.496973425764522
5.0,49.49999999999826,22.58566077593271,21.655012586887974,17.7701787861897,11.747905777815932,0.4973666818127896
5.0,49.52499999999826,22.583346947871657,21.652623480063383,17.767275681106092,11.745301497357655,0.49775990216530114
5.0,49.549999999998256,22.58103333197084,21.65023478074646,17.764373754587574,11.742697415681327,0.49815310157630266
5.0,49.574999999998255,22.57871992600293,21.64784756487651,17.761473008332555,11.740093531596862,0.4985462762050375
5.0,49.59999999999825,22.576406727692415,21.645460620288357,17.758570147140187,11.737489844676698,0.4989394108539588
5.0,49.62499999999825,22.574093734692944,21.643079698741406,17.755665916668878,11.734886355163878,0.499332515231239
5.0,49.64999999999825,22.571780944577498,21.640697929998527,17.752764068690773,11.732283063611561,0.4997255963368938
5.0,49.67499999999825,22.569468354844936,21.638313983110077,17.749863765937718,11.729679970665272,0.5001186532492998
5.0,49.69999999999825,22.567155962942753,21.635928356893096,17.74696055886884,11.727077076953405,0.5005116690032829
5.0,49.724999999998246,22.5648437663014,21.633541415413333,17.744056550581046,11.724474382856124,0.5009046569884592
5.0,49.749999999998245,22.562531762372263,21.631153666021156,17.741152808267394,11.721871888153082,0.5012976274384563
5.0,49.77499999999824,22.560219948660567,21.628765251647476,17.73824985224318,11.719269591764837,0.5016905743443284
5.0,49.79999999999824,22.557908322746545,21.626376186923277,17.73534790453791,11.716667491778253,0.5020834937677597
5.0,49.82499999999824,22.555596882291503,21.623986499926705,17.732447051187616,11.714065585784507,0.5024763856667427
5.0,49.84999999999824,22.553285625028987,21.621596221528563,17.729547326454213,11.711463871421232,0.5028692536145193
5.0,49.87499999999824,22.550974548743767,21.619205365857987,17.726648737846595,11.70886234696423,0.5032620840020231
5.0,49.899999999998236,22.548663651243004,21.616815357027644,17.72374838431616,11.706261011683003,0.5036548788908141
5.0,49.924999999998235,22.54635293032454,21.614426455723052,17.720846092873412,11.7036598656964,0.5040476425758333
5.0,49.949999999998234,22.54404238374749,21.612037643829012,17.71794623168812,11.70105890953571,0.5044403770888168
5.0,49.97499999999823,22.541732009210403,21.60965591645309,17.715045805910684,11.698458143731402,0.5048330899910541
5.0,49.99999999999823,22.5394218043421,21.6072715879293,17.712143982454094,11.695857568478754,0.505225770922381
5.0,50.02499999999823,22.537111766708566,21.604885264470926,17.709241982746875,11.69325718334237,0.5056184254391471
5.0,50.04999999999823,22.534801893835304,21.602497360531746,17.70634047716745,11.690656987055984,0.506011052434912
5.0,50.07499999999823,22.532492183240127,21.60010829558178,17.703439807328706,11.688056977528696,0.5064036564917431
5.0,50.099999999998225,22.53018263246832,21.597718456316176,17.700540125628596,11.685457152106006,0.5067962301740048
5.0,50.124999999998224,22.527873239121952,21.59532795020981,17.6976414975667,11.682857508031544,0.507188780266963
5.0,50.14999999999822,22.52556400087718,21.592936785255144,17.694743948403666,11.680258042993316,0.5075813005186445
5.0,50.17499999999822,22.523254915486977,21.590544982401106,17.691847480764636,11.677658755636433,0.5079737864583739
5.0,50.19999999999822,22.520945980769866,21.58815257175594,17.68894742934797,11.67505964570655,0.5083662416257833
5.0,50.22499999999822,22.518637194587672,21.585759568208665,17.68604785139187,11.672460713715637,0.5087586569705171
5.0,50.24999999999822,22.516328554816564,21.583367855297524,17.683150370931124,11.66986196047429,0.5091510482494654
5.0,50.274999999998215,22.51402005931627,21.580976887417222,17.680250570200545,11.667263386679732,0.5095434013226409
5.0,50.299999999998214,22.51171170590264,21.578587112195233,17.677350066853094,11.664664992530906,0.5099357303625097
5.0,50.32499999999821,22.509403492328598,21.576202588408727,17.67444976632542,11.662066777394198,0.5103280403047689
5.0,50.34999999999821,22.50709541627828,21.573815492543194,17.671550120163452,11.659468739645197,0.5107203174378147
5.0,50.37499999999821,22.50478747537681,21.571426515425102,17.668651339557048,11.656870876785726,0.5111125678887525
5.0,50.39999999999821,22.502479667214253,21.569036024330178,17.665753525135482,11.654273185824184,0.5115047874750022
5.0,50.42499999999821,22.50017198937826,21.566644350002843,17.662856732422245,11.651675663814851,0.5118969874466273
5.0,50.449999999998205,22.4978644394873,21.564251903629735,17.659960991342647,11.649078308425203,0.5122891538289002
5.0,50.474999999998204,22.495557015216892,21.5618588033461,17.657066296938982,11.6464811184252,0.5126812906479628
5.0,50.4999999999982,22.493249714313425,21.559465085366934,17.654165925652084,11.643884093671456,0.5130733859158573
5.0,50.5249999999982,22.49094253459375,21.55707078075523,17.651268278338318,11.641287234603181,0.5134654544057645
5.0,50.5499999999982,22.488635473931677,21.55467590026506,17.64837205127001,11.638690541718699,0.51385748917719
5.0,50.5749999999982,22.486328530234758,21.552280450843543,17.645473332554143,11.63609401520479,0.5142494835393904
5.0,50.5999999999982,22.48402170141564,21.5498867200305,17.64257400821132,11.633497654627798,0.5146414574403214
5.0,50.624999999998195,22.48171498536294,21.54749337757527,17.639675074298342,11.630901458682933,0.5150334061369105
5.0,50.649999999998194,22.479408379916674,21.545102451846876,17.636776959231433,11.628305425126,0.5154253233247251
5.0,50.67499999999819,22.477101882853166,21.542714649743584,17.63387982991309,11.62570955098153,0.5158172196379704
5.0,50.69999999999819,22.474795491883597,21.54032445272577,17.6309837473372,11.623113832999525,0.5162090847655662
5.0,50.72499999999819,22.472489204667617,21.537932462237876,17.62808873295149,11.62051826824015,0.516600923978018
5.0,50.74999999999819,22.470183018839563,21.535539003037037,17.625194786058117,11.617922854647556,0.5169927258088293
5.0,50.77499999999819,22.467876932041115,21.53314433272633,17.62230171982415,11.615327591500803,0.5173844977614738
5.0,50.799999999998185,22.46557094195251,21.530748886371512,17.61940332518982,11.612732479343693,0.5177762388722048
5.0,50.824999999998184,22.463265046315183,21.52835280588565,17.61650691011923,11.610137519397494,0.5181679497984604
5.0,50.84999999999818,22.460959242941406,21.525956158215894,17.613610151499735,11.607542712823998,0.5185596257841456
5.0,50.87499999999818,22.45865352970993,21.52355896128483,17.610712230548334,11.604948060103052,0.5189512643303336
5.0,50.89999999999818,22.456347904549474,21.521161204681324,17.607814355461937,11.602353560631743,0.5193428754696416
5.0,50.92499999999818,22.45404236541372,21.51876286378996,17.604917118221653,11.59975921260815,0.5197344585822606
5.0,50.94999999999818,22.451736910252265,21.516365773210698,17.60202077368952,11.597165013226123,0.5201260106823231
5.0,50.974999999998175,22.449431536982065,21.513969230427275,17.599125421200164,11.594570959132287,0.5205175312740588
5.0,50.999999999998174,22.44712624346412,21.51157659818909,17.59623109941835,11.591977047028887,0.5209090329783012
5.0,51.02499999999817,22.444821027490242,21.509185069819218,17.593337819119128,11.589383274287252,0.5213005024770994
5.0,51.04999999999817,22.442515886783795,21.506791390062805,17.590445573286534,11.586789639464463,0.5216919413249347
5.0,51.07499999999817,22.440210819015437,21.50439604228103,17.58755311203068,11.584196142596758,0.5220833494626933
5.0,51.09999999999817,22.4379058218309,21.501999293745193,17.58465588421928,11.581602784930414,0.5224747211175106
5.0,51.12499999999817,22.435600892884363,21.499601625890897,17.581761409736064,11.579009568231076,0.5228660664029269
5.0,51.149999999998165,22.433296029869638,21.497203236452386,17.57886624845331,11.57641649406979,0.5232573711696026
5.0,51.174999999998164,22.4309912305425,21.494804201350018,17.575969808146088,11.573823563274495,0.5236486464929583
5.0,51.19999999999816,22.428686492730296,21.492404557680803,17.573073420534595,11.57123077558404,0.5240398937540055
5.0,51.22499999999816,22.4263818143282,21.49000431232088,17.570177646432334,11.568638129547802,0.5244311067566606
5.0,51.24999999999816,22.42407719328394,21.48760345327712,17.567282721189944,11.56604562270811,0.5248222893269704
5.0,51.27499999999816,22.42177262757459,21.48520195881052,17.564388747551636,11.56345325203312,0.5252134366920286
5.0,51.29999999999816,22.419468115179267,21.482801265190115,17.561495777377697,11.560861014496178,0.5256045622742852
5.0,51.324999999998155,22.417163654051894,21.480401219301843,17.558603830583017,11.558268907673638,0.5259956523675834
5.0,51.349999999998154,22.414859242098164,21.478003786734476,17.555712796491708,11.555676930250415,0.5263867130949685
5.0,51.37499999999815,22.41255487716105,21.47560893166997,17.5528196371477,11.553085082201203,0.526777747750195
5.0,51.39999999999815,22.410250557018717,21.47321183426154,17.549923932546704,11.550493364417084,0.527168742603954
5.0,51.42499999999815,22.407946279396473,21.47081301619495,17.547029960191438,11.547901778004597,0.5275597091171613
5.0,51.44999999999815,22.405642041990745,21.468412976083826,17.54413431753223,11.545310323576864,0.5279506347517663
5.0,51.47499999999815,22.403337842499624,21.46601203746423,17.541238510702957,11.542719000728534,0.5283415347017809
5.0,51.499999999998145,22.40103367865286,21.463610327366535,17.538343238103764,11.540127807805488,0.528732409154876
5.0,51.524999999998144,22.39872954823485,21.461207916138143,17.5354487956582,11.537536742018386,0.5291232498026659
5.0,51.54999999999814,22.39642544909645,21.458804834195043,17.532555299722105,11.534945799860175,0.5295140582437972
5.0,51.57499999999814,22.39412137915434,21.456401086869054,17.52966279638477,11.532354977708735,0.5299048354189425
5.0,51.59999999999814,22.39181733637915,21.453996665297527,17.526771308592085,11.529764272469075,0.5302955839576335
5.0,51.62499999999814,22.389513318775368,21.45159233430241,17.523880838942144,11.527173682134833,0.5306862897343408
5.0,51.64999999999814,22.387209324356668,21.449188924065716,17.520991335556605,11.52458320619654,0.5310769725012622
5.0,51.674999999998136,22.384905351121162,21.446785488524405,17.518097863833155,11.52199284560384,0.5314676201491911
5.0,51.699999999998134,22.38260139703048,21.44438321428314,17.515204158288242,11.519402602187885,0.5318582332559558
5.0,51.72499999999813,22.38029745999668,21.441984538758895,17.5123110858145,11.516812477858807,0.5322488204777626
5.0,51.74999999999813,22.37799353788006,21.439583477246412,17.50941702797849,11.51422247390535,0.5326393687817688
5.0,51.77499999999813,22.375689628499142,21.437180625713566,17.506522929293723,11.511632590554381,0.5330298880673732
5.0,51.79999999999813,22.373385729650927,21.434776626386544,17.503629303674234,11.509042826840094,0.5334203817888498
5.0,51.82499999999813,22.37108183913662,21.432371744325373,17.50073640561032,11.506453180774901,0.5338108444132046
5.0,51.849999999998126,22.368777954786623,21.42996611178713,17.497844359032445,11.503863649759012,0.5342012699188415
5.0,51.874999999998124,22.3664740744791,21.42755978539543,17.494953229468877,11.501274231123146,0.5345916671414496
5.0,51.89999999999812,22.364170196148613,21.42515278032789,17.49206304858082,11.498684922689305,0.534982026146932
5.0,51.92499999999812,22.3618663177837,21.422745090457326,17.489173823158282,11.496095723256964,0.5353723511055084
5.0,51.94999999999812,22.359562437414752,21.420336893758996,17.486285503517223,11.493506632957626,0.5357626490211945
5.0,51.97499999999812,22.357258553094915,21.417929848858847,17.483391230418167,11.49091765308348,0.5361529073400055
5.0,51.99999999999812,22.354954662877994,21.4155228891317,17.48049908505923,11.488328785408092,0.5365431320759925
5.0,52.024999999998116,22.352650764797456,21.413115491371318,17.47760734960215,11.485740031439803,0.5369333257093567
5.0,52.049999999998114,22.350346856850678,21.410713278972192,17.474714233275673,11.483151391883121,0.537323485115839
5.0,52.07499999999811,22.34804293699223,21.40830894038274,17.47182102232126,11.480562866348063,0.5377136209101823
5.0,52.09999999999811,22.34573900313847,21.405902712885243,17.46892831315856,11.47797445330202,0.538103724124476
5.0,52.12499999999811,22.343435053182922,21.403495193056628,17.466036367673322,11.475386150268118,0.5384937914393737
5.0,52.14999999999811,22.341131085018638,21.401086701993975,17.463145298884907,11.4727979542384,0.5388838282309212
5.0,52.17499999999811,22.338827096561737,21.39867735753891,17.460255159026747,11.470209862215968,0.5392738368174956
5.0,52.199999999998106,22.336523085770317,21.396267217139762,17.457365963192306,11.467621871775306,0.539663799144209
5.0,52.224999999998104,22.33421905065444,21.393856327304107,17.454477704013605,11.465033981544961,0.5400537376120357
5.0,52.2499999999981,22.331914989275443,21.39144471334491,17.45159032084751,11.462446191552118,0.5404436485732481
5.0,52.2749999999981,22.329610899735172,21.389032382690953,17.448697555629074,11.459858503067409,0.5408335122453951
5.0,52.2999999999981,22.327306780157365,21.38662014071914,17.44580586644265,11.457270917920251,0.5412233421389445
5.0,52.3249999999981,22.325002628664695,21.38420861204182,17.442914408577366,11.454683437674706,0.5416131383597766
5.0,52.3499999999981,22.32269844335539,21.381796960783653,17.440021561652724,11.4520960629687,0.5420028993519009
5.0,52.374999999998096,22.32039422228369,21.379388752904863,17.437128756597353,11.449508793131505,0.5423926376221493
5.0,52.399999999998094,22.31808996344837,21.376980689273466,17.434236601757192,11.44692162612642,0.5427823496260772
5.0,52.42499999999809,22.315785664792486,21.374570627714924,17.431345327082376,11.44433455882195,0.543172019155495
5.0,52.44999999999809,22.31348132421501,21.372159152039046,17.428455005769695,11.441747587521396,0.5435616578626
5.0,52.47499999999809,22.311176939591732,21.369746642677164,17.42556564407764,11.43916070861875,0.5439512623697849
5.0,52.49999999999809,22.308872508800228,21.367333252316232,17.42267722144984,11.436573919237544,0.5443408308818467
5.0,52.52499999999809,22.306568029742902,21.364919070618466,17.419789709964896,11.433987217744754,0.5447303745104825
5.0,52.549999999998086,22.30426350036305,21.362504142867785,17.416902904731874,11.431400604077014,0.5451198857165931
5.0,52.574999999998084,22.301958918651167,21.360088485961587,17.41401125545394,11.428814079562128,0.5455093544069604
5.0,52.59999999999808,22.299654282641054,21.357672100096593,17.411119448888872,11.426227646170238,0.5458987852903233
5.0,52.62499999999808,22.297349590397168,21.355255330778764,17.408227040501316,11.423641305516337,0.5462881761293495
5.0,52.64999999999808,22.29504483999612,21.352839426108783,17.405334004428273,11.421055058000919,0.546677535332196
5.0,52.67499999999808,22.29274002950595,21.350423468519875,17.402441360008787,11.418468902347957,0.5470668660612251
5.0,52.69999999999808,22.29043515696693,21.348007006854065,17.39954949772238,11.415882835632065,0.5474561609542642
5.0,52.724999999998076,22.288130220377603,21.34559550849052,17.396658557490777,11.413296853731834,0.5478454278803397
5.0,52.749999999998074,22.28582521768945,21.343181648102416,17.393768585299924,11.410710952043722,0.5482346631024843
5.0,52.77499999999807,22.283520146812094,21.34076600049568,17.39087958279146,11.408125126263567,0.5486238553049584
5.0,52.79999999999807,22.28121500562846,21.33834888640852,17.38799153005475,11.405539373078645,0.5490130165083128
5.0,52.82499999999807,22.278909792016126,21.33593070950468,17.38510428188501,11.40295369067165,0.549402149054207
5.0,52.84999999999807,22.276604503869358,21.333511701680862,17.382217670076745,11.400368078992654,0.5497912488165426
5.0,52.87499999999807,22.274299139116305,21.331091968289826,17.379324078225014,11.397782539391871,0.5501803047843542
5.0,52.899999999998066,22.27199369572754,21.328671547142893,17.376432925447094,11.395197073695453,0.5505693303410988
5.0,52.924999999998064,22.269688171714545,21.326250441403868,17.37354007054363,11.392611683155375,0.5509583092481515
5.0,52.94999999999806,22.26738256511907,21.323828637845264,17.37064713056599,11.390026367658475,0.5513472560357188
5.0,52.97499999999806,22.26507687399593,21.32140783036427,17.367754758241666,11.387441125403367,0.5517361712181135
5.0,52.99999999999806,22.262771096392875,21.318987063752793,17.364863211523478,11.384855953074844,0.5521250505153283
5.0,53.02499999999806,22.260465230331523,21.316565849794827,17.36197259018083,11.38227084640205,0.5525139025759854
5.0,53.04999999999806,22.258159273793133,21.314148135344553,17.359082928460925,11.379685800912128,0.5529027233090393
5.0,53.074999999998056,22.25585322471258,21.311729751194093,17.356194225039253,11.377100812692115,0.5532915019977596
5.0,53.099999999998055,22.253547080982607,21.309309488621203,17.35330645989253,11.374515879023589,0.5536802512137883
5.0,53.12499999999805,22.251240840468036,21.30688783566412,17.35041948855708,11.37193099881516,0.5540689704744552
5.0,53.14999999999805,22.248934501026856,21.30446515681274,17.347528849464044,11.369346172571937,0.5544576500530378
5.0,53.17499999999805,22.246628060533112,21.30204158917663,17.34463608798931,11.366761401732472,0.554846290837922
5.0,53.19999999999805,22.24432151689632,21.299617194033683,17.34174549324946,11.364176687753977,0.5552348953959446
5.0,53.22499999999805,22.24201486807321,21.29719201602302,17.338852932491903,11.361592031335025,0.555623459521021
5.0,53.249999999998046,22.239708112069902,21.294766079017013,17.33596013873746,11.359007431930488,0.5560119925306416
5.0,53.274999999998045,22.237401246934656,21.292339390617645,17.333067916037592,11.356422887609295,0.5564004886742141
5.0,53.29999999999804,22.23509427074293,21.289911947946916,17.33017655337211,11.353838395265639,0.5567889467131858
5.0,53.32499999999804,22.23278718157739,21.28748402674168,17.327286141639252,11.351253951124544,0.5571773708478883
5.0,53.34999999999804,22.230479977505862,21.285056823318715,17.324396691878054,11.34866955141116,0.5575657591469403
5.0,53.37499999999804,22.228172656560684,21.282632450922208,17.321508183819656,11.346085193029683,0.5579541160014581
5.0,53.39999999999804,22.22586521672352,21.28020902090679,17.318620587864032,11.343500874128093,0.5583424477013992
5.0,53.424999999998036,22.22355765591958,21.277783767686124,17.315733694337407,11.340916594471796,0.558730744753523
5.0,53.449999999998035,22.221249972023383,21.275357023669518,17.312840819038474,11.338332355238848,0.5591189975656249
5.0,53.47499999999803,22.21894216287496,21.2729291110525,17.309948507876094,11.335748158198186,0.559507215265491
5.0,53.49999999999803,22.216634226302467,21.270500283471133,17.30705730990797,11.333164004764837,0.559895398472622
5.0,53.52499999999803,22.214326160145575,21.268070626705672,17.304164398549624,11.330579895306457,0.560283537761149
5.0,53.54999999999803,22.212017962274288,21.265640193963996,17.301271469626048,11.327995828799779,0.5606716433920161
5.0,53.57499999999803,22.209709630599708,21.263209010337874,17.298379164072994,11.325411802836724,0.5610597115979664
5.0,53.599999999998026,22.20740116307542,21.260777081605845,17.295487722988764,11.322827813952394,0.5614477461131892
5.0,53.624999999998025,22.20509255769022,21.258344402074986,17.292597228958716,11.320243858195791,0.5618357453060354
5.0,53.64999999999802,22.20278381245436,21.25591229123085,17.289707695763266,11.317659931813202,0.5622237088433931
5.0,53.67499999999802,22.200474925382384,21.253480233891167,17.28681910700237,11.31507603190489,0.5626116379623194
5.0,53.69999999999802,22.198165894476034,21.251047730826876,17.283931372796097,11.312492156946371,0.5629995341123655
5.0,53.72499999999802,22.195856717710203,21.248614533743794,17.281041285070536,11.309908306944504,0.5633873910415403
5.0,53.74999999999802,22.193547393024247,21.246184255869355,17.278146704063367,11.307324482907585,0.5637752105887203
5.0,53.774999999998016,22.191237918320397,21.243753355766458,17.275255002230626,11.304740685927964,0.5641629942388231
5.0,53.799999999998015,22.18892829147005,21.241320625278167,17.272362742899418,11.302156916407164,0.5645507343673672
5.0,53.82499999999801,22.186618510327193,21.238886575856405,17.26946927145899,11.299573173625765,0.5649384438667615
5.0,53.84999999999801,22.184308572746232,21.236451515768067,17.26657605275974,11.296989455630216,0.5653261191152524
5.0,53.87499999999801,22.181998476600207,21.234015571752785,17.263683609484676,11.294405759398531,0.5657137519987074
5.0,53.89999999999801,22.179688219795263,21.231578814771847,17.260792113438786,11.291822081256097,0.5661013558534195
5.0,53.92499999999801,22.17737780027831,21.229141277962444,17.257901599762377,11.289238417467834,0.5664889192901604
5.0,53.949999999998006,22.175067216036627,21.226702971229777,17.25501204969576,11.286654764885904,0.5668764408468583
5.0,53.974999999998005,22.172756465089744,21.22426389150597,17.252123426325923,11.284071121528816,0.5672639324150291
5.0,53.999999999998,22.170445545475534,21.2218253971446,17.2492356868209,11.281487487005604,0.5676513960145194
5.0,54.024999999998,22.168134455233208,21.219386836977986,17.246339879001724,11.278903862264135,0.568038805630003
5.0,54.049999999998,22.165823192386803,21.21694982071009,17.24344687842145,11.276320248704334,0.5684261874760485
5.0,54.074999999998,22.16351175493291,21.21451422780984,17.240555594241446,11.273736647316188,0.5688135325272908
5.0,54.099999999998,22.161200140836147,21.212076745035418,17.23766232372917,11.271153058200246,0.5692008334267482
5.0,54.124999999997996,22.15888834803404,21.209637745140782,17.234768361720853,11.268569480393884,0.5695881019921845
5.0,54.149999999997995,22.156576374450186,21.207197487007562,17.23187483204683,11.265985911885902,0.5699753320396208
5.0,54.17499999999799,22.15426421801217,21.204756275493644,17.22898213018642,11.26340234981809,0.5703625255406419
5.0,54.19999999999799,22.151951876669248,21.20231422735578,17.226090379223862,11.260818790892083,0.570749689362644
5.0,54.22499999999799,22.14963934840539,21.199871399098036,17.22319959453082,11.25823523192975,0.5711368111042824
5.0,54.24999999999799,22.147326631244844,21.19742781106809,17.220309749155728,11.255651670474116,0.5715238937342678
5.0,54.27499999999799,22.145013723249416,21.194983463531837,17.21742080328446,11.253068105313137,0.5719109475992673
5.0,54.299999999997986,22.14270062250844,21.19253834674282,17.214532650436627,11.250484536844528,0.5722979579093189
5.0,54.324999999997985,22.14038732712349,21.190092494277728,17.21164046170496,11.247900966989311,0.5726849266561143
5.0,54.34999999999798,22.138073835190422,21.187647218815627,17.20874515596173,11.245317398416978,0.5730718629362722
5.0,54.37499999999798,22.135760144781457,21.185201752123756,17.20585199345016,11.242733833467819,0.5734587563809588
5.0,54.39999999999798,22.13344625393029,21.18275801124758,17.202956861047202,11.240150273240445,0.5738456078894568
5.0,54.42499999999798,22.131132160623213,21.180315109622345,17.200061710386027,11.237566717079435,0.5742324310661031
5.0,54.44999999999798,22.128817862798726,21.1778703928693,17.197167266798594,11.2349831625329,0.5746192146872002
5.0,54.474999999997976,22.126503358356473,21.175424202532383,17.194273771175016,11.232399605747432,0.5750059585329597
5.0,54.499999999997975,22.1241886451738,21.172976817285914,17.191381281813776,11.229816042174818,0.5753926701607137
5.0,54.52499999999797,22.1218737211261,21.170528499381373,17.188489786391322,11.227232467406864,0.5757793364879236
5.0,54.54999999999797,22.119558584106173,21.168079364005283,17.18559924373467,11.224648877959028,0.5761659717280153
5.0,54.57499999999797,22.11724323203842,21.16562945339894,17.182709587563444,11.222065271876854,0.5765525749705469
5.0,54.59999999999797,22.114927662885407,21.16317877469275,17.179820609606843,11.21948164910054,0.5769391320346005
5.0,54.62499999999797,22.112611874646277,21.16072731941902,17.176924786891433,11.216898011173013,0.5773256471781313
5.0,54.649999999997966,22.110295865348075,21.15827507377294,17.174029125046623,11.21431436024304,0.5777121242231698
5.0,54.674999999997965,22.10797963303211,21.15582280108764,17.171135411504025,11.211730697966795,0.5780985573273363
5.0,54.699999999997964,22.105663175737945,21.15337060020534,17.168239388709395,11.20914702474445,0.5784849533061414
5.0,54.72499999999796,22.1033464914879,21.15091795527764,17.1653432369936,11.206563339370824,0.5788713146950833
5.0,54.74999999999796,22.10102957827473,21.148467287023948,17.162447739422692,11.203979639070663,0.5792576326094541
5.0,54.77499999999796,22.098712434055166,21.14601667228636,17.15955316213144,11.201395919881534,0.5796439215506284
5.0,54.79999999999796,22.096395056751206,21.143564316344253,17.156659572110602,11.19881217730039,0.5800301696507958
5.0,54.82499999999796,22.094077444259387,21.141110616524895,17.15376695726253,11.196228407050706,0.5804163756801014
5.0,54.849999999997955,22.09175959446621,21.138655868536507,17.150875277581243,11.193644605812752,0.580802553324418
5.0,54.874999999997954,22.08944150526598,21.136200214196066,17.147984407699344,11.191060771793136,0.5811886944799535
5.0,54.89999999999795,22.08712317457694,21.13374371660157,17.145094175923894,11.188476905064043,0.5815747909268627
5.0,54.92499999999795,22.084804600352268,21.131286398845564,17.142194066917074,11.185893007090776,0.5819608421086067
5.0,54.94999999999795,22.08248578058396,21.128828264380797,17.13929771797619,11.183309079570586,0.582346852663064
5.0,54.97499999999795,22.080166713299445,21.126369307892713,17.136402896390408,11.180725123382883,0.5827328219643103
5.0,54.99999999999795,22.077847396552016,21.123909521176433,17.133505432412257,11.178141138034283,0.583118752471
5.0,55.024999999997945,22.075527828406944,21.121449861517164,17.13060776573434,11.175557121516036,0.5835046421505938
5.0,55.049999999997944,22.073208006925796,21.118990060822924,17.127710751357554,11.172973070452414,0.583890495833517
5.0,55.07499999999794,22.07088793015155,21.116530476559507,17.124814673236212,11.170388980505106,0.5842763138463241
5.0,55.09999999999794,22.068567596097402,21.114073188877107,17.121919597945162,11.167804846991384,0.5846620917316138
5.0,55.12499999999794,22.066247002741918,21.111614043245908,17.11902551029123,11.165220665609601,0.5850478332148096
5.0,55.14999999999794,22.06392614803216,21.10915349778571,17.116132368983134,11.162636433132896,0.5854335444784589
5.0,55.17499999999794,22.061605029894334,21.10669184901484,17.113240043302174,11.160052147951552,0.585819217233845
5.0,55.199999999997935,22.05928364624937,21.104229231984412,17.11034194517057,11.157467810042066,0.5862048399538607
5.0,55.224999999997934,22.056961995029496,21.101765717754994,17.10744184633151,11.15488342015227,0.5865904251407779
5.0,55.24999999999793,22.05464007419196,21.09930134030429,17.104544732868362,11.152298978749618,0.58697596376115
5.0,55.27499999999793,22.052317881727067,21.09683611286816,17.10164747571275,11.149714485359656,0.5873614609879877
5.0,55.29999999999793,22.049995415659364,21.094370037966055,17.098748190153195,11.14712993835672,0.5877469208027164
5.0,55.32499999999793,22.047672674042197,21.09190311318235,17.095848943410317,11.144545335006354,0.588132333515819
5.0,55.34999999999793,22.04534965494708,21.08943628535418,17.092950450680537,11.1419606716714,0.5885177158593176
5.0,55.374999999997925,22.043026356450152,21.086969229626234,17.090052936504634,11.139375944202481,0.5889030529087891
5.0,55.399999999997924,22.04070277661817,21.084501575620717,17.087156438841927,11.136791148502272,0.5892883530390574
5.0,55.42499999999792,22.038378913496665,21.082034624106956,17.084260927902744,11.134206281172267,0.5896736177880518
5.0,55.44999999999792,22.036054765102524,21.079568708741153,17.08136631410774,11.131621340112417,0.590058850752484
5.0,55.47499999999792,22.033730329422717,21.0771010725367,17.07847240317333,11.129036324960227,0.5904440411147398
5.0,55.49999999999792,22.03140560441984,21.074632168563696,17.075573331279017,11.126451236993486,0.5908291878711159
5.0,55.52499999999792,22.029080588043218,21.072162195023097,17.07267088372628,11.123866078232743,0.5912142871129356
5.0,55.549999999997915,22.026755278242945,21.069691248658813,17.069771608800583,11.121280850260558,0.5915993435857645
5.0,55.574999999997914,22.024429672983416,21.067219386048176,17.066869751530568,11.11869555329831,0.591984356759388
5.0,55.59999999999791,22.022103770253207,21.06474663725241,17.06396773562927,11.116110185741565,0.5923693333007535
5.0,55.62499999999791,22.01977756806942,21.0622730162057,17.06106642434447,11.113524744176452,0.5927542659003918
5.0,55.64999999999791,22.017451064475804,21.05979852777956,17.05816610594317,11.11093922383051,0.5931391632652289
5.0,55.67499999999791,22.015124257535433,21.057324143333357,17.05526684427971,11.108353619336846,0.5935240168742303
5.0,55.69999999999791,22.012797145319716,21.054849425943132,17.052368617303596,11.105767925628664,0.5939088364239452
5.0,55.724999999997905,22.010469725896126,21.05237405843913,17.049471375535155,11.103182138777466,0.5942936188077403
5.0,55.749999999997904,22.00814199731717,21.049899460438258,17.046575016530575,11.100596256637749,0.5946783658011638
5.0,55.7749999999979,22.005813957613032,21.047425521771643,17.04367378200895,11.098010278923107,0.595063064536536
5.0,55.7999999999979,22.00348560478968,21.04494988686735,17.040768464072972,11.095424206401718,0.5954477173392946
5.0,55.8249999999979,22.001156936833144,21.042472945648164,17.037866983968424,11.09283803973981,0.5958323231153608
5.0,55.8499999999979,21.998827951718855,21.039994934223316,17.034965534851146,11.0902517787202,0.5962168871807225
5.0,55.8749999999979,21.996498647423522,21.03751596562519,17.032061771239185,11.087665421959818,0.5966014124991148
5.0,55.899999999997895,21.994169021936372,21.03503609582713,17.029157933108554,11.085078966918436,0.596985892710182
5.0,55.924999999997894,21.991839073266977,21.032555349723225,17.026254813721067,11.082492410089321,0.5973703355140342
5.0,55.94999999999789,21.98950879944793,21.030073735957615,17.02335268019217,11.079905747386945,0.5977547425735621
5.0,55.97499999999789,21.987178198532064,21.027591255239003,17.02045159247774,11.077318974725051,0.5981391026689691
5.0,55.99999999999789,21.984847268584883,21.02510852832124,17.017551529218803,11.074732088694443,0.5985234311386255
5.0,56.02499999999789,21.982516007673915,21.02262557017415,17.014652433711852,11.07214508720655,0.598907722129909
5.0,56.04999999999789,21.980184413857092,21.020142012460536,17.01175409175566,11.069557969980632,0.5992919655966658
5.0,56.074999999997885,21.9778524851725,21.017659450031797,17.00885135286053,11.066970738528239,0.5996761706206032
5.0,56.099999999997884,21.97552021963177,21.0151770514249,17.00594327085157,11.064383395260245,0.6000603229587859
5.0,56.12499999999788,21.97318761521893,21.012693053075324,17.003038981898758,11.061795942200131,0.6004444287990127
5.0,56.14999999999788,21.970854669895346,21.010207710084874,17.00013194211689,11.059208379917946,0.6008284876539024
5.0,56.17499999999788,21.96852138160951,21.007721253236767,16.99722472419784,11.056620706965154,0.6012125133707061
5.0,56.19999999999788,21.966187748309196,21.00523384769123,16.994318258582034,11.054032919866406,0.6015964935833602
5.0,56.22499999999788,21.963853767952752,21.002745561718413,16.991412850661284,11.05144501361476,0.6019804385846628
5.0,56.249999999997875,21.961519438516888,21.000256418122348,16.9885085695276,11.04885698252236,0.6023643458529239
5.0,56.274999999997874,21.959184757999356,20.997766419439095,16.98560538963604,11.046268821214047,0.6027482096338322
5.0,56.29999999999787,21.956849724416365,20.995275560165556,16.982703251416574,11.043680525553857,0.6031320346571846
5.0,56.32499999999787,21.954514335795444,20.99278383730703,16.97980201111898,11.04109209335194,0.6035158212668991
5.0,56.34999999999787,21.952178590165314,20.990292134729387,16.97690147920808,11.038503524775058,0.6038995666120901
5.0,56.37499999999787,21.9498424855446,20.987799956854534,16.97399699683656,11.035914822207113,0.604283266858809
5.0,56.39999999999787,21.94750601993155,20.98530790070774,16.971086034391725,11.033325989186947,0.6046669031480628
5.0,56.424999999997866,21.945169191296788,20.982816966112427,16.96817558633988,11.030737028726488,0.6050504937366797
5.0,56.449999999997864,21.942831997581138,20.980324407695385,16.965264701203917,11.028147941776172,0.6054340445934205
5.0,56.47499999999786,21.9404944366994,20.97783049059811,16.962354523554556,11.025558726454252,0.6058175523989622
5.0,56.49999999999786,21.938156506549504,20.975335469061125,16.959445436647844,11.022969378214432,0.6062010231237125
5.0,56.52499999999786,21.935818205024898,20.97283946457204,16.956537532650565,11.020379890747778,0.6065844612156838
5.0,56.54999999999786,21.93347953002709,20.970342536363066,16.953630798088575,11.01779025724455,0.6069678628439679
5.0,56.57499999999786,21.931140479475555,20.96784471072605,16.950725177034872,11.015200471657844,0.6073512147101028
5.0,56.599999999997856,21.92880105131306,20.965345997038366,16.94782060004288,11.012610529726535,0.6077345288842935
5.0,56.624999999997854,21.92646124350571,20.962846396480902,16.944916905349036,11.010020429643628,0.6081177992844865
5.0,56.64999999999785,21.92412105403815,20.960345906700066,16.94201390903819,11.007430172353452,0.6085010334075422
5.0,56.67499999999785,21.92178048090503,20.957844547776304,16.939107299436603,11.004839761295212,0.6088842192831199
5.0,56.69999999999785,21.91943952210028,20.955343092889755,16.936193205817744,11.00224920120212,0.60926733848074
5.0,56.72499999999785,21.91709817560593,20.952841102410446,16.93328096121465,10.99965849631778,0.6096504137843225
5.0,56.74999999999785,21.914756439382373,20.950340204410093,16.930367145010877,10.997067648789802,0.6100334483653493
5.0,56.774999999997846,21.912414311362145,20.94783888641099,16.92745374831624,10.994476657803082,0.6104164371294261
5.0,56.799999999997844,21.910071789448924,20.94533613848087,16.924541405411794,10.99188551962685,0.6107993921431554
5.0,56.82499999999784,21.9077288715223,20.942832233779242,16.921630280274268,10.989294228423136,0.6111823110708402
5.0,56.84999999999784,21.905385555447396,20.940327303686892,16.918720365182136,10.986702777485599,0.6115651862413981
5.0,56.87499999999784,21.903041839086992,20.937821410795046,16.91581159381127,10.984111160553661,0.6119480251069656
5.0,56.89999999999784,21.900697720313318,20.935314583762196,16.91290388752315,10.981519372931967,0.6123308196835268
5.0,56.92499999999784,21.89835319701706,20.932806834659836,16.90999706146432,10.978927412265788,0.6127135707859529
5.0,56.949999999997836,21.896008267112002,20.93029816772142,16.907081520129765,10.97633527841556,0.6130962761096226
5.0,56.974999999997834,21.893662928534848,20.927788583750623,16.904165049392738,10.97374297230055,0.6134789265684054
5.0,56.99999999999783,21.89131717924071,20.925278299466555,16.901252432324327,10.971150494550033,0.613861522059222
5.0,57.02499999999783,21.88897101719542,20.922767704893957,16.898337180568898,10.968557844627664,0.6142440699147769
5.0,57.04999999999783,21.886624440366344,20.92025646379055,16.895420618494526,10.965965020470529,0.6146265718365431
5.0,57.07499999999783,21.884277446713295,20.917744409848712,16.89250444635436,10.963372018497354,0.6150090321750002
5.0,57.09999999999783,21.881930034181256,20.9152332350203,16.889589241973734,10.960778833935269,0.6153914586754197
5.0,57.124999999997826,21.87958220069632,20.91272140195642,16.886675166659867,10.958185461443506,0.6157738408193268
5.0,57.149999999997824,21.877233944165837,20.910208178790743,16.88376222427268,10.955591895936942,0.6161561892973866
5.0,57.17499999999782,21.87488526248287,20.90769381295848,16.880850364531916,10.952998133444357,0.616538493958621
5.0,57.19999999999782,21.872536153533897,20.905178421706843,16.87793950681948,10.950404171838029,0.6169207565608099
5.0,57.22499999999782,21.870186615207764,20.90266206024658,16.875029426757905,10.947810011321138,0.617302978115563
5.0,57.24999999999782,21.867836645403717,20.900144753783533,16.87211549116568,10.945215654382189,0.6176851595745141
5.0,57.27499999999782,21.86548624203667,20.897626513130326,16.869193396298503,10.942621104720864,0.6180672655334627
5.0,57.299999999997816,21.863135403038736,20.895107342429007,16.866275285507985,10.940026365604147,0.6184493258525283
5.0,57.324999999997814,21.860784126356897,20.892587636793113,16.863354352977026,10.9374314384207,0.6188313291659548
5.0,57.34999999999781,21.858432409947678,20.89006742603342,16.860433335229903,10.934836321886984,0.6192132925786156
5.0,57.37499999999781,21.85608025177003,20.88754647129596,16.85751318485359,10.932241012028445,0.6195952184245063
5.0,57.39999999999781,21.853727649778072,20.885024654557863,16.85459420585557,10.92964550284143,0.6199771066645771
5.0,57.42499999999781,21.851374601915094,20.88250415008568,16.851676451343927,10.927049787397925,0.6203589526602385
5.0,57.44999999999781,21.84902110611033,20.879982141258658,16.84875988007377,10.924453859096065,0.6207407640202294
5.0,57.474999999997806,21.84666716027941,20.87745889662728,16.845844422400475,10.921857712793074,0.6211225340239851
5.0,57.499999999997804,21.84431276232848,20.87493456098133,16.842929903961178,10.919261345646483,0.6215042557602611
5.0,57.5249999999978,21.841957910160968,20.872409207178478,16.84001091115406,10.916664757302925,0.621885933691415
5.0,57.5499999999978,21.839602601684998,20.869882872307564,16.837084215592398,10.914067948942654,0.6222675526912905
5.0,57.5749999999978,21.837246834819645,20.867355575339477,16.834162719033685,10.911470921753791,0.62264911636185
5.0,57.5999999999978,21.834890607498412,20.86482732605608,16.831238199533374,10.908873675638539,0.6230306212221088
5.0,57.6249999999978,21.832533917669274,20.862298129657812,16.82831289875708,10.906276208499666,0.6234120750002292
5.0,57.649999999997796,21.830176763291316,20.859767989162723,16.825388159286888,10.903678516143536,0.6237934887947302
5.0,57.674999999997794,21.827819142328693,20.857237347287395,16.82246446525458,10.901080592733095,0.6241748666504036
5.0,57.69999999999779,21.825461052743005,20.854706073590904,16.819541961235412,10.898482431651807,0.6245562013769486
5.0,57.72499999999779,21.823102492485514,20.852174638699484,16.816620651405486,10.89588402656939,0.6249375000241156
5.0,57.74999999999779,21.820743459490814,20.849643472994075,16.813700486056803,10.893285372483012,0.625318762829621
5.0,57.77499999999779,21.818383951673486,20.847110914580394,16.810781401130864,10.890686466556671,0.6256999761879504
5.0,57.79999999999779,21.816023966928675,20.84457718017763,16.8078632008901,10.888087308658891,0.6260811465784063
5.0,57.824999999997786,21.813663503136457,20.842042383612803,16.804939915959253,10.885487901255683,0.6264622694739297
5.0,57.849999999997785,21.81130255816874,20.839506580374017,16.802009127160954,10.882888248198178,0.626843330327135
5.0,57.87499999999778,21.80894112989691,20.836969797841757,16.79908315938983,10.880288353001454,0.6272243367536398
5.0,57.89999999999778,21.806579216198223,20.83443204967805,16.796153186044005,10.877688217376226,0.6276052809078034
5.0,57.92499999999778,21.804216814959755,20.831893342879777,16.79322287263368,10.875087840383062,0.6279861791472835
5.0,57.94999999999778,21.801853924079122,20.829353681295707,16.790293447138602,10.872487218319801,0.6283670384685655
5.0,57.97499999999778,21.799490541462237,20.826813350742018,16.787365286220968,10.869886345303993,0.6287478619637641
5.0,57.999999999997776,21.797126665018748,20.824272372986584,16.784438453362228,10.867285214362814,0.6291286386984152
5.0,58.024999999997775,21.7947622926563,20.821730578985033,16.781512900077804,10.864683818739397,0.6295093779067321
5.0,58.04999999999777,21.792397422274792,20.81918788551928,16.77858854570045,10.862082153124105,0.6298900765754427
5.0,58.07499999999777,21.79003205176166,20.816645160932183,16.775665265814546,10.859480214603527,0.6302707282079709
5.0,58.09999999999777,21.787666178989124,20.814102032486137,16.772741354586245,10.856878003146676,0.630651337918451
5.0,58.12499999999777,21.785299801814027,20.811557627451023,16.769803508856125,10.85427552081042,0.631031883987798
5.0,58.14999999999777,21.782932918080455,20.809012094822865,16.76687125261681,10.851672769962176,0.6314123749924951
5.0,58.174999999997766,21.780565525624564,20.80646550900885,16.763935713923438,10.84906975146019,0.6317928019392403
5.0,58.199999999997765,21.778197622280487,20.803917908912815,16.7609999923136,10.846466463492213,0.6321731764685541
5.0,58.22499999999776,21.775829205885888,20.801369315825013,16.7580651806166,10.843862901340922,0.6325535054286178
5.0,58.24999999999776,21.773460274285892,20.79881974209215,16.755131637395184,10.841259058008003,0.6329337984788874
5.0,58.27499999999776,21.77109082533464,20.796269195474686,16.75219944693437,10.83865492541539,0.6333140538623451
5.0,58.29999999999776,21.768720856894255,20.793717795675153,16.749268582206216,10.83605049582139,0.6336942640121522
5.0,58.32499999999776,21.766350366831617,20.791165735195385,16.746338972895813,10.833445763130547,0.6340744312462068
5.0,58.349999999997756,21.763979353013706,20.788612850766782,16.743410537780186,10.830840723889628,0.6344545537737379
5.0,58.374999999997755,21.761607813302593,20.78605958640787,16.740483050176426,10.828235377879821,0.6348346328104553
5.0,58.39999999999775,21.759235745551262,20.783506137992735,16.73755370838153,10.825629728162824,0.635214664867828
5.0,58.42499999999775,21.756863147601326,20.780951410807916,16.734611387057758,10.823023779875886,0.6355946306143071
5.0,58.44999999999775,21.754490017283334,20.77839555007186,16.73167296437582,10.820417538098248,0.6359745405072942
5.0,58.47499999999775,21.752116352419552,20.775838627087,16.728731569735828,10.81781100575187,0.6363543926921287
5.0,58.49999999999775,21.749742150828343,20.77328067900691,16.725790364239263,10.81520418231014,0.6367341887027866
5.0,58.524999999997746,21.747367410328938,20.77072172641603,16.722850345716232,10.812597063624954,0.6371139419450246
5.0,58.549999999997745,21.7449921287453,20.768161781571933,16.71991178206681,10.809989642763206,0.6374936590078527
5.0,58.57499999999774,21.742616303908168,20.76560085244224,16.716974689249913,10.80738191147849,0.63787333359967
5.0,58.59999999999774,21.740239933654973,20.763038944758968,16.71403899499001,10.804773861868627,0.63825296680252
5.0,58.62499999999774,21.737863015827674,20.760476186413023,16.711104602118983,10.802165487849253,0.638632551688904
5.0,58.64999999999774,21.735485548269082,20.757912661280496,16.708171354396754,10.799556786223942,0.6390120951278421
5.0,58.67499999999774,21.733107528818437,20.755348259876577,16.705238988483003,10.796947757272319,0.6393915945327217
5.0,58.699999999997736,21.730728955307015,20.75278302434219,16.702291000938416,10.79433840398938,0.6397710246760034
5.0,58.724999999997735,21.72834982555464,20.75021784691064,16.69934753309281,10.79172873013811,0.6401503966457971
5.0,58.74999999999773,21.72597013736785,20.747651413683847,16.696404129909453,10.789118738263452,0.640529715994545
5.0,58.77499999999773,21.72358988854019,20.745083845112376,16.69345754100888,10.78650842840039,0.6409089766078431
5.0,58.79999999999773,21.72120907685468,20.742515202177422,16.69051117627088,10.783897797617744,0.6412881837324946
5.0,58.82499999999773,21.718827700087765,20.73994551855831,16.687566066314524,10.781286840334108,0.6416673503188739
5.0,58.84999999999773,21.71644575601378,20.73737481445591,16.684622459112425,10.778675549265838,0.642046474725163
5.0,58.874999999997726,21.714063242408866,20.734803103030014,16.68168034062822,10.776063916763624,0.6424255561409561
5.0,58.899999999997725,21.711680157053443,20.732230393601913,16.678739617457094,10.773451936228849,0.6428045954128129
5.0,58.92499999999772,21.709296497732947,20.72965669334436,16.675800183009333,10.770839603333325,0.6431835867455398
5.0,58.94999999999772,21.706912262236724,20.72708212297921,16.672861753289116,10.768226916862544,0.6435625345578763
5.0,58.97499999999772,21.7045274483556,20.724506684971463,16.66992364893198,10.765613879089347,0.64394143797147
5.0,58.99999999999772,21.702142053878624,20.72193031907049,16.66696850327714,10.763000494737764,0.6443202680099795
5.0,59.02499999999772,21.699756076589754,20.719353207021374,16.66402015771615,10.760386768847045,0.6446990456577568
5.0,59.049999999997716,21.697369514265116,20.71677569774711,16.661070230548606,10.757772704730732,0.6450777614667021
5.0,59.074999999997715,21.69498236467149,20.714197004697073,16.658117677470536,10.75515830272716,0.6454564200867905
5.0,59.09999999999771,21.692594625566393,20.711617201734736,16.655165537245313,10.752543559854233,0.6458350309339963
5.0,59.12499999999771,21.690206294699735,20.709036329271846,16.652214724326292,10.74992847027723,0.646213598404939
5.0,59.14999999999771,21.68781736981654,20.70645441219402,16.64926544259393,10.747313026410332,0.6465921182332393
5.0,59.17499999999771,21.68542784865998,20.703871467364486,16.646317660370027,10.744697220372803,0.6469705952088745
5.0,59.19999999999771,21.68303772897398,20.70128750710804,16.64337127889519,10.742081045474452,0.6473490233680405
5.0,59.224999999997706,21.68064700850473,20.698702541004337,16.64042616899072,10.7394644974562,0.6477274152936109
5.0,59.249999999997705,21.678255685000984,20.696116576907983,16.637478671853835,10.736847575134371,0.6481057579263659
5.0,59.2749999999977,21.67586375621306,20.693529691843047,16.634517529751278,10.734230279579597,0.6484840306989542
5.0,59.2999999999977,21.67347121989097,20.690941859324273,16.63156252911424,10.731612612258504,0.6488622530041894
5.0,59.3249999999977,21.67107807378204,20.688353060126904,16.628602911308757,10.72899457312601,0.6492404016136045
5.0,59.3499999999977,21.66868431562858,20.685763544479503,16.625642933657858,10.726376159360285,0.6496184945273629
5.0,59.3749999999977,21.666289943166014,20.683173262143942,16.622684017019186,10.723757365047986,0.6499965395150555
5.0,59.399999999997696,21.663894954121957,20.680581859001006,16.619726591056565,10.721138181815006,0.6503745402286352
5.0,59.424999999997695,21.661499346216452,20.677989370351284,16.61677073025064,10.71851860014255,0.6507524929462254
5.0,59.449999999997694,21.659103117163216,20.675395818343336,16.613816378934775,10.715898610971474,0.6511304001795812
5.0,59.47499999999769,21.656706264671623,20.672801219155247,16.61086344025138,10.713278207213357,0.6515082578752497
5.0,59.49999999999769,21.654308786448823,20.67020558565591,16.60791181307859,10.710657384909357,0.6518860750920641
5.0,59.52499999999769,21.65191068020151,20.667608928574904,16.604961314440324,10.708036143923861,0.6522638539009264
5.0,59.54999999999769,21.649511943636952,20.66501125714761,16.602005100745227,10.705414487811833,0.6526415700804321
5.0,59.57499999999769,21.647112574463208,20.66241256403807,16.599039020114596,10.702792422293196,0.65301921784289
5.0,59.599999999997685,21.644712570388517,20.659812855863436,16.59607865861319,10.70016995303868,0.6533968128389015
5.0,59.624999999997684,21.642311929120133,20.657212147427977,16.593112522792406,10.697547083673351,0.6537743303349542
5.0,59.64999999999768,21.63991064836283,20.654610446156237,16.59014586927945,10.694923814490544,0.6541518016670982
5.0,59.67499999999768,21.63750872581739,20.65200793812407,16.58718034710746,10.692300142106708,0.6545292258606412
5.0,59.69999999999768,21.635106159179372,20.649404430269772,16.58421641337484,10.689676060083174,0.6549066024686819
5.0,59.72499999999768,21.632702946138398,20.646799839828848,16.581254118082942,10.687051560292316,0.6552839295912806
5.0,59.74999999999768,21.630299084378134,20.644194173858516,16.578293379749645,10.684426634628446,0.6556612093187393
5.0,59.774999999997675,21.627894571576828,20.64158744298015,16.575334085693616,10.681801276651056,0.6560384409004307
5.0,59.799999999997674,21.62548940540827,20.63897965898897,16.572376123987727,10.67917548286827,0.6564156359156932
5.0,59.82499999999767,21.623083583542822,20.636370833504323,16.56941914544783,10.676549253518745,0.6567927865620071
5.0,59.84999999999767,21.62067710364831,20.633760977385826,16.56644561146946,10.673922591891161,0.6571698550041343
5.0,59.87499999999767,21.618269963390542,20.63115010058945,16.563473379729558,10.671295502143074,0.6575468615493
5.0,59.89999999999767,21.615862160433508,20.628538131808142,16.560497811054184,10.668667986620497,0.6579238054907769
5.0,59.92499999999767,21.61345369243919,20.625925075600446,16.557522663953556,10.666040043863163,0.6583006886358711
5.0,59.949999999997665,21.611044557067135,20.623310983490374,16.55454907312083,10.663411668005747,0.6586775242614927
5.0,59.974999999997664,21.60863475197386,20.620695842329177,16.55157729800194,10.660782849610442,0.6590543145350467
5.0,59.99999999999766,21.606224274812142,20.61807967488278,16.54860730670943,10.658153577465525,0.6594310524256202
5.0,60.02499999999766,21.60381312323034,20.61546249513114,16.545638977967368,10.655523840713062,0.659807743822598
5.0,60.04999999999766,21.60140129487181,20.612844259070155,16.54267217545787,10.652893630769643,0.6601843833307304
5.0,60.07499999999766,21.59898878737458,20.610224954473736,16.539706771035007,10.650262942727931,0.6605609801730139
5.0,60.09999999999766,21.596575598371228,20.607604583926165,16.53674238793659,10.647631776131053,0.6609375320211931
5.0,60.124999999997655,21.59416172548909,20.604983156279424,16.533763223216337,10.645000134302176,0.6613140066889263
5.0,60.149999999997654,21.591747166350643,20.60236068249451,16.53078546711594,10.642368022252688,0.6616904297940122
5.0,60.17499999999765,21.58933191857408,20.599737173756044,16.527806852143776,10.639735444226249,0.6620667840375709
5.0,60.19999999999765,21.586915979773963,20.597112621719614,16.524824836174083,10.63710240177464,0.662443074388021
5.0,60.22499999999765,21.584499347561955,20.594486832619683,16.521843184334106,10.63446889279237,0.6628193111926605
5.0,60.24999999999765,21.582082019547506,20.59185993493244,16.51886302871866,10.631834911634954,0.663195500055465
5.0,60.27499999999765,21.5796639933384,20.589231992276893,16.515884632163814,10.629200450191458,0.663571640056662
5.0,60.299999999997645,21.577245266541023,20.58660282415888,16.512907968826706,10.626565499556067,0.6639477314608044
5.0,60.324999999997644,21.57482583676028,20.583972489242214,16.509932927568887,10.62393005184774,0.6643237765499146
5.0,60.34999999999764,21.572405701599056,20.58134115566458,16.506959384466345,10.62129410179172,0.6646997699456546
5.0,60.37499999999764,21.5699848586573,20.57870877559469,16.503987021531945,10.618657647824113,0.6650757150359773
5.0,60.39999999999764,21.56756330553087,20.576075332211484,16.50100847747813,10.616020692247469,0.6654516020924817
5.0,60.42499999999764,21.565141039810378,20.573440824191838,16.49801868105077,10.61338323976009,0.6658274155234338
5.0,60.44999999999764,21.562718059080282,20.570805257687724,16.495029880667477,10.61074529483538,0.6662031568643284
5.0,60.474999999997635,21.560294360918494,20.56816864215374,16.492038189736103,10.608106859124453,0.6665788409302931
5.0,60.499999999997634,21.55786994289654,20.565530988216864,16.489047302102886,10.605467929901218,0.6669544687211093
5.0,60.52499999999763,21.555444802580375,20.56289223150969,16.486058233861513,10.602828500000337,0.6673300468703783
5.0,60.54999999999763,21.55301893753171,20.56025215505131,16.483071156369167,10.600188559092526,0.6677055750573625
5.0,60.57499999999763,21.55059234530966,20.55761092680202,16.480085980634193,10.597548095749321,0.6680810515041469
5.0,60.59999999999763,21.548165023472357,20.554968621483024,16.477102553034847,10.594907099660952,0.6684564793802544
5.0,60.62499999999763,21.54573696957816,20.552324572774925,16.474120720648447,10.592265563514827,0.6688318540820056
5.0,60.649999999997625,21.54330818118606,20.549679634687507,16.471140114402353,10.589623484264326,0.6692071786231589
5.0,60.674999999997624,21.54087865585506,20.547033684424502,16.46814687411959,10.586980862976088,0.6695824417673656
5.0,60.69999999999762,21.538448391142538,20.54438667267884,16.465151213871057,10.584337703037015,0.6699576368884155
5.0,60.72499999999762,21.536017384601944,20.54173858507992,16.46216068523991,10.581694007940033,0.6703327710768452
5.0,60.74999999999762,21.533585633780394,20.53908942366583,16.459163687531618,10.579049779563578,0.6707078392916017
5.0,60.77499999999762,21.531153136216748,20.53643919775441,16.456164834257937,10.576405017102246,0.6710828460282564
5.0,60.79999999999762,21.528719889440595,20.533787919451598,16.45316697183177,10.573759716686457,0.6714577997769
5.0,60.824999999997615,21.526285890972375,20.531135519790556,16.450170885194446,10.571113871799444,0.6718327101850274
5.0,60.849999999997614,21.523851138324627,20.528481686444394,16.44717669490398,10.56846747444982,0.6722075629643917
5.0,60.87499999999761,21.521415629004004,20.525826649604788,16.444184314045465,10.565820516809897,0.6725823654446792
5.0,60.89999999999761,21.518979360513576,20.523170523131963,16.441193604906548,10.563172992910001,0.6729571114088025
5.0,60.92499999999761,21.51654233035492,20.520513168389197,16.438204151777516,10.560524900023767,0.6733318095427964
5.0,60.94999999999761,21.51410453602949,20.517853981596588,16.435215665441675,10.557876239525822,0.6737064581236203
5.0,60.97499999999761,21.511665975038973,20.515193933690604,16.4322146543188,10.555227016446926,0.674081035112336
5.0,60.999999999997605,21.5092266448844,20.512532883645946,16.42921035274304,10.552577237479241,0.6744555422058977
5.0,61.024999999997604,21.5067865430642,20.50987077446969,16.426201699437843,10.549926908110312,0.6748299717037877
5.0,61.0499999999976,21.504345667071703,20.507207588835524,16.42319229609046,10.547276030044836,0.6752043388134459
5.0,61.0749999999976,21.501904014392732,20.504543328021647,16.420184332661897,10.544624599906266,0.6755786560431375
5.0,61.0999999999976,21.49946158250405,20.501878001593244,16.41717838272998,10.541972609584445,0.6759529284933795
5.0,61.1249999999976,21.497018368873043,20.499211622313215,16.414174495081188,10.539320047929527,0.6763271477151067
5.0,61.1499999999976,21.494574370958887,20.4965439421201,16.41117255171857,10.536666903121441,0.6767013147914019
5.0,61.174999999997596,21.492129586214972,20.4938748028665,16.40817239506142,10.534013165032087,0.6770754219381276
5.0,61.199999999997594,21.489684012092116,20.491204443471634,16.405173873772632,10.531358827109258,0.6774494850820273
5.0,61.22499999999759,21.487237646041805,20.48853273711642,16.40217651292981,10.528703887558159,0.6778234962339998
5.0,61.24999999999759,21.484790485518623,20.48585889354796,16.399165999736024,10.526048349027931,0.6781974339855614
5.0,61.27499999999759,21.482342527981153,20.48318425353477,16.396152634139106,10.523392216595392,0.6785713045869498
5.0,61.29999999999759,21.47989377089082,20.480508624301986,16.393141618657374,10.520735495166571,0.6789451061558573
5.0,61.32499999999759,21.477444211708757,20.477831930182287,16.39012454212384,10.518078187280182,0.6793188341861676
5.0,61.349999999997586,21.474993847891515,20.475154148798698,16.387107200709814,10.515420291772177,0.6796925055056348
5.0,61.374999999997584,21.472542676886558,20.47247528166319,16.384091356888227,10.512761803527592,0.6800661284406765
5.0,61.39999999999758,21.47009069612878,20.469795340278885,16.38107746858505,10.510102714334883,0.6804397038146974
5.0,61.42499999999758,21.46763790303875,20.467114339587475,16.378065557342534,10.50744301456602,0.6808132219634702
5.0,61.44999999999758,21.46518429502321,20.464432294456408,16.3750555086126,10.50478269520355,0.6811866829509977
5.0,61.47499999999758,21.46272986947768,20.461748662033834,16.372047179379788,10.502121749734526,0.6815600910002158
5.0,61.49999999999758,21.460274623790706,20.45906361702412,16.369040134591675,10.499460175567506,0.6819334515141899
5.0,61.524999999997576,21.457818555348858,20.456377379508137,16.36601067780404,10.496797973534546,0.6823067273487526
5.0,61.549999999997574,21.45536166154144,20.45368919927349,16.36299018531831,10.49413514572869,0.6826799374553016
5.0,61.57499999999757,21.45290393976375,20.450999264945178,16.35996422345901,10.491471692996992,0.6830530610738009
5.0,61.59999999999757,21.45044538741805,20.448308508073012,16.356935448785496,10.48880761303653,0.6834261271453114
5.0,61.62499999999757,21.447986001911787,20.445616750679008,16.35390768973397,10.486142899561782,0.6837991340278786
5.0,61.64999999999757,21.445525780653508,20.442923922763164,16.350881975433754,10.483477542708087,0.6841720913228652
5.0,61.67499999999757,21.44306472104751,20.440230004540876,16.347858457774677,10.480811530506585,0.6845450021968225
5.0,61.699999999997566,21.44060282048862,20.437534999224397,16.344837021531568,10.478144850974907,0.6849178570718671
5.0,61.724999999997564,21.438140076358472,20.434838919819615,16.34181748951553,10.47547749427013,0.6852906582840251
5.0,61.74999999999756,21.435676486024082,20.432141782713906,16.338799690998624,10.472809454459796,0.6856634032644376
5.0,61.77499999999756,21.43321204683912,20.429443115259375,16.335783215184644,10.470140730662859,0.6860360961430224
5.0,61.79999999999756,21.43074675614747,20.426742871926418,16.332757792458743,10.467471326956279,0.6864087205502288
5.0,61.82499999999756,21.42828061128826,20.424041357550205,16.329722720377145,10.464801250469202,0.6867812734414492
5.0,61.84999999999756,21.425813609601136,20.42133872261631,16.326691762352635,10.462130508543874,0.6871537540769306
5.0,61.874999999997556,21.423345748430698,20.41863306223321,16.323653725287,10.459459106059755,0.6875261509087752
5.0,61.899999999997554,21.42087702512879,20.415926372476193,16.32061536649755,10.456787043630015,0.687898483302616
5.0,61.92499999999755,21.418407437053805,20.41321877996572,16.317578685453608,10.454114317088157,0.6882707649713349
5.0,61.94999999999755,21.41593698156683,20.410510173890863,16.314544167067304,10.451440918338998,0.6886430022115451
5.0,61.97499999999755,21.41346565602536,20.40780051462889,16.311511812569698,10.44876683724261,0.6890151837800182
5.0,61.99999999999755,21.41099345777614,20.40508979483955,16.308481479003028,10.446092063946365,0.6893873077356801
5.0,62.02499999999755,21.40852038414893,20.402378021375135,16.305452997471015,10.443416591085112,0.6897593792826555
5.0,62.049999999997546,21.40604643245271,20.399665206696223,16.302425831391183,10.440740415437498,0.6901313913938165
5.0,62.074999999997544,21.403571599975297,20.396951262886823,16.299394730251517,10.438063538578927,0.6905033502491826
5.0,62.09999999999754,21.401095883986446,20.394235423415342,16.296346500727356,10.435385965521897,0.6908752272932622
5.0,62.12499999999754,21.39861928174381,20.39151816306158,16.293304109710487,10.432707701926226,0.6912470223084645
5.0,62.14999999999754,21.396141790500344,20.38879971417648,16.29025361605439,10.430028751093426,0.6916187362831082
5.0,62.17499999999754,21.393663407511536,20.386078408078124,16.287203053574274,10.42734911176974,0.6919903858294346
5.0,62.19999999999754,21.391184130040685,20.383355608475576,16.284154563949233,10.424668777430918,0.6923619748708796
5.0,62.224999999997536,21.388703955360782,20.380631982785676,16.28110856056177,10.421987737199785,0.6927335183668285
5.0,62.249999999997534,21.386222880752427,20.377907356466725,16.278064962127353,10.419305977991417,0.6931050103462727
5.0,62.27499999999753,21.38374090349838,20.37518166616113,16.275023564282,10.416623487170387,0.693476441744521
5.0,62.29999999999753,21.381258020876345,20.3724548980527,16.271984156098192,10.413940255031168,0.6938478227054958
5.0,62.32499999999753,21.378774230152057,20.36972705964991,16.26894632623113,10.411256276642222,0.6942191436534575
5.0,62.34999999999753,21.376289528574556,20.366998162771726,16.26590884563248,10.408571552817302,0.6945904126633434
5.0,62.37499999999753,21.373803913374807,20.364267784271792,16.26284802618719,10.405886088909357,0.6949615899810495
5.0,62.399999999997526,21.371317381767923,20.361535548138335,16.25979220032515,10.403199891664093,0.6953326870057607
5.0,62.424999999997524,21.368829930958253,20.35880190746141,16.256730185148996,10.400512965585449,0.6957037008060288
5.0,62.44999999999752,21.3663415581459,20.35606708560539,16.25366849795711,10.39782531028178,0.6960746516080877
5.0,62.47499999999752,21.36385226053318,20.353330357645483,16.25060892646829,10.395136919643287,0.69644554124152
5.0,62.49999999999752,21.361362035329403,20.350590341362636,16.24755182504254,10.392447782899518,0.6968163798858649
5.0,62.52499999999752,21.35887087975267,20.347849700189922,16.244497120519664,10.389757886974538,0.6971871673342726
5.0,62.54999999999752,21.35637879102765,20.345108183812286,16.241444624664435,10.387067219309317,0.6975578994474095
5.0,62.574999999997516,21.35388576637965,20.342365685527703,16.238394080723513,10.384375770426411,0.697928573039355
5.0,62.599999999997515,21.35139180302626,20.33962216486879,16.23534484887646,10.381683535775641,0.6982991820765787
5.0,62.62499999999751,21.348896898168846,20.336877612406813,16.232282195674422,10.378990515898595,0.6986697176596209
5.0,62.64999999999751,21.34640104898618,20.334132029340964,16.229214811302295,10.37629671454467,0.699040186067098
5.0,62.67499999999751,21.34390425263202,20.331385415743103,16.226149292490028,10.373602135857986,0.6994105753706059
5.0,62.69999999999751,21.341406506237362,20.32863694648532,16.22307574726156,10.370906781705736,0.6997808771099938
5.0,62.72499999999751,21.338907806917057,20.325886716103902,16.22000221362637,10.368210649828757,0.7001511095172206
5.0,62.749999999997506,21.336408151779246,20.323135134140614,16.21693082434259,10.365513733312302,0.7005212845621213
5.0,62.774999999997505,21.33390753793547,20.320380406565395,16.213861996132756,10.362816021529605,0.7008914108994218
5.0,62.7999999999975,21.33140596250886,20.31762349580548,16.210795654928404,10.360117502220792,0.7012614791064626
5.0,62.8249999999975,21.328903422638025,20.314865883206913,16.20773160032488,10.357418164052586,0.7016314922940919
5.0,62.8499999999975,21.326399915475385,20.31210734497828,16.20466962124637,10.354717999003784,0.7020014404760123
5.0,62.8749999999975,21.32389543818036,20.30934779079271,16.20160909677314,10.352017004117979,0.7023713323754587
5.0,62.8999999999975,21.32138998790942,20.30658719157405,16.198545739357385,10.349315182207722,0.7027411636234856
5.0,62.924999999997496,21.318883561805855,20.30382554505752,16.195462418014184,10.346612540366571,0.7031109094787226
5.0,62.949999999997495,21.316376156992124,20.301062852447796,16.192375764231887,10.343909086309193,0.7034805669010907
5.0,62.97499999999749,21.313867770566635,20.2982984440266,16.18928834376013,10.341204824218082,0.7038501381733459
5.0,62.99999999999749,21.31135839960554,20.29553204984163,16.186202734528813,10.338499752055288,0.7042196382491768
5.0,63.02499999999749,21.308848041168712,20.29276419724732,16.183119629608054,10.335793861288737,0.7045890806748185
5.0,63.04999999999749,21.306336692308086,20.28999513621351,16.18003909863129,10.33308713875972,0.7049584770239661
5.0,63.07499999999749,21.303824350076408,20.287224908237018,16.1769610123061,10.330379569727974,0.705327819001562
5.0,63.099999999997486,21.301311011534644,20.284449951704076,16.17388518305286,10.3276711410691,0.7056971035320717
5.0,63.124999999997485,21.298796673756215,20.28167419691984,16.170811421012882,10.324961843905978,0.7060663204946619
5.0,63.14999999999748,21.296281333826656,20.278897689884573,16.1677392381881,10.322251675328689,0.7064354787039985
5.0,63.17499999999748,21.29376498883838,20.276120263758813,16.164656512597382,10.319540638507757,0.706804561544875
5.0,63.19999999999748,21.29124763588171,20.27334185368335,16.16156415981203,10.316828740653358,0.7071735681249255
5.0,63.22499999999748,21.288729272034658,20.27056243887979,16.158473744963473,10.314115989750883,0.7075424975645146
5.0,63.24999999999748,21.28620989435439,20.26778200993412,16.155374844186696,10.311402391253308,0.7079113350449071
5.0,63.274999999997476,21.28368949987287,20.265000100844663,16.152276151673327,10.30868794568655,0.7082801070042728
5.0,63.299999999997475,21.281168085597812,20.26221597526092,16.149179861474504,10.305972647866835,0.7086488061382449
5.0,63.32499999999747,21.278645648518573,20.259430287170904,16.14608634420741,10.303256487908353,0.7090174581278423
5.0,63.34999999999747,21.276122185615293,20.256643346232075,16.14299548155145,10.30053945358002,0.7093860584519774
5.0,63.37499999999747,21.273597693868783,20.25385211935727,16.13990704078304,10.297821533218205,0.7097545951790851
5.0,63.39999999999747,21.271072170268226,20.25105939282567,16.136820787970997,10.295102718433387,0.7101230644464119
5.0,63.42499999999747,21.26854561181421,20.248265975235615,16.133736310480597,10.292383006110109,0.7104914750430825
5.0,63.449999999997466,21.26601801551591,20.24547162510354,16.130649899918048,10.2896623993201,0.7108598208501876
5.0,63.474999999997465,21.26348937838326,20.24267625335291,16.127541460070237,10.286940905895802,0.7112280785116305
5.0,63.49999999999746,21.260959697416578,20.239879837858332,16.1244318641475,10.284218534739026,0.7115962450637259
5.0,63.52499999999746,21.258428969596945,20.237082377550156,16.121318660159638,10.281495291502416,0.7119643256016084
5.0,63.54999999999746,21.255897191880216,20.2342838740238,16.118206880406916,10.27877117556752,0.712332334428865
5.0,63.57499999999746,21.253364361196667,20.231484002882087,16.115097768765594,10.27604617939457,0.7127002819346923
5.0,63.59999999999746,21.25083047445658,20.228681685951898,16.1119914663309,10.273320290154407,0.7130681747745388
5.0,63.624999999997456,21.24829552856061,20.225877694924975,16.108887818534406,10.270593492767889,0.713436016274218
5.0,63.649999999997455,21.24575952041257,20.22307232064422,16.10578659834788,10.267865773290291,0.7138037951741476
5.0,63.67499999999745,21.243222446931696,20.220262662131823,16.102687280831063,10.265137121804246,0.714171498678876
5.0,63.69999999999745,21.240684305061222,20.21745053060603,16.099589205936557,10.262407534351299,0.7145391361151895
5.0,63.72499999999745,21.238145091770416,20.214637859740126,16.09648758765181,10.25967701354012,0.71490671908196
5.0,63.74999999999745,21.2356048040489,20.211824384464805,16.093357195764735,10.256945566323028,0.7152741871723386
5.0,63.77499999999745,21.23306343889426,20.20900999417261,16.09022564190844,10.254213199141782,0.7156415604889228
5.0,63.799999999997446,21.230520993296004,20.206194647765,16.087096705228397,10.251479912969085,0.716008867510473
5.0,63.824999999997445,21.227977464220185,20.203378325142552,16.08397124058742,10.248745700787493,0.7163761013942193
5.0,63.84999999999744,21.225432848598533,20.200561012263808,16.080849151460633,10.246010548312778,0.7167432733378132
5.0,63.87499999999744,21.22288714332492,20.19774239523225,16.077730119429734,10.243274437127418,0.7171103931927983
5.0,63.89999999999744,21.22034034525985,20.194921207290356,16.074613823478323,10.240537348751085,0.7174774571342929
5.0,63.92499999999744,21.217792451241774,20.19209828991668,16.071499975659606,10.237799268386633,0.717844463437853
5.0,63.94999999999744,21.21524345810247,20.189273939796294,16.06838831633758,10.235060187634101,0.7182114036319472
5.0,63.974999999997436,21.21269336268289,20.18644534359332,16.06527794297093,10.232320105944236,0.7185782672317756
5.0,63.999999999997435,21.21014216184554,20.183613732323288,16.06215194725808,10.229579029992248,0.7189450493243152
5.0,64.02499999999743,21.207589852479977,20.180781690314696,16.059015978131825,10.22683697050849,0.7193117393541228
5.0,64.04999999999744,21.205036431499657,20.177948909205355,16.0558734573474,10.224093937451075,0.7196783335823675
5.0,64.07499999999744,21.202481895830818,20.175115257629752,16.05273191625203,10.221349935544334,0.7200448555624217
5.0,64.09999999999745,21.19992624239678,20.17228067298222,16.049593232789952,10.21860496202094,0.7204112957906271
5.0,64.12499999999746,21.197369468102107,20.169445120961925,16.046457667214337,10.215859007167651,0.7207776802528574
5.0,64.14999999999746,21.194811569821066,20.166608061057055,16.04332505842636,10.213112057035202,0.721144014561802
5.0,64.17499999999747,21.19225254439318,20.163768416963382,16.04019514900084,10.210364097103048,0.7215102820116778
5.0,64.19999999999747,21.18969238862626,20.16092705670263,16.037067680102712,10.207615115785305,0.7218764915736109
5.0,64.22499999999748,21.18713109930526,20.15808434931116,16.0339417315098,10.204865107053076,0.7222426276668354
5.0,64.24999999999748,21.184568673204296,20.155240096482267,16.03081682428449,10.202114071873892,0.7226086982609018
5.0,64.27499999999749,21.182005107098682,20.15239129592489,16.02768096934096,10.199362017877062,0.7229746899332442
5.0,64.2999999999975,21.17944039777391,20.149539510579864,16.02452373096079,10.19660895620542,0.7233405640286731
5.0,64.3249999999975,21.176874542028738,20.14668744285668,16.02136421048054,10.193854896278268,0.7237063476496157
5.0,64.34999999999751,21.174307536670984,20.14383474840213,16.01820726966074,10.191099840998717,0.7240720653475572
5.0,64.37499999999751,21.171739378506953,20.140981266732954,16.015053885140485,10.188343784649678,0.7244377085953461
5.0,64.39999999999752,21.1691700643277,20.138126912382496,16.011903962457055,10.185586714022513,0.7248032882780923
5.0,64.42499999999752,21.16659959089661,20.135271633534927,16.00875718151796,10.182828611829356,0.7251688160164608
5.0,64.44999999999753,21.164027954942274,20.132414574992186,16.005613202241328,10.180069460918945,0.7255342788916642
5.0,64.47499999999754,21.16145515315913,20.12955496761203,16.002471722723786,10.177309248069465,0.7258996810102742
5.0,64.49999999999754,21.15888118221562,20.126693669323213,15.999331762916636,10.174547966650838,0.7262650084728216
5.0,64.52499999999755,21.156306038767685,20.12383093295934,15.996192814242349,10.171785617934216,0.7266302707152923
5.0,64.54999999999755,21.153729719474047,20.120962514756368,15.993026426483889,10.169022209642891,0.7269954243356889
5.0,64.57499999999756,21.15115222100877,20.118091956924665,15.989854030098176,10.166257751469121,0.7273604654127831
5.0,64.59999999999756,21.148573540067026,20.115221014388858,15.986680080719578,10.1634922495255,0.7277254324573824
5.0,64.62499999999757,21.145993673362046,20.11234936367246,15.983508946933169,10.160725702413838,0.728090320654089
5.0,64.64999999999758,21.143412617614054,20.10947686626618,15.980341371371269,10.157958100431298,0.7284551428797759
5.0,64.67499999999758,21.140830369534957,20.10660345446298,15.977177213632894,10.15518942773061,0.7288199046918253
5.0,64.69999999999759,21.138246925813757,20.103729090566805,15.974016151113437,10.152419666183695,0.7291846074987636
5.0,64.72499999999759,21.135662283107354,20.10085307564345,15.970857856114288,10.149648799532514,0.7295492477508203
5.0,64.7499999999976,21.133076438039446,20.097974272325445,15.96770155087363,10.146876816788167,0.7299138138987734
5.0,64.7749999999976,21.130489387207557,20.095093662978567,15.964546471809975,10.144103714355586,0.7302783133933076
5.0,64.79999999999761,21.12790112719598,20.09221165543825,15.961392393541102,10.141329496821445,0.7306427529224544
5.0,64.82499999999762,21.12531165459132,20.08932805401382,15.958207790947673,10.138554174940083,0.7310070514976863
5.0,64.84999999999762,21.122720965996972,20.08643733976517,15.955008554319503,10.135777760082366,0.7313712438056256
5.0,64.87499999999763,21.120129058042533,20.083545869548225,15.951816993251779,10.133000257717159,0.7317353646657274
5.0,64.89999999999763,21.11753592738505,20.080654035339734,15.948630765359487,10.130221663517599,0.7320994139938449
5.0,64.92499999999764,21.114941570701056,20.07776154242353,15.945448782628809,10.127441963668364,0.7324634009112053
5.0,64.94999999999764,21.11234598467147,20.074868251649132,15.942270368147664,10.124661138512032,0.7328273269928325
5.0,64.97499999999765,21.1097491659639,20.07197408827787,15.939095033515002,10.121879167580776,0.7331911886539665
5.0,64.99999999999766,21.107151111217853,20.06907900616395,15.935922407528137,10.119096034280593,0.7335549957942757
5.0,65.02499999999766,21.10455181703736,20.066181571714907,15.932751585596886,10.116311729233091,0.7339187204020746
5.0,65.04999999999767,21.101951279993035,20.063281617713624,15.929581851739249,10.113526251969722,0.734282380552004
5.0,65.07499999999767,21.09934949663269,20.06037996680886,15.926395074710802,10.110739610169073,0.7346459428759454
5.0,65.09999999999768,21.09674646349755,20.057476835463138,15.923183396899818,10.107951815294909,0.7350093704799143
5.0,65.12499999999768,21.094142177139553,20.054566493453567,15.919974051333824,10.10516287608522,0.7353727149552193
5.0,65.14999999999769,21.091536634134712,20.051654945969037,15.916769360473554,10.102372793282036,0.7357359842876859
5.0,65.1749999999977,21.088929831088024,20.0487430645389,15.913569219299124,10.099581558025513,0.7360991799703545
5.0,65.1999999999977,21.086321764628,20.04583051872774,15.910373053711947,10.09678915401624,0.7364623176124688
5.0,65.2249999999977,21.08371243139248,20.04291715521087,15.907180326395213,10.093995561933578,0.7368253922036263
5.0,65.24999999999771,21.081101828010315,20.04000289628581,15.90399059427723,10.091200764286246,0.7371884019541747
5.0,65.27499999999772,21.07848995108483,20.037087698015092,15.90080306968763,10.088404749374188,0.737551349563185
5.0,65.29999999999772,21.07587679718427,20.034170732576403,15.8976167842987,10.085607513727487,0.7379142128861521
5.0,65.32499999999773,21.073262362841948,20.03125074760441,15.894431446399802,10.082809062965378,0.7382770183415367
5.0,65.34999999999773,21.070646644565766,20.028328834980293,15.891209153811447,10.080009409326758,0.7386396924957782
5.0,65.37499999999774,21.068029638854235,20.02540525554501,15.887981164484064,10.077208565654045,0.7390022439631231
5.0,65.39999999999775,21.065411342214734,20.022478671157423,15.884757946187573,10.074406538791054,0.7393647216796038
5.0,65.42499999999775,21.06279175117925,20.01954492800169,15.881539481101967,10.071603325834204,0.7397271236711022
5.0,65.44999999999776,21.060170862312763,20.016611444724955,15.878325246289519,10.068798914549507,0.7400894544129376
5.0,65.47499999999776,21.057548672210977,20.013677621616093,15.87511467993361,10.065993287013166,0.7404517261932234
5.0,65.49999999999777,21.054925177487352,20.01074317799172,15.87190730613922,10.06318642457985,0.7408139295226696
5.0,65.52499999999777,21.052300374752868,20.007807968312743,15.86870273927909,10.060378312515478,0.7411760718484293
5.0,65.54999999999778,21.049674260594664,20.00487190923639,15.86549998330405,10.057568943321833,0.7415381370499596
5.0,65.57499999999779,21.047046831559967,20.001934948004436,15.862298234577219,10.054758318429743,0.7419001304578814
5.0,65.59999999999779,21.044418084150102,19.998994980412284,15.85908695075852,10.05194644784144,0.7422620461310534
5.0,65.6249999999978,21.041788014826,19.996052552953415,15.85584117677686,10.049133346117125,0.7426238195162841
5.0,65.6499999999978,21.039156620023423,19.993108427350588,15.852597399332456,10.046319025591316,0.7429854893378018
5.0,65.67499999999781,21.036523896173726,19.99016246464408,15.849358312476719,10.043503490323573,0.7433470763620205
5.0,65.69999999999781,21.033889839724722,19.987207594572695,15.846123897067727,10.040686733716566,0.7437085887538903
5.0,65.72499999999782,21.031254447155536,19.984252640787503,15.84289362272136,10.037868740282859,0.7440700328768336
5.0,65.74999999999783,21.028617714980545,19.98129747949795,15.839666975106296,10.03504949011643,0.7444314228107984
5.0,65.77499999999783,21.0259796397407,19.97834176943269,15.836443514079976,10.03222896410778,0.744792740989642
5.0,65.79999999999784,21.02334021798496,19.975385338993693,15.83322191418611,10.029407148364669,0.7451539790492264
5.0,65.82499999999784,21.020699446247836,19.97242809276065,15.83000145323178,10.026584037038841,0.745515147713628
5.0,65.84999999999785,21.018057321030295,19.969469960989073,15.826767570492565,10.023759632659939,0.7458762211615383
5.0,65.87499999999785,21.015413838789744,19.96650812086118,15.823512039268275,10.02093394295628,0.746237180437478
5.0,65.89999999999786,21.012768995941443,19.963544054041353,15.820250154621446,10.018106974976606,0.7465980258690444
5.0,65.92499999999787,21.010122788869996,19.96057840824199,15.816991807240537,10.015278729409427,0.7469587945527691
5.0,65.94999999999787,21.007475213947107,19.957610960986056,15.813738433550471,10.012449197878675,0.7473194764890241
5.0,65.97499999999788,21.004826267550705,19.954638086930675,15.810489620007743,10.009618364067205,0.7476800876972791
5.0,65.99999999999788,21.00217594608024,19.95166024177321,15.807244732172572,10.006786207641596,0.7480406325484283
5.0,66.02499999999789,20.999524245963364,19.948682713596277,15.804003214700415,10.00395270919466,0.7484011089285126
5.0,66.0499999999979,20.996871163651342,19.94570491832448,15.800764439783467,10.00111785467059,0.748761518384061
5.0,66.0749999999979,20.994216695604248,19.942726565308092,15.797526974601999,9.998281638365395,0.7491218500560565
5.0,66.0999999999979,20.99156083827069,19.939747495808025,15.794290372563648,9.995444064232805,0.7494821053590359
5.0,66.12499999999791,20.988903588068744,19.936767615334244,15.791028442156904,9.992605144289548,0.7498422503345641
5.0,66.14999999999792,20.986244941374515,19.933784987391903,15.78774231189601,9.989764893007205,0.7502022577623295
5.0,66.17499999999792,20.983584894521837,19.930799502440642,15.784462762785195,9.986923319929074,0.7505621821657485
5.0,66.19999999999793,20.980923443813026,19.92781215322259,15.781189104635525,9.984080424495623,0.7509220169931812
5.0,66.22499999999793,20.978260585537377,19.92482299522022,15.777920406064329,9.981236195355386,0.7512817774460199
5.0,66.24999999999794,20.975596315992153,19.92182585551274,15.77465590625466,9.9783906137012,0.7516414669687013
5.0,66.27499999999795,20.972930631499562,19.918826379789653,15.771395033262557,9.975543658635205,0.7520010942960965
5.0,66.29999999999795,20.97026352841387,19.915827016094756,15.76813733243014,9.97269531254059,0.7523606511765737
5.0,66.32499999999796,20.96759500311579,19.912827277237742,15.76488130980602,9.969845565133511,0.7527201268008714
5.0,66.34999999999796,20.964925051995777,19.90982692237435,15.761626238478236,9.966994415662187,0.753079528814036
5.0,66.37499999999797,20.96225367143199,19.906825818786317,15.75836867678331,9.964141873173684,0.753438844298415
5.0,66.39999999999797,20.959580857770366,19.903823886120026,15.75507013367256,9.961287953009213,0.7537980339841758
5.0,66.42499999999798,20.956906607313492,19.900818944992302,15.751767732590379,9.95843266968545,0.7541571034423007
5.0,66.44999999999798,20.954230916321656,19.897811130121617,15.748471864013649,9.955576029734795,0.7545160933509846
5.0,66.47499999999799,20.951553781025357,19.89480134569218,15.745181828992909,9.952718028212463,0.7548749941490189
5.0,66.499999999998,20.948875197645524,19.891789560957633,15.741896667100589,9.949858649966696,0.7552338197834367
5.0,66.524999999998,20.94619516241594,19.888772281223936,15.73861557890301,9.946997874297978,0.7555925732680219
5.0,66.54999999999801,20.94351367160157,19.8857490127385,15.735337954784988,9.944135680756268,0.7559512582917561
5.0,66.57499999999801,20.940830721506956,19.8827263229646,15.732062056573882,9.941272054183658,0.7563098622071684
5.0,66.59999999999802,20.93814630847133,19.879703531640924,15.72878715752912,9.938406987972805,0.7566684000672254
5.0,66.62499999999802,20.9354604288514,19.876680298564217,15.725511157118312,9.935540485259775,0.7570268478793377
5.0,66.64999999999803,20.93277307899719,19.87365643545466,15.722203358345432,9.9326725566432,0.757385165512885
5.0,66.67499999999804,20.930084255228838,19.870631828813462,15.718876196915234,9.929803213765418,0.7577433660723514
5.0,66.69999999999804,20.927393953821863,19.867604823162456,15.715558532798026,9.926932461765183,0.7581014755605633
5.0,66.72499999999805,20.924702171005457,19.86457448910529,15.71224765567477,9.924060294803235,0.7584595090047966
5.0,66.74999999999805,20.922008902973932,19.86154203479035,15.708942085889651,9.921186696520728,0.7588174568575818
5.0,66.77499999999806,20.919314145907805,19.85850747188153,15.705640888192637,9.918311644408472,0.759175328412167
5.0,66.79999999999806,20.916617895998446,19.85546623318984,15.702343392804863,9.915435115760737,0.759533124986137
5.0,66.82499999999807,20.91392014946897,19.852419918027003,15.699048010080245,9.912557093092325,0.759890839191446
5.0,66.84999999999808,20.911220902584475,19.84937417490852,15.695753729363974,9.909677567783449,0.7602484887977093
5.0,66.87499999999808,20.908520151647743,19.84632833213737,15.692455632500046,9.906796541396249,0.7606060391390462
5.0,66.89999999999809,20.905817892981542,19.843282048888003,15.689137069174906,9.903914023808415,0.7609634787344806
5.0,66.9249999999981,20.9031141229034,19.840235135267594,15.68579614467464,9.901030027625826,0.7613208033307307
5.0,66.9499999999981,20.900408837701395,19.837187414781823,15.682457653373017,9.898144560992163,0.7616780286728743
5.0,66.9749999999981,20.89770203361871,19.834135440679,15.679125290137227,9.895257622452174,0.762035159750172
5.0,66.99999999999811,20.894993706851114,19.831081045630285,15.67579861833438,9.892369200137844,0.7623922097997547
5.0,67.02499999999812,20.892283853556915,19.828024986207858,15.67247675634658,9.889479275008965,0.7627491871612609
5.0,67.04999999999812,20.889572469875674,19.824967011766336,15.669158652868491,9.886587826251999,0.7631060840029872
5.0,67.07499999999813,20.8868595519502,19.82190365495582,15.665842328320235,9.883694836688962,0.7634628943651484
5.0,67.09999999999813,20.88414509594563,19.81883323014039,15.662527187584738,9.880800296734467,0.7638196319439603
5.0,67.12499999999814,20.881429098059616,19.815763654141403,15.659211043044536,9.877904206287836,0.7641762921889325
5.0,67.14999999999814,20.87871155451975,19.812694111990783,15.655876890210797,9.875006573735625,0.7645328251027049
5.0,67.17499999999815,20.875992461568796,19.80962419714923,15.65250601954535,9.872107410529905,0.7648892210995722
5.0,67.19999999999816,20.87327181544282,19.806553691189453,15.649145773217207,9.869206723431429,0.7652455313879838
5.0,67.22499999999816,20.870549612350175,19.8034824699238,15.645793244905596,9.866304508921866,0.7656017501070589
5.0,67.24999999999817,20.8678258484588,19.800406860840923,15.642446663398722,9.863400752535796,0.7659578944784502
5.0,67.27499999999817,20.865100519896004,19.797328724412527,15.639104911821969,9.860495432665392,0.7663139576298187
5.0,67.29999999999818,20.862373622760284,19.794248626831944,15.635767246918967,9.857588526559027,0.7666699466088533
5.0,67.32499999999818,20.85964515314133,19.79116654434257,15.632432185457562,9.854680016158765,0.7670258478862746
5.0,67.34999999999819,20.856915107141802,19.7880727914936,15.629098314376945,9.851769892260657,0.767381666886752
5.0,67.3749999999982,20.854183480893287,19.784979598445364,15.625761421815788,9.848858156282915,0.7677373999213584
5.0,67.3999999999982,20.851450270559848,19.781886726645308,15.622419074104007,9.84594481953095,0.7680930312598004
5.0,67.4249999999982,20.848715472326997,19.778793650689956,15.619036032451218,9.84302989851473,0.768448517094142
5.0,67.44999999999821,20.845979082379475,19.77570009439402,15.615647628474344,9.840113406922617,0.7688039071587904
5.0,67.47499999999822,20.84324109687572,19.772605901141965,15.61227179786155,9.837195348407933,0.7691591975986614
5.0,67.49999999999822,20.84050151192828,19.769510816349204,15.608903481819633,9.834275714066296,0.7695144124583136
5.0,67.52499999999823,20.837760323597273,19.766411190652324,15.605540595421356,9.831354485224072,0.7698695435691243
5.0,67.54999999999824,20.835017527899296,19.76330897904544,15.602182011844862,9.828431639469162,0.7702245921922974
5.0,67.57499999999824,20.832273120829285,19.760204655708275,15.598825489013453,9.825507157145475,0.7705795491850664
5.0,67.59999999999825,20.82952709838944,19.75709829445497,15.595470003748416,9.822581026294099,0.770934439394646
5.0,67.62499999999825,20.826779456617572,19.753979564499552,15.59211351795727,9.819653245162831,0.7712892397689624
5.0,67.64999999999826,20.8240301916064,19.750861824315912,15.58875135635145,9.81672382212155,0.7716439334325264
5.0,67.67499999999826,20.821279299507328,19.747744462316415,15.585340411101722,9.813792771010656,0.7719984635272377
5.0,67.69999999999827,20.81852677651694,19.744626926971755,15.581932812802311,9.810860102869796,0.7723528947893591
5.0,67.72499999999827,20.81577261885063,19.74150892950024,15.57853594184847,9.807925818698616,0.7727072324919013
5.0,67.74999999999828,20.813016822712346,19.73839030979177,15.575146125776712,9.804989907141696,0.7730615015933251
5.0,67.77499999999829,20.810259384270363,19.73526895702312,15.57176172064243,9.802052347500489,0.7734156924829059
5.0,67.79999999999829,20.807500299646307,19.732143833914648,15.568380821235786,9.799113115826978,0.7737697743203423
5.0,67.8249999999983,20.804739564919466,19.729016473263513,15.565001572380485,9.796172191290156,0.7741237732115828
5.0,67.8499999999983,20.80197717614367,19.72588699176229,15.561623584854061,9.793229560910763,0.7744777068111237
5.0,67.87499999999831,20.799213129371072,19.72275464154257,15.558244389690664,9.790285221902193,0.7748315560995648
5.0,67.89999999999831,20.79644742067554,19.719610315367316,15.554845029711505,9.787339180714921,0.7751852650391982
5.0,67.92499999999832,20.79368004616777,19.716467536651663,15.55142109001371,9.784391448002635,0.7755388459115335
5.0,67.94999999999833,20.790911001996076,19.71332518918759,15.547988811943933,9.781442030903586,0.7758923209681351
5.0,67.97499999999833,20.788140284331845,19.710182723312645,15.54457050520094,9.77849092676265,0.7762456989279923
5.0,67.99999999999834,20.78536788934438,19.70703984809163,15.541159942650449,9.775538121660508,0.7765990066465777
5.0,68.02499999999834,20.78259381317416,19.703896401273195,15.537754867957768,9.772583593924514,0.7769522270983631
5.0,68.04999999999835,20.779818051914177,19.700749231632447,15.534353488825586,9.769627320358834,0.7773053603953689
5.0,68.07499999999835,20.777040601605393,19.697598741175124,15.530953559005884,9.766669282450678,0.7776583874977318
5.0,68.09999999999836,20.774261458247384,19.6944459079704,15.527554627290447,9.76370947073918,0.7780113516247024
5.0,68.12499999999837,20.7714806178204,19.69129088873282,15.524150851258545,9.760747886501822,0.778364211159345
5.0,68.14999999999837,20.76869807631192,19.688126975654026,15.520732411494844,9.757784540236893,0.7787169568478519
5.0,68.17499999999838,20.76591382973908,19.68495855461539,15.517275589574828,9.754819445753274,0.7790695509616757
5.0,68.19999999999838,20.763127874158965,19.68179120971339,15.513825359517156,9.75185261187055,0.7794220459557899
5.0,68.22499999999839,20.760340205662626,19.678624089989494,15.510386456473105,9.748884036399952,0.7797744433025593
5.0,68.2499999999984,20.757550820354734,19.675456762479627,15.506954683069559,9.74591370546854,0.7801267629788992
5.0,68.2749999999984,20.754759714326394,19.672288991784896,15.503528256509414,9.742941597768676,0.7804790010260897
5.0,68.2999999999984,20.75196688363137,19.669120441689003,15.500105001535902,9.73996769113054,0.7808311357122492
5.0,68.32499999999841,20.74917232427452,19.665946810278506,15.496683002803563,9.736991968676438,0.7811831754311049
5.0,68.34999999999842,20.746376032216457,19.66276999650972,15.493262000273697,9.734014422928514,0.7815351505040518
5.0,68.37499999999842,20.743578003392585,19.65959060172608,15.489836697678358,9.731035057242517,0.781887026056462
5.0,68.39999999999843,20.740778233740517,19.6564091497602,15.486399215969241,9.728053884290379,0.7822387934626527
5.0,68.42499999999843,20.73797671922742,19.65321528931857,15.482925964824142,9.725070920554638,0.7825904030734797
5.0,68.44999999999844,20.73517345586812,19.650021433373347,15.479450051956075,9.722086178141652,0.7829418907458914
5.0,68.47499999999845,20.732368439726976,19.646828507729605,15.475987163346826,9.719099658226694,0.7832932924214556
5.0,68.49999999999845,20.72956166690169,19.643635779869435,15.472531995953306,9.71611134958374,0.7836446124287002
5.0,68.52499999999846,20.726753133494267,19.640442863587175,15.46908246006333,9.713121232304696,0.78399584312841
5.0,68.54999999999846,20.723942835578935,19.637249543714816,15.465635564431823,9.710129284264841,0.7843469676819451
5.0,68.57499999999847,20.721130769178206,19.63405219513071,15.462189888326147,9.707135487470998,0.7846980069263565
5.0,68.59999999999847,20.718316930254485,19.630851411854163,15.458743395242697,9.704139832393675,0.7850489705706833
5.0,68.62499999999848,20.71550131471893,19.627648099063844,15.455290927571532,9.701142319433082,0.7853998267544643
5.0,68.64999999999849,20.712683918453845,19.62444257504424,15.451822296095274,9.69814295706518,0.7857505714409728
5.0,68.67499999999849,20.709864737341647,19.62123216208684,15.448328496549285,9.695141756375225,0.7861011735144648
5.0,68.6999999999985,20.707043767291896,19.6180113138546,15.444828283878465,9.692138723562286,0.7864516469899447
5.0,68.7249999999985,20.704221004257725,19.614792343925867,15.441342564756848,9.689133854372491,0.7868020334252033
5.0,68.74999999999851,20.701396444236025,19.61157404828549,15.437864958497915,9.686127133478859,0.7871523415610867
5.0,68.77499999999851,20.69857008325152,19.60835582567087,15.434391423394631,9.683118538590062,0.7875025308453397
5.0,68.79999999999852,20.695741917331166,19.6051373559677,15.430919798300271,9.680108046762468,0.7878526300646084
5.0,68.82499999999852,20.692911942478773,19.601914428112867,15.427449774719918,9.677095640264433,0.7882026492913302
5.0,68.84999999999853,20.69008015465871,19.59868835122233,15.423981591995997,9.67408131053265,0.7885525993112292
5.0,68.87499999999854,20.687246549792984,19.595459737084717,15.420502796731428,9.671065059318813,0.7889024265003589
5.0,68.89999999999854,20.684411123770968,19.59222895701027,15.416999723927987,9.668046895958796,0.7892521156369933
5.0,68.92499999999855,20.681573872467606,19.588996388643707,15.413466156394918,9.66502683018273,0.789601655691379
5.0,68.94999999999855,20.678734791763663,19.5857491122198,15.409951251491767,9.662004864068724,0.7899510956197879
5.0,68.97499999999856,20.67589387756012,19.582504273178664,15.406445877729901,9.658980988006759,0.7903004558479241
5.0,68.99999999999856,20.67305112578013,19.57926041811778,15.4029470766113,9.655955182470692,0.7906497212397664
5.0,69.02499999999857,20.67020653235685,19.576016823317804,15.399451286794358,9.652927423815393,0.7909988717485742
5.0,69.04999999999858,20.66736009321193,19.57277310393987,15.395956945429806,9.649897690969505,0.7913479313239855
5.0,69.07499999999858,20.664511804233996,19.56952844881296,15.392464060290571,9.64686597067204,0.7916969205261577
5.0,69.09999999999859,20.661661661266898,19.56627848372519,15.388964052027818,9.643832259905285,0.7920457922606347
5.0,69.1249999999986,20.65880966011326,19.563025291486976,15.385447906291361,9.640796564709078,0.7923945556959474
5.0,69.1499999999986,20.65595579655295,19.559769511072655,15.38191052047142,9.63775889519622,0.7927431844824049
5.0,69.1749999999986,20.65310006637094,19.556509658395175,15.378359473179362,9.634719258080537,0.7930916760746581
5.0,69.19999999999861,20.650242465385585,19.55323712910041,15.37482476717342,9.631677650614947,0.793440070591316
5.0,69.22499999999862,20.647382989467012,19.549966865821748,15.371298741879091,9.628634059319475,0.7937883815688843
5.0,69.24999999999862,20.64452163453818,19.54669751687391,15.367777266688845,9.62558846366007,0.7941365720802374
5.0,69.27499999999863,20.641658396557506,19.543428411749318,15.36425760711398,9.622540842247055,0.7944846548643326
5.0,69.29999999999863,20.638793271489554,19.540159194325504,15.360739372940051,9.619491178775498,0.7948326644765624
5.0,69.32499999999864,20.63592625527494,19.536887800978462,15.357218674371518,9.616439465863081,0.7951805803719932
5.0,69.34999999999864,20.633057343810346,19.5336117408886,15.353692653187858,9.613385706060116,0.7955283931408439
5.0,69.37499999999865,20.630186532944926,19.53033302792069,15.35015540648277,9.61032990998044,0.7958761069476522
5.0,69.39999999999866,20.62731381849299,19.527051903617057,15.346573691818033,9.60727209028725,0.796223619230617
5.0,69.42499999999866,20.624439196258322,19.523768781827187,15.343007401886757,9.60421225377874,0.796571051744546
5.0,69.44999999999867,20.621562662062846,19.52047750249036,15.339451564275867,9.601150396299277,0.7969183900498336
5.0,69.47499999999867,20.61868421177111,19.51717907767572,15.335902903090572,9.598086503138697,0.79726561661021
5.0,69.49999999999868,20.615803841302693,19.513882657568644,15.33235733713018,9.595020553916811,0.7976127260198447
5.0,69.52499999999868,20.612921546628183,19.5105870422712,15.328813162917628,9.591952529038979,0.7979597351361305
5.0,69.54999999999869,20.610037323750664,19.507291629648762,15.325270455435898,9.588882415191224,0.7983066785657135
5.0,69.5749999999987,20.607151168680563,19.50399563164082,15.321719966297072,9.585810208215813,0.7986535067975075
5.0,69.5999999999987,20.60426307741422,19.500694146429865,15.31816223965703,9.582735912826767,0.7990002366985359
5.0,69.6249999999987,20.60137304592406,19.497389276747935,15.31458256018783,9.579659538960978,0.7993467987263638
5.0,69.64999999999871,20.598481070162805,19.494081796844956,15.310979810534596,9.576581095015374,0.7996932340228499
5.0,69.67499999999872,20.595587146078994,19.490772321633933,15.307389405566772,9.573500581056102,0.800039585686462
5.0,69.69999999999872,20.59269126963699,19.48745012144541,15.303810529086537,9.570417985972513,0.8003858417141578
5.0,69.72499999999873,20.589793436832444,19.48412639783946,15.300237603324799,9.56733328990851,0.8007319534780644
5.0,69.74999999999874,20.586893643694978,19.48080432891484,15.296666795515584,9.56424647013906,0.8010779483198257
5.0,69.77499999999874,20.58399188627491,19.47748292783855,15.293096132758622,9.561157507391115,0.801423867088816
5.0,69.79999999999875,20.581088160617895,19.47416168679933,15.289517735110659,9.558066390007955,0.8017696778685774
5.0,69.82499999999875,20.578182462737352,19.470840231864393,15.28593736940214,9.554973115078385,0.8021154118693586
5.0,69.84999999999876,20.575274788595866,19.467513470268393,15.282345225330575,9.55187768672518,0.8024610190719357
5.0,69.87499999999876,20.572365134103244,19.464182904173814,15.278721877631268,9.548780111152857,0.8028064601641197
5.0,69.89999999999877,20.569453495132187,19.46084950310933,15.275100292499571,9.545680390016152,0.8031517953032336
5.0,69.92499999999878,20.566539867546833,19.457513997262076,15.27149259186674,9.542578515953622,0.8034970548522636
5.0,69.94999999999878,20.56362424723557,19.454168708314135,15.267891925761957,9.539474472869065,0.8038421748278027
5.0,69.97499999999879,20.560706630137975,19.450817657208557,15.264293762985606,9.536368240307214,0.8041871629575479
5.0,69.99999999999879,20.557787012256707,19.447468760090377,15.260697317019755,9.533259799365238,0.804532060974358
5.0,70.0249999999988,20.554865389650185,19.444120804902894,15.257097202524944,9.53014913751649,0.804876860946404
5.0,70.0499999999988,20.551941758409097,19.440773179128186,15.253491952480909,9.527036250815987,0.8052215652407725
5.0,70.07499999999881,20.549016114626244,19.43742334557211,15.249875556609663,9.523921143025456,0.8055661586316217
5.0,70.09999999999881,20.546088454371056,19.43406867592885,15.246244036243139,9.520803821897449,0.805910600834012
5.0,70.12499999999882,20.543158773676996,19.43071111471383,15.24258848753094,9.517684293001212,0.8062549137598252
5.0,70.14999999999883,20.54022706854439,19.42735114262697,15.238949765497111,9.51456255405469,0.8065991422557761
5.0,70.17499999999883,20.537293334955915,19.4239892604727,15.23532145467645,9.511438593268824,0.8069432661787488
5.0,70.19999999999884,20.534357568898862,19.42061958768644,15.23169688354134,9.508312392414105,0.8072872398754306
5.0,70.22499999999884,20.531419766386147,19.41724137342383,15.228073866754016,9.505183932528153,0.8076310975043945
5.0,70.24999999999885,20.528479923467845,19.413865698042315,15.224452492718841,9.50205319959502,0.8079748755367647
5.0,70.27499999999885,20.525538036228248,19.41049117360322,15.22082220027589,9.498920187973887,0.8083185330784298
5.0,70.29999999999886,20.52259410076968,19.407117067495797,15.217189713736607,9.49578490088825,0.8086621185073696
5.0,70.32499999999887,20.519648113190488,19.40374091427439,15.213534734068892,9.49264734765962,0.8090055402470755
5.0,70.34999999999887,20.51670006956705,19.400359711316444,15.20986856058727,9.489507538308537,0.8093488426304257
5.0,70.37499999999888,20.51374996594722,19.39697519423322,15.206191719735505,9.486365477230867,0.8096920271714267
5.0,70.39999999999888,20.51079779835724,19.393588217597312,15.202531676093487,9.48322115924514,0.8100351284548177
5.0,70.42499999999889,20.507843562819332,19.390199419741858,15.198876872048606,9.480074570144454,0.8103780694039466
5.0,70.4499999999989,20.504887255373156,19.386794418421104,15.195224434199158,9.476925691036396,0.8107208749053906
5.0,70.4749999999989,20.501928872091682,19.3833915967059,15.191574253119391,9.473774504121659,0.8110635994249279
5.0,70.4999999999989,20.498968409083353,19.379990473975997,15.18791734439572,9.470620997309958,0.8114062058655106
5.0,70.52499999999891,20.496005862478015,19.376590117226428,15.184257015052028,9.46746516625063,0.8117487192502169
5.0,70.54999999999892,20.493041228401978,19.373189966386743,15.180587099411147,9.464307013549766,0.8120911143069263
5.0,70.57499999999892,20.490074502952933,19.36978734122814,15.17689172418495,9.461146544883688,0.8124333645842777
5.0,70.59999999999893,20.487105682185824,19.366379453491138,15.173184511029236,9.45798376277391,0.8127754934921254
5.0,70.62499999999893,20.484134762115715,19.362967986011334,15.169494662486777,9.454818661554075,0.8131175140208748
5.0,70.64999999999894,20.48116173873699,19.35955406217372,15.16581302180222,9.45165122673331,0.8134594345879906
5.0,70.67499999999895,20.47818660805299,19.35613839696561,15.162133756477164,9.448481438761032,0.8138011949095777
5.0,70.69999999999895,20.475209366106995,19.352705987316728,15.158456104030353,9.445309278814268,0.8141428487103121
5.0,70.72499999999896,20.472230009003844,19.349276313102326,15.15476915932482,9.442134733521504,0.8144843759215203
5.0,70.74999999999896,20.469248532914012,19.345848440943914,15.15107989044617,9.43895779698236,0.8148258212259004
5.0,70.77499999999897,20.466264934058394,19.34242141923381,15.14737817003229,9.435778469783568,0.8151671335238934
5.0,70.79999999999897,20.463279208680397,19.338994566534335,15.143661064360632,9.432596755357377,0.8155083166640759
5.0,70.82499999999898,20.460291353017013,19.33556268111651,15.139923962299742,9.429412654283409,0.8158493786490222
5.0,70.84999999999899,20.45730136327998,19.332126361441517,15.136206210591936,9.426226159611346,0.8161903422560887
5.0,70.87499999999899,20.454309235652694,19.328687056006036,15.132494990011919,9.423037256190566,0.8165311512503147
5.0,70.899999999999,20.45131496630189,19.325245708673545,15.128786334166149,9.419845924127111,0.8168718438505571
5.0,70.924999999999,20.448318551398895,19.32180196479588,15.125079953737247,9.416652144267863,0.8172124313747393
5.0,70.94999999999901,20.445319987142327,19.318341898786617,15.1213649992552,9.413455902835684,0.8175528739120813
5.0,70.97499999999901,20.442319269773055,19.31488554007101,15.11764746294624,9.410257193559325,0.8178932264897681
5.0,70.99999999999902,20.43931639557435,19.31143100185023,15.113919343022797,9.40705601696232,0.818233444258251
5.0,71.02499999999903,20.436311360856543,19.307977353186264,15.110176089746632,9.40385237707647,0.818573542488272
5.0,71.04999999999903,20.433304161932675,19.30452218749506,15.10641075989489,9.400646275919069,0.8189135191547581
5.0,71.07499999999904,20.430294795095826,19.301061680766043,15.102663676624832,9.397437708613278,0.81925339402786
5.0,71.09999999999904,20.427283256607158,19.297597603298996,15.098923488475592,9.394226662257624,0.8195931153128019
5.0,71.12499999999905,20.424269542698532,19.294131039281616,15.095185919218642,9.391013118937439,0.8199327048208018
5.0,71.14999999999905,20.421253649587896,19.290662711851407,15.091450704028503,9.387797060959944,0.8202722044467201
5.0,71.17499999999906,20.418235573501594,19.28718436587848,15.087713012350681,9.384578475790192,0.8206115786892275
5.0,71.19999999999906,20.415215310695032,19.283699493090545,15.083969147538516,9.381357358813599,0.8209508349098941
5.0,71.22499999999907,20.412192857463065,19.280217499603257,15.080205358514585,9.378133712578954,0.821289936146336
5.0,71.24999999999908,20.40916821013536,19.276736926875373,15.076433777556495,9.37490754287394,0.8216289285028593
5.0,71.27499999999908,20.406141365059135,19.27325692145667,15.072650491752306,9.371678853274208,0.8219678144896375
5.0,71.29999999999909,20.403112318577588,19.26977164637378,15.068870969762147,9.368447640691942,0.8223065708670763
5.0,71.3249999999991,20.400081067013677,19.26628225244187,15.065100297847978,9.365213894213808,0.8226451720214234
5.0,71.3499999999991,20.39704760666553,19.2627900021148,15.061332694022072,9.361977597608716,0.8229836515956531
5.0,71.3749999999991,20.394011933814326,19.259295781507337,15.057567775070213,9.358738734054633,0.8233220432429462
5.0,71.39999999999911,20.390974044741398,19.255799186792434,15.053795849547457,9.355497290629085,0.8236602980367443
5.0,71.42499999999912,20.387933935748105,19.252285766120632,15.050020570699788,9.352253260811343,0.8239984287792742
5.0,71.44999999999912,20.38489160316986,19.248776305379533,15.046240368900682,9.349006644630629,0.8243364352812628
5.0,71.47499999999913,20.38184704337725,19.24526881638118,15.042438430452595,9.345757446156108,0.8246742996392472
5.0,71.49999999999913,20.378800252763064,19.24176232126867,15.038631887407647,9.34250566912139,0.8250120794336515
5.0,71.52499999999914,20.375751227721402,19.23825489620148,15.034816307094857,9.339251312287425,0.8253496954224745
5.0,71.54999999999914,20.372699964629167,19.234741606391495,15.031011969985508,9.335994366931692,0.8256871728052196
5.0,71.57499999999915,20.369646459838957,19.231224819439788,15.027212529849502,9.33273481788101,0.8260245292276553
5.0,71.59999999999916,20.366590709686808,19.22770550026872,15.0234170754,9.329472647535374,0.8263617974416689
5.0,71.62499999999916,20.363532710512587,19.224184367634088,15.019616363675947,9.32620784065113,0.8266989347805814
5.0,71.64999999999917,20.360472458686356,19.22065043037938,15.015811136400028,9.322940387681644,0.8270359211337525
5.0,71.67499999999917,20.35740995063105,19.217112994388923,15.011988886836075,9.319670285080033,0.8273727685008213
5.0,71.69999999999918,20.354345182832287,19.213578284352817,15.008157676396051,9.316397532559582,0.8277094957052953
5.0,71.72499999999918,20.351278151830943,19.210044945493866,15.004328241936538,9.313122129308287,0.8280461390866503
5.0,71.74999999999919,20.348208854202195,19.20651211335038,15.000482304330049,9.309844070512806,0.8283826215312519
5.0,71.7749999999992,20.345137286530566,19.202973478086236,14.996648683181371,9.306563345694363,0.8287189535897819
5.0,71.7999999999992,20.34206344539149,19.199430924633457,14.99282000528629,9.303279939902788,0.8290551755182489
5.0,71.8249999999992,20.338987327345688,19.19588558166471,14.98899276094141,9.299993837251133,0.8293912941509647
5.0,71.84999999999921,20.335908928946914,19.192338287242706,14.98515743542968,9.296705024702941,0.8297272722981683
5.0,71.87499999999922,20.332828246759295,19.18878856322873,14.981321046589263,9.293413494457061,0.8300631206484673
5.0,71.89999999999922,20.329745277377466,19.185221619952884,14.977470745426883,9.290119243968043,0.8303988247528972
5.0,71.92499999999923,20.32666001744054,19.181658836335835,14.973610362658764,9.286822273588523,0.8307344057022051
5.0,71.94999999999924,20.323572463632694,19.17809814688272,14.969733823808104,9.283522582393884,0.8310698645807945
5.0,71.97499999999924,20.320482612669185,19.1745385197472,14.965867426884667,9.280220164457342,0.8314052032259523
5.0,71.99999999999925,20.31739046127425,19.170978556957497,14.962007057610037,9.27691500796784,0.8317403903420482
5.0,72.02499999999925,20.31429600616171,19.167412236057977,14.958150145408109,9.273607097672732,0.8320754666863984
5.0,72.04999999999926,20.31119924402755,19.16384185623641,14.954293426173274,9.270296419170979,0.8324104315889089
5.0,72.07499999999926,20.308100171557868,19.160268864924554,14.950428214616261,9.26698296262797,0.8327452573952298
5.0,72.09999999999927,20.304998785449527,19.15669414585337,14.946561249373522,9.26366672449578,0.8330799406907476
5.0,72.12499999999928,20.301895082435838,19.153103937537878,14.942679726491496,9.260347706675319,0.8334144887610296
5.0,72.14999999999928,20.298789059306753,19.149513579137704,14.938787412623785,9.257025913393115,0.8337488987554792
5.0,72.17499999999929,20.29568071291421,19.14592584264757,14.934877309087616,9.253701346425805,0.834083171236409
5.0,72.19999999999929,20.2925700401593,19.142339461007452,14.930980548260079,9.250374001157757,0.8344172976082006
5.0,72.2249999999993,20.28945703796661,19.138753562183936,14.927088435353207,9.247043865880343,0.8347513036118199
5.0,72.2499999999993,20.286341703256785,19.13516134440773,14.923200145628204,9.243710924632149,0.8350852082250806
5.0,72.27499999999931,20.283224032928413,19.131564789728003,14.919310663885359,9.240375161836397,0.8354189929496497
5.0,72.29999999999932,20.280104023854893,19.127965502331378,14.915414210889232,9.237036566266594,0.8357526521965164
5.0,72.32499999999932,20.27698167289558,19.124364450168436,14.911512702994262,9.233695132812548,0.836086161105334
5.0,72.34999999999933,20.27385697691635,19.120761019383547,14.907587842963975,9.230350860984009,0.8364195107927457
5.0,72.37499999999933,20.270729932811946,19.117140336697148,14.903666970354724,9.227003751319092,0.8367527321903274
5.0,72.39999999999934,20.26760053752114,19.11352408356532,14.899726345105357,9.223653801085351,0.8370857935761223
5.0,72.42499999999934,20.26446878802786,19.109910099553776,14.895798448553052,9.220301001427016,0.8374187385263355
5.0,72.44999999999935,20.26133468134763,19.106297148110986,14.891875984476426,9.21694533769057,0.8377515635589464
5.0,72.47499999999935,20.25819821450602,19.10268062583176,14.887957048407433,9.213586792819523,0.8380842869650242
5.0,72.49999999999936,20.255059384519107,19.09905914944025,14.884028134706494,9.210225351549317,0.8384168501127779
5.0,72.52499999999937,20.2519181883842,19.095434434415946,14.880097133242042,9.20686100328664,0.8387492904891056
5.0,72.54999999999937,20.248774623083797,19.091807596900953,14.876151131526331,9.203493742395667,0.8390815852625354
5.0,72.57499999999938,20.2456286856009,19.08817933249399,14.872196764901107,9.200123565977327,0.8394137401588203
5.0,72.59999999999938,20.242480372939422,19.084532895885463,14.868236855737523,9.196750470469317,0.8397457344138087
5.0,72.62499999999939,20.239329682140493,19.08088987651495,14.86426901006789,9.193374448466272,0.8400775664526774
5.0,72.6499999999994,20.236176610286243,19.077249314130288,14.860311014542944,9.189995487452421,0.8404092945163889
5.0,72.6749999999994,20.233021154488632,19.073609936416645,14.856358392325705,9.18661357142115,0.8407409272136401
5.0,72.6999999999994,20.22986331186859,19.069967232677428,14.852401692550135,9.183228684397276,0.8410724192000727
5.0,72.72499999999941,20.226703079535103,19.066319439013608,14.848439109840298,9.179840813768097,0.841403758718303
5.0,72.74999999999942,20.223540454572934,19.062668382651292,14.84447520074258,9.176449952144779,0.8417349973970194
5.0,72.77499999999942,20.220375434042914,19.059015226008604,14.840485504423219,9.173056096439158,0.8420660543956927
5.0,72.79999999999943,20.217208014993805,19.055360680214644,14.83650279265539,9.169659245023919,0.8423969869097099
5.0,72.82499999999943,20.21403819448095,19.051693759485904,14.832510069194596,9.166259394665344,0.8427277611657114
5.0,72.84999999999944,20.210865969583967,19.048022734717357,14.828515414394664,9.162856538476822,0.8430583616207249
5.0,72.87499999999945,20.207691337415508,19.04435500596001,14.824528439913088,9.159450665920717,0.8433888739505931
5.0,72.89999999999945,20.20451429511712,19.04068898425331,14.820539711022795,9.156041764797056,0.8437192736140116
5.0,72.92499999999946,20.201334839845412,19.037023402376203,14.816543927077312,9.152629823803863,0.8440495246018423
5.0,72.94999999999946,20.198152968757,19.033350939282197,14.812547585037333,9.149214834464232,0.8443796442928505
5.0,72.97499999999947,20.1949686790011,19.029674348451568,14.808543120179342,9.145796791770884,0.8447096438470667
5.0,72.99999999999947,20.19178196772409,19.025995219216664,14.804524044229677,9.142375693026585,0.8450394751758605
5.0,73.02499999999948,20.188592832085078,19.0223144749291,14.800507854687204,9.13895153572983,0.845369166738751
5.0,73.04999999999949,20.1854012692767,19.018620908660324,14.796472168487178,9.135524314996452,0.8456986496652967
5.0,73.07499999999949,20.182207276542414,19.014923544872858,14.792448784383996,9.132094021897144,0.8460280289575561
5.0,73.0999999999995,20.179010851181623,19.01122945617346,14.788431404837707,9.128660644212603,0.8463573204105888
5.0,73.1249999999995,20.175811990538932,19.007537030010987,14.784408316728147,9.125224169155818,0.8466864605236718
5.0,73.14999999999951,20.172610691981554,19.00384430671957,14.780378357210964,9.121784586151305,0.8470154633725852
5.0,73.17499999999951,20.169406952874553,19.000145252711413,14.776348829912878,9.118341888517639,0.8473443599898666
5.0,73.19999999999952,20.166200770563822,18.996442308397615,14.772300893698267,9.114896073156247,0.8476730951204834
5.0,73.22499999999953,20.162992142372346,18.992736950103758,14.76825145071579,9.111447138563452,0.8480016613206147
5.0,73.24999999999953,20.15978106560956,18.989030057190575,14.76418800192337,9.107995081898444,0.8483300521710362
5.0,73.27499999999954,20.156567537589808,18.985318799247434,14.76012631247105,9.104539896434146,0.8486582927837789
5.0,73.29999999999954,20.153351555653,18.98159285376388,14.756072988145108,9.10108157110418,0.8489864396972833
5.0,73.32499999999955,20.150133117179113,18.9778713820234,14.752015921023272,9.097620092354951,0.849314455558991
5.0,73.34999999999955,20.146912219590295,18.974152167074916,14.747952007396025,9.094155446798611,0.8496423102436538
5.0,73.37499999999956,20.143688860340536,18.970433689308646,14.743888368197691,9.090687623384147,0.8499700728849582
5.0,73.39999999999957,20.140463036899217,18.966708675116028,14.739822657080145,9.087216614711009,0.8502977284758433
5.0,73.42499999999957,20.13723474673712,18.96298000078487,14.735737328829515,9.083742416656142,0.8506251806324953
5.0,73.44999999999958,20.134003987321105,18.959248894915824,14.731646288007614,9.08026502618994,0.8509524435883659
5.0,73.47499999999958,20.130770756119176,18.95551617943417,14.727545114399124,9.076784438188074,0.8512795293591814
5.0,73.49999999999959,20.127535050613584,18.951776396020534,14.723455781816051,9.073300643428235,0.8516065281007306
5.0,73.5249999999996,20.124296868315792,18.948025275194112,14.719371050703081,9.069813629427344,0.8519334189066122
5.0,73.5499999999996,20.121056206775513,18.94427826135191,14.715275078810064,9.066323383082931,0.8522601260862271
5.0,73.5749999999996,20.117813063578076,18.940533173054718,14.711177689350697,9.062829893234204,0.8525867257269775
5.0,73.59999999999961,20.114567436330894,18.936788875043927,14.707070333564443,9.059333151774593,0.85291321540124
5.0,73.62499999999962,20.11131932264571,18.933037721092575,14.702951651898113,9.055833152786002,0.8532395077002677
5.0,73.64999999999962,20.108068720125186,18.929282448644944,14.698837550383502,9.052329890859996,0.853565634652381
5.0,73.67499999999963,20.104815626359265,18.925524690862495,14.69470526344607,9.048823359199393,0.8538915656586653
5.0,73.69999999999963,20.101560038931982,18.9217654029203,14.690578814495826,9.045313548298639,0.8542173947899222
5.0,73.72499999999964,20.098301955435627,18.918000290236076,14.686460379062218,9.041800446462332,0.854543126730883
5.0,73.74999999999964,20.095041373486094,18.914222494770623,14.682333393202562,9.038284041850979,0.8548686736976405
5.0,73.77499999999965,20.091778290731757,18.91044907164494,14.6782015364485,9.034764324589785,0.8551941026598078
5.0,73.79999999999966,20.088512704850608,18.906677771849566,14.674063694704197,9.03124128778219,0.8555194305878762
5.0,73.82499999999966,20.08524461353663,18.902907396225466,14.66990942091579,9.027714926612793,0.8558445917843621
5.0,73.84999999999967,20.081974014482537,18.899131824407224,14.66576253228161,9.024185236590734,0.8561696079359064
5.0,73.87499999999967,20.078700905367963,18.89535114059098,14.661597018181048,9.020652211604714,0.856494385127825
5.0,73.89999999999968,20.075425283859094,18.891567608177574,14.65743732178456,9.017115842634297,0.8568190468525465
5.0,73.92499999999968,20.072147147620285,18.88778243781369,14.65328504832991,9.013576118318063,0.8571436090119176
5.0,73.94999999999969,20.068866494333815,18.883991436833078,14.649120102403785,9.010033026792975,0.8574679628442711
5.0,73.9749999999997,20.06558332172043,18.880187826563706,14.644952309314547,9.006486557425097,0.8577922027838636
5.0,73.9999999999997,20.062297627552024,18.876388623342784,14.640787312201804,9.002936702059078,0.858116365978334
5.0,74.02499999999971,20.059009409650677,18.872591523442782,14.636599057659234,8.999383454832182,0.8584403129930102
5.0,74.04999999999971,20.055718665874863,18.868794597419882,14.632413440283294,8.995826810679421,0.8587641197573662
5.0,74.07499999999972,20.05242539409983,18.864990326176866,14.628213845570395,8.992266763124192,0.8590877117518584
5.0,74.09999999999972,20.04912959220081,18.861182182173437,14.624016024987665,8.988703302471716,0.8594111890204728
5.0,74.12499999999973,20.045831258044682,18.857371925006156,14.619827471636777,8.985136415955246,0.8597345483493396
5.0,74.14999999999974,20.04253038949132,18.85356046493593,14.61562625856702,8.981566089465836,0.860057698112072
5.0,74.17499999999974,20.039226984402795,18.84974707558894,14.611422667137676,8.977992309497903,0.8603807476504548
5.0,74.19999999999975,20.03592104065619,18.84591655803178,14.607222304030755,8.974415064817318,0.8607037053906097
5.0,74.22499999999975,20.032612556153524,18.842090864452608,14.602999864109458,8.970834346788859,0.8610264593704201
5.0,74.24999999999976,20.029301528823286,18.83826741064623,14.598778519624139,8.967250148275195,0.8613490523903852
5.0,74.27499999999976,20.02598795661267,18.83444319172666,14.594555786194976,8.9636624622443,0.8616714775145263
5.0,74.29999999999977,20.02267183747483,18.83061244672368,14.59031715591316,8.960071280383396,0.8619937683753476
5.0,74.32499999999978,20.019353169357704,18.826778201006466,14.58609198366964,8.956476592688887,0.8623159402082483
5.0,74.34999999999978,20.016031950198983,18.82294202158504,14.581854946765224,8.952878388136128,0.8626379020439107
5.0,74.37499999999979,20.012708177928857,18.819104731511274,14.57761695663785,8.94927665583934,0.862959744782399
5.0,74.39999999999979,20.009381850478917,18.815258586739965,14.573382196162676,8.945671386514718,0.8632814915008973
5.0,74.4249999999998,20.006052965792616,18.811404540275017,14.569130913825019,8.94206257331659,0.8636030498840096
5.0,74.4499999999998,20.002721521831234,18.80755433926048,14.564870586575653,8.938450211156765,0.8639244072539404
5.0,74.47499999999981,19.99938751657153,18.803705903059967,14.560605388603292,8.93483429482716,0.8642456120102685
5.0,74.49999999999982,19.99605094799611,18.79985140653508,14.556333232687294,8.931214816898779,0.8645666962671955
5.0,74.52499999999982,19.992711814081147,18.795993129858168,14.552073254487667,8.927591767170028,0.8648876674592866
5.0,74.54999999999983,19.989370112786673,18.792132636670832,14.547801213209285,8.923965133779383,0.865208403754401
5.0,74.57499999999983,19.986025842052847,18.788270818160356,14.543527198781913,8.92033490491975,0.8655290285805001
5.0,74.59999999999984,19.982678999803518,18.784408170758585,14.53925570499707,8.916701070591163,0.8658495226110785
5.0,74.62499999999984,19.979329583956243,18.780533541324672,14.534964769326887,8.913063623265012,0.866169843216187
5.0,74.64999999999985,19.975977592434834,18.776655420530822,14.530670502522725,8.909422557021207,0.866489966367782
5.0,74.67499999999986,19.972623023179075,18.772780565878943,14.526374455797486,8.905777866038529,0.8668099555811375
5.0,74.69999999999986,19.969265874148295,18.76890715048502,14.522065448935193,8.902129543010602,0.8671298257930149
5.0,74.72499999999987,19.965906143319852,18.7650264281098,14.517769316826838,8.89847757872921,0.8674495736255156
5.0,74.74999999999987,19.96254382868625,18.761141762413015,14.513461494652875,8.89482196293762,0.8677690920788539
5.0,74.77499999999988,19.95917892825427,18.757255022510336,14.509151750173348,8.891162685668277,0.8680884890112621
5.0,74.79999999999988,19.95581144004762,18.75336713571567,14.504844615586997,8.887499738718702,0.8684077386863852
5.0,74.82499999999989,19.95244136211233,18.749471594602362,14.50051249280439,8.883833115891134,0.8687268056822416
5.0,74.8499999999999,19.949068692521877,18.745566879031294,14.496179675382978,8.88016281160939,0.86904565197114
5.0,74.8749999999999,19.945693429377098,18.74166623166706,14.491844565370368,8.87648881907176,0.8693644062355657
5.0,74.8999999999999,19.942315570798346,18.73776745334682,14.487501792979193,8.872811128950815,0.8696830386982657
5.0,74.92499999999991,19.93893511491181,18.73386740841931,14.483168997358378,8.86912972971824,0.8700015233806262
5.0,74.94999999999992,19.9355520598363,18.729960688774938,14.478823420100683,8.865444609140008,0.8703198212581195
5.0,74.97499999999992,19.932166403676938,18.726050474422046,14.474477380428137,8.861755755932544,0.8706379550205903
5.0,74.99999999999993,19.92877814452876,18.72213834857208,14.470128603022024,8.858063161030831,0.8709559199016195
5.0,75.02499999999993,19.925387280489495,18.718225115823117,14.465760513031999,8.854366817479686,0.8712736847863817
5.0,75.04999999999994,19.92199380967786,18.71430358691931,14.461392282724786,8.850666719032036,0.8715912847994438
5.0,75.07499999999995,19.918597730251523,18.710373883303195,14.457013562053943,8.846962858184103,0.8719087785576022
5.0,75.09999999999995,19.915199040418244,18.706448085979464,14.45263953305394,8.843255224976604,0.8722261715692181
5.0,75.12499999999996,19.911797738436373,18.70252286334214,14.448258792383644,8.839543807103837,0.872543343415961
5.0,75.14999999999996,19.908393822605674,18.698591775083575,14.443874338820041,8.835828590922908,0.8728603962221624
5.0,75.17499999999997,19.904987291253022,18.694657295579773,14.439492681112279,8.83210956307087,0.8731772854077146
5.0,75.19999999999997,19.901578142718336,18.69072079979357,14.435106723094968,8.828386712288863,0.8734939918117561
5.0,75.22499999999998,19.898166375344715,18.686783051311448,14.430702462265836,8.824660030089603,0.8738104777499812
5.0,75.24999999999999,19.89475198747519,18.682844472171993,14.426298835955613,8.820929509995546,0.8741268256000692
5.0,75.27499999999999,19.891334977455998,18.678891625550172,14.421885224611701,8.817195145930848,0.8744430642323991
5.0,75.3,19.887915343642955,18.67493874235496,14.417474165123833,8.81345693095961,0.874759166717787
5.0,75.325,19.884493084405893,18.67098855580818,14.41305303595476,8.809714856753603,0.8750750537071736
5.0,75.35000000000001,19.881068198128244,18.667037107198755,14.4086324790706,8.805968913806343,0.8753908333529697
5.0,75.37500000000001,19.87764068320277,18.663079956823367,14.404215041121192,8.80221909260841,0.8757064242865269
5.0,75.40000000000002,19.874210538026794,18.65911955504437,14.399775298626391,8.79846538448358,0.8760217633366842
5.0,75.42500000000003,19.87077776100008,18.655157233097864,14.395331363304411,8.794707781109365,0.8763369142714208
5.0,75.45000000000003,19.86734235052714,18.651193718422117,14.390890355524169,8.790946273586615,0.876651988305679
5.0,75.47500000000004,19.86390430502303,18.647217416610978,14.386439214060275,8.787180851841393,0.8769669537403177
5.0,75.50000000000004,19.86046362291883,18.64323905374481,14.381985792337279,8.783411504580886,0.8772817204813695
5.0,75.52500000000005,19.857020302661663,18.63926353563506,14.377525812742133,8.779638219584744,0.8775963344256585
5.0,75.55000000000005,19.853574342707258,18.63528917895136,14.373067603207776,8.775860984419507,0.8779107969679834
5.0,75.57500000000006,19.850125741507625,18.6313095854592,14.368604417219665,8.772079787507872,0.8782250770677044
5.0,75.60000000000007,19.846674497499748,18.627326015399944,14.364121497414482,8.768294618325147,0.8785390653431293
5.0,75.62500000000007,19.843220609100545,18.62333987559311,14.3596403498836,8.764505466556658,0.8788529335255402
5.0,75.65000000000008,19.839764074710477,18.61935205959447,14.35516029816143,8.760712321415548,0.8791667211215793
5.0,75.67500000000008,19.836304892725458,18.61536310782235,14.350669877560783,8.756915171566773,0.8794803719714112
5.0,75.70000000000009,19.832843061553646,18.611357981146085,14.346172002761827,8.753114005180498,0.879793808568938
5.0,75.7250000000001,19.829378579630948,18.607355344089097,14.341675304665833,8.749308810118661,0.8801071474906874
5.0,75.7500000000001,19.82591144542885,18.603354851389884,14.337182532282235,8.745499574911761,0.8804202881591021
5.0,75.7750000000001,19.822441657452355,18.599354352473405,14.332679887044264,8.741686290190376,0.8807332071267656
5.0,75.80000000000011,19.81896921423098,18.595346976038307,14.32815769238235,8.737868948874505,0.8810458840245033
5.0,75.82500000000012,19.815494114308493,18.59133592302214,14.323639569761795,8.734047545037708,0.8813584617566533
5.0,75.85000000000012,19.81201635623601,18.587322785886755,14.31911391341289,8.730222072457016,0.8816709185863162
5.0,75.87500000000013,19.808535938570518,18.58330837057257,14.314583179996562,8.72639252361329,0.8819832042722523
5.0,75.90000000000013,19.80505285987805,18.57928602794043,14.310046673656005,8.722558889292424,0.8822953482341077
5.0,75.92500000000014,19.80156711873813,18.575255610897795,14.305512602162327,8.718721159043374,0.8826073257681484
5.0,75.95000000000014,19.798078713744456,18.57122846235534,14.300977651278071,8.714879322601288,0.8829190748938068
5.0,75.97500000000015,19.794587643498648,18.567202610484674,14.29641708669428,8.711033370580774,0.8832305806001436
5.0,76.00000000000016,19.791093906598615,18.56317496727262,14.291858782854396,8.707183293811077,0.8835419736948453
5.0,76.02500000000016,19.787597501626763,18.559140329697964,14.287303090937419,8.70332908259506,0.8838532518538806
5.0,76.05000000000017,19.78409842714347,18.555102279094616,14.282736195508352,8.6994707265508,0.8841643604867765
5.0,76.07500000000017,19.78059668168826,18.5510624291168,14.278161270977714,8.695608214613333,0.8844752903594529
5.0,76.10000000000018,19.777092263788038,18.54702151527945,14.273588037070317,8.69174153521762,0.8847861068900467
5.0,76.12500000000018,19.77358517196896,18.5429676842626,14.26901857753587,8.687870677325694,0.8850966958258285
5.0,76.15000000000019,19.770075404766477,18.53891281769263,14.264434328673874,8.683995631676268,0.8854070520386474
5.0,76.1750000000002,19.7665629607283,18.53486037501057,14.25983672819265,8.680116390827333,0.8857172316879492
5.0,76.2000000000002,19.76304783840838,18.53080649032055,14.255243219656442,8.676232948248652,0.8860273160215916
5.0,76.22500000000021,19.759530036354466,18.526746520080856,14.25063934161785,8.672345297242995,0.886337195847109
5.0,76.25000000000021,19.756009553094156,18.522683339037997,14.246026260564104,8.66845342989957,0.8866469133449009
5.0,76.27500000000022,19.752486387123806,18.518618316905663,14.241412315266478,8.664557336414415,0.886956482526548
5.0,76.30000000000022,19.748960536902995,18.514552117397464,14.236801963817442,8.660657005544024,0.8872658931268128
5.0,76.32500000000023,19.74543200085587,18.510485062833922,14.23218843356479,8.65675242628384,0.887575076355686
5.0,76.35000000000024,19.741900777378753,18.50640322389932,14.227551354037685,8.652843588904304,0.8878840328601114
5.0,76.37500000000024,19.738366864850605,18.502322982865905,14.222917196534842,8.648930484634523,0.8881928875608168
5.0,76.40000000000025,19.734830261641534,18.49824272041127,14.218276958053428,8.645013104722691,0.8885016085359473
5.0,76.42500000000025,19.731290966115775,18.49415666666653,14.213627440307098,8.641091439475838,0.8888100990469209
5.0,76.45000000000026,19.727748976628078,18.490067538895033,14.20897474322929,8.637165477649361,0.8891184448787536
5.0,76.47500000000026,19.724204291514887,18.485976619844507,14.20432513886442,8.6332352068117,0.8894266148761625
5.0,76.50000000000027,19.720656909083278,18.481884525027386,14.199671069943252,8.629300614724634,0.8897345605325256
5.0,76.52500000000028,19.71710682760155,18.477790752287486,14.194993049913142,8.62536168998537,0.8900422839517287
5.0,76.55000000000028,19.713554045293986,18.473681624635255,14.190319329707611,8.621418421485853,0.8903498986102574
5.0,76.57500000000029,19.709998560338924,18.469576436038537,14.1856465820084,8.617470797941566,0.890657405040911
5.0,76.60000000000029,19.706440370867735,18.465472750403574,14.18096361743404,8.613518808020041,0.8909647014681717
5.0,76.6250000000003,19.70287947496343,18.461363989745568,14.176273294759987,8.609562440592182,0.8912718417337326
5.0,76.6500000000003,19.699315870659817,18.457250794015245,14.171584660803822,8.605601685091951,0.8915787490805989
5.0,76.67500000000031,19.695749555943102,18.453135017776408,14.166897187598993,8.601636532461018,0.8918854399312078
5.0,76.70000000000032,19.692180528757195,18.449017582253163,14.162182126462,8.59766697531874,0.8921919088296415
5.0,76.72500000000032,19.688608787013234,18.444898574996685,14.157466300141254,8.593693006693822,0.8924982805647963
5.0,76.75000000000033,19.68503432860185,18.44076378096793,14.152755175841214,8.58971461873708,0.8928045110229209
5.0,76.77500000000033,19.681457151404196,18.43663269660136,14.148028579389566,8.585731802067121,0.8931105406161077
5.0,76.80000000000034,19.677877253297442,18.43250293736005,14.143294503476229,8.581744545366682,0.8934164110340693
5.0,76.82500000000034,19.674294632153384,18.428368212020803,14.138564052077262,8.57775283550078,0.893722087981291
5.0,76.85000000000035,19.670709285832082,18.42422925433549,14.13383690913691,8.573756658893707,0.8940275138909599
5.0,76.87500000000036,19.667121212174365,18.42008763828417,14.129090703063312,8.569756003126887,0.8943327295782435
5.0,76.90000000000036,19.663530408996518,18.41594421329127,14.124333480738017,8.56575085718074,0.8946378277683996
5.0,76.92500000000037,19.659936874089574,18.411799437184683,14.11958088481723,8.561741210750329,0.8949428069117211
5.0,76.95000000000037,19.65634060522374,18.407645083781492,14.11481678704674,8.557727053454533,0.8952475753907294
5.0,76.97500000000038,19.65274160015591,18.403485692413263,14.110041196542449,8.553708373933322,0.8955521682753402
5.0,77.00000000000038,19.649139856636292,18.399328422998778,14.105270653170136,8.549685159416342,0.8958566004930788
5.0,77.02500000000039,19.645535372411224,18.39517031572755,14.100503955026827,8.545657396740808,0.8961607708761259
5.0,77.0500000000004,19.64192814522202,18.39100609425804,14.095719353532242,8.541625073909865,0.896464706966374
5.0,77.0750000000004,19.638318172802023,18.386838301098226,14.090922574041233,8.537588180473664,0.8967685230907882
5.0,77.1000000000004,19.63470545287417,18.382668227880014,14.086129892889815,8.533546706928787,0.8970722054656309
5.0,77.12500000000041,19.631089983150765,18.37849654128863,14.081331272755635,8.52950064417456,0.8973757145080064
5.0,77.15000000000042,19.62747176133544,18.37431420919787,14.076517635873234,8.525449982941453,0.897679016736591
5.0,77.17500000000042,19.623850785124862,18.370128326575138,14.07170544667946,8.521394713293525,0.8979820945135624
5.0,77.20000000000043,19.620227052206776,18.36594427408909,14.066896319369215,8.517334825013391,0.8982849583551873
5.0,77.22500000000043,19.61660056025277,18.361760552964085,14.062070636518058,8.513270308371922,0.8985876238624607
5.0,77.25000000000044,19.612971306907856,18.357570199937996,14.057232774546065,8.509201154023781,0.898890140911905
5.0,77.27500000000045,19.609339289780866,18.35337549669352,14.052399266420874,8.505127352372885,0.8991925325690764
5.0,77.30000000000045,19.605704506439025,18.349178215864082,14.047562325538983,8.501048893457153,0.8994947348630181
5.0,77.32500000000046,19.602066954407974,18.344979186644935,14.042711024148872,8.496965767116391,0.8997967560898346
5.0,77.35000000000046,19.59842663117705,18.34077804699994,14.037862494740343,8.492877963311882,0.9000985515415239
5.0,77.37500000000047,19.59478353420769,18.336562283809485,14.033016040387869,8.488785473092724,0.9004001186665267
5.0,77.40000000000047,19.591137660940998,18.332349454089815,14.028150425879332,8.484688289383284,0.9007014775425508
5.0,77.42500000000048,19.58748900880052,18.32813730617617,14.023275001625114,8.480586406482312,0.9010027187219476
5.0,77.45000000000049,19.58383757518909,18.323920181617865,14.018403716765489,8.476479818963067,0.9013037824796277
5.0,77.47500000000049,19.5801833574816,18.319697818438243,14.013533270896207,8.472368521448384,0.9016046956733316
5.0,77.5000000000005,19.576526353016828,18.31547256155992,14.008647555623213,8.468252509026618,0.9019053676211701
5.0,77.5250000000005,19.572866559090873,18.311245431083446,14.003760941104364,8.464131777651849,0.9022058267127233
5.0,77.55000000000051,19.56920397295411,18.307016869856625,13.998872853969441,8.46000632453455,0.902506081806208
5.0,77.57500000000051,19.565538591811865,18.302776305010774,13.993965144964642,8.455876147827524,0.9028061209117471
5.0,77.60000000000052,19.56187041282693,18.298534198821525,13.98905189145182,8.45174124529161,0.9031060539586877
5.0,77.62500000000053,19.558199433120784,18.29429326656651,13.984142387244123,8.447601613109125,0.9034058250617383
5.0,77.65000000000053,19.55452564977148,18.290046230230367,13.979230247335288,8.443457245970729,0.9037054061507559
5.0,77.67500000000054,19.55084905980805,18.28579496274919,13.97430633433071,8.439308137948524,0.9040047694905969
5.0,77.70000000000054,19.54716966020264,18.281541115401783,13.969381813580988,8.435154283459088,0.9043038680415794
5.0,77.72500000000055,19.54348744786246,18.27728543776503,13.964452418756887,8.430995678045791,0.904602791783841
5.0,77.75000000000055,19.539802419623935,18.273028267172396,13.959498114880079,8.426832317818262,0.9049015093007997
5.0,77.77500000000056,19.536114572251268,18.26876252200145,13.95454657928828,8.422664197764856,0.9052000976843704
5.0,77.80000000000057,19.532423902439405,18.2644909553693,13.949596390715396,8.418491310609909,0.9054985100904679
5.0,77.82500000000057,19.528730406819275,18.260219812175336,13.944636951774678,8.414313646921515,0.9057967447747209
5.0,77.85000000000058,19.525034081962172,18.255942642626373,13.939673223560968,8.410131196049482,0.9060946921103481
5.0,77.87500000000058,19.521334924380817,18.25166197751592,13.934709808366241,8.405943947540694,0.9063924200038471
5.0,77.90000000000059,19.517632930526254,18.247378973688715,13.929736230564599,8.401751892408953,0.9066899791379144
5.0,77.9250000000006,19.513928096781797,18.24309416682522,13.924742745831473,8.397555022949536,0.9069873595140702
5.0,77.9500000000006,19.510220419457,18.238807799089567,13.919750556622255,8.393353331313962,0.9072845838688556
5.0,77.9750000000006,19.506509894784717,18.234509062290954,13.914760505289262,8.389146808526139,0.9075816596176713
5.0,78.00000000000061,19.502796518921848,18.230209465941314,13.9097580372049,8.384935444463157,0.9078784834508102
5.0,78.02500000000062,19.499080287952275,18.225909871149536,13.90475174506206,8.380719228370616,0.9081750149191309
5.0,78.05000000000062,19.49536119789001,18.221603528857962,13.89974286126906,8.376498149620614,0.9084713700573853
5.0,78.07500000000063,19.491639244681238,18.21729334880524,13.894721901118556,8.372272198178592,0.9087675348178007
5.0,78.10000000000063,19.487914424204934,18.21298062270401,13.889687605059127,8.368041364070843,0.909063568840389
5.0,78.12500000000064,19.48418673227272,18.208665931783628,13.884654611510044,8.363805636392605,0.9093594004535527
5.0,78.15000000000065,19.480456164629526,18.204347530640405,13.879623169817597,8.35956500319138,0.9096550908697651
5.0,78.17500000000065,19.47672271695592,18.200016917697262,13.87457671806607,8.35531945207389,0.9099504705361103
5.0,78.20000000000066,19.472986384870985,18.19568812140376,13.86952923964391,8.35106897095559,0.9102456164448258
5.0,78.22500000000066,19.469247163933986,18.191357861791136,13.864475143107434,8.346813548634982,0.9105405802970848
5.0,78.25000000000067,19.465505049643816,18.18702116219471,13.859406828677225,8.342553174643154,0.9108353516876224
5.0,78.27500000000067,19.46176003743676,18.182680578229142,13.854331850887915,8.338287838270219,0.9111299601150362
5.0,78.30000000000068,19.458012122683858,18.178337292259155,13.849259382890875,8.334017527812469,0.9114244112359201
5.0,78.32500000000068,19.45426130068937,18.173991858844666,13.844180297230821,8.329742230751139,0.9117186049385054
5.0,78.35000000000069,19.450507566692128,18.16964337166056,13.839090808227018,8.325461934368862,0.9120125249298132
5.0,78.3750000000007,19.446750915870123,18.16528155668651,13.834000767616267,8.321176626432814,0.9123062692513594
5.0,78.4000000000007,19.442991343346655,18.160921408068187,13.828903325696118,8.31688629577714,0.9125998173537586
5.0,78.42500000000071,19.439228844194904,18.156558123698954,13.823786619165244,8.312590931923197,0.9128931939501554
5.0,78.45000000000071,19.435463413438754,18.152189167535056,13.818670857772267,8.30829052394615,0.9131863701579201
5.0,78.47500000000072,19.431695046049274,18.14781662073139,13.813556715035784,8.303985059949353,0.9134793857229775
5.0,78.50000000000072,19.427923736938073,18.143441441136925,13.808428888260359,8.299674527335174,0.913772099443176
5.0,78.52500000000073,19.424149480949982,18.13906407096429,13.803298126688025,8.295358913402861,0.9140645770566601
5.0,78.55000000000074,19.420372272857925,18.13468084297448,13.798161798711421,8.2910382059464,0.914356894267311
5.0,78.57500000000074,19.416592107361375,18.130287917436696,13.793017739975863,8.28671239361974,0.914649008429509
5.0,78.60000000000075,19.412808979087426,18.125895961816852,13.787867439812404,8.282381465981539,0.9149409420817185
5.0,78.62500000000075,19.40902288259242,18.12150068216928,13.782717972038782,8.278045413693361,0.9152327308945168
5.0,78.65000000000076,19.40523381236254,18.11709897090165,13.777560676416204,8.273704229003153,0.9155242327087059
5.0,78.67500000000076,19.401441762812908,18.112693410396453,13.77239202875833,8.26935790589661,0.9158154438953575
5.0,78.70000000000077,19.397646728285597,18.10828509816823,13.767221897099207,8.265006439815926,0.916106521487596
5.0,78.72500000000078,19.39384870304766,18.103874399880613,13.762042496448986,8.260649827102725,0.9163973952555073
5.0,78.75000000000078,19.390047681290394,18.099454391279405,13.756861668649572,8.256288064597408,0.9166881066784606
5.0,78.77500000000079,19.386243657129718,18.095029002885294,13.751678110748344,8.251921149802616,0.9169786097711804
5.0,78.8000000000008,19.382436624606164,18.090603506123767,13.746493701623141,8.24754908176716,0.917268954061457
5.0,78.8250000000008,19.37862657768302,18.08617242034753,13.741291619621343,8.243171861620308,0.9175589202561933
5.0,78.8500000000008,19.37481351024214,18.081735971945413,13.736085950268684,8.238789492102637,0.9178486997227601
5.0,78.87500000000081,19.37099741607799,18.077296055781346,13.730873321461182,8.23440197640135,0.918138324859032
5.0,78.90000000000082,19.36717828889124,18.072853469186104,13.725656982731069,8.230009317076165,0.9184277614730114
5.0,78.92500000000082,19.363356122284017,18.068408371643397,13.720436195853072,8.225611515629273,0.9187169717486592
5.0,78.95000000000083,19.359530909758863,18.063955301562412,13.715212257017265,8.22120857284843,0.9190059953423723
5.0,78.97500000000083,19.355702644721855,18.05949489902562,13.709973893307465,8.216800489122933,0.91929474107134
5.0,79.00000000000084,19.35187132048812,18.055032515494283,13.704729445399675,8.21238726414831,0.919583241235023
5.0,79.02500000000084,19.348036930286497,18.05056400042043,13.699478615606605,8.207968896205735,0.9198715706960514
5.0,79.05000000000085,19.344199467260484,18.046091536514897,13.694222866766896,8.20354538159337,0.9201597091201167
5.0,79.07500000000086,19.340358924464223,18.041616070862666,13.688965040313352,8.199116714770438,0.9204476267835601
5.0,79.10000000000086,19.33651529485481,18.037137889497856,13.683703327119616,8.19468288931909,0.920735351028023
5.0,79.12500000000087,19.33266857128446,18.03265697051921,13.678430311796673,8.190243898971922,0.9210227843729903
5.0,79.15000000000087,19.328818746496054,18.028163369468313,13.673145703904318,8.185799737747928,0.9213099807793877
5.0,79.17500000000088,19.32496581312313,18.023668017216952,13.667858053206293,8.181350399307895,0.9215970135700904
5.0,79.20000000000088,19.32110976369259,18.01916699906156,13.662562093151468,8.17689587613585,0.9218838475533058
5.0,79.22500000000089,19.31725059062672,18.014661016146018,13.65726283094959,8.172436159159757,0.922170434692155
5.0,79.2500000000009,19.313388286241768,18.0101515438502,13.651961070641976,8.1679712381977,0.9224568507795016
5.0,79.2750000000009,19.30952284274251,18.00563915390118,13.646654581733344,8.163501103103295,0.922742979801788
5.0,79.3000000000009,19.305654252214925,18.001123871337633,13.64133025834096,8.159025744410922,0.923028829935869
5.0,79.32500000000091,19.301782506620487,17.996599597219685,13.636002769345511,8.15454515299405,0.9233145384295528
5.0,79.35000000000092,19.297907597794335,17.99206884686141,13.630668699887067,8.150059319247926,0.9236000493499865
5.0,79.37500000000092,19.29402951744718,17.987536476774558,13.625329773487202,8.145568232532142,0.9238852986912313
5.0,79.40000000000093,19.29014825716907,17.982996870430604,13.61998722362961,8.141071881315252,0.9241703430724103
5.0,79.42500000000094,19.286263808432718,17.97845269640795,13.614638999036073,8.136570253927866,0.9244550712197357
5.0,79.45000000000094,19.28237616259482,17.97390507322873,13.6092752577879,8.132063338971074,0.9247395734083839
5.0,79.47500000000095,19.278485310895576,17.969354304666318,13.603905164600722,8.127551124880148,0.9250239071568591
5.0,79.50000000000095,19.274591244458392,17.964799882184874,13.59852965903742,8.123033599100655,0.9253080650425445
5.0,79.52500000000096,19.270693954291687,17.960231649568012,13.593150971956849,8.118510747716012,0.9255919844080694
5.0,79.55000000000096,19.26679343129281,17.955663031433566,13.587768206460886,8.113982555954825,0.9258756989058591
5.0,79.57500000000097,19.26288966625194,17.951087446302218,13.582380252637378,8.109449009352623,0.9261590896255899
5.0,79.60000000000097,19.2589826498531,17.946506826730403,13.576978862396471,8.104910094591151,0.9264421890703582
5.0,79.62500000000098,19.25507237267057,17.941922464666938,13.571568199064442,8.100365799301308,0.9267251391866828
5.0,79.65000000000099,19.25115882516118,17.937334832236164,13.566152301237134,8.095816111143595,0.9270079236671752
5.0,79.67500000000099,19.247241997655518,17.932743905712876,13.560731807032582,8.091261017024973,0.9272904584206886
5.0,79.700000000001,19.24332188035209,17.928145102670104,13.555306324260595,8.08670050301675,0.927572763918104
5.0,79.725000000001,19.239398463317094,17.92353730869653,13.549875587593618,8.082134554962202,0.9278547516923903
5.0,79.75000000000101,19.235471736489213,17.91892606380511,13.544435706216689,8.077563159215403,0.9281364696093364
5.0,79.77500000000101,19.23154168968619,17.91430812633584,13.538988106738444,8.072986302982109,0.9284180182779878
5.0,79.80000000000102,19.227608312609327,17.909685693028504,13.533535327562582,8.06840397427044,0.9286994053969249
5.0,79.82500000000103,19.22367159484352,17.905059624712344,13.52807742930659,8.063816161798936,0.9289805383836961
5.0,79.85000000000103,19.2197315258533,17.900430014886684,13.522614590396346,8.059222855138474,0.9292614626038619
5.0,79.87500000000104,19.2157880949778,17.895793924128757,13.517145475512317,8.054624045051302,0.9295420550558288
5.0,79.90000000000104,19.211841291427497,17.891146889636264,13.51166926237467,8.0500197237644,0.9298223562521245
5.0,79.92500000000105,19.20789110428356,17.886496880721875,13.506188024602869,8.045409885069143,0.9301025057439433
5.0,79.95000000000105,19.203937522498048,17.881839755082545,13.500700993639065,8.040794524304511,0.9303824911551493
5.0,79.97500000000106,19.199980534892372,17.8771777755775,13.495207709762328,8.036173638270858,0.9306621996876991
5.0,80.00000000000107,19.196020130152373,17.87251187820374,13.489708008806403,8.031547225062964,0.9309417123535827
5.0,80.02500000000107,19.19205629682075,17.867842187643205,13.484199661309576,8.026915283689117,0.9312208522638542
5.0,80.05000000000108,19.18808902328998,17.86316862411049,13.478683598712012,8.022277813412378,0.9314997455015903
5.0,80.07500000000108,19.1841182977994,17.858482888842307,13.47316271357003,8.017634813081218,0.93177847632988
5.0,80.10000000000109,19.180144108437812,17.85379217219638,13.467634545167133,8.012986280691882,0.9320570128631166
5.0,80.1250000000011,19.176166443149707,17.849093962547595,13.462100288027123,8.008332213250554,0.9323352633577204
5.0,80.1500000000011,19.17218528974105,17.84439057684505,13.45656031393591,8.003672606910987,0.932613312204703
5.0,80.1750000000011,19.168200635880844,17.839683001150377,13.45101087703492,7.999007457116364,0.9328909749554269
5.0,80.20000000000111,19.164212469097386,17.834971444777857,13.445453341379984,7.994336758484929,0.9331684058282183
5.0,80.22500000000112,19.160220776771585,17.83025580978722,13.439891166267774,7.989660504606132,0.9334456995813011
5.0,80.25000000000112,19.156225546131232,17.825527954781197,13.434321611351578,7.984978687975981,0.9337227520685322
5.0,80.27500000000113,19.1522267642488,17.820795052770766,13.428747127410984,7.9802913002163,0.933999549273867
5.0,80.30000000000113,19.148224418042517,17.816055545610816,13.423165231448127,7.975598332482082,0.9342760780110988
5.0,80.32500000000114,19.14421849427821,17.811309526357817,13.417573310842338,7.970899775673306,0.934552223000544
5.0,80.35000000000115,19.14020897956926,17.806558660343374,13.411973508063166,7.966195620232467,0.934828173752174
5.0,80.37500000000115,19.13619586037354,17.801803397607884,13.406369463501683,7.961485855847949,0.9351040019206989
5.0,80.40000000000116,19.13217912298879,17.797043736862804,13.400758835052256,7.95677047142929,0.9353795361884267
5.0,80.42500000000116,19.128158753549368,17.792273335872945,13.395142729985743,7.952049455463689,0.9356548133420137
5.0,80.45000000000117,19.124134738026175,17.787495264481272,13.389516556880078,7.947322796400078,0.9359297688199111
5.0,80.47500000000117,19.12010706222929,17.782711980721157,13.383879573226075,7.942590482547449,0.9362044137432908
5.0,80.50000000000118,19.116075711810865,17.777921050241112,13.378235309470643,7.937852501464265,0.9364788624052791
5.0,80.52500000000119,19.11204067226562,17.773124719613897,13.372587722233302,7.9331088394688924,0.9367531814929565
5.0,80.55000000000119,19.108001928927823,17.768323612211066,13.366933024669883,7.928359481710666,0.9370271766521017
5.0,80.5750000000012,19.10395946696593,17.763517812758675,13.361272874642864,7.923604412785054,0.9373009184645875
5.0,80.6000000000012,19.099913271378078,17.758704315580754,13.355603383678055,7.918843617433602,0.9375743333699076
5.0,80.62500000000121,19.09586332699094,17.753878624067443,13.349923537469992,7.914077080767026,0.9378474415260889
5.0,80.65000000000121,19.091809618461966,17.74904801646525,13.34423681769007,7.909304787949791,0.9381203757588413
5.0,80.67500000000122,19.087752130282375,17.744209629459675,13.338546986940683,7.9045267239263834,0.9383931233123723
5.0,80.70000000000122,19.0836908467775,17.73936563047306,13.33284852604476,7.899742873498154,0.9386655257049157
5.0,80.72500000000123,19.079625752102622,17.734516590220753,13.327143094246686,7.894953221623535,0.9389376543620968
5.0,80.75000000000124,19.075556830235367,17.72966259315065,13.321425800732316,7.890157753454702,0.9392094305506469
5.0,80.77500000000124,19.0714840649684,17.724803161938183,13.31569901052671,7.885356453820141,0.9394809675624576
5.0,80.80000000000125,19.067407439906205,17.719927649950844,13.309966969281893,7.880549306524109,0.9397523520845403
5.0,80.82500000000125,19.06332693846668,17.715047025190927,13.304231930287763,7.875736294204783,0.9400234660968955
5.0,80.85000000000126,19.059242543884523,17.710158730039957,13.298493132733554,7.870917399146495,0.9402943069910632
5.0,80.87500000000126,19.05515423921215,17.705264673809598,13.292745367842143,7.86609260456981,0.9405648257972076
5.0,80.90000000000127,19.051062007315373,17.700365333782443,13.286985445683259,7.861261895387612,0.9408349606085993
5.0,80.92500000000128,19.04696583086468,17.69546077445126,13.281216662624361,7.85642525792363,0.9411049249081143
5.0,80.95000000000128,19.04286569232624,17.69054993789294,13.275443354311427,7.851582679096009,0.9413747391370039
5.0,80.97500000000129,19.03876157395691,17.685623087151594,13.269668351242256,7.846734146068288,0.9416442302380166
5.0,81.0000000000013,19.034653457804488,17.680691102725234,13.263890255539469,7.8418796469144985,0.9419134624958843
5.0,81.0250000000013,19.03054132571074,17.675750891394266,13.258099731415278,7.8370191716005175,0.9421822714714028
5.0,81.0500000000013,19.026425159313057,17.670804522718978,13.252297219998871,7.832152712152025,0.9424508020875916
5.0,81.07500000000131,19.02230494004205,17.665852516363568,13.246487284864953,7.827280261761664,0.9427191957678754
5.0,81.10000000000132,19.018180649115585,17.660894971124762,13.240673717428555,7.822401813650403,0.9429873205017122
5.0,81.12500000000132,19.01405226753287,17.655929403985066,13.234858484887697,7.817517360730226,0.9432551631769902
5.0,81.15000000000133,19.00991977607213,17.650948853522273,13.22903360707391,7.812626896087999,0.943522663149814
5.0,81.17500000000133,19.00578315529246,17.645961522995112,13.223195409755316,7.8077304133075724,0.9437898139602672
5.0,81.20000000000134,19.001642385536925,17.640966421355365,13.217347509940957,7.802827905943583,0.9440567629789846
5.0,81.22500000000134,18.997497446933018,17.635965110383065,13.211494302651786,7.797919366521146,0.9443234810210307
5.0,81.25000000000135,18.993348319388296,17.6309579535627,13.205638556032426,7.793004786037549,0.9445898918315285
5.0,81.27500000000136,18.989194982582873,17.625945017060346,13.19977856046267,7.788084154515651,0.9448560206463246
5.0,81.30000000000136,18.98503741596315,17.62092343815995,13.193905322887671,7.7831574619287665,0.9451217711938324
5.0,81.32500000000137,18.98087559874081,17.61588621540926,13.18801964522003,7.778224698410232,0.9453872412289364
5.0,81.35000000000137,18.9767095098973,17.610840345782144,13.182126268206817,7.773285853540639,0.9456525158775988
5.0,81.37500000000138,18.972539128189755,17.60578745576176,13.176228782795512,7.76834091551346,0.9459175026566161
5.0,81.40000000000138,18.96836443215325,17.600728328305443,13.170328743210446,7.763389871139385,0.9461821462517078
5.0,81.42500000000139,18.964185400096873,17.595663129818274,13.164419939329514,7.758432706708929,0.9464464935122113
5.0,81.4500000000014,18.960002010095526,17.590591903924526,13.15849643012244,7.753469408672329,0.9467104937266139
5.0,81.4750000000014,18.955814239982395,17.58550796327292,13.15256251543144,7.748499963356184,0.9469742926483014
5.0,81.5000000000014,18.951622067346115,17.58041070047136,13.14662299663338,7.7435243560797655,0.94723783712524
5.0,81.52500000000141,18.947425469532373,17.575304492924026,13.140680668798995,7.7385425707116555,0.9475010623030102
5.0,81.55000000000142,18.94322442364616,17.570191185092952,13.134734357803493,7.733554590309409,0.947763939007658
5.0,81.57500000000142,18.939018906550267,17.565071336001424,13.128774327179777,7.728560398177769,0.9480264201440587
5.0,81.60000000000143,18.934808894858797,17.559945139748617,13.122801483261492,7.723559978206738,0.9482886998663371
5.0,81.62500000000144,18.93059436492874,17.554812680406105,13.116820597023185,7.718553314234408,0.9485507292462866
5.0,81.65000000000144,18.9263752928545,17.549662067302386,13.110835255932884,7.71354038922424,0.9488124663457642
5.0,81.67500000000145,18.92215165446781,17.544500872038235,13.104846863649742,7.708521185225047,0.9490738436242379
5.0,81.70000000000145,18.917923425340778,17.539331342304322,13.098846996001242,7.703495684026199,0.9493348198413349
5.0,81.72500000000146,18.913690580787343,17.534154705867167,13.092832762132202,7.69846386751172,0.9495954852052859
5.0,81.75000000000146,18.9094530958596,17.528971367804743,13.086808938615993,7.693425717170109,0.9498559914011018
5.0,81.77500000000147,18.9052109453398,17.52378148601189,13.080779633603308,7.688381213276729,0.9501161743077307
5.0,81.80000000000148,18.9009641037326,17.518580885689595,13.074746944044303,7.6833303347067,0.9503760192313941
5.0,81.82500000000148,18.896712545262424,17.513363567378708,13.068708751660594,7.678273059778652,0.9506355224691777
5.0,81.85000000000149,18.892456243876794,17.508135617184394,13.062656597497778,7.673209367345051,0.9508945940264636
5.0,81.87500000000149,18.888195173251944,17.502899586414966,13.056593485942965,7.668139237165628,0.9511535136791278
5.0,81.9000000000015,18.883929306795444,17.497656368580575,13.0505236687394,7.663062649525249,0.951412112252877
5.0,81.9250000000015,18.879658617643155,17.49240628820438,13.044449346606182,7.657979584841055,0.951670384385971
5.0,81.95000000000151,18.87538307865266,17.48714900736085,13.038370348328808,7.652890023918282,0.9519283163668933
5.0,81.97500000000151,18.871102662397934,17.481872607873406,13.032280407710982,7.647793948612374,0.952185829726607
5.0,82.00000000000152,18.8668173411683,17.47658514606519,13.026179346410638,7.642691342156759,0.9524431410425613
5.0,82.02500000000153,18.862527086970182,17.471287288355253,13.020070447758252,7.6375821888820274,0.9527001422596423
5.0,82.05000000000153,18.858231871527416,17.465981295473384,13.013956114848247,7.632466473753717,0.9529568124021838
5.0,82.07500000000154,18.85393166627657,17.460667997510146,13.007836926870088,7.627344182317938,0.9532131748306544
5.0,82.10000000000154,18.849626442357835,17.455347659038843,13.00170688497593,7.622215300966824,0.9534690642482694
5.0,82.12500000000155,18.845316170606157,17.450015976906087,12.995565034436861,7.617079816921349,0.9537247519689068
5.0,82.15000000000155,18.84100082154756,17.44466378564061,12.989414545774856,7.6119377176835785,0.9539801221709606
5.0,82.17500000000156,18.836680365401264,17.43930061297738,12.983258190716596,7.606788990379662,0.9542351623894112
5.0,82.20000000000157,18.832354772083242,17.433929009556348,12.977096445775157,7.601633621586129,0.9544898433320442
5.0,82.22500000000157,18.828024011205546,17.42854987790553,12.97092498933886,7.596471597645334,0.9547440803293106
5.0,82.25000000000158,18.823688052069215,17.42316345873927,12.964741065215575,7.591302904866332,0.9549980735196244
5.0,82.27500000000158,18.819346863654175,17.417768002795714,12.958547508287856,7.586127529214754,0.9552517816857892
5.0,82.30000000000159,18.815000414612225,17.412352810008443,12.952347365553285,7.580945455778209,0.9555052003676603
5.0,82.3250000000016,18.810648673266282,17.406919812371044,12.946141451724099,7.575756668594611,0.9557581920075345
5.0,82.3500000000016,18.806291607612874,17.401478989178525,12.939927526560501,7.570561151041262,0.9560108081826707
5.0,82.3750000000016,18.801929185321594,17.396030788389904,12.9337007189311,7.565358886268693,0.9562630684359882
5.0,82.40000000000161,18.79756137372755,17.390575065042732,12.927463485467104,7.560149857155659,0.956515054252358
5.0,82.42500000000162,18.793188139818863,17.38511003953502,12.921219025162975,7.554934045909927,0.9567667218349948
5.0,82.45000000000162,18.788809450225855,17.37962889427505,12.914968510215129,7.549711433869429,0.9570180203877979
5.0,82.47500000000163,18.784425271216985,17.37412410203285,12.908710615749369,7.544482001826117,0.9572688783474979
5.0,82.50000000000163,18.78003556870036,17.36861125010611,12.902439424245502,7.539245730444564,0.9575193706156282
5.0,82.52500000000164,18.77564030822469,17.36309080514485,12.896157062882782,7.534002600214839,0.9577695869692896
5.0,82.55000000000165,18.77123945497462,17.35756287165607,12.889866790347593,7.528752590992712,0.9580194576075641
5.0,82.57500000000165,18.76683297376109,17.352025744925903,12.883569818384215,7.52349568166315,0.9582689905872206
5.0,82.60000000000166,18.762420829012736,17.346470795450283,12.877264728729578,7.518231850280495,0.9585180908264997
5.0,82.62500000000166,18.75800298477322,17.340890935147517,12.870946344148532,7.512961074342811,0.9587668046108477
5.0,82.65000000000167,18.753579404703284,17.335303004986226,12.864616649739931,7.5076833307146655,0.9590152067577554
5.0,82.67500000000167,18.74915005208141,17.32970732983818,12.8582788211645,7.502398595257409,0.9592632220261802
5.0,82.70000000000168,18.74471488979831,17.324103986723646,12.851933964860821,7.497106842648056,0.9595109179594278
5.0,82.72500000000169,18.74027388034659,17.31849094131801,12.84558085116354,7.4918080466845085,0.959758205243932
5.0,82.75000000000169,18.73582698581232,17.312858923367234,12.839215965418653,7.48650218079731,0.9600051272014889
5.0,82.7750000000017,18.73137416787381,17.307200238431726,12.832840452715923,7.481189218332954,0.960251635374099
5.0,82.8000000000017,18.7269153878059,17.30153386722584,12.826456576709306,7.475869132564483,0.9604977616371813
5.0,82.82500000000171,18.72245060648307,17.29585973022112,12.820065267518192,7.47054189673565,0.9607435893486764
5.0,82.85000000000171,18.717979784376077,17.290177702451714,12.813664990394416,7.46520748432482,0.96098899760686
5.0,82.87500000000172,18.713502881543803,17.284485181683507,12.80725409029933,7.459865869361106,0.9612340801744689
5.0,82.90000000000173,18.709019857627318,17.278771122732454,12.800833563078156,7.454517026569521,0.9614787415839023
5.0,82.92500000000173,18.704530671851465,17.27303218665948,12.794404977078493,7.4491609313807166,0.961722963640352
5.0,82.95000000000174,18.700035283032097,17.267284077835452,12.787968393955067,7.443797559997589,0.9619668611547176
5.0,82.97500000000174,18.695533649581918,17.261527602405206,12.781521741808614,7.438426889524146,0.9622103610990708
5.0,83.00000000000175,18.691025729509477,17.255761734424777,12.775064192349367,7.433048897951059,0.9624535143488908
5.0,83.02500000000175,18.686511480412506,17.24998478356041,12.768597017398234,7.427663563901236,0.9626962993453002
5.0,83.05000000000176,18.681990859471345,17.244178601296543,12.762121312254227,7.422270866299145,0.9629385781175092
5.0,83.07500000000176,18.677463823445702,17.238354245772392,12.755637120073693,7.416870784200477,0.9631805193746007
5.0,83.10000000000177,18.672930328671995,17.232520311565693,12.749142390322152,7.411463296775712,0.9634220653428812
5.0,83.12500000000178,18.668390331055974,17.226677759796875,12.74263662081718,7.40604838323657,0.9636632686195447
5.0,83.15000000000178,18.663843786058816,17.220825018520838,12.736121198502095,7.400626022619048,0.9639040294359373
5.0,83.17500000000179,18.659290648682102,17.21496057311044,12.729596894740764,7.395196193565891,0.9641443560138147
5.0,83.2000000000018,18.654730873459837,17.209065892542235,12.723063656056237,7.389758874289454,0.9643843058243668
5.0,83.2250000000018,18.65016441446081,17.20314987623502,12.716519692391845,7.3843140426726706,0.9646238833374234
5.0,83.2500000000018,18.645591225296098,17.19722542836371,12.70996448436367,7.3788616762948935,0.9648630011666751
5.0,83.27500000000181,18.64101125912299,17.191291509742335,12.703399356786084,7.3734017523022475,0.96510169405732
5.0,83.30000000000182,18.63642446864083,17.18534610017212,12.696825066666378,7.367934247264665,0.9653400180788351
5.0,83.32500000000182,18.63183080608243,17.179388607764455,12.690241071717002,7.362459137169963,0.9655778974663057
5.0,83.35000000000183,18.62723022320765,17.173387890112686,12.683645526513736,7.356976397477706,0.9658153670170535
5.0,83.37500000000183,18.622622671299965,17.16737739575303,12.677038415559943,7.351486003046152,0.9660523735186404
5.0,83.40000000000184,18.618008101160395,17.161359069576307,12.670420948118686,7.345987927913479,0.9662889398202019
5.0,83.42500000000184,18.613386463093153,17.15533009180128,12.66379378474914,7.340482145111852,0.9665251541299806
5.0,83.45000000000185,18.60875770688455,17.149288432833586,12.657156226025826,7.334968626655013,0.9667609221756311
5.0,83.47500000000186,18.60412178178365,17.14322452742745,12.650506305646564,7.329447343588081,0.9669962133716341
5.0,83.50000000000186,18.599478636492083,17.13712416659202,12.64384482205068,7.323918265933765,0.9672310106139801
5.0,83.52500000000187,18.59482821916197,17.131016042611954,12.637172957383099,7.318381362567734,0.9674654369018467
5.0,83.55000000000187,18.59017047739466,17.124899222542723,12.63049082326143,7.312836601188323,0.9676994243149925
5.0,83.57500000000188,18.585505358234855,17.118769857455423,12.623797494415253,7.307283948440802,0.9679330167144083
5.0,83.60000000000188,18.58083280816231,17.112626205032203,12.61709250980877,7.301723370097087,0.9681660555162102
5.0,83.62500000000189,18.57615277308664,17.106435551590874,12.610376917493747,7.296154831223151,0.9683986199052528
5.0,83.6500000000019,18.571465198345347,17.100234249650548,12.603650885385173,7.29057829636566,0.9686308061568928
5.0,83.6750000000019,18.566770028698887,17.0940252585983,12.596913909438696,7.284993729779128,0.9688626098582156
5.0,83.7000000000019,18.562067208317483,17.087804652156326,12.5901659781913,7.279401095660558,0.9690939598383828
5.0,83.72500000000191,18.557356680762386,17.08157015617444,12.583407529246346,7.273800358369086,0.969324712470225
5.0,83.75000000000192,18.552638388971257,17.075307676302273,12.576638859139168,7.268191482652617,0.9695550800675289
5.0,83.77500000000192,18.547912275254895,17.06900729737787,12.569859685083214,7.262574433890873,0.9697850328018771
5.0,83.80000000000193,18.543178281302673,17.062700117988204,12.563069062093422,7.256949178276268,0.9700145468901311
5.0,83.82500000000194,18.53843634818771,17.05638098143731,12.556267103562698,7.2513156828416845,0.9702435133509941
5.0,83.85000000000194,18.53368641636534,17.050048159242838,12.549454607281598,7.245673915363992,0.9704719416725586
5.0,83.87500000000195,18.52892842566679,17.043694988584534,12.542631420459863,7.240023844246503,0.9707000185246463
5.0,83.90000000000195,18.52416231529303,17.037295387200867,12.535796805763239,7.2343654384164005,0.9709276405142522
5.0,83.92500000000196,18.519388023809135,17.03088797462408,12.5289503888322,7.228698667184812,0.9711547605448966
5.0,83.95000000000196,18.51460548913473,17.024469783112153,12.522092488448857,7.223023500038116,0.9713812226360637
5.0,83.97500000000197,18.50981464852812,17.01803718707779,12.515223721806539,7.217339906428686,0.9716073384661205
5.0,84.00000000000198,18.505015438569522,17.01159023108281,12.508343854271583,7.211647855653433,0.971833040223124
5.0,84.02500000000198,18.500207795152306,17.005096424965082,12.501451869886486,7.2059473167952435,0.9720582655272582
5.0,84.05000000000199,18.495391653485246,16.998582445789587,12.494547705932002,7.200238258632811,0.9722828472025696
5.0,84.07500000000199,18.49056694809949,16.9920568596553,12.487632018492985,7.194520649502573,0.9725068981646255
5.0,84.100000000002,18.48573361285133,16.98551689307556,12.480704593276103,7.188794457167956,0.9727305352359312
5.0,84.125000000002,18.480891580917827,16.978961722679568,12.473764963946817,7.183059648722991,0.9729537782403105
5.0,84.15000000000201,18.476040784789113,16.97236501719081,12.466812614634817,7.177316190488944,0.9731764299746108
5.0,84.17500000000202,18.47118115626003,16.96573655377636,12.45984780262553,7.1715640478728515,0.9733983526154081
5.0,84.20000000000202,18.46631262641772,16.95909975106557,12.452870787497865,7.165803185225267,0.9736199134261927
5.0,84.22500000000203,18.461435125620298,16.95244922309824,12.445881532277513,7.160033565762233,0.9738410409664054
5.0,84.25000000000203,18.45654858346818,16.94578454816845,12.438879104314465,7.154255151537399,0.9740616880807784
5.0,84.27500000000204,18.451652928778106,16.939088903170987,12.43186329104244,7.148467903388296,0.9742815267392532
5.0,84.30000000000204,18.44674808956903,16.932345034144237,12.42483469974015,7.1426717808449265,0.9745009542587423
5.0,84.32500000000205,18.44183399305929,16.925591852998885,12.417793122522339,7.136866742051973,0.9747198898626692
5.0,84.35000000000205,18.43691056566664,16.918825140261525,12.410738533893328,7.1310527437537665,0.9749383903259097
5.0,84.37500000000206,18.43197773300495,16.91204308186571,12.403670888121411,7.125229741355874,0.9751561579142194
5.0,84.40000000000207,18.42703541987709,16.905210714866005,12.396590638358465,7.119397689075368,0.975373363918511
5.0,84.42500000000207,18.422083550264063,16.898351039905485,12.38949751293922,7.113556540172936,0.9755901363830288
5.0,84.45000000000208,18.417122047307096,16.891480069929308,12.382391604329111,7.107706247236722,0.9758064191625695
5.0,84.47500000000208,18.412150833280457,16.884594622396992,12.375273073365522,7.1018467624892905,0.9760220492686577
5.0,84.50000000000209,18.407169829560363,16.877693126991165,12.368142132175503,7.095978038108859,0.9762370440224797
5.0,84.5250000000021,18.402178956601976,16.87074698013567,12.36099834619514,7.090100026535792,0.9764515818350119
5.0,84.5500000000021,18.39717813393203,16.863759323489322,12.353841492087227,7.084212680706589,0.9766656453606793
5.0,84.5750000000021,18.392167280153238,16.85676099514658,12.346671773937494,7.078315954184832,0.976879057030536
5.0,84.60000000000211,18.387146312950353,16.849748874329023,12.339489218201496,7.072409801207923,0.9770917553637547
5.0,84.62500000000212,18.382115149092147,16.842713361296784,12.33229351027356,7.066494176674023,0.9773040160873836
5.0,84.65000000000212,18.37707370442946,16.83562070560728,12.325084257489609,7.060569036062034,0.97751578066001
5.0,84.67500000000213,18.372021893888515,16.82850740912405,12.317861746804033,7.054634335291369,0.9777269046975804
5.0,84.70000000000213,18.36695963145585,16.821381243977527,12.310625879238723,7.048690030556468,0.977937253392445
5.0,84.72500000000214,18.361886830154194,16.814240465917788,12.30337670045263,7.042736078179873,0.9781471909106224
5.0,84.75000000000215,18.356803402017622,16.80707157458726,12.296113579244702,7.0367724344806435,0.9783566005825234
5.0,84.77500000000215,18.35170925807641,16.799839658016502,12.288836540646514,7.030799055629991,0.9785653662902614
5.0,84.80000000000216,18.346604308353477,16.792589089045805,12.281545435062153,7.024815897480551,0.9787732961831147
5.0,84.82500000000216,18.341488461864326,16.785325714869433,12.274240326151624,7.018822915388785,0.978980773016184
5.0,84.85000000000217,18.33636162661327,16.778045112314125,12.266920590920908,7.01282006403497,0.9791877019118537
5.0,84.87500000000217,18.331223709585878,16.77071611654359,12.259586131272947,7.006807297228333,0.9793939714701368
5.0,84.90000000000218,18.32607461673965,16.76333756445516,12.252236797747242,7.000784567694972,0.9795993755260647
5.0,84.92500000000219,18.320914252990285,16.75594881405171,12.24487275284348,6.994751826881225,0.9798043139324931
5.0,84.95000000000219,18.315742522189762,16.748546407206778,12.23749355815322,6.988709024799181,0.9800086996559506
5.0,84.9750000000022,18.310559327099792,16.74111734403215,12.230099050843382,6.982656109912986,0.9802123757614991
5.0,85.0000000000022,18.305364569370223,16.73362913374609,12.222689043434013,6.976593029049855,0.9804152275313716
5.0,85.02500000000221,18.300158149527185,16.72610435086061,12.215263681083398,6.970519727340285,0.9806175656261185
5.0,85.05000000000221,18.294939966966492,16.718568746036997,12.207823007264231,6.964436148215451,0.9808193554167559
5.0,85.07500000000222,18.289709919945526,16.71101190807862,12.200367131434346,6.958342233493282,0.9810204137170934
5.0,85.10000000000223,18.284467905572416,16.70341067201944,12.192895845451872,6.952237923552378,0.9812206749308808
5.0,85.12500000000223,18.27921381979299,16.6957470623063,12.185409066061233,6.946123157558439,0.9814203384954877
5.0,85.15000000000224,18.273947557371812,16.688075476537126,12.17790698490845,6.939997873713352,0.9816194516868006
5.0,85.17500000000224,18.268669011863906,16.680391958733004,12.170389856219979,6.933862009529789,0.9818177615506493
5.0,85.20000000000225,18.263378075582164,16.67267082462927,12.162857328953258,6.927715502123276,0.9820153546212201
5.0,85.22500000000225,18.25807463957056,16.664884537118105,12.155309246287981,6.921558288482286,0.9822123618862428
5.0,85.25000000000226,18.25275859358725,16.65706732725681,12.147745687465255,6.91539030568187,0.9824087361404792
5.0,85.27500000000227,18.247429826093263,16.6492413433724,12.140166760364405,6.909211491042054,0.9826042883923248
5.0,85.30000000000227,18.242088224242718,16.641385246166372,12.13257202977788,6.903021782231306,0.9827991450394351
5.0,85.32500000000228,18.236733673874102,16.633459159375445,12.124961333312053,6.896821117300113,0.9829933116509674
5.0,85.35000000000228,18.23136605949973,16.625493921342795,12.11733476986194,6.890609434647152,0.9831868620357024
5.0,85.37500000000229,18.225985264286614,16.617521136681706,12.109692359071154,6.884386672950444,0.983379470815724
5.0,85.4000000000023,18.220591170026278,16.609520489984785,12.102033601354428,6.878152771077989,0.9835714982379558
5.0,85.4250000000023,18.21518365710066,16.601470136287617,12.09435823645906,6.8719076679609135,0.983762801627788
5.0,85.4500000000023,18.2097626044523,16.59335029355395,12.086666115629706,6.8656513024130685,0.9839532473660022
5.0,85.47500000000231,18.204327889560236,16.58522648323845,12.078957064312272,6.859383612903952,0.984142899608327
5.0,85.50000000000232,18.198879388419588,16.577078616272182,12.071230729450415,6.8531045372999255,0.9843319595850324
5.0,85.52500000000232,18.193416975527644,16.56888544620346,12.063486965884985,6.8468140125915165,0.9845202633723458
5.0,85.55000000000233,18.187940523878893,16.56060592764266,12.055725597901032,6.840511974628407,0.984707505779814
5.0,85.57500000000233,18.18244990496406,16.55232536034726,12.047946385704707,6.83419835787991,0.9848941559758749
5.0,85.60000000000234,18.176944988764788,16.54401389016395,12.040149122083518,6.827873095229925,0.9850801299648339
5.0,85.62500000000234,18.171425643741028,16.535656562461057,12.032333708191626,6.821536117814058,0.9852652276920355
5.0,85.65000000000235,18.165891736810828,16.527214401352527,12.024500005226917,6.8151873549075805,0.9854492555757297
5.0,85.67500000000236,18.16034313331994,16.518772500412958,12.016647925333057,6.808826733871795,0.9856327891483747
5.0,85.70000000000236,18.154779697001285,16.51030578470475,12.008777549754045,6.802454180171476,0.9858156368762343
5.0,85.72500000000237,18.149201289933345,16.501787251165954,12.000888713286784,6.796069617466844,0.9859973703808607
5.0,85.75000000000237,18.143607772507593,16.493178574270065,11.99298124239406,6.789672967761283,0.9861782810445165
5.0,85.77500000000238,18.137999003406517,16.484571082214458,11.985055347393748,6.783264151591234,0.9863586389124891
5.0,85.80000000000238,18.132374839588266,16.475926826621354,11.977111202699692,6.77684308826768,0.9865381566872498
5.0,85.82500000000239,18.126735136274934,16.467217010998866,11.969148547147006,6.770409696165048,0.9867164469827429
5.0,85.8500000000024,18.121079746940364,16.45844347748441,11.961167179918466,6.763963893018831,0.9868941897754641
5.0,85.8750000000024,18.115408523292402,16.449665775093894,11.95316722571715,6.7575055961955215,0.9870712413775539
5.0,85.90000000000241,18.10972131524813,16.44083222851435,11.945148591192444,6.751034722920083,0.9872471476959893
5.0,85.92500000000241,18.104017970906625,16.431949864147583,11.937110918639886,6.744551190444654,0.9874221488586469
5.0,85.95000000000242,18.098298336523893,16.42299753126436,11.929054077235014,6.738054916140253,0.9875964970029006
5.0,85.97500000000242,18.092562256491224,16.414036335567992,11.920978082367036,6.731545817515645,0.9877699558648503
5.0,86.00000000000243,18.08680957331756,16.405016803859105,11.91288243128411,6.725023812167594,0.9879421213235214
5.0,86.02500000000244,18.08104012761594,16.39592778711242,11.904766660122517,6.718488817646332,0.9881136779401593
5.0,86.05000000000244,18.075253758090852,16.386800095273696,11.896630786318118,6.711940751238211,0.98828450833598
5.0,86.07500000000245,18.069450301522178,16.377640456373367,11.888474540711929,6.705379529696406,0.9884540559070095
5.0,86.10000000000245,18.06362959274583,16.368428743039157,11.880297454162518,6.698805068945757,0.9886227461391229
5.0,86.12500000000246,18.0577914646318,16.359121921019053,11.872099412801495,6.692217283782162,0.988790711407821
5.0,86.15000000000246,18.05193574805808,16.34981993849664,11.863880475753373,6.68561608760448,0.9889576658782452
5.0,86.17500000000247,18.046062271880654,16.34045016188794,11.855640184636211,6.679001392204858,0.9891233726222384
5.0,86.20000000000248,18.040170862903096,16.331023680645202,11.847378169431098,6.672373107607091,0.989288423635495
5.0,86.22500000000248,18.03426134584869,16.321530167539905,11.839094524747514,6.665731141944821,0.9894525258490846
5.0,86.25000000000249,18.02833354333377,16.312001296019726,11.830789053678183,6.659075401387363,0.989615318843775
5.0,86.27500000000249,18.022387275840632,16.302429204213464,11.822461448276373,6.652405790113595,0.9897773846160342
5.0,86.3000000000025,18.016422361689536,16.292771475282677,11.814111740281163,6.645722210332851,0.9899385731696118
5.0,86.3250000000025,18.010438617010422,16.283088273214297,11.805740028342695,6.639024562366936,0.9900985187805796
5.0,86.35000000000251,18.00443585571631,16.273341196001894,11.797346162269966,6.632312744804274,0.99025752400654
5.0,86.37500000000252,17.998413889482098,16.263544931043953,11.788930082828294,6.625586654718561,0.9904157054654786
5.0,86.40000000000252,17.99237252773108,16.253671518146128,11.780491917948318,6.6188461879402976,0.9905726430033407
5.0,86.42500000000253,17.986311577626164,16.24374717179827,11.77203139260559,6.6120912393565705,0.9907284845298143
5.0,86.45000000000253,17.980230844060607,16.233786062665775,11.763548188496758,6.605321703191401,0.9908835442463824
5.0,86.47500000000254,17.97413012964186,16.22371708231966,11.755042219882341,6.598537473223075,0.9910373177493597
5.0,86.50000000000254,17.96800923466217,16.213629600311087,11.746513193582164,6.591738442914207,0.9911900497410645
5.0,86.52500000000255,17.96186795705552,16.203488446402634,11.737960739940801,6.584924505442101,0.9913419048380666
5.0,86.55000000000256,17.95570609234846,16.19326913548296,11.729384702247597,6.578095553634977,0.991492474146264
5.0,86.57500000000256,17.9495234336152,16.182992345714652,11.720784841489063,6.571251479837768,0.99164198459685
5.0,86.60000000000257,17.9433197714443,16.172656144649945,11.71216077991601,6.564392175730593,0.9917904941948209
5.0,86.62500000000257,17.937094893918793,16.162259399393815,11.703512310658267,6.557517532119551,0.9919377407151616
5.0,86.65000000000258,17.9308485866068,16.151791342997104,11.69483923588281,6.5506274387221755,0.9920839358427278
5.0,86.67500000000258,17.924580632556214,16.141259690658707,11.686141165947149,6.543721783961255,0.9922290230951257
5.0,86.70000000000259,17.918290812289595,16.13069663770038,11.677417818544114,6.536800454769446,0.9923728103880703
5.0,86.7250000000026,17.911978903798673,16.12001806403122,11.668669011387674,6.529863336409542,0.9925155593456668
5.0,86.7500000000026,17.90564468253612,16.109290084590107,11.659894489272695,6.522910312320347,0.9926571964066778
5.0,86.7750000000026,17.899287921402248,16.098528005829838,11.651094091562376,6.515941264001245,0.9927974307660062
5.0,86.80000000000261,17.892908390726788,16.08765826683942,11.642267702305894,6.508956070950473,0.992936690621836
5.0,86.82500000000262,17.886505858244842,16.076718720646365,11.633415190403866,6.501954610668649,0.9930747874539145
5.0,86.85000000000262,17.88008008906602,16.065751050886877,11.62453650143322,6.494936758733959,0.9932115068936052
5.0,86.87500000000263,17.873630845637983,16.054677129305244,11.615631558703951,6.487902388948551,0.9933472212747416
5.0,86.90000000000263,17.86715788770685,16.043543392577366,11.606700188420149,6.4808513735419275,0.99348169676903
5.0,86.92500000000264,17.860660972279923,16.03237112207478,11.59774222346738,6.47378358340403,0.993614717450538
5.0,86.95000000000265,17.85413985359919,16.021097373123425,11.588757470254453,6.466698888316188,0.9937467409604804
5.0,86.97500000000265,17.84759428312847,16.009726200218235,11.579745654393642,6.459597157148862,0.9938774029909504
5.0,87.00000000000266,17.84102400954949,15.998336685522442,11.570706538667826,6.452478258003087,0.9940067384441338
5.0,87.02500000000266,17.834428778759783,15.986838914497966,11.561639871496451,6.44534205828552,0.9941349760065924
5.0,87.05000000000267,17.827808333863896,15.975249472003616,11.552545327364303,6.438188424715839,0.9942616842513377
5.0,87.07500000000267,17.821162415153655,15.96364873869407,11.543422631940237,6.431017223272052,0.9943872678439928
5.0,87.10000000000268,17.814490760082858,15.95193897043207,11.534271498695224,6.423828319085654,0.9945115947990363
5.0,87.12500000000269,17.807793103245086,15.940128245860361,11.52509156389356,6.41662157629829,0.9946342746298683
5.0,87.15000000000269,17.80106917636373,15.928315157347946,11.515882512025408,6.409396857889828,0.9947560003271867
5.0,87.1750000000027,17.79431870829726,15.91632423726176,11.506644072164805,6.402154025490904,0.9948762393589822
5.0,87.2000000000027,17.78754142505102,15.904303119317156,11.49737599926779,6.39489293919877,0.9949948650858977
5.0,87.22500000000271,17.780737049786637,15.892254526014641,11.488078091442718,6.387613457418987,0.9951125509409846
5.0,87.25000000000271,17.77390530282522,15.880030335534826,11.478750194494305,6.380315436755645,0.9952285883805825
5.0,87.27500000000272,17.76704590164416,15.867794001834918,11.469392205621705,6.3729987319699655,0.9953433592849896
5.0,87.30000000000273,17.76015856087445,15.855498646480056,11.460004005101808,6.36566319601863,0.9954569635121961
5.0,87.32500000000273,17.75324299230722,15.843042141931793,11.450585452328673,6.358308680169341,0.9955687199664441
5.0,87.35000000000274,17.746298904915463,15.830590425180588,11.441136418469814,6.350935034178481,0.9956795356995942
5.0,87.37500000000274,17.73932600489224,15.818000071118014,11.431656709517263,6.3435421065060895,0.9957887320662683
5.0,87.40000000000275,17.732323995699534,15.805332363078994,11.422146090014694,6.336129744537043,0.9958963559620297
5.0,87.42500000000275,17.72529257812407,15.792658442012131,11.41260433795591,6.328697794779114,0.9960029554186559
5.0,87.45000000000276,17.718231450338514,15.779778979999376,11.40303118808637,6.321246103016096,0.9961076357086688
5.0,87.47500000000277,17.711140307963785,15.766903639894174,11.393426358936232,6.3137745144032,0.9962111588383209
5.0,87.50000000000277,17.704018844132367,15.753963053726363,11.383789554594276,6.306282873500274,0.9963132056222066
5.0,87.52500000000278,17.696866749554996,15.740849784947686,11.374120457980396,6.298771024244807,0.9964134784190476
5.0,87.55000000000278,17.68968371259369,15.72775291407175,11.364418776730107,6.291238809872864,0.9965127045775354
5.0,87.57500000000279,17.68246941934305,15.714504339144522,11.354684238968677,6.2836860728028165,0.996610031301468
5.0,87.6000000000028,17.67522355371847,15.701194460179217,11.344916599907657,6.276112654502063,0.996706146053569
5.0,87.6250000000028,17.66794579755182,15.687842759973135,11.335115668201801,6.268518395360598,0.9968007907841019
5.0,87.6500000000028,17.66063583069246,15.674300384350385,11.325281317818565,6.260903134597597,0.9968937078847308
5.0,87.67500000000281,17.65329333110841,15.660787531850954,11.315413455270255,6.253266710225609,0.9969855153563824
5.0,87.70000000000282,17.64591797498265,15.647115707230963,11.305511983551442,6.245608959088388,0.9970753668202605
5.0,87.72500000000282,17.638509436802227,15.633393064183856,11.295576803559777,6.237929716974622,0.9971640846529041
5.0,87.75000000000283,17.631067389448262,15.619632782485658,11.285607791170198,6.230228818795285,0.9972510804588747
5.0,87.77500000000283,17.623591504296726,15.605673313575736,11.275604810390178,6.22250609880193,0.9973365146556911
5.0,87.80000000000284,17.616081451335223,15.591743389827078,11.265567699732962,6.214761390818879,0.997420618458151
5.0,87.82500000000285,17.608536899292158,15.577640444368798,11.255496248960037,6.206994528461796,0.9975028031387452
5.0,87.85000000000285,17.600957515769352,15.563506168899682,11.245390237922352,6.199205345318726,0.9975838182826186
5.0,87.87500000000286,17.59334296737508,15.549312371509265,11.235249423057668,6.191393675076696,0.9976629918084756
5.0,87.90000000000286,17.585692919862094,15.534971641761375,11.225073577146816,6.183559351587158,0.9977408390206083
5.0,87.92500000000287,17.578007038282184,15.520641373674984,11.214862504887133,6.175702208875963,0.9978170579340633
5.0,87.95000000000287,17.570284987163042,15.506097626779946,11.204616034266342,6.167822081114363,0.9978916089494041
5.0,87.97500000000288,17.56252643070204,15.491583155907428,11.194334065236738,6.159918802576049,0.9979648805424725
5.0,88.00000000000288,17.55473103296517,15.47692903030543,11.184016535585611,6.15199220760915,0.9980363418079917
5.0,88.02500000000289,17.54689845808159,15.462220522352876,11.173663419686463,6.14404213064977,0.9981064815787478
5.0,88.0500000000029,17.539028370434586,15.44745284025672,11.16327470247416,6.136068406294881,0.9981749247124659
5.0,88.0750000000029,17.53112043485649,15.43255503622895,11.152850364003108,6.1280708694393615,0.9982419603553353
5.0,88.10000000000291,17.523174316840553,15.41767074724333,11.142390380135437,6.120049355468871,0.9983073695054919
5.0,88.12500000000291,17.51518968277936,15.402597500999425,11.131894698953609,6.112003700490003,0.998371250600283
5.0,88.15000000000292,17.50716620023241,15.38755182414377,11.121363272902954,6.103933741574598,0.9984336499521366
5.0,88.17500000000292,17.499103538217586,15.37235044421629,11.110796025763246,6.095839316995556,0.998494377899485
5.0,88.20000000000293,17.49100136751772,15.357139769715735,11.10019287578014,6.0877202664354675,0.9985536801918148
5.0,88.22500000000294,17.482859360994222,15.341814738254353,11.089553744682277,6.079576431156015,0.9986113965973469
5.0,88.25000000000294,17.4746771939021,15.326440079503119,11.078878581707711,6.071407654125292,0.9986676293534482
5.0,88.27500000000295,17.466454544208332,15.311031668916282,11.068167379146065,6.063213780110662,0.9987224419769669
5.0,88.30000000000295,17.458191092920675,15.295495780659088,11.057420179358136,6.054994655754188,0.9987757126334499
5.0,88.32500000000296,17.449886524435232,15.279962660902669,11.046637073114699,6.046750129653294,0.9988275998740368
5.0,88.35000000000296,17.44154052690479,15.264286207109997,11.03581817743935,6.038480052468621,0.9988779252907031
5.0,88.37500000000297,17.43315279262468,15.248640613858576,11.024963629307143,6.030184277074394,0.9989269289649815
5.0,88.40000000000298,17.424723018431013,15.232861560024961,11.014073564271095,6.0218626587559365,0.9989743843326742
5.0,88.42500000000298,17.41625090610933,15.217092455386512,11.003148116039371,6.0135150554479315,0.9990204572007844
5.0,88.45000000000299,17.40773616281439,15.201218056568333,10.992187405125714,6.005141327998341,0.9990650574361648
5.0,88.47500000000299,17.399178501503723,15.185334997573044,10.981191544868134,5.996741340438536,0.9991082711481905
5.0,88.500000000003,17.390577641384706,15.169356731483752,10.97016065066433,5.988314960240835,0.9991500953225915
5.0,88.525000000003,17.381933308371956,15.15337595974701,10.959094857825567,5.979862058550292,0.9991905622362851
5.0,88.55000000000301,17.373245235549824,15.137314755471206,10.947994331853359,5.971382510386411,0.9992297117149358
5.0,88.57500000000302,17.364513163634378,15.121229365889928,10.936859280530777,5.962876194820019,0.9992675062064849
5.0,88.60000000000302,17.35573684143156,15.105108977044306,10.925689952189755,5.954342995138065,0.9993041126183102
5.0,88.62500000000303,17.346916026290742,15.088932342978493,10.914486629590998,5.94578279901219,0.9993392846393571
5.0,88.65000000000303,17.338050484555367,15.072749275321488,10.90324961753997,5.937195498685044,0.9993733501349926
5.0,88.67500000000304,17.329139992011687,15.05649202034662,10.891979232636567,5.928580991182161,0.999405970182961
5.0,88.70000000000304,17.32018433433714,15.040266139936168,10.880675795635721,5.91993917854931,0.9994375855801102
5.0,88.72500000000305,17.311183307548536,15.023940209886398,10.869339625020014,5.911269968107777,0.9994676917709551
5.0,88.75000000000306,17.302136718450328,15.007666139892276,10.857971040138402,5.902573272715298,0.9994969217379365
5.0,88.77500000000306,17.293044385082613,14.991306003605871,10.846570367935806,5.893849011019372,0.9995247056532498
5.0,88.80000000000307,17.283906137169122,14.974982128382173,10.83513795437097,5.885097107692759,0.9995516556495657
5.0,88.82500000000307,17.274721816562206,14.958576667968257,10.82367417558123,5.876317493646935,0.9995772489740813
5.0,88.85000000000308,17.2654912776808,14.942232777302625,10.812179441893974,5.86751010622623,0.9996020369637054
5.0,88.87500000000308,17.25621438793755,14.925813519386656,10.800654195113696,5.858674889390643,0.9996255255475875
5.0,88.90000000000309,17.246891028155105,14.909447717343056,10.789098899752076,5.849811793897213,0.9996482059165451
5.0,88.9250000000031,17.237521092973775,14.893027126674149,10.777514034869466,5.840920777487757,0.9996696709754324
5.0,88.9500000000031,17.228104491253756,14.876645679899863,10.765900084410106,5.83200180508596,0.9996903067290549
5.0,88.9750000000031,17.218641146471988,14.860224889211532,10.754257531565171,5.823054849000956,0.9997097952063324
5.0,89.00000000000311,17.209130997109977,14.843840317393006,10.742586860564222,5.814079889129937,0.9997285521060191
5.0,89.02500000000312,17.19957399702688,14.827442459432445,10.730888561083477,5.8050769131504065,0.9997462352562686
5.0,89.05000000000312,17.189970115813484,14.811071639020875,10.719163139093146,5.796045916694307,0.9997632856986761
5.0,89.07500000000313,17.180319339124758,14.794694524743138,10.707411122836707,5.786986903500475,0.999779288053287
5.0,89.10000000000313,17.17062166898899,14.778337369075224,10.695633065790526,5.777899885547083,0.9997946602532429
5.0,89.12500000000314,17.16087712409103,14.761998818159945,10.683829541470647,5.768784883169604,0.9998090825051841
5.0,89.15000000000315,17.151085740026822,14.74567311363854,10.672001137664694,5.759641925171046,0.9998228633510776
5.0,89.17500000000315,17.14124756952711,14.72937522002416,10.660148447154622,5.7504710489293736,0.99983574725857
5.0,89.20000000000316,17.131362682649723,14.713096448590864,10.648272061658385,5.741272300503231,0.9998480321807666
5.0,89.22500000000316,17.121431166941477,14.696849062184564,10.636372569863202,5.73204573473287,0.9998595380382028
5.0,89.25000000000317,17.11145312756944,14.68060478823763,10.624450559389084,5.722791415330415,0.9998704246304501
5.0,89.27500000000317,17.10142868741877,14.664413984699921,10.612506622444773,5.713509414953146,0.9998807009303543
5.0,89.30000000000318,17.091357987153224,14.648236346783312,10.600541360807284,5.704199815255537,0.9998903627960217
5.0,89.32500000000319,17.081241185236838,14.63211179615559,10.588555388719035,5.694862706919149,0.9998994745943308
5.0,89.35000000000319,17.07107845791839,14.615999289443332,10.57654933078555,5.6854981896628045,0.9999079500552653
5.0,89.3750000000032,17.0608699991823,14.59994281275365,10.564523817998582,5.676106372237276,0.9999159497244385
5.0,89.4000000000032,17.050616020670073,14.583912000050848,10.552479481112838,5.6666873724084725,0.9999233203108383
5.0,89.42500000000321,17.04031675157424,14.56791677979015,10.540416946195906,5.657241316931114,0.9999302779652436
5.0,89.45000000000321,17.029972438502725,14.551956642397611,10.528336831689288,5.647768341512241,0.9999366498225046
5.0,89.47500000000322,17.01958334530886,14.536050058754805,10.516239749293385,5.638268590761701,0.9999427079950662
5.0,89.50000000000323,17.009149752884507,14.520183852043756,10.504126306678298,5.628742218126033,0.9999482426287595
5.0,89.52500000000323,16.998671958918973,14.504369178066982,10.491997111494205,5.61918938580308,0.9999535067130101
5.0,89.55000000000324,16.988150277631238,14.488593427136085,10.479852773133356,5.609610264636774,0.9999582501525017
5.0,89.57500000000324,16.977585039482925,14.47286221206468,10.46769390235556,5.600005033993765,0.9999627296997876
5.0,89.60000000000325,16.966976590874946,14.457173685871904,10.455521108267586,5.590373881625114,0.9999667316224824
5.0,89.62500000000325,16.95632529382412,14.441527315528969,10.44333499440585,5.580717003516357,0.9999704695621581
5.0,89.65000000000326,16.945631525612217,14.42593818242709,10.431136155373581,5.571034603728175,0.9999738320564302
5.0,89.67500000000327,16.93489567840069,14.410388788398864,10.418925175325414,5.561326894228209,0.9999769536573423
5.0,89.70000000000327,16.924118158808096,14.394892171797382,10.406702628295944,5.551594094713115,0.9999797547683474
5.0,89.72500000000328,16.91329938745353,14.379458656819978,10.39446908000373,5.541836432419337,0.9999823694081303
5.0,89.75000000000328,16.902439798474774,14.364062603140294,10.38222508990881,5.532054141921537,0.9999846968745225
5.0,89.77500000000329,16.89153983903251,14.348730792361254,10.36997121218777,5.52224746491875,0.999986816871003
5.0,89.8000000000033,16.880599968809456,14.333431743566027,10.357707995401936,5.512416650009616,0.9999887005239843
5.0,89.8250000000033,16.869620659507575,14.318196466660392,10.34543598060431,5.5025619524588665,0.9999903544459884
5.0,89.8500000000033,16.858602394339734,14.302991616433273,10.333155698951698,5.492683633957245,0.9999918224957992
5.0,89.87500000000331,16.847545667509028,14.287864759769299,10.320867669757241,5.482781962376386,0.9999931181815329
5.0,89.90000000000332,16.836450983670392,14.272765956231016,10.30857239976283,5.4728572115191465,0.9999942602596072
5.0,89.92500000000332,16.82531885737355,14.257738902729631,10.296270383602643,5.462909660865094,0.9999952571509267
5.0,89.95000000000333,16.8141498124932,14.242768876627501,10.283962105298384,5.452939595310563,0.9999961729167108
5.0,89.97500000000333,16.80294438165645,14.227833584330094,10.271648039627683,5.442947304903087,0.9999969023546166
5.0,90.00000000000334,16.7917031056768,14.212964969329356,10.259328652771096,5.432933084570748,0.9999975671326282
5.0,90.02500000000335,16.780426532998487,14.19812898459767,10.247004401982565,5.422897233847784,0.9999980793423461
5.0,90.05000000000335,16.769115219148542,14.183357220929462,10.234675734517044,5.412840056598179,0.9999985143479235
5.0,90.07500000000336,16.75776972618945,14.168621320220689,10.222343086387063,5.402761860738895,0.9999988505410902
5.0,90.10000000000336,16.746390622166146,14.153960417455435,10.21000688148679,5.392662957963881,0.9999991368566024
5.0,90.12500000000337,16.734978480545816,14.139329570967972,10.197667531340045,5.382543663469348,0.9999993478716308
5.0,90.15000000000337,16.723533879655292,14.124776665378114,10.185325435580612,5.372404295680307,0.9999995462641688
5.0,90.17500000000338,16.712057402126675,14.110265152486724,10.172980982948932,5.3622451759782015,0.9999997005388532
5.0,90.20000000000339,16.700549634362513,14.09580025094259,10.16063455229998,5.35206662842965,0.9999998162823568
5.0,90.22500000000339,16.689011166027992,14.081393523033821,10.148286513250888,5.341868979516812,0.9999999175496954
5.0,90.2500000000034,16.677442589568145,14.067006587972529,10.135937226171094,5.331652557870276,0.9999999553347881
5.0,90.2750000000034,16.665844499738743,14.052687192937984,10.123587041590248,5.32141769400564,0.9999999929424972
5.0,90.30000000000341,16.654217493134812,14.038401128456794,10.111236299317044,5.31116472006482,1.0
5.0,90.32500000000341,16.642562167702728,14.024165414709806,10.098885327586531,5.300893969562733,1.0
5.0,90.35000000000342,16.630879122229178,14.009977275722388,10.086534442486686,5.290605777139433,1.0
5.0,90.37500000000342,16.619168955808945,13.995831685855226,10.074183947761783,5.28030047831728,1.0
5.0,90.40000000000343,16.607432267299775,13.981725954441847,10.061834134917007,5.2699784092623965,1.0
5.0,90.42500000000344,16.59566965477363,13.967658117425707,10.049485283454477,5.259639906549598,1.0
5.0,90.45000000000344,16.583881714970452,13.95362655799807,10.037137661082523,5.249285306930168,1.0
5.0,90.47500000000345,16.57206904275541,13.939629871943781,10.024791523813576,5.2389149471020815,1.0
5.0,90.50000000000345,16.560232230576503,13.92566680383968,10.012447115944045,5.228529163482621,1.0
5.0,90.52500000000346,16.54837186791775,13.911736210956352,10.000104669959509,5.218128291983475,1.0
5.0,90.55000000000346,16.53648854074411,13.897837040408545,9.987764406425457,5.207712667788577,1.0
5.0,90.57500000000347,16.524582830937213,13.883968313540784,9.975426533917467,5.19728262513492,1.0
5.0,90.60000000000348,16.512655315724324,13.870129114647632,9.963091249027597,5.186838497096541,1.0
5.0,90.62500000000348,16.50070656710619,13.856318582475275,9.95075873646512,5.1763806153718495,1.0
5.0,90.65000000000349,16.488737151291474,13.842535903604897,9.938429169254315,5.1659093100744276,1.0
5.0,90.6750000000035,16.47674762814667,13.828780307164232,9.926102709021555,5.155424909527467,1.0
5.0,90.7000000000035,16.464738550670134,13.815051060509305,9.91377950635803,5.144927740062067,1.0
5.0,90.7250000000035,16.452710464498242,13.801347465635391,9.901459701241949,5.1344181258197255,1.0
5.0,90.75000000000351,16.440663907450045,13.787668856149315,9.889143423504084,5.123896388559454,1.0
5.0,90.77500000000352,16.428599409115343,13.774014594682749,9.876830793321803,5.113362847470062,1.0
5.0,90.80000000000352,16.416517490489273,13.760384070658075,9.864521921728736,5.102817818988237,1.0
5.0,90.82500000000353,16.404418663655004,13.7467766983404,9.852216911129508,5.092261616623126,1.0
5.0,90.85000000000353,16.39230343151474,13.733191915124882,9.839915855811029,5.081694550788088,1.0
5.0,90.87500000000354,16.38017228756804,13.719629180019872,9.827618842443863,5.071116928640351,1.0
5.0,90.90000000000354,16.368025715735726,13.706087972294599,9.81532595056884,5.060529053929192,1.0
5.0,90.92500000000355,16.355864190226832,13.692567790266487,9.80303725306545,5.049931226853218,1.0
5.0,90.95000000000356,16.343688175445756,13.679068150207838,9.790752816599735,5.039323743927261,1.0
5.0,90.97500000000356,16.33149812593641,13.665588585355389,9.778472702050237,5.028706897859218,1.0
5.0,91.00000000000357,16.319294486360103,13.652128645009064,9.7661969649113,5.018080977437155,1.0
5.0,91.02500000000357,16.30707769150386,13.638687893708564,9.75392565567354,5.007446267426806,1.0
5.0,91.05000000000358,16.29484816631593,13.625265910478237,9.74165882018169,4.996803048479541,1.0
5.0,91.07500000000358,16.282606325965425,13.611862288132167,9.729396499970349,4.986151597050744,1.0
5.0,91.10000000000359,16.270352575923113,13.598476632632597,9.717138732578304,4.975492185328484,1.0
5.0,91.1250000000036,16.258087312060646,13.585108562495822,9.704885551842327,4.964825081172252,1.0
5.0,91.1500000000036,16.24581092076573,13.571757708240485,9.692636988171374,4.954150548061496,1.0
5.0,91.1750000000036,16.233523779070875,13.558423711873877,9.680393068802168,4.94346884505361,1.0
5.0,91.20000000000361,16.221226254793624,13.545106226412472,9.668153818037212,4.932780226751005,1.0
5.0,91.22500000000362,16.208918706686394,13.531804915433332,9.655919257466236,4.922084943276826,1.0
5.0,91.25000000000362,16.196601484594165,13.518519452653509,9.643689406172074,4.911383240258907,1.0
5.0,91.27500000000363,16.184274929618546,13.505249521534845,9.631464280921978,4.900675358821461,1.0
5.0,91.30000000000364,16.171939374286808,13.49199481491195,9.61924389634526,4.8899615355840815,1.0
5.0,91.32500000000364,16.15959514272468,13.478755034641306,9.607028265098217,4.879242002667542,1.0
5.0,91.35000000000365,16.147242550831894,13.465529891269775,9.594817398017158,4.868516987705962,1.0
5.0,91.37500000000365,16.134881906459487,13.452319103720868,9.582611304260356,4.857786713864838,1.0
5.0,91.40000000000366,16.122513509588067,13.43912239899741,9.570409991439696,4.847051399864522,1.0
5.0,91.42500000000366,16.110137652506324,13.42593951189929,9.55821346574273,4.83631126000868,1.0
5.0,91.45000000000367,16.097754619989175,13.41277018475519,9.546021732045826,4.825566504217323,1.0
5.0,91.47500000000367,16.085364689475004,13.399614167167249,9.533834794019027,4.814817338064003,1.0
5.0,91.50000000000368,16.07296813124152,13.386471215767738,9.521652654223226,4.804063962816769,1.0
5.0,91.52500000000369,16.060565208579902,13.373341093986918,9.509475314200207,4.79330657548254,1.0
5.0,91.55000000000369,16.048156177966792,13.360223571831314,9.497302774556054,4.782545368854524,1.0
5.0,91.5750000000037,16.035741289233982,13.347118425671718,9.485135035038427,4.771780531562362,1.0
5.0,91.6000000000037,16.02332078573547,13.334025438040296,9.472972094608124,4.761012248124694,1.0
5.0,91.62500000000371,16.010894904511726,13.320944397436222,9.460813951505374,4.75024069900384,1.0
5.0,91.65000000000371,15.99846387645101,13.307875098139323,9.448660603311207,4.7394660606623455,1.0
5.0,91.67500000000372,15.986027926447637,13.294817340031262,9.436512047004312,4.728688505621116,1.0
5.0,91.70000000000373,15.97358727355705,13.281770928423784,9.424368279013638,4.7179082025189265,1.0
5.0,91.72500000000373,15.961142131147682,13.26873567389368,9.412229295267133,4.707125316173079,1.0
5.0,91.75000000000374,15.94869270704951,13.255711392124045,9.40009509123683,4.696340007640998,1.0
5.0,91.77500000000374,15.936239203699296,13.242697903751516,9.387965661980592,4.6855524342825925,1.0
5.0,91.80000000000375,15.923781818282496,13.229695034219167,9.37584100218074,4.674762749823205,1.0
5.0,91.82500000000375,15.911320742871828,13.216702613634755,9.363721106179788,4.663971104416988,1.0
5.0,91.85000000000376,15.89885616456251,13.203720476634073,9.351605968013523,4.653177644710567,1.0
5.0,91.87500000000377,15.886388265604198,13.190748462249127,9.339495581441575,4.642382513906858,1.0
5.0,91.90000000000377,15.873917223529638,13.17778641378092,9.327389939975717,4.631585851828911,1.0
5.0,91.92500000000378,15.861443211280077,13.16483417867663,9.315289036906007,4.620787794983678,1.0
5.0,91.95000000000378,15.848966397327482,13.151891608410951,9.303192865324974,4.609988476625605,1.0
5.0,91.97500000000379,15.83648694579359,13.13895855837144,9.291101418149944,4.5991880268199425,1.0
5.0,92.0000000000038,15.824005016565867,13.126034887747663,9.279014688143697,4.588386572505712,1.0
5.0,92.0250000000038,15.811520765410426,13.113120459423993,9.266932667933512,4.577584237558242,1.0
5.0,92.0500000000038,15.799034344081946,13.100215139875893,9.254855350028777,4.5667811428512115,1.0
5.0,92.07500000000381,15.786545900430665,13.087318799069534,9.242782726837216,4.555977406318131,1.0
5.0,92.10000000000382,15.774055578506516,13.074431310364625,9.23071479067988,4.545173143013225,1.0
5.0,92.12500000000382,15.761563518660454,13.0615525504203,9.218651533804952,4.534368465171658,1.0
5.0,92.15000000000383,15.749069857643034,13.048682399103955,9.206592948400473,4.523563482269054,1.0
5.0,92.17500000000383,15.73657472870034,13.035820739402926,9.194539026606066,4.512758301080294,1.0
5.0,92.20000000000384,15.724078261667273,13.022967457338876,9.182489760523715,4.501953025737533,1.0
5.0,92.22500000000385,15.711580583058321,13.010122441884794,9.170445142227695,4.491147757787437,1.0
5.0,92.25000000000385,15.699081816155823,12.997285584884532,9.158405163773681,4.480342596247587,1.0
5.0,92.27500000000386,15.686582081095832,12.984456780974734,9.146369817207116,4.469537637662048,1.0
5.0,92.30000000000386,15.674081494951615,12.971635927509135,9.1343390945709,4.458732976156092,1.0
5.0,92.32500000000387,15.661580171814858,12.958822924485078,9.122312987912409,4.447928703490026,1.0
5.0,92.35000000000387,15.64907822287465,12.94601767447222,9.110291489289954,4.437124909112165,1.0
5.0,92.37500000000388,15.636575756494272,12.933220082543322,9.098274590778649,4.42632168021089,1.0
5.0,92.40000000000389,15.624072878285903,12.920430056207062,9.086262284475797,4.415519101765827,1.0
5.0,92.42500000000389,15.611569691183238,12.907647505342796,9.074254562505777,4.404717256598113,1.0
5.0,92.4500000000039,15.599066295512138,12.89487234213721,9.062251417024509,4.39391622541976,1.0
5.0,92.4750000000039,15.586562789059318,12.882104481022772,9.050252840223497,4.383116086882117,1.0
5.0,92.50000000000391,15.574059267139148,12.869343838617969,9.038258824333488,4.372316917623423,1.0
5.0,92.52500000000391,15.561555822658626,12.856590333669219,9.026269361627797,4.361518792315464,1.0
5.0,92.55000000000392,15.54905254618056,12.843843886994456,9.01428444442529,4.350721783709324,1.0
5.0,92.57500000000393,15.536549525985016,12.831104421428275,9.002304065093064,4.3399259626802555,1.0
5.0,92.60000000000393,15.524046848129093,12.818371861768647,8.990328216048859,4.329131398271645,1.0
5.0,92.62500000000394,15.511544596505031,12.805646134725102,8.978356889763196,4.318338157738117,1.0
5.0,92.65000000000394,15.499042852896775,12.79292716886837,8.966390078761291,4.307546306587748,1.0
5.0,92.67500000000395,15.486541697034948,12.780214894581421,8.954427775624723,4.296755908623433,1.0
5.0,92.70000000000395,15.47404120665035,12.767509244011848,8.942469972992916,4.285967025983378,1.0
5.0,92.72500000000396,15.461541457525993,12.754810151025573,8.930516663564429,4.27517971918077,1.0
5.0,92.75000000000396,15.449042523547712,12.742117551161833,8.918567840098055,4.264394047142586,1.0
5.0,92.77500000000397,15.43654447675341,12.729431381589377,8.906623495413767,4.253610067247601,1.0
5.0,92.80000000000398,15.42404738738096,12.716751581063887,8.894683622393522,4.242827835363569,1.0
5.0,92.82500000000398,15.411551323914805,12.70407808988654,8.882748213981907,4.232047405883603,1.0
5.0,92.85000000000399,15.39905635313131,12.691410849863706,8.870817263186673,4.221268831761773,1.0
5.0,92.875000000004,15.386562540142872,12.678749804267735,8.858890763079138,4.210492164547918,1.0
5.0,92.900000000004,15.374069948440843,12.666094897798803,8.846968706794499,4.199717454421695,1.0
5.0,92.925000000004,15.361578639937301,12.6534460765478,8.83505108753202,4.188944750225874,1.0
5.0,92.95000000000401,15.3490886750057,12.64080328796019,8.823137898555153,4.178174099498894,1.0
5.0,92.97500000000402,15.336600112520411,12.628166480800873,8.81122913319155,4.167405548506687,1.0
5.0,93.00000000000402,15.324113009895225,12.615535605119963,8.799324784833018,4.15663914227379,1.0
5.0,93.02500000000403,15.311627423120795,12.602910612219498,8.787424846935401,4.145874924613752,1.0
5.0,93.05000000000403,15.299143406801111,12.590291454621028,8.775529313018373,4.13511293815885,1.0
5.0,93.07500000000404,15.286661014188972,12.577678086034075,8.763638176665205,4.124353224389127,1.0
5.0,93.10000000000404,15.274180297220523,12.565070461325421,8.751751431522457,4.113595823660771,1.0
5.0,93.12500000000405,15.26170130654887,12.552468536489222,8.739869071299626,4.102840775233831,1.0
5.0,93.15000000000406,15.249224091576814,12.53987226861791,8.72799108976875,4.092088117299305,1.0
5.0,93.17500000000406,15.236748700488683,12.527281615873854,8.716117480763971,4.081337887005588,1.0
5.0,93.20000000000407,15.224275180281362,12.51469653746179,8.704248238181064,4.07059012048432,1.0
5.0,93.22500000000407,15.211803576794466,12.502116993601962,8.692383355976926,4.059844852875615,1.0
5.0,93.25000000000408,15.199333934739734,12.489542945503976,8.680522828169043,4.049102118352716,1.0
5.0,93.27500000000408,15.186866297729638,12.476974355341339,8.66866664883493,4.038361950146057,1.0
5.0,93.30000000000409,15.174400708305248,12.46441118622667,8.65681481211154,4.02762438056677,1.0
5.0,93.3250000000041,15.161937207963351,12.451853402187556,8.644967312194659,4.01688944102963,1.0
5.0,93.3500000000041,15.14947583718286,12.43930096814305,8.63312414333828,4.006157162075456,1.0
5.0,93.3750000000041,15.137016635450543,12.42675384988077,8.62128529985397,3.9954275733929947,1.0
5.0,93.40000000000411,15.124559641286048,12.414212014034607,8.6094507761102,3.98470070384026,1.0
5.0,93.42500000000412,15.1121048922663,12.401675428063008,8.597620566531694,3.9739765814653865,1.0
5.0,93.45000000000412,15.099652425049257,12.389144060227835,8.585794665598735,3.9632552335269704,1.0
5.0,93.47500000000413,15.08720227539702,12.37661787957376,8.5739730678465,3.952536686513928,1.0
5.0,93.50000000000414,15.074754478198374,12.364096855908203,8.56215576786435,3.9418209661648813,1.0
5.0,93.52500000000414,15.06230906749071,12.351580959781806,8.550342760295143,3.9311080974870682,1.0
5.0,93.55000000000415,15.049866076481408,12.339070162469381,8.538534039834527,3.9203981047748075,1.0
5.0,93.57500000000415,15.037425537568632,12.326564435951383,8.526729601230242,3.909691011627511,1.0
5.0,93.60000000000416,15.024987482361606,12.31406375289585,8.51492943928141,3.898986840967263,1.0
5.0,93.62500000000416,15.012551941700362,12.301568086640806,8.503133548837827,3.8882856150559713,1.0
5.0,93.65000000000417,15.000118945674965,12.289077411177134,8.491341924799263,3.877587355512109,1.0
5.0,93.67500000000418,14.987688523644248,12.276591701131872,8.479554562114753,3.86689208332704,1.0
5.0,93.70000000000418,14.975260704254067,12.264110931751967,8.467771455781898,3.8561998188809525,1.0
5.0,93.72500000000419,14.96283551545507,12.251635078888413,8.45599260084616,3.8455105819584032,1.0
5.0,93.75000000000419,14.95041298452003,12.239164118980831,8.444217992400173,3.834824391763484,1.0
5.0,93.7750000000042,14.937993138060701,12.226698029042437,8.432447625583043,3.8241412669346118,1.0
5.0,93.8000000000042,14.925576002044266,12.21423678664538,8.420681495579668,3.813461225558964,1.0
5.0,93.82500000000421,14.913161601809355,12.201780369906478,8.408919597620056,3.8027842851865534,1.0
5.0,93.85000000000421,14.900749962081635,12.18932875747332,8.39716192697864,3.792110462843962,1.0
5.0,93.87500000000422,14.888341106989031,12.176881928510705,8.385408478973615,3.7814397750477347,1.0
5.0,93.90000000000423,14.875935060076522,12.164439862687455,8.373659248966273,3.770772237817444,1.0
5.0,93.92500000000423,14.86353184432058,12.152002540163556,8.361914232360347,3.760107866688435,1.0
5.0,93.95000000000424,14.851131482143238,12.13956994157762,8.350173424601353,3.7494466767242516,1.0
5.0,93.97500000000424,14.838733995425784,12.12714204803468,8.338436821175959,3.738788682528761,1.0
5.0,94.00000000000425,14.826339405522123,12.114718841094302,8.32670441761134,3.728133898257973,1.0
5.0,94.02500000000425,14.813947733271778,12.102300302758984,8.314976209474557,3.717482337631572,1.0
5.0,94.05000000000426,14.801558999012581,12.089886415462871,8.303252192371932,3.7068340139441602,1.0
5.0,94.07500000000427,14.78917322259302,12.077477162060749,8.29153236194844,3.6961889400762216,1.0
5.0,94.10000000000427,14.776790423384286,12.065072525817316,8.279816713887103,3.685547128504818,1.0
5.0,94.12500000000428,14.764410620292002,12.052672490396745,8.268105243908401,3.674908591314013,1.0
5.0,94.15000000000428,14.752033831767667,12.040277039852493,8.25639794776968,3.664273340205043,1.0
5.0,94.17500000000429,14.739660075819792,12.027886158617388,8.24469482126457,3.6536413865062296,1.0
5.0,94.2000000000043,14.727289370024769,12.015499831493958,8.232995860222426,3.64301274118265,1.0
5.0,94.2250000000043,14.714921731537455,12.003118043645008,8.221301060507757,3.6323874148455624,1.0
5.0,94.2500000000043,14.702557177101486,11.990740780584447,8.20961041801968,3.621765417761599,1.0
5.0,94.27500000000431,14.69019572305934,11.97836802816834,8.197923928691377,3.611146759861726,1.0
5.0,94.30000000000432,14.677837385362132,11.965999772586184,8.186241588489548,3.600531450749986,1.0
5.0,94.32500000000432,14.665482179579174,11.953636000352425,8.1745633934139,3.589919499712012,1.0
5.0,94.35000000000433,14.653130120907278,11.941276698298175,8.162889339496617,3.579310915723339,1.0
5.0,94.37500000000433,14.640781224179838,11.928921853563141,8.151219422801855,3.5687057074574993,1.0
5.0,94.40000000000434,14.628435503875677,11.916571453587768,8.139553639425243,3.558103883293919,1.0
5.0,94.42500000000435,14.616092974127668,11.904225486105576,8.127891985493381,3.5475054513256143,1.0
5.0,94.45000000000435,14.603753648731137,11.891883939135699,8.116234457163369,3.5369104193666967,1.0
5.0,94.47500000000436,14.591417541152067,11.879546800975602,8.104581050622317,3.5263187949596877,1.0
5.0,94.50000000000436,14.579084664535074,11.867214060193996,8.092931762086886,3.5157305853826504,1.0
5.0,94.52500000000437,14.566755031711198,11.854885705623925,8.081286587802822,3.5051457976561413,1.0
5.0,94.55000000000437,14.554428655205495,11.842561726356033,8.069645524044509,3.494564438549989,1.0
5.0,94.57500000000438,14.542105547244436,11.830242111732002,8.058008567114523,3.483986514589899,1.0
5.0,94.60000000000439,14.529785719763115,11.817926851338155,8.046375713343195,3.4734120320638935,1.0
5.0,94.62500000000439,14.517469184412287,11.805615934999228,8.034746959088183,3.4628409970285907,1.0
5.0,94.6500000000044,14.505155952565222,11.793309352772283,8.023122300734052,3.452273415315322,1.0
5.0,94.6750000000044,14.492846035324385,11.781007094940804,8.011501734691857,3.441709292536097,1.0
5.0,94.70000000000441,14.48053944352796,11.768709152008917,7.999885257398743,3.431148634089418,1.0
5.0,94.72500000000441,14.46823618775619,11.75641551469577,7.988272865317547,3.4205914451659467,1.0
5.0,94.75000000000442,14.455936278337587,11.74412617393005,7.976664554936398,3.410037730754026,1.0
5.0,94.77500000000443,14.443639725354952,11.731841120844651,7.965060322768344,3.3994874956450656,1.0
5.0,94.80000000000443,14.431346538651278,11.719560346771459,7.953460165350967,3.3889407444387882,1.0
5.0,94.82500000000444,14.41905672783548,11.707283843236286,7.94186407924602,3.378397481548345,1.0
5.0,94.85000000000444,14.406770302287995,11.695011601953924,7.930272061039057,3.367857711205297,1.0
5.0,94.87500000000445,14.394487271166241,11.682743614823327,7.91868410733908,3.3573214374644778,1.0
5.0,94.90000000000445,14.382207643409934,11.670479873922913,7.9071002147781915,3.346788664208724,1.0
5.0,94.92500000000446,14.369931427746275,11.658220371505992,7.895520380011246,3.336259395153493,1.0
5.0,94.95000000000447,14.357658632695015,11.6459650999963,7.88394459971552,3.3257336338513572,1.0
5.0,94.97500000000447,14.345389266573378,11.633714051983656,7.872372870590374,3.315211383696389,1.0
5.0,95.00000000000448,14.33312333750088,11.621467220219724,7.860805189356933,3.3046926479284306,1.0
5.0,95.02500000000448,14.32086085340401,11.609224597613883,7.849241552757767,3.2941774296372577,1.0
5.0,95.05000000000449,14.30860182202081,11.596986177229207,7.837681957556578,3.283665731766635,1.0
5.0,95.0750000000045,14.296346250905328,11.584751952278532,7.826126400537896,3.27315755711827,1.0
5.0,95.1000000000045,14.284094147431976,11.572521916120648,7.814574878506773,3.2626529083556646,1.0
5.0,95.1250000000045,14.271845518799756,11.56029606225656,7.803027388288494,3.2521517880078687,1.0
5.0,95.15000000000451,14.259600372036408,11.548074384325867,7.791483926728285,3.2416541984731397,1.0
5.0,95.17500000000452,14.24735871400244,11.535856876103217,7.779944490691027,3.231160142022506,1.0
5.0,95.20000000000452,14.235120551395056,11.523643531494859,7.768409077060979,3.2206696208032395,1.0
5.0,95.22500000000453,14.222885890751991,11.511434344535283,7.756877682741506,3.2101826368422426,1.0
5.0,95.25000000000453,14.21065473845526,11.499229309383942,7.745350304654807,3.199699192049345,1.0
5.0,95.27500000000454,14.19842710073479,11.48702842032206,7.733826939741657,3.189219288220517,1.0
5.0,95.30000000000454,14.186202983671993,11.474831671749518,7.722307584961141,3.178742927041,1.0
5.0,95.32500000000455,14.17398239320323,11.462639058181827,7.710792237290407,3.1682701100883603,1.0
5.0,95.35000000000456,14.161765335123187,11.450450574247162,7.699280893724416,3.1578008388354584,1.0
5.0,95.37500000000456,14.149551815088182,11.438266214683487,7.687773551275694,3.1473351146533473,1.0
5.0,95.40000000000457,14.137341838619385,11.426085974335749,7.676270206974098,3.1368729388140943,1.0
5.0,95.42500000000457,14.125135411105951,11.413909848153134,7.664770857866574,3.1264143124935306,1.0
5.0,95.45000000000458,14.112932537808087,11.401737831186404,7.653275501016934,3.115959236773928,1.0
5.0,95.47500000000458,14.100733223860034,11.389569918585302,7.641784133505626,3.105507712646613,1.0
5.0,95.50000000000459,14.088537474272984,11.377406105596005,7.630296752429507,3.095059741014505,1.0
5.0,95.5250000000046,14.076345293937912,11.36524638755867,7.618813354901634,3.0846153226945963,1.0
5.0,95.5500000000046,14.064156687628362,11.353090759905019,7.607333938051043,3.0741744584203636,1.0
5.0,95.57500000000461,14.051971660003131,11.340939218155988,7.59585849902254,3.0637371488441216,1.0
5.0,95.60000000000461,14.039790215608924,11.328791757919456,7.584387034976501,3.0533033945393107,1.0
5.0,95.62500000000462,14.027612358882912,11.316648374888002,7.572919543088658,3.0428731960027293,1.0
5.0,95.65000000000462,14.015438094155249,11.304509064836743,7.561456020549911,3.032446553656708,1.0
5.0,95.67500000000463,14.00326742565151,11.292373823621212,7.549996464566126,3.0220234678512248,1.0
5.0,95.70000000000464,13.991100357495089,11.280242647175296,7.538540872357948,3.0116039388659717,1.0
5.0,95.72500000000464,13.978936893709518,11.268115531509231,7.527089241160609,3.0011879669123593,1.0
5.0,95.75000000000465,13.966777038220748,11.255992472707636,7.515641568223747,2.9907755521354775,1.0
5.0,95.77500000000465,13.954620794859354,11.243873466927607,7.50419785081122,2.980366694615999,1.0
5.0,95.80000000000466,13.942468167362705,11.231758510396853,7.4927580862009355,2.9699613943720387,1.0
5.0,95.82500000000466,13.93031915937707,11.219647599411886,7.481322271684668,2.9595596513609603,1.0
5.0,95.85000000000467,13.918173774459678,11.20754073033625,7.4698904045678916,2.9491614654811396,1.0
5.0,95.87500000000468,13.90603201608072,11.195437899598799,7.458462482169608,2.9387668365736794,1.0
5.0,95.90000000000468,13.893893887625312,11.18333910369202,7.447038501822187,2.9283757644240813,1.0
5.0,95.92500000000469,13.881759392395406,11.171244339170395,7.435618460871199,2.9179882487638724,1.0
5.0,95.95000000000469,13.869628533611646,11.159153602648802,7.424202356675253,2.907604289272191,1.0
5.0,95.9750000000047,13.857501314415202,11.147066890800966,7.412790186605847,2.8972238855773327,1.0
5.0,96.0000000000047,13.845377737869528,11.134984200357945,7.401381948047209,2.8868470372582493,1.0
5.0,96.02500000000471,13.833257806962107,11.122905528106646,7.389977638396147,2.876473743846018,1.0
5.0,96.05000000000472,13.82114152460613,11.110830870888396,7.378577255061896,2.8661040048252637,1.0
5.0,96.07500000000472,13.809028893642148,11.09876022559753,7.36718079546598,2.855737819635551,1.0
5.0,96.10000000000473,13.796919916839688,11.086693589180033,7.35578825704206,2.8453751876727336,1.0
5.0,96.12500000000473,13.784814596898809,11.074630958632202,7.344399637235802,2.8350161082902723,1.0
5.0,96.15000000000474,13.772712936451642,11.062572330999348,7.333014933504727,2.8246605808005185,1.0
5.0,96.17500000000474,13.760614938063885,11.050517703374537,7.321634143318085,2.814308604475962,1.0
5.0,96.20000000000475,13.748520604236257,11.03846707289735,7.310257264156714,2.803960178550446,1.0
5.0,96.22500000000475,13.736429937405921,11.026420436752684,7.298884293512914,2.793615302220352,1.0
5.0,96.25000000000476,13.724342939947881,11.014377792169581,7.2875152288903084,2.7832739746457515,1.0
5.0,96.27500000000477,13.712259614176329,11.00233913642009,7.27615006780373,2.7729361949515314,1.0
5.0,96.30000000000477,13.700179962345967,10.99030446681815,7.264788807779085,2.762601962228482,1.0
5.0,96.32500000000478,13.688103986653303,10.978273780718506,7.253431446353233,2.752271275534365,1.0
5.0,96.35000000000478,13.676031689237911,10.966247075515659,7.242077981073867,2.741944133894946,1.0
5.0,96.37500000000479,13.663963072183657,10.954224348642825,7.230728409499394,2.7316205363050057,1.0
5.0,96.4000000000048,13.651898137519899,10.942205597570949,7.219382729198821,2.72130048172932,1.0
5.0,96.4250000000048,13.639836887222659,10.930190819807708,7.2080409377516315,2.7109839691036144,1.0
5.0,96.4500000000048,13.627779323215773,10.918180012896574,7.196703032747681,2.700670997335498,1.0
5.0,96.47500000000481,13.615725447371993,10.906173174415876,7.185369011787084,2.690361565305365,1.0
5.0,96.50000000000482,13.603675261514093,10.894170301977901,7.174038872480098,2.680055671867278,1.0
5.0,96.52500000000482,13.591628767415916,10.882171393228006,7.162712612447025,2.669753315849826,1.0
5.0,96.55000000000483,13.579585966803421,10.870176445843766,7.151390229318098,2.6594544960569597,1.0
5.0,96.57500000000483,13.567546861355698,10.858185457534129,7.140071720733382,2.649159211268803,1.0
5.0,96.60000000000484,13.55551145270595,10.846198426038606,7.128757084342668,2.6388674602424453,1.0
5.0,96.62500000000485,13.543479742442461,10.834215349126476,7.117446317805374,2.628579241712711,1.0
5.0,96.65000000000485,13.531451732109542,10.822236224596004,7.106139418790442,2.6182945543929086,1.0
5.0,96.67500000000486,13.519427423208448,10.810261050273692,7.094836384976246,2.6080133969755606,1.0
5.0,96.70000000000486,13.507406817198275,10.798289824013544,7.083537214050492,2.5977357681331115,1.0
5.0,96.72500000000487,13.49538991549684,10.786322543696341,7.07224190371012,2.58746166651862,1.0
5.0,96.75000000000487,13.483376719481537,10.774359207228956,7.06095045166122,2.57719109076643,1.0
5.0,96.77500000000488,13.471367230490172,10.762399812543656,7.049662855618929,2.5669240394928248,1.0
5.0,96.80000000000489,13.45936144982178,10.750444357597452,7.03837911330735,2.5566605112966627,1.0
5.0,96.82500000000489,13.447359378737417,10.738492840371446,7.027099222459456,2.5464005047599967,1.0
5.0,96.8500000000049,13.435361018460952,10.726545258870203,7.015823180817005,2.536144018448675,1.0
5.0,96.8750000000049,13.42336637017981,10.714601611121138,7.0045509861304565,2.5258910509129295,1.0
5.0,96.90000000000491,13.411375435045725,10.70266189517391,6.993282636158879,2.515641600687943,1.0
5.0,96.92500000000491,13.399388214175463,10.69072610909985,6.982018128669874,2.5053956662944055,1.0
5.0,96.95000000000492,13.387404708651529,10.67879425099139,6.970757461439487,2.495153246239052,1.0
5.0,96.97500000000493,13.375424919522855,10.6668663189615,6.959500632252133,2.484914339015188,1.0
5.0,97.00000000000493,13.363448847805481,10.654942311143163,6.948247638900507,2.4746789431032004,1.0
5.0,97.02500000000494,13.351476494483212,10.64302222568884,6.9369984791855135,2.4644470569710513,1.0
5.0,97.05000000000494,13.33950786050826,10.631106060769959,6.925753150916185,2.454218679074763,1.0
5.0,97.07500000000495,13.327542946801872,10.61919381457642,6.9145116519096055,2.443993807858887,1.0
5.0,97.10000000000495,13.315581754254952,10.607285485316103,6.903273979990834,2.4337724417569593,1.0
5.0,97.12500000000496,13.303624283728649,10.5953810712144,6.892040132992832,2.4235545791919444,1.0
5.0,97.15000000000497,13.291670536054957,10.58348057051375,6.880810108756386,2.4133402185766686,1.0
5.0,97.17500000000497,13.279720512037276,10.57158398147319,6.869583905130044,2.403129358314237,1.0
5.0,97.20000000000498,13.267774212450977,10.559691302367915,6.858361519970032,2.392921996798444,1.0
5.0,97.22500000000498,13.255831638043949,10.547802531488857,6.847142951140191,2.382718132414168,1.0
5.0,97.25000000000499,13.243892789537128,10.535917667142265,6.835928196511907,2.3725177635377586,1.0
5.0,97.275000000005,13.231957667625025,10.524036707649291,6.824717253964042,2.3623208885374103,1.0
5.0,97.300000000005,13.220026272976233,10.512159651345614,6.813510121382865,2.352127505773526,1.0
5.0,97.325000000005,13.20809860623392,10.500286496581042,6.802306796661986,2.3419376135990744,1.0
5.0,97.35000000000501,13.196174668016324,10.488417241719137,6.791107277702291,2.3317512103599305,1.0
5.0,97.37500000000502,13.184254458917227,10.476551885136853,6.779911562411877,2.321568294395212,1.0
5.0,97.40000000000502,13.17233797950641,10.464690425224184,6.768719648705988,2.3113888640376032,1.0
5.0,97.42500000000503,13.16042523033012,10.452832860383811,6.757531534506953,2.301212917613674,1.0
5.0,97.45000000000503,13.148516211911504,10.440979189030767,6.746347217744119,2.2910404534441815,1.0
5.0,97.47500000000504,13.136610924751048,10.429129409592107,6.735166696353796,2.2808714698443726,1.0
5.0,97.50000000000504,13.124709369327002,10.417283520506588,6.723989968279193,2.270705965124272,1.0
5.0,97.52500000000505,13.112811546095788,10.40544152022436,6.712817031470359,2.2605439375889635,1.0
5.0,97.55000000000506,13.100917455492405,10.393603407206653,6.701647883884122,2.250385385538863,1.0
5.0,97.57500000000506,13.089027097930837,10.381769179925492,6.690482523484032,2.2402303072699854,1.0
5.0,97.60000000000507,13.077140473804423,10.369938836863396,6.679320948240308,2.2300787010742003,1.0
5.0,97.62500000000507,13.065257583486247,10.358112376513109,6.668163156129772,2.219930565239484,1.0
5.0,97.65000000000508,13.0533784273295,10.34628979737732,6.6570091451358,2.2097858980501623,1.0
5.0,97.67500000000508,13.04150300566785,10.334471097968393,6.645858913248265,2.1996446977871464,1.0
5.0,97.70000000000509,13.029631318815788,10.322656276808111,6.634712458463481,2.1895069627281614,1.0
5.0,97.7250000000051,13.017763367068973,10.310845332427425,6.623569778784149,2.17937269114797,1.0
5.0,97.7500000000051,13.005899150704577,10.299038263366203,6.612430872219308,2.1692418813185865,1.0
5.0,97.77500000000511,12.99403866998161,10.287235068172988,6.601295736784276,2.159114531509489,1.0
5.0,97.80000000000511,12.982181925141242,10.275435745404772,6.5901643705006006,2.1489906399878205,1.0
5.0,97.82500000000512,12.970328916407125,10.26364029362676,6.57903677139601,2.138870205018587,1.0
5.0,97.85000000000512,12.958479643985692,10.251848711412153,6.567912937504358,2.1287532248648495,1.0
5.0,97.87500000000513,12.94663410806647,10.240060997341924,6.556792866865579,2.1186396977879096,1.0
5.0,97.90000000000514,12.93479230882237,10.228277150004622,6.545676557525633,2.1085296220474885,1.0
5.0,97.92500000000514,12.92295424640997,10.21649716799615,6.53456400753646,2.098422995901903,1.0
5.0,97.95000000000515,12.911119920969814,10.204721049919577,6.523455214955932,2.0883198176082343,1.0
5.0,97.97500000000515,12.89928933262667,10.192948794384938,6.512350177847803,2.078220085422494,1.0
5.0,98.00000000000516,12.887462481489816,10.181180400009042,6.5012488942816615,2.0681237975997804,1.0
5.0,98.02500000000516,12.875639367653292,10.169415865415298,6.490151362332889,2.058030952394436,1.0
5.0,98.05000000000517,12.86381999119617,10.157655189233523,6.479057580082607,2.0479415480601944,1.0
5.0,98.07500000000518,12.8520043521828,10.14589837009977,6.467967545617635,2.037855582850329,1.0
5.0,98.10000000000518,12.840192450663057,10.134145406656167,6.456881257030447,2.0277730550177897,1.0
5.0,98.12500000000519,12.828384286672595,10.122396297550734,6.445798712419122,2.0176939628153416,1.0
5.0,98.15000000000519,12.816579860233068,10.110651041437237,6.434719909887305,2.007618304495697,1.0
5.0,98.1750000000052,12.804779171352374,10.098909636975021,6.423644847544162,1.9975460783116419,1.0
5.0,98.2000000000052,12.792982220024877,10.087172082828861,6.412573523504334,1.9874772825161604,1.0
5.0,98.22500000000521,12.781189006231637,10.075438377668807,6.401505935887897,1.977411915362555,1.0
5.0,98.25000000000522,12.769399529940614,10.063708520170048,6.390442082820322,1.967349975104562,1.0
5.0,98.27500000000522,12.757613791106897,10.05198250901276,6.37938196243243,1.9572914599964641,1.0
5.0,98.30000000000523,12.745831789672899,10.040260342881977,6.36832557286035,1.9472363682931995,1.0
5.0,98.32500000000523,12.734053525568571,10.02854202046745,6.357272912245483,1.9371846982504661,1.0
5.0,98.35000000000524,12.722278998711602,10.016827540463522,6.346223978734456,1.9271364481248239,1.0
5.0,98.37500000000524,12.710508209007603,10.005116901568993,6.3351787704790885,1.9170916161737934,1.0
5.0,98.40000000000525,12.698741156350316,9.993410102487003,6.324137285636347,1.9070502006559504,1.0
5.0,98.42500000000526,12.686977840621786,9.98170714192491,6.313099522368309,1.8970121998310183,1.0
5.0,98.45000000000526,12.675218261692558,9.97000801859417,6.302065478842125,1.886977611959957,1.0
5.0,98.47500000000527,12.663462419421847,9.958312731210224,6.29103515322998,1.8769464353050478,1.0
5.0,98.50000000000527,12.651710313657723,9.946621278492387,6.280008543709053,1.866918668129978,1.0
5.0,98.52500000000528,12.639961944237278,9.934933659163738,6.268985648461484,1.8568943086999203,1.0
5.0,98.55000000000528,12.628217310986795,9.923249871951018,6.257966465674334,1.8468733552816095,1.0
5.0,98.57500000000529,12.616476413721916,9.911569915584524,6.24695099353955,1.8368558061434181,1.0
5.0,98.6000000000053,12.604739252247807,9.899893788798007,6.235939230253926,1.8268416595554284,1.0
5.0,98.6250000000053,12.593005826359313,9.888221490328581,6.224931174019073,1.8168309137895011,1.0
5.0,98.6500000000053,12.581276135841113,9.876553018916626,6.213926823041376,1.8068235671193433,1.0
5.0,98.67500000000531,12.569550180467878,9.86488837330569,6.202926175531965,1.7968196178205726,1.0
5.0,98.70000000000532,12.557827960004419,9.853227552242405,6.191929229706677,1.78681906417078,1.0
5.0,98.72500000000532,12.54610947420583,9.8415705544764,6.180935983786024,1.7768219044495894,1.0
5.0,98.75000000000533,12.534394722817636,9.829917378760214,6.169946435995156,1.7668281369387155,1.0
5.0,98.77500000000533,12.52268370557593,9.818268023849214,6.15896058456383,1.7568377599220195,1.0
5.0,98.80000000000534,12.510976422207522,9.80662248850151,6.147978427726374,1.746850771685563,1.0
5.0,98.82500000000535,12.499272872430055,9.794980771477885,6.1369999637216575,1.736867170517659,1.0
5.0,98.85000000000535,12.487573055952154,9.783342871541715,6.126025190793055,1.7268869547089218,1.0
5.0,98.87500000000536,12.475876972473557,9.771708787458888,6.115054107188418,1.7169101225523145,1.0
5.0,98.90000000000536,12.464184621685227,9.760078517997744,6.104086711160036,1.7069366723431947,1.0
5.0,98.92500000000537,12.452496003269497,9.748452061928997,6.093123000964614,1.6969666023793586,1.0
5.0,98.95000000000537,12.440811116900175,9.736829418025666,6.08216297486323,1.6869999109610831,1.0
5.0,98.97500000000538,12.429129962242678,9.725210585063012,6.071206631121317,1.6770365963911664,1.0
5.0,99.00000000000539,12.417452538954143,9.713595561818472,6.06025396800862,1.6670766569749662,1.0
5.0,99.02500000000539,12.405778846683543,9.701984347071598,6.049304983799173,1.6571200910204373,1.0
5.0,99.0500000000054,12.394108885071802,9.69037693960399,6.038359676771265,1.647166896838167,1.0
5.0,99.0750000000054,12.38244265375191,9.67877333819924,6.027418045207411,1.6372170727414095,1.0
5.0,99.10000000000541,12.370780152349028,9.667173541642878,6.016480087394324,1.6272706170461175,1.0
5.0,99.12500000000541,12.359121380480593,9.65557754872231,6.005545801622884,1.6173275280709747,1.0
5.0,99.15000000000542,12.347466337756432,9.643985358226763,5.994615186188109,1.6073878041374237,1.0
5.0,99.17500000000543,12.335815023778855,9.632396968947235,5.983688239389124,1.5974514435696956,1.0
5.0,99.20000000000543,12.324167438142766,9.620812379676442,5.9727649595291386,1.5875184446948367,1.0
5.0,99.22500000000544,12.312523580435753,9.609231589208767,5.96184534491541,1.5775888058427339,1.0
5.0,99.25000000000544,12.300883450238198,9.597654596340208,5.950929393859225,1.567662525346139,1.0
5.0,99.27500000000545,12.289247047123359,9.58608139986834,5.940017104675861,1.5577396015406921,1.0
5.0,99.30000000000545,12.277614370657473,9.574511998592254,5.929108475684569,1.5478200327649438,1.0
5.0,99.32500000000546,12.265985420399849,9.562946391312527,5.918203505208538,1.5379038173603756,1.0
5.0,99.35000000000547,12.254360195902951,9.551384576831168,5.907302191574875,1.52799095367142,1.0
5.0,99.37500000000547,12.242738696712498,9.539826553951576,5.89640453311457,1.5180814400454787,1.0
5.0,99.40000000000548,12.231120922367545,9.528272321478505,5.885510528162478,1.5081752748329407,1.0
5.0,99.42500000000548,12.219506872400563,9.516721878218018,5.874620175057288,1.498272456387198,1.0
5.0,99.45000000000549,12.207896546337542,9.505175222977448,5.8637334721414955,1.4883729830646624,1.0
5.0,99.4750000000055,12.196289943698051,9.493632354565362,5.852850417761381,1.4784768532247787,1.0
5.0,99.5000000000055,12.18468706399534,9.482093271791525,5.84197101026698,1.46858406523004,1.0
5.0,99.5250000000055,12.173087906736406,9.470557973466862,5.831095248012062,1.4586946174459983,1.0
5.0,99.55000000000551,12.161492471422076,9.45902645840342,5.820223129354101,1.4488085082412783,1.0
5.0,99.57500000000552,12.149900757547089,9.447498725414343,5.809354652654253,1.4389257359875873,1.0
5.0,99.60000000000552,12.138312764600164,9.435974773313829,5.798489816277331,1.429046299059726,1.0
5.0,99.62500000000553,12.12672849206408,9.424454600917104,5.78762861859178,1.4191701958355971,1.0
5.0,99.65000000000553,12.115147939415749,9.412938207040387,5.776771057969654,1.4092974246962147,1.0
5.0,99.67500000000554,12.103571106126287,9.401425590500867,5.765917132786588,1.3994279840257113,1.0
5.0,99.70000000000555,12.091997991661083,9.389916750116665,5.75506684142178,1.3895618722113456,1.0
5.0,99.72500000000555,12.080428595479873,9.378411684706808,5.744220182257961,1.3796990876435085,1.0
5.0,99.75000000000556,12.068862917036805,9.366910393091205,5.733377153681377,1.3698396287157286,1.0
5.0,99.77500000000556,12.057300955780509,9.355412874090614,5.722537754081762,1.3599834938246775,1.0
5.0,99.80000000000557,12.04574271115416,9.343919126526625,5.711701981852318,1.3501306813701741,1.0
5.0,99.82500000000557,12.034188182595548,9.332429149221621,5.700869835389688,1.3402811897551883,1.0
5.0,99.85000000000558,12.022637369537138,9.320942940998767,5.690041313093936,1.3304350173858437,1.0
5.0,99.87500000000558,12.011090271406133,9.309460500681979,5.679216413368525,1.320592162671421,1.0
5.0,99.90000000000559,11.99954688762454,9.2979818270959,5.668395134620293,1.310752624024359,1.0
5.0,99.9250000000056,11.988007217609226,9.28650691906588,5.6575774752594326,1.3009163998602564,1.0
5.0,99.9500000000056,11.976471260771982,9.275035775417955,5.646763433699467,1.291083488597873,1.0
5.0,99.97500000000561,11.96493901651958,9.263568394978822,5.635953008357229,1.281253888659129,1.0
5.0,100.00000000000561,11.953410484253833,9.252104776575823,5.625146197652842,1.2714275984691055,1.0
5.0,100.02500000000562,11.94188566337165,9.24064491903692,5.614343000009691,1.2616046164560446,1.0
5.0,100.05000000000562,11.930364553265091,9.229188821190682,5.603543413854412,1.2517849410513462,1.0
5.0,100.07500000000563,11.91884715332143,9.217736481866257,5.592747437616864,1.2419685706895685,1.0
5.0,100.10000000000564,11.9073334629232,9.206287899893365,5.581955069730108,1.2321555038084244,1.0
5.0,100.12500000000564,11.895823481448252,9.194843074102272,5.571166308630388,1.2223457388487804,1.0
5.0,100.15000000000565,11.884317208269808,9.18340200332377,5.560381152757112,1.2125392742546521,1.0
5.0,100.17500000000565,11.872814642756511,9.171964686389176,5.549599600552829,1.2027361084732024,1.0
5.0,100.20000000000566,11.861315784272477,9.160531122130298,5.53882165046321,1.192936239954737,1.0
5.0,100.22500000000566,11.849820632177346,9.149101309379429,5.528047300937027,1.1831396671527004,1.0
5.0,100.25000000000567,11.838329185826334,9.137675246969328,5.517276550426134,1.1733463885236717,1.0
5.0,100.27500000000568,11.826841444570274,9.12625293373321,5.5065093973854475,1.1635564025273597,1.0
5.0,100.30000000000568,11.815357407755673,9.114834368504729,5.495745840272925,1.1537697076265978,1.0
5.0,100.32500000000569,11.80387707472476,9.103419550117959,5.484985877549549,1.143986302287339,1.0
5.0,100.35000000000569,11.792400444815522,9.092008477407392,5.474229507679303,1.134206184978649,1.0
5.0,100.3750000000057,11.780927517361762,9.080601149207913,5.46347672912916,1.1244293541727013,1.0
5.0,100.4000000000057,11.76945829169314,9.069197564354798,5.452727540369052,1.1146558083447706,1.0
5.0,100.42500000000571,11.757992767135214,9.057797721683695,5.441981939871863,1.1048855459732259,1.0
5.0,100.45000000000572,11.746530943009489,9.046401620030613,5.431239926113403,1.095118565539524,1.0
5.0,100.47500000000572,11.735072818633464,9.035009258231915,5.420501497572392,1.085354865528201,1.0
5.0,100.50000000000573,11.723618393320663,9.0236206351243,5.4097666527304415,1.0755944444268675,1.0
5.0,100.52500000000573,11.712167666380688,9.0122357495448,5.399035390072035,1.0658373007261983,1.0
5.0,100.55000000000574,11.70072063711926,9.000854600330765,5.388307708084513,1.056083432919926,1.0
5.0,100.57500000000574,11.68927730483825,8.989477186319855,5.377583605258051,1.0463328395048328,1.0
5.0,100.60000000000575,11.677837668835732,8.978103506350026,5.366863080085645,1.0365855189807414,1.0
5.0,100.62500000000576,11.66640172840602,8.966733559259529,5.356146131063092,1.0268414698505068,1.0
5.0,100.65000000000576,11.654969482839702,8.955367343886893,5.3454327566889726,1.0171006906200084,1.0
5.0,100.67500000000577,11.64354093142368,8.944004859070922,5.334722955464635,1.0073631797981397,1.0
5.0,100.70000000000577,11.632116073441214,8.932646103650681,5.324016725894176,0.9976289358968005,1.0
5.0,100.72500000000578,11.620694908171956,8.921291076465495,5.313314066484426,0.987897957430886,1.0
5.0,100.75000000000578,11.609277434891986,8.909939776354936,5.302614975744929,0.9781702429182791,1.0
5.0,100.77500000000579,11.597863652873851,8.898592202158815,5.291919452187927,0.96844579087984,1.0
5.0,100.8000000000058,11.586453561386605,8.887248352717178,5.2812274943283475,0.9587245998393956,1.0
5.0,100.8250000000058,11.575047159695833,8.875908226870298,5.270539100683777,0.9490066683237313,1.0
5.0,100.8500000000058,11.563644447063698,8.864571823458666,5.259854269774457,0.9392919948625791,1.0
5.0,100.87500000000581,11.552245422748975,8.853239141322991,5.249173000123256,0.9295805779886089,1.0
5.0,100.90000000000582,11.540850086007076,8.841910179304183,5.2384952902556625,0.9198724162374173,1.0
5.0,100.92500000000582,11.529458436090094,8.830584936243357,5.227821138699762,0.9101675081475173,1.0
5.0,100.95000000000583,11.518070472246835,8.819263410981819,5.217150543986227,0.900465852260328,1.0
5.0,100.97500000000583,11.506686193722846,8.80794560236107,5.206483504648293,0.8907674471201634,1.0
5.0,101.00000000000584,11.49530559976045,8.796631509222793,5.195820019221755,0.881072291274222,1.0
5.0,101.02500000000585,11.483928689598782,8.785321130408848,5.185160086244938,0.8713803832725756,1.0
5.0,101.05000000000585,11.472555462473817,8.774014464761269,5.174503704258693,0.8616917216681588,1.0
5.0,101.07500000000586,11.461185917618403,8.762711511122264,5.163850871806375,0.8520063050167573,1.0
5.0,101.10000000000586,11.44982005426229,8.7514122683342,5.153201587433828,0.8423241318769971,1.0
5.0,101.12500000000587,11.438457871632163,8.740116735239607,5.142555849689375,0.8326452008103329,1.0
5.0,101.15000000000587,11.427099368951673,8.728824910681169,5.131913657123797,0.8229695103810373,1.0
5.0,101.17500000000588,11.415744545441465,8.717536793501726,5.121275008290321,0.8132970591561889,1.0
5.0,101.20000000000589,11.404393400319206,8.70625238254426,5.110639901744605,0.8036278457056608,1.0
5.0,101.22500000000589,11.39304593279962,8.694971676651905,5.100008336044723,0.7939618686021096,1.0
5.0,101.2500000000059,11.381702142094511,8.683694674667926,5.089380309751149,0.7842991264209631,1.0
5.0,101.2750000000059,11.370362027412796,8.672421375435734,5.078755821426746,0.7746396177404091,1.0
5.0,101.30000000000591,11.359025587960527,8.661151777798871,5.06813486963675,0.7649833411413832,1.0
5.0,101.32500000000591,11.347692822940928,8.649885880601007,5.057517452948751,0.7553302952075578,1.0
5.0,101.35000000000592,11.336363731554416,8.638623682685944,5.046903569932688,0.7456804785253296,1.0
5.0,101.37500000000593,11.325038312998627,8.62736518289761,5.036293219160828,0.7360338896838079,1.0
5.0,101.40000000000593,11.31371656646845,8.616110380080048,5.025686399207753,0.7263905272748029,1.0
5.0,101.42500000000594,11.302398491156048,8.604859273077428,5.01508310865035,0.7167503898928136,1.0
5.0,101.45000000000594,11.29108408625088,8.593611860734038,5.004483346067792,0.7071134761350156,1.0
5.0,101.47500000000595,11.27977335093974,8.582368141894275,4.993887110041527,0.69747978460125,1.0
5.0,101.50000000000595,11.268466284406772,8.571128115402654,4.983294399155267,0.6878493138940103,1.0
5.0,101.52500000000596,11.2571628858335,8.5598917801038,4.972705211994968,0.6782220626184307,1.0
5.0,101.55000000000597,11.245863154398847,8.548659134842445,4.9621195471488235,0.6685980293822744,1.0
5.0,101.57500000000597,11.234567089279173,8.53743017846343,4.951537403207246,0.6589772127959215,1.0
5.0,101.60000000000598,11.223274689648283,8.5262049098117,4.940958778762859,0.649359611472356,1.0
5.0,101.62500000000598,11.211985954677465,8.514983327732303,4.9303836724104775,0.6397452240271548,1.0
5.0,101.65000000000599,11.200700883535502,8.503765431070391,4.919812082747102,0.6301340490784753,1.0
5.0,101.675000000006,11.189419475388709,8.492551218671217,4.9092440083719,0.6205260852470426,1.0
5.0,101.700000000006,11.178141729400945,8.481340689380131,4.898679447886195,0.6109213311561382,1.0
5.0,101.725000000006,11.166867644733644,8.470133842042584,4.8881183998934565,0.6013197854315877,1.0
5.0,101.75000000000601,11.155597220545832,8.458930675504119,4.8775608629992835,0.5917214467017482,1.0
5.0,101.77500000000602,11.144330455994155,8.44773118861038,4.867006835811395,0.5821263135974964,1.0
5.0,101.80000000000602,11.133067350232896,8.436535380207102,4.856456316939614,0.5725343847522169,1.0
5.0,101.82500000000603,11.121807902414002,8.425343249140116,4.8459093049958595,0.5629456588017895,1.0
5.0,101.85000000000603,11.110552111687106,8.414154794255346,4.8353657985941325,0.5533601343845772,1.0
5.0,101.87500000000604,11.099299977199545,8.402970014398807,4.824825796350502,0.5437778101414144,1.0
5.0,101.90000000000605,11.08805149809638,8.391788908416608,4.814289296883095,0.5341986847155945,1.0
5.0,101.92500000000605,11.07680667352043,8.380611475154943,4.803756298812083,0.5246227567528577,1.0
5.0,101.95000000000606,11.065565502612277,8.369437713460105,4.793226800759675,0.5150500249013797,1.0
5.0,101.97500000000606,11.054327984510293,8.358267622178468,4.782700801350099,0.5054804878117585,1.0
5.0,102.00000000000607,11.043094118350668,8.347101200156503,4.772178299209593,0.49591414413700297,1.0
5.0,102.02500000000607,11.031863903267418,8.335938446240768,4.761659292966394,0.4863509925325211,1.0
5.0,102.05000000000608,11.020637338392413,8.324779359277905,4.751143781250727,0.4767910316561077,1.0
5.0,102.07500000000609,11.009414422855398,8.31362393811465,4.740631762694791,0.46723426016793224,1.0
5.0,102.10000000000609,10.998195155784009,8.302472181597828,4.730123235932751,0.457680676730527,1.0
5.0,102.1250000000061,10.98697953630379,8.291324088574347,4.719618199600724,0.4481302800087756,1.0
5.0,102.1500000000061,10.97576756353822,8.280179657891207,4.7091166523367685,0.4385830686699003,1.0
5.0,102.17500000000611,10.964559236608729,8.269038888395496,4.698618592780874,0.429039041383451,1.0
5.0,102.20000000000611,10.953354554634712,8.25790177893439,4.688124019574948,0.4194981968212926,1.0
5.0,102.22500000000612,10.94215351673356,8.246768328355152,4.67763293136281,0.40996053365759355,1.0
5.0,102.25000000000612,10.930956122020664,8.235638535505137,4.667145326790174,0.40042605056881436,1.0
5.0,102.27500000000613,10.919762369609446,8.224512399231784,4.656661204504643,0.3908947462336953,1.0
5.0,102.30000000000614,10.908572258611366,8.213389918382624,4.646180563155694,0.3813666193332448,1.0
5.0,102.32500000000614,10.897385788135951,8.202271091805276,4.635703401394671,0.3718416685507282,1.0
5.0,102.35000000000615,10.88620295729081,8.19115591834745,4.625229717874772,0.3623198925716555,1.0
5.0,102.37500000000615,10.87502376518164,8.180044396856943,4.614759511251041,0.35280129008377026,1.0
5.0,102.40000000000616,10.863848210912264,8.168936526181643,4.604292780180354,0.34328585977703757,1.0
5.0,102.42500000000616,10.852676293584635,8.15783230516953,4.5938295233214115,0.3337736003436328,1.0
5.0,102.45000000000617,10.841508012298853,8.146731732668673,4.583369739334727,0.32426451047793015,1.0
5.0,102.47500000000618,10.830343366153189,8.135634807527238,4.572913426882617,0.31475858887649083,1.0
5.0,102.50000000000618,10.819182354244097,8.124541528593474,4.562460584629191,0.30525583423805197,1.0
5.0,102.52500000000619,10.80802497566623,8.11345189471573,4.552011211240342,0.29575624526351524,1.0
5.0,102.5500000000062,10.796871229512464,8.102365904742447,4.5415653053837355,0.2862598206559352,1.0
5.0,102.5750000000062,10.785721114873907,8.091283557522155,4.5311228657288,0.27676655912050824,1.0
5.0,102.6000000000062,10.774574630839913,8.080204851903485,4.5206838909467155,0.26727645936456124,1.0
5.0,102.62500000000621,10.763431776498111,8.069129786735159,4.510248379710408,0.2577895200975406,1.0
5.0,102.65000000000622,10.752292550934408,8.058058360865996,4.499816330694535,0.2483057400310005,1.0
5.0,102.67500000000622,10.74115695323301,8.046990573144912,4.489387742575479,0.2388251178785924,1.0
5.0,102.70000000000623,10.730024982476436,8.03592642242092,4.478962614031336,0.22934765235605348,1.0
5.0,102.72500000000623,10.718896637745543,8.02486590754313,4.468540943741908,0.21987334218119586,1.0
5.0,102.75000000000624,10.707771918119525,8.013809027360754,4.458122730388691,0.21040218607389566,1.0
5.0,102.77500000000624,10.69665082267594,8.002755780723101,4.447707972654869,0.20093418275608177,1.0
5.0,102.80000000000625,10.685533350490724,7.991706166479581,4.4372966692253,0.19146933095172516,1.0
5.0,102.82500000000626,10.6744195006382,7.9806601834797055,4.4268888187865105,0.18200762938682796,1.0
5.0,102.85000000000626,10.663309272191102,7.96961783057309,4.416484420026687,0.17254907678941273,1.0
5.0,102.87500000000627,10.652202664220582,7.9585791066094504,4.406083471635663,0.16309367188951154,1.0
5.0,102.90000000000627,10.641099675796228,7.947544010438609,4.395685972304912,0.15364141341915552,1.0
5.0,102.92500000000628,10.630000305986078,7.936512540910492,4.385291920727541,0.1441923001123638,1.0
5.0,102.95000000000628,10.618904553856636,7.925484696875133,4.374901315598276,0.13474633070513334,1.0
5.0,102.97500000000629,10.607812418472884,7.914460477182671,4.364514155613459,0.12530350393542808,1.0
5.0,103.0000000000063,10.596723898898295,7.903439880683354,4.354130439471034,0.11586381854316836,1.0
5.0,103.0250000000063,10.585638994194854,7.892422906227538,4.343750165870543,0.1064272732702207,1.0
5.0,103.0500000000063,10.57455770342306,7.881409552665691,4.333373333513114,0.0969938668603873,1.0
5.0,103.07500000000631,10.563480025641955,7.870399818848389,4.322999941101453,0.08756359805939558,1.0
5.0,103.10000000000632,10.55240595990912,7.859393703626324,4.312629987339838,0.07813646561488792,1.0
5.0,103.12500000000632,10.541335505280705,7.848391205850298,4.302263470934104,0.06871246827641138,1.0
5.0,103.15000000000633,10.530268660811432,7.837392324371227,4.291900390591644,0.05929160479540754,1.0
5.0,103.17500000000634,10.519205425554611,7.826397058040145,4.281540745021394,0.049873873925202275,1.0
5.0,103.20000000000634,10.50814579856216,7.8154054057082005,4.271184532933822,0.04045927442099553,1.0
5.0,103.22500000000635,10.497089778884602,7.80441736622666,4.260831753040931,0.03104780503985152,1.0
5.0,103.25000000000635,10.486037365571097,7.793432938446907,4.25048240405624,0.021639464540688446,1.0
5.0,103.27500000000636,10.47498855766944,7.782452121220446,4.240136484694778,0.012234251684268822,1.0
5.0,103.30000000000636,10.46394335422608,7.7714749133989045,4.229793993673081,0.0028321652331892728,1.0
5.0,103.32500000000637,10.452901754286136,7.760501313834027,4.219454929709178,-0.00656679604812928,1.0
5.0,103.35000000000637,10.441863756893405,7.749531321377685,4.209119291522588,-0.015962633393451352,1.0
5.0,103.37500000000638,10.430829361090371,7.738564934881872,4.1987870778343055,-0.025355348034736463,1.0
5.0,103.40000000000639,10.419798565918224,7.727602153198707,4.188458287366801,-0.034744941202149215,1.0
5.0,103.42500000000639,10.40877137041687,7.716642975180438,4.178132918844009,-0.04413141412406874,1.0
5.0,103.4500000000064,10.397747773624944,7.705687399679437,4.167810970991314,-0.05351476802709838,1.0
5.0,103.4750000000064,10.386727774579818,7.694735425548208,4.157492442535557,-0.06289500413607507,1.0
5.0,103.50000000000641,10.375711372317618,7.683787051639382,4.147177332205015,-0.07227212367407918,1.0
5.0,103.52500000000641,10.364698565873233,7.672842276805723,4.136865638729398,-0.08164612786244355,1.0
5.0,103.55000000000642,10.353689354280329,7.661901099900128,4.126557360839843,-0.0910170179207633,1.0
5.0,103.57500000000643,10.342683736571354,7.650963519775623,4.116252497268907,-0.10038479506690481,1.0
5.0,103.60000000000643,10.331681711777563,7.640029535285376,4.105951046750554,-0.10974946051701517,1.0
5.0,103.62500000000644,10.320683278929012,7.629099145282685,4.095653008020153,-0.1191110154855317,1.0
5.0,103.65000000000644,10.309688437054586,7.618172348620986,4.08535837981447,-0.12846946118519054,1.0
5.0,103.67500000000645,10.298697185181997,7.607249144153855,4.075067160871657,-0.1378247988270363,1.0
5.0,103.70000000000645,10.287709522337805,7.596329530735006,4.064779349931251,-0.14717702962043103,1.0
5.0,103.72500000000646,10.27672544754742,7.585413507218296,4.05449494573416,-0.15652615477306303,1.0
5.0,103.75000000000647,10.265744959835125,7.5745010724577195,4.044213947022661,-0.16587217549095626,1.0
5.0,103.77500000000647,10.254768058224073,7.563592225307417,4.033936352540391,-0.17521509297847884,1.0
5.0,103.80000000000648,10.24379474173631,7.552686964621674,4.023662161032338,-0.1845549084383522,1.0
5.0,103.82500000000648,10.232825009392778,7.541785289254918,4.013391371244839,-0.19389162307165994,1.0
5.0,103.85000000000649,10.221858860213326,7.530887198061726,4.003123981925567,-0.2032252380778564,1.0
5.0,103.8750000000065,10.210896293216724,7.519992689896823,3.9928599918235297,-0.21255575465477558,1.0
5.0,103.9000000000065,10.199937307420676,7.50910176361508,3.9825993996890587,-0.22188317399863977,1.0
5.0,103.9250000000065,10.188981901841823,7.498214418071521,3.972342204273805,-0.23120749730406814,1.0
5.0,103.95000000000651,10.178030075495755,7.4873306521213205,3.9620884043307294,-0.24052872576408543,1.0
5.0,103.97500000000652,10.167081827397025,7.476450464619805,3.9518379986141006,-0.24984686057013034,1.0
5.0,104.00000000000652,10.15613715655916,7.4655738544224555,3.941590985879484,-0.25916190291206415,1.0
5.0,104.02500000000653,10.145196061994664,7.454700820384908,3.9313473648837367,-0.2684738539781791,1.0
5.0,104.05000000000653,10.134258542715033,7.443831361362955,3.921107134385001,-0.2777827149552067,1.0
5.0,104.07500000000654,10.123324597730766,7.432965476212544,3.910870293142699,-0.2870884870283261,1.0
5.0,104.10000000000655,10.112394226051372,7.422103163789784,3.900636839917524,-0.2963911713811725,1.0
5.0,104.12500000000655,10.10146742668538,7.4112444229509435,3.890406773471435,-0.3056907691958453,1.0
5.0,104.15000000000656,10.090544198640352,7.400389252552449,3.8801800925676506,-0.31498728165291623,1.0
5.0,104.17500000000656,10.079624540922884,7.389537651450892,3.869956795970643,-0.3242807099314375,1.0
5.0,104.20000000000657,10.06870845253863,7.378689618503027,3.85973688244613,-0.3335710552089499,1.0
5.0,104.22500000000657,10.057795932492297,7.3678451525657715,3.849520350761071,-0.342858318661491,1.0
5.0,104.25000000000658,10.046886979787661,7.35700425249621,3.8393071996836587,-0.3521425014636028,1.0
5.0,104.27500000000659,10.03598159342758,7.346166917151592,3.8290974279833145,-0.3614236047883401,1.0
5.0,104.30000000000659,10.025079772413992,7.335333145389337,3.818891034430682,-0.37070162980727794,1.0
5.0,104.3250000000066,10.014181515747937,7.324502936067034,3.80868801779762,-0.3799765776905198,1.0
5.0,104.3500000000066,10.00328682242956,7.31367628804244,3.7984883768571973,-0.38924844960670524,1.0
5.0,104.37500000000661,9.992395691458114,7.302853200173485,3.7882921103836864,-0.3985172467230177,1.0
