扫描速率（K/min）,潜热（kJ/kg）,时间（s）,贴身侧温度（℃）,界面12温度（℃）,功能层平均温度（℃）,界面23温度（℃）,外表面温度（℃）,固化进度
2.0,611.5637399999999,0.0,37.0,37.0,37.0,37.0,36.953463727328526,0.0
2.0,611.5637399999999,0.25,36.99999999319578,36.99985134450956,36.99105692378763,36.95538289535272,33.99706682339108,0.0
2.0,611.5637399999999,0.5,36.99999913304649,36.99739741584366,36.94119168174233,36.74297697821749,32.8034348971451,0.0
2.0,611.5637399999999,0.75,36.99998199389824,36.98522280892415,36.83956003964557,36.429540196078264,31.90288984448336,0.0
2.0,611.5637399999999,1.0,36.99984183307843,36.95556576280667,36.694474213605815,36.072270766443324,31.15529320882413,0.0
2.0,611.5637399999999,1.25,36.99920853051402,36.90481191106954,36.517505244924074,35.69947315311527,30.506481408161314,0.0
2.0,611.5637399999999,1.5,36.997321564384784,36.8329672803925,36.31828965474715,35.32472424044618,29.927848969812587,0.0
2.0,611.5637399999999,1.75,36.99308192272059,36.741943569413095,36.103970255089926,34.95460354454628,29.40207729638197,0.0
2.0,611.5637399999999,2.0,36.98523281191091,36.634338718427536,35.87966361899612,34.59225625661337,28.91783568651239,0.0
2.0,611.5637399999999,2.25,36.972549744715366,36.51279482057308,35.64900614501017,34.23907872177952,28.467289505757172,0.0
2.0,611.5637399999999,2.5,36.95397248166038,36.379715593002224,35.414584467066014,33.895554307958676,28.04477996309234,0.0
2.0,611.5637399999999,2.75,36.9286692754062,36.23717144632641,35.178243253837984,33.56168499016209,27.646071307998422,0.0
2.0,611.5637399999999,3.0,36.896050060874046,36.086893301372506,34.94129939741165,33.23722097996618,27.267897567315863,0.0
2.0,611.5637399999999,3.25,36.85574918589346,35.93030397246977,34.70469079511041,32.92178549005604,26.907677159666978,0.0
2.0,611.5637399999999,3.5,36.80759370764245,35.768562017470146,34.46908060868181,32.6149434271422,26.563326139818525,0.0
2.0,611.5637399999999,3.75,36.75156746403634,35.602606385874324,34.23493126475031,32.31623943738026,26.233131765769553,0.0
2.0,611.5637399999999,4.0,36.68777654971051,35.433196921908525,34.00255769229017,32.0252189225166,25.91566430865185,0.0
2.0,611.5637399999999,4.25,36.616418823939235,35.2609490638701,33.77216610342501,31.741439476123897,25.60971391544788,0.0
2.0,611.5637399999999,4.5,36.53775831990913,35.08636261960748,33.54388254434452,31.464476881286508,25.314244382880943,0.0
2.0,611.5637399999999,4.75,36.45210449374454,34.90984515849697,33.31777409262326,31.193928001730935,25.02835865936675,0.0
2.0,611.5637399999999,5.0,36.35979581936659,34.73173078702541,33.093864693346696,30.929411893534652,24.751272677088245,0.0
2.0,611.5637399999999,5.25,36.26118708227638,34.552295095783634,32.87214703950197,30.670569899715108,24.48229522419683,0.0
2.0,611.5637399999999,5.5,36.15663971725514,34.37176699642748,32.65259150514878,30.417065169319077,24.2208122740838,0.0
2.0,611.5637399999999,5.75,36.04651459421384,34.190338066150424,32.43515286609874,30.168581858936914,23.966274652169023,0.0
2.0,611.5637399999999,6.0,35.931166740606265,34.00816991247012,32.21977535027703,29.924824168431446,23.71818823261102,0.0
2.0,611.5637399999999,6.25,35.81094157617609,33.825399975104965,32.006396422052696,29.685515300799796,23.47610607251432,0.0
2.0,611.5637399999999,6.5,35.68617231618185,33.642146098933104,31.794949604503785,29.450396399666786,23.23962204295817,0.0
2.0,611.5637399999999,6.75,35.55717826873964,33.45851014315194,31.585366569611715,29.219225496238558,23.008365625292633,0.0
2.0,611.5637399999999,7.0,35.42426380984447,33.274580835714275,31.3775786712337,28.991776484496842,22.781997620926468,0.0
2.0,611.5637399999999,7.25,35.2877178667858,33.09043603717969,31.17151805423415,28.767838135456945,22.560206581960504,0.0
2.0,611.5637399999999,7.5,35.14781377845914,32.90614454244248,30.967118441760142,28.54721315639612,22.342705814334096,0.0
2.0,611.5637399999999,7.75,35.004809431022885,32.72176752066597,30.764315678755004,28.32971729788467,22.12923083866001,0.0
2.0,611.5637399999999,8.0,34.85894759089524,32.53735967167857,30.56304809155275,28.115178509510617,21.919537219438862,0.0
2.0,611.5637399999999,8.25,34.71045637548827,32.35297015982318,30.363256709415378,27.903436143956466,21.713398692884613,0.0
2.0,611.5637399999999,8.5,34.559549816391865,32.16864337278271,30.164885383143645,27.694340208306286,21.510605538625054,0.0
2.0,611.5637399999999,8.75,34.40642848081527,31.984419542413452,29.96788082764443,27.487750660974328,21.310963152148947,0.0
2.0,611.5637399999999,9.0,34.251280125663634,31.800335256455014,29.772192608993684,27.283536752353044,21.114290783864373,0.0
2.0,611.5637399999999,9.25,34.094280365227064,31.616423883638944,29.577773091652656,27.081576407115012,20.92042041761941,0.0
2.0,611.5637399999999,9.5,33.935593338526644,31.432715929785072,29.38457735773895,26.8817556460276,20.729195766979263,0.0
2.0,611.5637399999999,9.75,33.77537236623956,31.24923933864089,29.192563107364762,26.68396804512358,20.540471371806007,0.0
2.0,611.5637399999999,10.0,33.6137605900828,31.066019748239494,29.00169054683376,26.48811423009611,20.354111781017913,0.0
2.0,611.5637399999999,10.25,33.45089158978017,30.883080711234825,28.81192226978242,26.294101403839093,20.16999081002226,0.0
2.0,611.5637399999999,10.5,33.28688997443413,30.700443885870705,28.623223135043645,26.101842905125043,19.987990863378926,0.0
2.0,611.5637399999999,10.75,33.12187194639769,30.51812920283723,28.435560144009024,25.91125779649486,19.808002314884313,0.0
2.0,611.5637399999999,11.0,32.955945836690745,30.336155012175013,28.24890231950114,25.722270479523367,19.629922938562338,0.0
2.0,611.5637399999999,11.25,32.78921261170507,30.15453821353497,28.06322058758444,25.534810335717165,19.453657385084444,0.0
2.0,611.5637399999999,11.5,32.62176635145133,29.97329437243548,27.878487663301,25.348811391394868,19.279116698971443,0.0
2.0,611.5637399999999,11.75,32.4536946999652,29.792437824637453,27.69467794098302,25.164212004992812,19.106217872600475,0.0
2.0,611.5637399999999,12.0,32.28507928874304,29.611981770349416,27.511767389542747,24.98095457532999,18.93488343358496,0.0
2.0,611.5637399999999,12.25,32.115996134246934,29.43193835965364,27.32973345295308,24.798985269454,18.7650410625409,0.0
2.0,611.5637399999999,12.5,31.946516010625267,29.252318770291346,27.148554955993415,24.61825376877433,18.59662323861992,0.0
2.0,611.5637399999999,12.75,31.776704798854812,29.073133278745097,26.968212015234393,24.43871303227001,18.4295669104946,0.0
2.0,611.5637399999999,13.0,31.60662381353419,28.8943913253978,26.78868595516238,24.260319075635547,18.263813190736762,0.0
2.0,611.5637399999999,13.25,31.436330108557954,28.716101574421337,26.609959229293743,24.083030765301835,18.099307071745457,0.0
2.0,611.5637399999999,13.5,31.26587676288066,28.538271968946574,26.432015346094573,23.90680962633746,17.93599716156518,0.0
2.0,611.5637399999999,13.75,31.09531314754782,28.360909781985118,26.254838799499293,23.73161966330069,17.77383543809291,0.0
2.0,611.5637399999999,14.0,30.924685175129255,28.184021663507078,26.078415003809095,23.557427193173414,17.612777020309572,0.0
2.0,611.5637399999999,14.25,30.75403553264284,28.007613684025387,25.902730232744965,23.384200689565493,17.45277995529135,0.0
2.0,611.5637399999999,14.5,30.583404750666006,27.85029803945824,25.755925148031963,23.229222793148924,17.293932287166648,5.435428875283516e-05
2.0,611.5637399999999,14.75,30.412923354176424,27.71313319745954,25.63455992595399,23.093635998924093,17.13791155050764,0.0002941065273897434
2.0,611.5637399999999,15.0,30.24316095050731,27.589670853518808,25.52772947333236,22.971541767137595,16.98740478897067,0.0006646454987921803
2.0,611.5637399999999,15.25,30.075099701773507,27.4765235887012,25.43113241264755,22.859879954521656,16.844275148017395,0.0011410380367751656
2.0,611.5637399999999,15.5,29.909760613236998,27.371464210519083,25.342276902734074,22.756682412486224,16.709289691097528,0.0017076496985991498
2.0,611.5637399999999,15.75,29.747968550574235,27.273050622460882,25.259688657499623,22.660692109998077,16.582554065712937,0.0023532127637485314
2.0,611.5637399999999,16.0,29.59030837444815,27.180216033596608,25.182305407688094,22.57096130915309,16.46382719793587,0.0030758609078041324
2.0,611.5637399999999,16.25,29.437157713909038,27.092170173205147,25.109355206841418,22.486758110733305,16.35269753894943,0.0038625490169373615
2.0,611.5637399999999,16.5,29.288734659664904,27.008293351276986,25.0402312833605,22.407475272133826,16.248676029903702,0.0047111559873724024
2.0,611.5637399999999,16.75,29.14513991759606,26.92806888238627,24.97442008364292,22.332577492707987,16.15124697777645,0.0056174101336226925
2.0,611.5637399999999,17.0,29.00638942257702,26.85131088591595,24.9117828102483,22.261815979727086,16.05989569960744,0.006577836791605416
2.0,611.5637399999999,17.25,28.872439162412395,26.777647145114532,24.8519319553263,22.194765754217602,15.97414122625103,0.007588109858829272
2.0,611.5637399999999,17.5,28.743206651122687,26.706838777262945,24.794630340200253,22.131119712418656,15.893536547265304,0.008644938235973612
2.0,611.5637399999999,17.75,28.618583406741617,26.63865311669817,24.73964008966841,22.070578749544463,15.81766307350634,0.009742254444458587
2.0,611.5637399999999,18.0,28.498442631639726,26.572803017292046,24.686657984665935,22.01280139854191,15.746132046713397,0.010875742318367845
2.0,611.5637399999999,18.25,28.382644655685382,26.50922408975214,24.635633403818193,21.957645497182206,15.678577640168612,0.012052459210474516
2.0,611.5637399999999,18.5,28.271040148584213,26.447760271971013,24.58640757603944,21.90489641570969,15.614667085852142,0.013258942863599809
2.0,611.5637399999999,18.75,28.163475561393625,26.388264388608885,24.538831515133758,21.854353742834157,15.554101507928163,0.014505058209966306
2.0,611.5637399999999,19.0,28.059796683280812,26.33065344371371,24.49282691590055,21.805878011344856,15.49660758516592,0.01577345473199466
2.0,611.5637399999999,19.25,27.959849977525092,26.2747736593957,24.448237082291726,21.75927732954639,15.441937789486957,0.017077427010651784
2.0,611.5637399999999,19.5,27.863484101566335,26.220526212112233,24.404966249969743,21.714411735442443,15.389865094271343,0.018405582127640034
2.0,611.5637399999999,19.75,27.770550101587716,26.167858210691588,24.36296829010235,21.671185106205932,15.34018059898714,0.019755707801043906
2.0,611.5637399999999,20.0,27.680901976882634,26.116695579277618,24.322173853808504,21.629489489432196,15.292696951913939,0.02113469964841873
2.0,611.5637399999999,20.25,27.5943982718303,26.066912020270408,24.282457925217223,21.589179457045795,15.247246299657558,0.022535723958411955
2.0,611.5637399999999,20.5,27.510902603560865,26.01846900190559,24.243789816487173,21.550184971370097,15.203672974212214,0.023955394181695098
2.0,611.5637399999999,20.75,27.430282802608513,25.97129352023438,24.206101881809037,21.51241277774073,15.161834800694118,0.025395801015377816
2.0,611.5637399999999,21.0,27.352411307788124,25.92536108877061,24.169378036137637,21.475812137444887,15.12160354661445,0.026852846965033175
2.0,611.5637399999999,21.25,27.277165706238563,25.88058160916572,24.13353274914027,21.440283696467805,15.082864719272811,0.0283283211053079
2.0,611.5637399999999,21.5,27.20442918564807,25.836922451641183,24.09854128491645,21.405776528407827,15.045513497590038,0.029820930464121626
2.0,611.5637399999999,21.75,27.134089955404654,25.794332811192405,24.064359601468478,21.372228408396325,15.009453944569135,0.03133193277225288
2.0,611.5637399999999,22.0,27.066041121295772,25.752738120265224,24.03091884844849,21.339560848677568,14.974599011778091,0.03285600132980712
2.0,611.5637399999999,22.25,27.00018054719466,25.712094642753325,23.99818245229593,21.30772164447654,14.940867044128236,0.0343936846729262
2.0,611.5637399999999,22.5,26.936410098345497,25.672340554878733,23.96609482894285,21.27664651694698,14.908181668241149,0.03594305123151139
2.0,611.5637399999999,22.75,26.874635352372053,25.633510739920148,23.93470099967776,21.246348564868903,14.876471865492922,0.0375081570704467
2.0,611.5637399999999,23.0,26.814765756017092,25.595478455588093,23.903877519105063,21.216716944186977,14.845676502823352,0.039085866219472715
2.0,611.5637399999999,23.25,26.75671562673887,25.558246579978206,23.8736359243689,21.187742260007038,14.815737196320727,0.04067408826046735
2.0,611.5637399999999,23.5,26.700402830648027,25.5218191239764,23.843988364231013,21.159418020480263,14.786598816301417,0.04227304901329537
2.0,611.5637399999999,23.75,26.6457488442572,25.486145165822325,23.814889848585274,21.13169645719789,14.758214881762488,0.04388290164546051
2.0,611.5637399999999,24.0,26.592679788063695,25.451191445676592,23.78631368183939,21.104544234480205,14.730543374403721,0.04550078635085147
2.0,611.5637399999999,24.25,26.54112587097002,25.416944439698895,23.758253357289988,21.077944341050358,14.703544318429653,0.0471275836241217
2.0,611.5637399999999,24.5,26.491020714740436,25.383374205361697,23.730685115682718,21.051868050946652,14.677181327291825,0.04876312317922935
2.0,611.5637399999999,24.75,26.442301360434055,25.350417904665797,23.703551017304466,21.026261694122894,14.651420922694182,0.050403031409750394
2.0,611.5637399999999,25.0,26.39490790992028,25.318114558838975,23.676898391022554,21.001151060382536,14.626229535213575,0.05205924311368262
2.0,611.5637399999999,25.25,26.348782851879353,25.28640049039988,23.65066780443914,20.97648352914837,14.60157830372723,0.053722640973909476
2.0,611.5637399999999,25.5,26.303871858175164,25.255246139396068,23.62483524199342,20.952232830874056,14.577440639959972,0.05539009851728725
2.0,611.5637399999999,25.75,26.260123268685835,25.224631154299622,23.599385898044222,20.92838031544634,14.553789344698075,0.05706127952098573
2.0,611.5637399999999,26.0,26.2174873522681,25.194536341080653,23.574305924781942,20.904908683049705,14.530598521544794,0.05873926807889198
2.0,611.5637399999999,26.25,26.17591634712659,25.16496606064649,23.549605662860845,20.88181938429528,14.507844369335174,0.06043015780812467
2.0,611.5637399999999,26.5,26.135364719875056,25.135887816146067,23.52525700983299,20.85908571025486,14.485506502686803,0.06212472784796747
2.0,611.5637399999999,26.75,26.09578954871633,25.107277907387445,23.501240918368566,20.836687840956145,14.463566113635027,0.06381986144173096
2.0,611.5637399999999,27.0,26.057150153887676,25.079128416707498,23.47755448847872,20.814618509779553,14.442004495481475,0.06552231538742076
2.0,611.5637399999999,27.25,26.019407652254475,25.05141443178969,23.454176948756228,20.79285749851552,14.420804263275897,0.06723551082834123
2.0,611.5637399999999,27.5,25.98252497585686,25.024119725924468,23.431096422990457,20.771391447395615,14.399948915446153,0.06894815715846354
2.0,611.5637399999999,27.75,25.94646670797578,24.99723030203091,23.408303143200165,20.750208920789536,14.379422492510448,0.07066146247193474
2.0,611.5637399999999,28.0,25.911198944024854,24.97077106588184,23.38582760259192,20.729329266383854,14.35921023214781,0.07238992581347736
2.0,611.5637399999999,28.25,25.8766894838484,24.944698276489248,23.36362857928244,20.70871840493348,14.339300992984032,0.07412001079899888
2.0,611.5637399999999,28.5,25.84290838496012,24.918983351079035,23.34168074702458,20.688353804870207,14.319683972335438,0.07584495764201148
2.0,611.5637399999999,28.75,25.809827244370663,24.893630169329366,23.319992384458672,20.668238543941964,14.30034627651188,0.07758519020718237
2.0,611.5637399999999,29.0,25.77741845187558,24.868622461079966,23.298550464305553,20.648360103371335,14.281275833271643,0.07932517714287551
2.0,611.5637399999999,29.25,25.74565547978281,24.84394580802185,23.277343818031802,20.62870739435668,14.262461782371407,0.08106159503898991
2.0,611.5637399999999,29.5,25.714513006877013,24.81958337753962,23.256358606903515,20.609267419577428,14.243893512595854,0.08281396881181768
2.0,611.5637399999999,29.75,25.683966751314397,24.79553227210134,23.235595427699224,20.59003824032054,14.22556045721479,0.08456023059562678
2.0,611.5637399999999,30.0,25.653993352699146,24.771796990153145,23.215062418372284,20.571023971607165,14.207453007398838,0.08631208361314614
2.0,611.5637399999999,30.25,25.62457058222092,24.748356802480437,23.19474113458462,20.55220879926017,14.189563531807044,0.08807154020354852
2.0,611.5637399999999,30.5,25.59567760453454,24.725201304145607,23.174623953790164,20.53358501145605,14.171884768714637,0.08982439376109307
2.0,611.5637399999999,30.75,25.567294673243325,24.70233327086841,23.15471692315993,20.515155493760034,14.154409171477544,0.09158994342712265
2.0,611.5637399999999,31.0,25.539402909490107,24.679740452697423,23.1350101296378,20.49691125412579,14.13713022053881,0.09335445286180913
2.0,611.5637399999999,31.25,25.51198445885968,24.65741155131658,23.115494622136698,20.478844003820058,14.120041983508562,0.09511733767325095
2.0,611.5637399999999,31.5,25.48502239675127,24.635333918274103,23.096159926250966,20.460944337790572,14.103138302654447,0.0968909919527244
2.0,611.5637399999999,31.75,25.458500486720123,24.613500730373545,23.07700160158525,20.443207498735127,14.08641268638694,0.09865635199130775
2.0,611.5637399999999,32.0,25.432403024544612,24.591914724225074,23.058025144289466,20.425636473946682,14.069858774790735,0.10043482305754402
2.0,611.5637399999999,32.25,25.406714899705438,24.57056423654792,23.03922070929765,20.408222706852108,14.053471279810656,0.10220981024966584
2.0,611.5637399999999,32.5,25.381421807390534,24.54943657649557,23.020577350337845,20.390956716113532,14.037245324766172,0.10398702383513947
2.0,611.5637399999999,32.75,25.35651013564338,24.52852557964143,23.00209094230244,20.373834247262625,14.021175549588559,0.10576813556876113
2.0,611.5637399999999,33.0,25.331966721282736,24.507825468025466,22.983757645391012,20.356851365657526,14.005256489968344,0.107546238538136
2.0,611.5637399999999,33.25,25.3077788193326,24.487337653912437,22.965581135432508,20.340009992423237,13.989483035788783,0.10933335868549678
2.0,611.5637399999999,33.5,25.28393419955752,24.467058284940453,22.947559384943492,20.323307821498666,13.973850958239892,0.11111265231379522
2.0,611.5637399999999,33.75,25.260421314729356,24.446972650043953,22.929678808446173,20.30673365395907,13.958356719786721,0.11290601521877755
2.0,611.5637399999999,34.0,25.237229277927437,24.427076474281257,22.911936894488022,20.29028472050262,13.942996325065595,0.11468916135658594
2.0,611.5637399999999,34.25,25.214347586008763,24.407368034177775,22.89433371527788,20.273960364554696,13.927765497418294,0.11648396410136387
2.0,611.5637399999999,34.5,25.191766058349593,24.387843696257946,22.876867218445497,20.257758381600535,13.912660433845211,0.11827239028657369
2.0,611.5637399999999,34.75,25.169474958009932,24.368501477985284,22.85953704827605,20.241677918490506,13.897677827026088,0.12006799655402453
2.0,611.5637399999999,35.0,25.147465049842875,24.349333298072604,22.84233628563765,20.22571310048816,13.882814772477161,0.1218617589619473
2.0,611.5637399999999,35.25,25.125727590602857,24.33033032999537,22.82525720017701,20.20985737617866,13.868068298344618,0.12365809875895711
2.0,611.5637399999999,35.5,25.104254186439537,24.311488490574355,22.808297074064505,20.194108062240367,13.853434982076747,0.12545426929116119
2.0,611.5637399999999,35.75,25.083036642243158,24.292803772904218,22.791453183864274,20.178462529476068,13.838911288870714,0.12725294209633914
2.0,611.5637399999999,36.0,25.062066965237562,24.274273878368096,22.77472456805381,20.16291954759443,13.824493885332805,0.12905141766308625
2.0,611.5637399999999,36.25,25.04133743023613,24.25589679790068,22.758110506480328,20.147478124008167,13.810179782069202,0.1308524258587343
2.0,611.5637399999999,36.5,25.020840646749463,24.237668788262187,22.741608368616447,20.13213581895216,13.795966384723105,0.13265368125460705
2.0,611.5637399999999,36.75,25.000569595558172,24.219586190333725,22.7252155781847,20.116890243423274,13.781851313502113,0.13445662015011897
2.0,611.5637399999999,37.0,24.980517599205257,24.20164702692748,22.708931316533505,20.101740399860624,13.767832268658317,0.13625991995431624
2.0,611.5637399999999,37.25,24.960678281065093,24.183849462647856,22.692754860625534,20.0866854115566,13.75390712822499,0.138064801228604
2.0,611.5637399999999,37.5,24.94104556784693,24.166188474733637,22.67668202382717,20.071721727494577,13.740074004807283,0.13987065252987801
2.0,611.5637399999999,37.75,24.921613687424394,24.148659328810695,22.66070891355587,20.056846003016904,13.726330976621217,0.14167728382471637
2.0,611.5637399999999,38.0,24.902377093282233,24.131256534358414,22.644830790689205,20.042054227850638,13.71267591106356,0.14348402027409604
2.0,611.5637399999999,38.25,24.88333038079166,24.11397430888829,22.62904257313691,20.027342105518706,13.699106425834383,0.1452934056919052
2.0,611.5637399999999,38.5,24.864468223339333,24.096812135984017,22.613344808912927,20.012709737685938,13.68561989583612,0.1470986252337513
2.0,611.5637399999999,38.75,24.845785350851635,24.079772884832764,22.59774160917876,19.99816009350254,13.672213903217397,0.14891157226420196
2.0,611.5637399999999,39.0,24.82727666221747,24.062853426021956,22.582230551124564,19.98369109977064,13.658886749261136,0.15071854988484124
2.0,611.5637399999999,39.25,24.80893738147957,24.046048664369817,22.56680710120624,19.969298989632296,13.645637096154873,0.1525335068970693
2.0,611.5637399999999,39.5,24.79076303173578,24.029356593672215,22.55147005159572,19.954982582243368,13.632463417343256,0.15434000583935634
2.0,611.5637399999999,39.75,24.772749309857172,24.012776613361954,22.536219662346355,19.94074188914625,13.619364096284095,0.1561576546075611
2.0,611.5637399999999,40.0,24.754892056588908,23.9963066597591,22.521054569041695,19.926575681395015,13.606337711235867,0.1579650329454875
2.0,611.5637399999999,40.25,24.73718729650549,23.9799392527112,22.505967539245837,19.912478102333417,13.593382965523443,0.15978450613117393
2.0,611.5637399999999,40.5,24.71963121558876,23.963672531859103,22.490957437096547,19.898448026363862,13.580498192948893,0.16159493809572748
2.0,611.5637399999999,40.75,24.702220039463754,23.94750413443855,22.476022521904085,19.884483894820256,13.56768150852693,0.16341234352876235
2.0,611.5637399999999,41.0,24.68495001930058,23.93143217858553,22.461161544205915,19.87058454152852,13.554931110960407,0.16522643852927538
2.0,611.5637399999999,41.25,24.667817480416723,23.91545764341849,22.446376319923814,19.85675123547025,13.542245341813704,0.1670414605452795
2.0,611.5637399999999,41.5,24.650818870355028,23.899581871075945,22.431669004519325,19.842985569378,13.529622914482163,0.1688587947917782
2.0,611.5637399999999,41.75,24.63395084405804,23.883800577863745,22.417035622093664,19.829284321427046,13.517063018845674,0.17067417600492002
2.0,611.5637399999999,42.0,24.617210311862014,23.868107695659234,22.402470290099263,19.815642702773044,13.504564819484312,0.17249377186788775
2.0,611.5637399999999,42.25,24.600594331044512,23.852501918963963,22.3879723034808,19.80205998127298,13.492126990526282,0.17430565316639343
2.0,611.5637399999999,42.5,24.584099961230557,23.836984690335107,22.373543885727948,19.78853779180213,13.479748031600254,0.17612886387328947
2.0,611.5637399999999,42.75,24.567724279356586,23.821554598697887,22.359184106660866,19.77507532188597,13.467426783465912,0.17794332586879666
2.0,611.5637399999999,43.0,24.551464490664987,23.80620798493264,22.344889590738912,19.761669803654762,13.455162343671342,0.17976558594240405
2.0,611.5637399999999,43.25,24.535317947902595,23.790943074319827,22.330659017819876,19.748320070591262,13.44295369604211,0.1815830852610528
2.0,611.5637399999999,43.5,24.519282082338112,23.775759088340102,22.316492123605308,19.735025810302474,13.430799713998129,0.18340251071777047
2.0,611.5637399999999,43.75,24.503354378341786,23.76065523318627,22.30238859844438,19.721786693872005,13.418699353980227,0.18522319033223156
2.0,611.5637399999999,44.0,24.487532401216214,23.74562964023577,22.288346942765518,19.70860145496721,13.406651711480835,0.18704059787829697
2.0,611.5637399999999,44.25,24.47181381784402,23.730679249070867,22.274364352923353,19.695467779185478,13.394655909379974,0.18886412493374516
2.0,611.5637399999999,44.5,24.456196374772205,23.715802968625596,22.260440170547707,19.68238504212698,13.382710938089428,0.19067998137301143
2.0,611.5637399999999,44.75,24.440677854478807,23.700997611912907,22.246571424358418,19.66935079159768,13.370815735458708,0.1925049342949919
2.0,611.5637399999999,45.0,24.425256067784783,23.6862619614709,22.23275729430029,19.656364265634515,13.358969152777362,0.19432442643230463
2.0,611.5637399999999,45.25,24.409928838058295,23.67159535012722,22.21899753248342,19.64342517475931,13.347170016168496,0.196144909914314
2.0,611.5637399999999,45.5,24.39469401460678,23.656997183623307,22.20529194766039,19.630533287889463,13.33541728201168,0.19796808231208793
2.0,611.5637399999999,45.75,24.37954951206072,23.642466490146827,22.191639919080906,19.61768803970433,13.323710067715378,0.1997849859231763
2.0,611.5637399999999,46.0,24.364493336171897,23.628001600160697,22.17804005358802,19.604888249036943,13.31204759525141,0.20161142327899337
2.0,611.5637399999999,46.25,24.349523582092377,23.61360163639722,22.16449181966308,19.59213341827651,13.30042909341593,0.20343088199354836
2.0,611.5637399999999,46.5,24.33463841354644,23.599265228521762,22.15099412997075,19.57942261530679,13.28885380572579,0.20525417637063192
2.0,611.5637399999999,46.75,24.319836054766565,23.584991246413843,22.137546152742843,19.56675511081843,13.27732099118502,0.2070770088886685
2.0,611.5637399999999,47.0,24.30511478401652,23.570778502188503,22.124146981119615,19.554130119007166,13.265829914585716,0.20889617030862526
2.0,611.5637399999999,47.25,24.290472928185917,23.556624521478078,22.1107942906742,19.541545717517216,13.254379842197737,0.21072231144973694
2.0,611.5637399999999,47.5,24.275908853016038,23.54252857107188,22.097487667450263,19.529001497933177,13.242969945003471,0.21254211778199059
2.0,611.5637399999999,47.75,24.26142093781739,23.528491071594775,22.084227937840605,19.51649806404415,13.23159938054208,0.21436600790880553
2.0,611.5637399999999,48.0,24.247007589255155,23.51451193540774,22.071015345189473,19.50403557515743,13.220267485352501,0.21618928609231297
2.0,611.5637399999999,48.25,24.232667289300416,23.5005899783615,22.057848920762332,19.491613223099147,13.208973783308751,0.21800964791534358
2.0,611.5637399999999,48.5,24.21839861614076,23.486722927521672,22.044726503907206,19.479229232570525,13.19771783131437,0.21983582361809956
2.0,611.5637399999999,48.75,24.20420021612586,23.472910123471696,22.031647710657992,19.4668832397973,13.18649905590788,0.22165589549523484
2.0,611.5637399999999,49.0,24.190070756863655,23.459149584980043,22.018610687256295,19.454573712236574,13.175316816696329,0.22348086787452928
2.0,611.5637399999999,49.25,24.17600891630273,23.445440176477284,22.00561451179705,19.442299851490226,13.164170409415933,0.22530436144211058
2.0,611.5637399999999,49.5,24.16201337272601,23.431781352503062,21.992658897195152,19.4300613743064,13.153059080279412,0.22712373164753208
2.0,611.5637399999999,49.75,24.14808280705841,23.41817285423081,21.97974385575744,19.417858247064732,13.141982128151522,0.2289507070455826
2.0,611.5637399999999,50.0,24.13421592670206,23.404614117074736,21.966869050315445,19.405690162629522,13.130938961503778,0.23077196089548088
2.0,611.5637399999999,50.25,24.120411489277632,23.391104173352026,21.954033694273903,19.39355645248136,13.119929073898572,0.2325955567220403
2.0,611.5637399999999,50.5,24.106668307650132,23.37764215434497,21.94123710732048,19.381456530647693,13.108951976660821,0.23442000185653866
2.0,611.5637399999999,50.75,24.092985238032295,23.364227535660575,21.928478981599472,19.369390113105545,13.098007174507718,0.2362389362694056
2.0,611.5637399999999,51.0,24.079361170453517,23.350860113052548,21.9157593514421,19.35735719841883,13.087094197946938,0.23806618092751083
2.0,611.5637399999999,51.25,24.06579503241191,23.337539382865742,21.90307791051595,19.3453575183864,13.076212645227667,0.23988817228111042
2.0,611.5637399999999,51.5,24.05228579907331,23.324264041759132,21.890433467597195,19.33339009043884,13.065362163363668,0.24171106865099218
2.0,611.5637399999999,51.75,24.038832490429332,23.311032700804365,21.877824740721998,19.32145384854245,13.054542355053973,0.2435359021831378
2.0,611.5637399999999,52.0,24.02543414716909,23.297844901195926,21.865251471097743,19.30954854840663,13.04375272942839,0.2453555812111
2.0,611.5637399999999,52.25,24.0120898103229,23.284699591475093,21.852712733285347,19.29767341512683,13.032992777966102,0.24718145317909826
2.0,611.5637399999999,52.5,23.998798526344373,23.271596238632547,21.840208171932858,19.28582812906215,13.022261992039747,0.24900422529005914
2.0,611.5637399999999,52.75,23.985559351390098,23.258534467772783,21.82773759600883,19.274012508267504,13.011559876890862,0.2508248983593539
2.0,611.5637399999999,53.0,23.97237135878722,23.24551402307348,21.8153009371903,19.26222647441007,13.00088599087211,0.25265057802169927
2.0,611.5637399999999,53.25,23.959233651409697,23.232534495958344,21.80289795076392,19.25046981081025,12.990239958481967,0.2544712922542129
2.0,611.5637399999999,53.5,23.946145370774637,23.219593950057263,21.7905267024829,19.23874093165959,12.979621443739592,0.2562952067754354
2.0,611.5637399999999,53.75,23.93310569053387,23.20669119916964,21.778186099091428,19.227038911786597,12.969030010894215,0.25811875873496243
2.0,611.5637399999999,54.0,23.92011378127124,23.19382588521709,21.76587595510221,19.215363562624827,12.958465107315282,0.25993779356354874
2.0,611.5637399999999,54.25,23.907168794156156,23.180997066558053,21.753595427487657,19.2037141704505,12.947926184099105,0.2617632278767823
2.0,611.5637399999999,54.5,23.894269876305977,23.168204344157697,21.74134427189497,19.19209050132712,12.937412712218833,0.2635854287400566
2.0,611.5637399999999,54.75,23.881416180751412,23.155447509772973,21.729122445287665,19.180492489941,12.926924195190933,0.2654048511350757
2.0,611.5637399999999,55.0,23.868606877294116,23.142727001987648,21.716930610992286,19.16892065030854,12.916460212616009,0.26723000315952966
2.0,611.5637399999999,55.25,23.855841169992594,23.130042493306266,21.7047685722302,19.157374811002963,12.906020471072246,0.2690506762684671
2.0,611.5637399999999,55.5,23.843118317135662,23.117393313965096,21.692635754994217,19.14585449151634,12.895604757947527,0.27087269120161245
2.0,611.5637399999999,55.75,23.830437628765228,23.104778820788752,21.680531616171066,19.13435923335006,12.885212852085303,0.2726958269481552
2.0,611.5637399999999,56.0,23.81779844706924,23.09219870472269,21.668455980270224,19.122888877157706,12.87484449828462,0.27451465333780495
2.0,611.5637399999999,56.25,23.80520013210598,23.079650883436063,21.656406704247015,19.11144166658628,12.864499426942295,0.27633873218646077
2.0,611.5637399999999,56.5,23.792642052645036,23.06713481820487,21.644383369696833,19.10001722446051,12.85417724136243,0.2781602113455735
2.0,611.5637399999999,56.75,23.780123555924284,23.054650240781655,21.632385843821442,19.08861541569067,12.843877457932923,0.2799783110185421
2.0,611.5637399999999,57.0,23.767643966442094,23.042196905631137,21.620414009822547,19.0772361229768,12.833599630443256,0.28180251388979366
2.0,611.5637399999999,57.25,23.75520260948627,23.029774554050636,21.608467730338397,19.065879214337727,12.823343377802514,0.28362281035606174
2.0,611.5637399999999,57.5,23.742798828876417,23.017382748564135,21.596546665612884,19.05454439438055,12.813108374325402,0.28544223722595513
2.0,611.5637399999999,57.75,23.7304319939435,23.005020807162566,21.58465020345465,19.043231144676724,12.802894320934994,0.28726499275802075
2.0,611.5637399999999,58.0,23.71810149628008,22.99268848736865,21.572778219008274,19.03193934105158,12.79270090924876,0.28908398650650036
2.0,611.5637399999999,58.25,23.705806741707878,22.98038522779553,21.560930227390706,19.020668570736667,12.782527838917328,0.2909043926624789
2.0,611.5637399999999,58.5,23.693547150209728,22.968110504552378,21.549105785131086,19.009418452263436,12.772374815842097,0.29272579190156217
2.0,611.5637399999999,58.75,23.68132215403705,22.955864092517466,21.537304777657486,18.99818887236817,12.76224153879782,0.29454357088296534
2.0,611.5637399999999,59.0,23.66913119523449,22.94364532377944,21.525526593622086,18.98697931623829,12.752127721991162,0.2963647299065435
2.0,611.5637399999999,59.25,23.65697372821394,22.931453825150626,21.51377095010652,18.975789532627065,12.742033076712866,0.2981848560367956
2.0,611.5637399999999,59.5,23.644849216408055,22.91928938784566,21.502037741946882,18.964619417902373,12.731957310774849,0.30000149889755445
2.0,611.5637399999999,59.75,23.632757132151937,22.907150757804196,21.49032569958296,18.953467919986494,12.721900150936872,0.30182319826008924
2.0,611.5637399999999,60.0,23.62069695768202,22.895037666149314,21.478634655920658,18.94233487386201,12.711861271476002,0.30364220977652495
2.0,611.5637399999999,60.25,23.60866817040975,22.88294990597435,21.466964502950038,18.931220170322682,12.701840318798562,0.3054582346147643
2.0,611.5637399999999,60.5,23.596670244276883,22.870886729745642,21.455314527527033,18.920123208004117,12.691836973471304,0.3072795135390661
2.0,611.5637399999999,60.75,23.584702660274647,22.858847958347994,21.443684650626786,18.909043897592603,12.681850915599297,0.3090976434950289
2.0,611.5637399999999,61.0,23.572764904922074,22.846833463486398,21.43207484247378,18.8979821955556,12.67188183770556,0.3109135914799063
2.0,611.5637399999999,61.25,23.5608564747566,22.834843435060627,21.420485422171666,18.886938346999006,12.661929480755322,0.31273387906773176
2.0,611.5637399999999,61.5,23.548976887032723,22.822877700714006,21.408916299204982,18.87591226895234,12.651993657690916,0.3145509700694098
2.0,611.5637399999999,61.75,23.537125690443887,22.810935876699414,21.3973671482632,18.864903685806986,12.642074229443446,0.31636773646230953
2.0,611.5637399999999,62.0,23.5253024641329,22.79901740748432,21.38583745416555,18.85391216493793,12.632171054943145,0.3181865958093928
2.0,611.5637399999999,62.25,23.51350680628055,22.78712212918548,21.374327138312513,18.842937628811324,12.622283961125104,0.3200023909257812
2.0,611.5637399999999,62.5,23.501738322771327,22.775249267570846,21.362835438539403,18.831979444255946,12.612412763607436,0.3218196287068541
2.0,611.5637399999999,62.75,23.489996624381142,22.76339822480671,21.35136179348425,18.82103713513522,12.602557243025487,0.32363718040422773
2.0,611.5637399999999,63.0,23.478281318050843,22.751568852465176,21.339906140026567,18.810110632361777,12.59271713255163,0.3254518765289777
2.0,611.5637399999999,63.25,23.46659200180646,22.739760911449345,21.328468307500664,18.799199783314393,12.582892170128991,0.3272689662800716
2.0,611.5637399999999,63.5,23.454928273229484,22.727974221077137,21.317048187778713,18.788304486797383,12.573082122051426,0.3290854020129395
2.0,611.5637399999999,63.75,23.4432897380111,22.716208642347578,21.305645716112437,18.77742467848141,12.563286781313778,0.3308990247854012
2.0,611.5637399999999,64.0,23.43167601462158,22.70446348591436,21.294260212704238,18.76655979109925,12.553505965139225,0.332716270538853
2.0,611.5637399999999,64.25,23.42008673462319,22.692738563009463,21.282891559460953,18.755709711362734,12.54373946991682,0.33453146152674684
2.0,611.5637399999999,64.5,23.408521533533918,22.68103354961869,21.271539482476502,18.74487420231697,12.533987079419385,0.3363446240313172
2.0,611.5637399999999,64.75,23.396980049226787,22.669346523866654,21.26020192864427,18.734051565620906,12.524248572860854,0.3381612241135265
2.0,611.5637399999999,65.0,23.385461915945882,22.65767736727609,21.248878871356705,18.723241742126916,12.51452359829286,0.33997550014881883
2.0,611.5637399999999,65.25,23.373966735665437,22.646025969677538,21.237570277883435,18.7124446807816,12.504811741323444,0.3417874563950305
2.0,611.5637399999999,65.5,23.36249408377575,22.634393707951542,21.226277765698928,18.70166168862695,12.495112653171033,0.3436030101869012
2.0,611.5637399999999,65.75,23.351043541247652,22.622780596747848,21.21500141263602,18.690892831872507,12.48542617363352,0.3454164796665609
2.0,611.5637399999999,66.0,23.339614737758257,22.611185975676108,21.20374055116635,18.680137558080546,12.47575227652299,0.3472289715670717
2.0,611.5637399999999,66.25,23.328207356406566,22.59960823034117,21.192493459840104,18.66939444029578,12.466090902163474,0.34904343229032275
2.0,611.5637399999999,66.5,23.316821098929488,22.58804725377141,21.18126011187112,18.65866342716891,12.456441832470103,0.3508556742326696
2.0,611.5637399999999,66.75,23.305455644328728,22.57650281478848,21.170040329383628,18.64794435524839,12.44680477515225,0.3526671042469766
2.0,611.5637399999999,67.0,23.29411064866609,22.564974410793326,21.15883362912068,18.63723681064016,12.437179458093317,0.35448068927855575
2.0,611.5637399999999,67.25,23.282785760388943,22.55346194740509,21.14763998413665,18.626540750573046,12.427565612961558,0.3562921596767511
2.0,611.5637399999999,67.5,23.271480625309618,22.541965274065962,21.136459299403114,18.615856080212918,12.417962990275068,0.3581026624857802
2.0,611.5637399999999,67.75,23.260194893667293,22.530484080451515,21.125291299733448,18.605182557324397,12.408371374209143,0.35991534122952384
2.0,611.5637399999999,68.0,23.248928225940766,22.519018278213025,21.114135957815773,18.594520142160352,12.398790563864539,0.36172596339567975
2.0,611.5637399999999,68.25,23.237680292706962,22.507567569037718,21.10299300874315,18.583868602569105,12.389220376205662,0.3635358393595502
2.0,611.5637399999999,68.5,23.22645077557634,22.496131256609157,21.09186174440392,18.573227340281022,12.37966063499066,0.36534748114203913
2.0,611.5637399999999,68.75,23.215239363291257,22.48470925807921,21.080742145795423,18.562596317980706,12.370111127414823,0.3671572231984242
2.0,611.5637399999999,69.0,23.204045741793493,22.47330148384162,21.069634180056976,18.55197549270152,12.36057163396415,0.36896603448566617
2.0,611.5637399999999,69.25,23.19286959725738,22.461907816224553,21.058537780341616,18.54136479536496,12.35104196626385,0.3707767403897508
2.0,611.5637399999999,69.5,23.181710624578514,22.450528178257038,21.047452923648066,18.5307641939619,12.34152196474219,0.37258556092015105
2.0,611.5637399999999,69.75,23.170568531580503,22.439162308476046,21.036379379078767,18.52017348705112,12.332011493540366,0.37439391632852953
2.0,611.5637399999999,70.0,23.159443039933755,22.42780973881704,21.025316685973213,18.509592282718206,12.322510420880675,0.37620343339808693
2.0,611.5637399999999,70.25,23.14833388043666,22.416470396036168,21.014264826867443,18.499020550931014,12.313018590846045,0.37801117724058464
2.0,611.5637399999999,70.5,23.137240785591928,22.405143857045097,21.00322338914118,18.488457940281783,12.303535843108454,0.3798189034297465
2.0,611.5637399999999,70.75,23.12616348977496,22.393829583607634,20.992191833980964,18.47790399172497,12.294062007745614,0.3816272609294989
2.0,611.5637399999999,71.0,23.11510172605607,22.38252750846901,20.98117015050575,18.46735867775771,12.284596880714862,0.3834339998707925
2.0,611.5637399999999,71.25,23.104055220820936,22.371237238916944,20.970157958752903,18.45682167125485,12.275140257090259,0.38524076757620673
2.0,611.5637399999999,71.5,23.09302369790414,22.35995829181575,20.959154779483423,18.44629255987357,12.265691933493743,0.3870480870730064
2.0,611.5637399999999,71.75,23.082006879214603,22.34869060589117,20.94816060612082,18.435771317924125,12.256251685648955,0.3888539274421928
2.0,611.5637399999999,72.0,23.071004481861397,22.337433871272435,20.937175149118325,18.425257690675217,12.246819297277655,0.3906594847951148
2.0,611.5637399999999,72.25,23.060016223018724,22.326187563091825,20.926197879522345,18.414751223840174,12.23739456330346,0.3924658358707555
2.0,611.5637399999999,72.5,23.049041821170547,22.31495162479799,20.915228794451412,18.404251892884602,12.227977259825394,0.3942708406819157
2.0,611.5637399999999,72.75,23.038080991861104,22.303725986567976,20.904267870919284,18.393759661348795,12.218567170401005,0.3960749975899068
2.0,611.5637399999999,73.0,23.027133452510597,22.29251051312939,20.893315010602524,18.38327443222451,12.209164112347725,0.39788039572504963
2.0,611.5637399999999,73.25,23.01619892970399,22.281305152148377,20.882370207218578,18.372796184786644,12.199767928985265,0.3996844657500249
2.0,611.5637399999999,73.5,23.00527716184988,22.270109708586183,20.871433292912503,18.362324767121436,12.19037848617247,0.4014878680103457
2.0,611.5637399999999,73.75,22.99436790002371,22.258923678306743,20.860503754653067,18.351859742022114,12.180995658234869,0.4032920535068266
2.0,611.5637399999999,74.0,22.98347090415345,22.247747010599454,20.84958159040283,18.341401089597838,12.171619293774356,0.4050950222289967
2.0,611.5637399999999,74.25,22.972585934761003,22.236579358040064,20.838666461528838,18.330948516780026,12.162249234646112,0.4068975258202469
2.0,611.5637399999999,74.5,22.96171275302883,22.225420017307847,20.827757633083607,18.320501400682506,12.152885317093567,0.40870051648437505
2.0,611.5637399999999,74.75,22.95085111815737,22.214268940993065,20.8168551091269,18.310059721749955,12.14352733125981,0.41050246642655036
2.0,611.5637399999999,75.0,22.940000778851484,22.203126068187707,20.805958872026196,18.29962344829684,12.134175058973037,0.41230359066768074
2.0,611.5637399999999,75.25,22.929161478612752,22.191991212304337,20.79506876101471,18.289192431986006,12.124828314270058,0.4141055135319687
2.0,611.5637399999999,75.5,22.918332965496436,22.180864330904132,20.78418477669858,18.278766656907457,12.115486933275175,0.4159064233180596
2.0,611.5637399999999,75.75,22.907514995480202,22.169745153603,20.773306662030276,18.2683458967126,12.106150772242593,0.41770676124482037
2.0,611.5637399999999,76.0,22.8967073338868,22.158632983528534,20.7624336840122,18.25792953015162,12.096819689364986,0.4195073924536922
2.0,611.5637399999999,76.25,22.885909750256793,22.147527778854297,20.75156584912387,18.2475175396727,12.087493497859171,0.42130717340376495
2.0,611.5637399999999,76.5,22.875122007168947,22.136429431374502,20.740703083272354,18.237109847059287,12.078171998640771,0.42310628174182274
2.0,611.5637399999999,76.75,22.864343863046294,22.125337446266695,20.729844877758307,18.226706015975267,12.068855014619238,0.4249057259770201
2.0,611.5637399999999,77.0,22.85357507819908,22.114251785186287,20.718991239229144,18.216306030596435,12.059542358709942,0.42670441478095045
2.0,611.5637399999999,77.25,22.842815411900034,22.10317235525249,20.708142108508962,18.205909825086962,12.0502338477147,0.4285024398610453
2.0,611.5637399999999,77.5,22.832064625335583,22.092098566754725,20.69729686841187,18.195516873543653,12.040929320418549,0.4303006235507598
2.0,611.5637399999999,77.75,22.821322484528725,22.081030383052383,20.68645552717316,18.185127160134865,12.03162859523994,0.4320981623911164
2.0,611.5637399999999,78.0,22.8105887537112,22.069967739497407,20.675618056373345,18.17474064381511,12.022331486935379,0.433895087215112
2.0,611.5637399999999,78.25,22.799863197373647,22.058910024038596,20.664783812238,18.164356776521075,12.013037833629959,0.4356919792220285
2.0,611.5637399999999,78.5,22.78914558426438,22.047857201749636,20.65395280411967,18.153975542711784,12.003747452883335,0.43748833623626104
2.0,611.5637399999999,78.75,22.778435680870036,22.036809237692864,20.643125035961482,18.14359692757617,11.994460157636837,0.43928415792411385
2.0,611.5637399999999,79.0,22.767733253576267,22.025765482441155,20.6322998204963,18.133220346955987,11.985175786520555,0.4410797204021205
2.0,611.5637399999999,79.25,22.757038073216698,22.01472590244306,20.621477168037757,18.12284578526343,11.975894156095519,0.44287485956853523
2.0,611.5637399999999,79.5,22.7463499079639,22.003690436705853,20.610657052501956,18.112473202267374,11.966615075950502,0.4446695693662137
2.0,611.5637399999999,79.75,22.735668525099065,21.992658459543637,20.599838812531676,18.102102034154253,11.957338379426771,0.4464637728555566
2.0,611.5637399999999,80.0,22.72499369545964,21.981629938733477,20.589022458977894,18.091732265310064,11.948063878833372,0.4482576653365569
2.0,611.5637399999999,80.25,22.714325186990923,21.970604844789637,20.57820800025965,18.081363883423275,11.93879138180547,0.45005124500989324
2.0,611.5637399999999,80.5,22.703662767108135,21.959582563273734,20.567394786169256,18.070996333676113,11.929520723031647,0.45184409275982856
2.0,611.5637399999999,80.75,22.693006207737252,21.94856300184996,20.55658275899343,18.060629543593436,11.92025171843793,0.45363669055993
2.0,611.5637399999999,81.0,22.682355278664733,21.93754613166423,20.545771927754135,18.050263500189683,11.910984174287142,0.45542909159518213
2.0,611.5637399999999,81.25,22.67170974833483,21.926531412951633,20.53496172534439,18.039897716521782,11.901717920500865,0.4572205793047848
2.0,611.5637399999999,81.5,22.661069388890034,21.915518727773474,20.524152063724014,18.029532095443905,11.892452774572376,0.45901184017185165
2.0,611.5637399999999,81.75,22.65043397131612,21.904508047862922,20.51334295189641,18.019166623483688,11.88318854672567,0.460803011429604
2.0,611.5637399999999,82.0,22.63980326610013,21.89349880202645,20.50253378650022,18.008800783334895,11.873925068769266,0.4625932297470934
2.0,611.5637399999999,82.25,22.629177047381035,21.88249073636385,20.491724326472468,17.99843435053482,11.86466215567813,0.46438310215437584
2.0,611.5637399999999,82.5,22.618555086640026,21.871483822064242,20.480914581598253,17.988067309624178,11.855399601543288,0.4661730233492273
2.0,611.5637399999999,82.75,22.60793715082436,21.860477654258855,20.47010413550996,17.97769929613395,11.846137216391243,0.46796179410264394
2.0,611.5637399999999,83.0,22.597323007806416,21.849472076686236,20.45929285457004,17.967330175260937,11.836874810977347,0.46975027733904595
2.0,611.5637399999999,83.25,22.586712425623567,21.838467061421362,20.4484807471255,17.956959931568093,11.827612195680144,0.4715388986935354
2.0,611.5637399999999,83.5,22.576105173537005,21.827462194687744,20.43766738516799,17.94658819141779,11.818349202081233,0.4733264560119197
2.0,611.5637399999999,83.75,22.56550102585204,21.81645719259619,20.42685249053082,17.9362147008212,11.809085657644946,0.47511342995055017
2.0,611.5637399999999,84.0,22.554899757993216,21.80545202626779,20.416036071351613,17.92583944269605,11.799821374322413,0.4769006571738318
2.0,611.5637399999999,84.25,22.544301143831753,21.794446309983343,20.405217731005976,17.915462068737806,11.79055617585426,0.4786870430969742
2.0,611.5637399999999,84.5,22.533704959192033,21.783439591589467,20.394397001392512,17.905082167801346,11.78128988297887,0.48047245714739495
2.0,611.5637399999999,84.75,22.523110979049438,21.7724318404943,20.383573890571597,17.89469971987018,11.772022289436656,0.4822582655126748
2.0,611.5637399999999,85.0,22.512518972728113,21.761422807096082,20.372748155510287,17.88431450177975,11.762753193735513,0.48404332922948307
2.0,611.5637399999999,85.25,22.50192870832472,21.75041214202899,20.361919441976806,17.87392619682999,11.753482406771047,0.4858271811584808
2.0,611.5637399999999,85.5,22.491339955073116,21.739399814792616,20.351087755998243,17.863534784242265,11.744209732441943,0.48761152387663026
2.0,611.5637399999999,85.75,22.48075248173271,21.72838552354073,20.340252794459776,17.85313999132579,11.734934985603632,0.4893955000252501
2.0,611.5637399999999,86.0,22.470166059583274,21.71736849448832,20.32941372512032,17.842741105478073,11.725657983945492,0.491177686186756
2.0,611.5637399999999,86.25,22.45958045956945,21.706348692508893,20.31857055430341,17.832338099521817,11.716378496388694,0.4929605480189642
2.0,611.5637399999999,86.5,22.44899544158705,21.695326043921884,20.30772323805413,17.82193091123403,11.70709628067486,0.49474294983278
2.0,611.5637399999999,86.75,22.43841075893262,21.684300426763723,20.29687167611186,17.81151943321044,11.697811127628817,0.49652357926814256
2.0,611.5637399999999,87.0,22.427826168463977,21.67327180972227,20.28601586971296,17.80110364229761,11.688522856306935,0.49830490565063384
2.0,611.5637399999999,87.25,22.417241435427297,21.662240020909582,20.2751556599059,17.79068338501691,11.679231312061228,0.5000865662486821
2.0,611.5637399999999,87.5,22.40665633576086,21.651203610115566,20.264289448543977,17.780257317470912,11.669936345912408,0.5018653115864053
2.0,611.5637399999999,87.75,22.396070648418874,21.640162533461847,20.253417239610673,17.769825401524734,11.660637703748419,0.503645039892038
2.0,611.5637399999999,88.0,22.38548412962085,21.629116755848855,20.2425390356002,17.759387608720345,11.651335078382278,0.5054247021853762
2.0,611.5637399999999,88.25,22.374896515052804,21.61806625007637,20.231654844220557,17.748943917441288,11.64202820419559,0.5072019793122383
2.0,611.5637399999999,88.5,22.364307538264406,21.60701098035586,20.220764661338166,17.738494297713732,11.632716865070076,0.5089802346533591
2.0,611.5637399999999,88.75,22.353716942172017,21.595950831398326,20.209868391898972,17.728038645739538,11.623400885227085,0.5107589210827644
2.0,611.5637399999999,89.0,22.343124483448698,21.58488514267233,20.19896532620172,17.717576350005693,11.614080109767524,0.5125343178670893
2.0,611.5637399999999,89.25,22.33252992930685,21.573813872158546,20.188055459323767,17.7071073744354,11.604754351696508,0.5143108220079062
2.0,611.5637399999999,89.5,22.321933045820067,21.562736980429673,20.177138783854716,17.696631686774328,11.595423412792256,0.5160884343072918
2.0,611.5637399999999,89.75,22.311333598476352,21.551653741917715,20.166214516421654,17.68614861546612,11.586087118134762,0.5178619294007692
2.0,611.5637399999999,90.0,22.300731356325112,21.54056410758367,20.15528264520263,17.67565811785571,11.576745263604286,0.5196366311588688
2.0,611.5637399999999,90.25,22.290126083640253,21.52946803477051,20.14434315964138,17.665160158261887,11.567397633161821,0.521412568189942
2.0,611.5637399999999,90.5,22.27951754171455,21.518364004511362,20.13339438086753,17.654653324108992,11.558044030919548,0.5231847330141893
2.0,611.5637399999999,90.75,22.268905490308324,21.507251762275168,20.122436076419703,17.6441373773176,11.548684165676054,0.5249577374131061
2.0,611.5637399999999,91.0,22.258289664439367,21.496131267714123,20.111468246552537,17.633612280171718,11.539317678725315,0.5267319705452526
2.0,611.5637399999999,91.25,22.247669773499158,21.48500272247479,20.100491159367593,17.62307822024912,11.52994424878996,0.5285019564990485
2.0,611.5637399999999,91.5,22.237045521698157,21.473866078371614,20.08950479491492,17.61253515228976,11.520563631788312,0.5302734363967363
2.0,611.5637399999999,91.75,22.22641662688372,21.462721286386888,20.0785091326523,17.601983030303906,11.511175644287915,0.5320464134578347
2.0,611.5637399999999,92.0,22.215782826772525,21.45156694089664,20.067502618962948,17.591420543069535,11.501780127215723,0.5338146617260893
2.0,611.5637399999999,92.25,22.205143871230877,21.440402910788197,20.056485158700408,17.580847565678514,11.492376829291294,0.5355843550144974
2.0,611.5637399999999,92.5,22.194499494900313,21.429229135649663,20.045456727040214,17.570264041040655,11.48296544125992,0.5373554835881627
2.0,611.5637399999999,92.75,22.183849415004833,21.41804557293024,20.03441731558305,17.55966992877953,11.473545687171374,0.53912174406163
2.0,611.5637399999999,93.0,22.173193347100444,21.406852163359087,20.023366894825504,17.549065172894707,11.464117337600381,0.5408897630064735
2.0,611.5637399999999,93.25,22.162531016108602,21.395648847668436,20.01230543410291,17.53844971782851,11.454680202296808,0.5426595451478169
2.0,611.5637399999999,93.5,22.151862160964935,21.384434501152896,20.001231696995944,17.527822513765468,11.445234113946892,0.5444239555486302
2.0,611.5637399999999,93.75,22.141186530578477,21.373209014009863,19.990145609260832,17.51718345628871,11.435778837898049,0.5461900789357813
2.0,611.5637399999999,94.0,22.13050386367213,21.36197231667745,19.979047134210735,17.506532480131042,11.426314099360948,0.5479581720945647
2.0,611.5637399999999,94.25,22.119813887812203,21.350724041430283,19.96793589477372,17.495869241575203,11.416839651554954,0.549720530989906
2.0,611.5637399999999,94.5,22.109116330316077,21.339464111949074,19.956811846201695,17.485193668231645,11.407355259859969,0.5514848141646779
2.0,611.5637399999999,94.75,22.09841092084583,21.328192457012236,19.945674946223406,17.474505693092087,11.397860705392747,0.5532511312206843
2.0,611.5637399999999,95.0,22.08769739485612,21.316907484900533,19.934523429775375,17.463803828557225,11.388355788693861,0.5550118487118193
2.0,611.5637399999999,95.25,22.07697549075193,21.30560898322111,19.923357114093598,17.453087871631247,11.37884020687641,0.5567742755075741
2.0,611.5637399999999,95.5,22.066244923343252,21.294296877439233,19.912175962241722,17.442357749305927,11.369313588973002,0.5585385426530589
2.0,611.5637399999999,95.75,22.05550538285882,21.282971307240512,19.90098017510277,17.43161358840412,11.359775601930256,0.5602969818455099
2.0,611.5637399999999,96.0,22.044756555000884,21.271632189589695,19.889769695828015,17.420855307779277,11.350225984177989,0.5620577227026489
2.0,611.5637399999999,96.25,22.03399813832216,21.260279416033843,19.878544439034556,17.410082802626018,11.340664529753148,0.5638205875913864
2.0,611.5637399999999,96.5,22.0232298497967,21.248911735239474,19.86730302390618,17.39929490025679,11.331091053844363,0.5655768693029172
2.0,611.5637399999999,96.75,22.012451417696692,21.237529044461592,19.85604538757407,17.388491499512757,11.321505292915285,0.567335679115909
2.0,611.5637399999999,97.0,22.001662558210537,21.22613123065659,19.844771446324803,17.377672491456323,11.311906939496312,0.5690962214406122
2.0,611.5637399999999,97.25,21.990862974618032,21.214718039661847,19.833480953724433,17.36683763517013,11.302295716317985,0.5708506081713745
2.0,611.5637399999999,97.5,21.980052369679782,21.203289370721556,19.822173837830064,17.35598683279079,11.292671370654391,0.5726075705294269
2.0,611.5637399999999,97.75,21.96923045119193,21.191844989364,19.810849872719324,17.34511986190024,11.28303367304482,0.5743663953102234
2.0,611.5637399999999,98.0,21.95839693500839,21.180383084915924,19.79950704476563,17.334235025323068,11.273382399153235,0.576118637331216
2.0,611.5637399999999,98.25,21.94755153712426,21.16890352700172,19.788145270047732,17.32333219330653,11.263717195728798,0.5778737981413197
2.0,611.5637399999999,98.5,21.93669394312689,21.157406320119645,19.776764604158572,17.312411363870094,11.254037641562492,0.5796292959022495
2.0,611.5637399999999,98.75,21.92582381111232,21.1458917286216,19.765365391680508,17.301472777851547,11.24434337394801,0.5813799671347265
2.0,611.5637399999999,99.0,21.91494079771557,21.13435963693877,19.753947538904413,17.29051632107373,11.234634124289212,0.5831334913619204
2.0,611.5637399999999,99.25,21.904044578821637,21.122809753961143,19.74251075447809,17.279541715159425,11.224909686429855,0.584887014068536
2.0,611.5637399999999,99.5,21.89313485288514,21.111241480399098,19.731054399438566,17.26854839393115,11.215169862963242,0.5866355687913525
2.0,611.5637399999999,99.75,21.882211331458755,21.09965468597628,19.719578373182355,17.257536230430063,11.20541442317331,0.5883871156391287
2.0,611.5637399999999,100.0,21.87127372684331,21.08804885892216,19.7080821372891,17.246504741993295,11.195643123709335,0.5901383517308914
2.0,611.5637399999999,100.25,21.860321750106237,21.076422957550108,19.696564554953987,17.235452948991536,11.18585570356492,0.5918848469657639
2.0,611.5637399999999,100.5,21.84935510517001,21.0647768304684,19.685025511031636,17.22438070326459,11.176051826376959,0.5936345851280899
2.0,611.5637399999999,100.75,21.83837347540564,21.053110351518463,19.673464910798486,17.213287880943913,11.166231132181554,0.5953826179646992
2.0,611.5637399999999,101.0,21.827376529898437,21.04142340215035,19.661882665012207,17.202174364843334,11.15639330032757,0.5971273510761408
2.0,611.5637399999999,101.25,21.816363938323423,21.029715833892773,19.65027864851833,17.19104000961358,11.146538053620485,0.5988753509481742
2.0,611.5637399999999,101.5,21.805335379789085,21.017987204417956,19.63865240097078,17.179884394931257,11.136665146617078,0.6006207707709244
2.0,611.5637399999999,101.75,21.794290544492906,21.00623705480124,19.627003446784396,17.168707084736297,11.12677433139823,0.602363491844792
2.0,611.5637399999999,102.0,21.78322912713968,20.99446522308098,19.615331650228796,17.1575079213767,11.116865337553762,0.6041096165394625
2.0,611.5637399999999,102.25,21.77215082082112,20.982670794786607,19.603636015288547,17.146286042799264,11.10693789266701,0.6058521552885391
2.0,611.5637399999999,102.5,21.76105531614386,20.970853024580467,19.591915748344338,17.13504074328316,11.0969916788882,0.607592982512331
2.0,611.5637399999999,102.75,21.74994228962891,20.95901172606425,19.58017069448187,17.12377183985905,11.087026311435991,0.6093374760666204
2.0,611.5637399999999,103.0,21.738811396019017,20.9471456869493,19.568399523204018,17.11247818782647,11.077041397092572,0.611076163186052
2.0,611.5637399999999,103.25,21.727662273463736,20.93525435930743,19.5566016740474,17.101159261175,11.067036491785586,0.6128155737857378
2.0,611.5637399999999,103.5,21.716494535724674,20.923337593909018,19.544777037117594,17.089814906732038,11.057011106117935,0.6145584891515364
2.0,611.5637399999999,103.75,21.705307773490755,20.911396959858244,19.532927455753605,17.07844658230774,11.046964796185591,0.6162928160395785
2.0,611.5637399999999,104.0,21.694101579820646,20.89943228146597,19.52105275468827,17.06705411501336,11.036897326216483,0.6180308015433709
2.0,611.5637399999999,104.25,21.682875596313963,20.887443140512023,19.509152494188648,17.055637104136526,11.026808598872304,0.6197714114808769
2.0,611.5637399999999,104.5,21.67162951689711,20.875426629199588,19.497223399830354,17.04419281583352,11.016698486723044,0.6215035147251793
2.0,611.5637399999999,104.75,21.66036304978898,20.863382496996582,19.48526527060954,17.032721002665024,11.006566604261268,0.6232398147868666
2.0,611.5637399999999,105.0,21.649075852677292,20.851311006334427,19.47327847087718,17.0212219014008,10.996412415236415,0.6249749526066204
2.0,611.5637399999999,105.25,21.637767531308793,20.839212701404563,19.46126367344636,17.00969601319274,10.98623546731268,0.6267060103155314
2.0,611.5637399999999,105.5,21.626437684247787,20.82708736324262,19.44922066854818,16.998143123707543,10.97603545937349,0.6284411112747538
2.0,611.5637399999999,105.75,21.615085937992163,20.814934545323148,19.437148991647383,16.98656280450952,10.965812171771598,0.6301724541305906
2.0,611.5637399999999,106.0,21.603711949096482,20.80275384144459,19.42504822881947,16.97495466575661,10.955565380225275,0.6319018237703742
2.0,611.5637399999999,106.25,21.592315389267608,20.790545013189274,19.41291815936232,16.96331847639275,10.94529483631429,0.6336353602147959
2.0,611.5637399999999,106.5,21.58089593484558,20.77830612200094,19.400756616764077,16.9516524109254,10.935000274430678,0.6353624655412043
2.0,611.5637399999999,106.75,21.569453257079676,20.766036312896055,19.388562699032455,16.93995565586014,10.924681286995726,0.6370904751254759
2.0,611.5637399999999,107.0,21.55798698932289,20.75373548310804,19.37633636024208,16.928228102956663,10.914337335512254,0.638821382845422
2.0,611.5637399999999,107.25,21.546496718588884,20.74140475952311,19.36407895064131,16.916470797825458,10.903967907636487,0.6405441213465539
2.0,611.5637399999999,107.5,21.534982017096137,20.729043885766064,19.35179021367046,16.904683490165606,10.893572673251033,0.642271237845241
2.0,611.5637399999999,107.75,21.523442488927465,20.716652502636634,19.339469784481093,16.892865831812237,10.883151422836608,0.6439977348748803
2.0,611.5637399999999,108.0,21.511877777582157,20.704230156037646,19.327117193269125,16.881017386888757,10.872703951115463,0.6457189996127245
2.0,611.5637399999999,108.25,21.50028754882141,20.691776566560296,19.314732173480277,16.869137885171305,10.862230026529003,0.647444757648209
2.0,611.5637399999999,108.5,21.488671476430248,20.679290737502676,19.302313635518082,16.857226384442292,10.85172939724477,0.6491662902185571
2.0,611.5637399999999,108.75,21.47702923401795,20.66677185937034,19.289860715108833,16.845282116772648,10.841201745329533,0.6508863001695033
2.0,611.5637399999999,109.0,21.46536047914499,20.654219616943433,19.27737311687071,16.83330477755071,10.83064667169871,0.6526110722068765
2.0,611.5637399999999,109.25,21.453664844162734,20.64163352187775,19.264850341285413,16.821293899204225,10.820063759591791,0.6543265569938491
2.0,611.5637399999999,109.5,21.441941944057653,20.62901323732188,19.25229206331359,16.80924915479963,10.809452600481574,0.6560458282601853
2.0,611.5637399999999,109.75,21.430191384808793,20.61635839721727,19.23969792226597,16.797170189201275,10.798812799287726,0.6577654601661337
2.0,611.5637399999999,110.0,21.418412769393782,20.6036685764012,19.227067489193708,16.78505659115641,10.788143977763811,0.6594791989121684
2.0,611.5637399999999,110.25,21.406605701379505,20.590943435459955,19.214400434275777,16.772908029623586,10.777445765872677,0.6611978760695304
2.0,611.5637399999999,110.5,21.394769785554466,20.578183327151226,19.20169722163511,16.76072482431091,10.76671780785855,0.662911041095374
2.0,611.5637399999999,110.75,21.382904632548573,20.565388252181805,19.18895789976167,16.748506966728264,10.755959822409082,0.664624117922014
2.0,611.5637399999999,111.0,21.37100987474549,20.552557875939893,19.176182131888098,16.73625413453918,10.745171604150414,0.6663420128042258
2.0,611.5637399999999,111.25,21.35908517266299,20.539690765345405,19.163368322811714,16.72396497397658,10.734352954854048,0.6680492722717346
2.0,611.5637399999999,111.5,21.3471302006623,20.52678655013652,19.150516118008486,16.711639128271194,10.723503566598184,0.669761615285242
2.0,611.5637399999999,111.75,21.335144616434885,20.513845824007692,19.13762626389033,16.699277148432127,10.712623061704948,0.6714723990154451
2.0,611.5637399999999,112.0,21.32312806014173,20.5008695435567,19.124699907098044,16.686879929355236,10.701711155126485,0.673179178813218
2.0,611.5637399999999,112.25,21.311080189279746,20.487857380792644,19.111736701940913,16.67444716128456,10.690767737849544,0.6748907920269626
2.0,611.5637399999999,112.5,21.299000710098,20.474807485618303,19.098734562711478,16.66197710318995,10.679792756857575,0.6765960129641942
2.0,611.5637399999999,112.75,21.286889361436433,20.46171886626224,19.085692419707964,16.649468818307707,10.668785991775533,0.6783018398896704
2.0,611.5637399999999,113.0,21.27474586108659,20.448591369744662,19.07261016904988,16.636922158926765,10.657747047393604,0.6800101197778289
2.0,611.5637399999999,113.25,21.262569882051505,20.43542575273859,19.05948874375727,16.62433783296156,10.646675509838197,0.6817106093552017
2.0,611.5637399999999,113.5,21.250361074681933,20.422221645199823,19.046327759681006,16.61171548993886,10.635571089825051,0.6834161910271574
2.0,611.5637399999999,113.75,21.238119104676855,20.40897812899304,19.03312620935132,16.59905426165273,10.624433570526433,0.6851176771474554
2.0,611.5637399999999,114.0,21.22584365671908,20.395694415126215,19.019883245181372,16.586353399793044,10.6132626781234,0.6868177788161333
2.0,611.5637399999999,114.25,21.213534410881678,20.382370316270745,19.00659871673113,16.573612721525578,10.60205805754317,0.6885218793025697
2.0,611.5637399999999,114.5,21.20119102830654,20.369007909764427,18.993275078787196,16.56083417538164,10.59081935829025,0.6902167924735808
2.0,611.5637399999999,114.75,21.188813170135433,20.355606839591154,18.979911938868007,16.548017427475834,10.579546457563596,0.6919166954488003
2.0,611.5637399999999,115.0,21.17640055089172,20.342165838985355,18.966507873181126,16.53516128538392,10.568239362397076,0.6936144320127261
2.0,611.5637399999999,115.25,21.163952935089362,20.328683425439994,18.953061229394255,16.52226435304719,10.556897958174458,0.695308730333746
2.0,611.5637399999999,115.5,21.151470084894118,20.315159165290982,18.93957157996453,16.509326220424885,10.545521931168189,0.697008410604169
2.0,611.5637399999999,115.75,21.138951720087015,20.301594354767452,18.92604048676815,16.49634810597237,10.5341108838735,0.6986978066276602
2.0,611.5637399999999,116.0,21.126397527996247,20.28798860621743,18.9124675353451,16.483329646677255,10.52266456207895,0.7003923210224412
2.0,611.5637399999999,116.25,21.113807211982408,20.274341794440005,18.898852627109097,16.470270723632357,10.511182815186164,0.7020845261037625
2.0,611.5637399999999,116.5,21.10118050324943,20.260653818686663,18.885195690729777,16.45717124208206,10.499665501128327,0.7037737984640932
2.0,611.5637399999999,116.75,21.088517151652507,20.24692427094958,18.87149629868517,16.444030819563203,10.488112484854323,0.7054682854743964
2.0,611.5637399999999,117.0,21.07581691979541,20.2331545532802,18.857756121325398,16.43085077820204,10.476523625330737,0.7071526555688703
2.0,611.5637399999999,117.25,21.06307958278862,20.21934431609353,18.843974774140605,16.417630797305662,10.464898901527834,0.7088418166947525
2.0,611.5637399999999,117.5,21.050304953694404,20.20549239338622,18.830150943105764,16.404369786768925,10.45323835372923,0.710529284001674
2.0,611.5637399999999,117.75,21.03749287534012,20.191597358347792,18.816283030597567,16.39106640969442,10.441541895659595,0.7122132308396317
2.0,611.5637399999999,118.0,21.02464317675426,20.177658872057414,18.802370712039995,16.377720351423203,10.42980924877951,0.713901757708804
2.0,611.5637399999999,118.25,21.01175563958131,20.16367848283126,18.788415838508385,16.364333074163724,10.418040059600424,0.7155811591832636
2.0,611.5637399999999,118.5,20.998830012411663,20.14965579085437,18.7744179695223,16.350904208799562,10.40623413924526,0.7172656976078188
2.0,611.5637399999999,118.75,20.985866063657937,20.135589264547654,18.760375368656966,16.337432316565575,10.394391398042842,0.718946149903343
2.0,611.5637399999999,119.0,20.97286358474621,20.121477740248434,18.746286749431675,16.32391630141919,10.382511615075135,0.7206260996416352
2.0,611.5637399999999,119.25,20.959822345934995,20.107322374262697,18.732153520651096,16.31035725090447,10.370594411866477,0.722306564159061
2.0,611.5637399999999,119.5,20.946742077593694,20.09312600521152,18.717979007653785,16.296757841405203,10.358639508792704,0.7239823913168913
2.0,611.5637399999999,119.75,20.933622523948692,20.078888271269406,18.70376277907105,16.283117741859726,10.346646996559318,0.7256631136909997
2.0,611.5637399999999,120.0,20.920463518829248,20.064608579896007,18.689504165589568,16.269436402311136,10.33461712648005,0.7273361133244546
2.0,611.5637399999999,120.25,20.90726497342177,20.05028650029156,18.675202698887205,16.255713428420904,10.322550055181917,0.729012045952953
2.0,611.5637399999999,120.5,20.894026823615047,20.03592086242108,18.660857056690972,16.241947732591225,10.31044582024722,0.7306861434740111
2.0,611.5637399999999,120.75,20.880748995150153,20.02151038222684,18.646465799913184,16.228138118120977,10.298304304318904,0.7323578020117234
2.0,611.5637399999999,121.0,20.867431373563495,20.007055836692462,18.632029893135886,16.21428532683254,10.286125221038123,0.7340312912458578
2.0,611.5637399999999,121.25,20.854073791043987,19.99256062266539,18.617553315185926,16.200392570865937,10.27390833166782,0.7356992345711271
2.0,611.5637399999999,121.5,20.840676077083874,19.97802440044743,18.603035645171232,16.186459549341944,10.261653782014282,0.7373718770962472
2.0,611.5637399999999,121.75,20.827238146507728,19.963446744088785,18.58847639534918,16.17248587673985,10.249361906392728,0.7390377788087927
2.0,611.5637399999999,122.0,20.813759994115788,19.94882726837633,18.573875137070075,16.158471208879643,10.237032951181588,0.740705992986052
2.0,611.5637399999999,122.25,20.800241642315815,19.934166774304977,18.5592328260584,16.14441632244124,10.224667056586217,0.7423723676975341
2.0,611.5637399999999,122.5,20.78668311410745,19.919466154832985,18.544550507394742,16.130322085449333,10.21226438016918,0.7440364268590322
2.0,611.5637399999999,122.75,20.77308444685019,19.90472530262897,18.529828052522916,16.1161884258156,10.199825179072215,0.7457037180503002
2.0,611.5637399999999,123.0,20.759445711195387,19.88994596873285,18.515067505020934,16.102017022874925,10.187349736470114,0.7473635316502096
2.0,611.5637399999999,123.25,20.74576700962036,19.875127856124102,18.50026849594429,16.08780763246013,10.174838436506995,0.7490276398236897
2.0,611.5637399999999,123.5,20.732048490761958,19.86026829907642,18.485427920929922,16.07355777633917,10.162291667937088,0.750687522556996
2.0,611.5637399999999,123.75,20.718290320969984,19.845365687789904,18.47054395377795,16.0592659645719,10.149709499900778,0.7523475965734169
2.0,611.5637399999999,124.0,20.70449260154305,19.830420954068558,18.455617733719944,16.044933099261257,10.137091667564242,0.7540061679061194
2.0,611.5637399999999,124.25,20.69065533379719,19.815435070646483,18.440650410639154,16.03056012069867,10.12443790700246,0.755663097075797
2.0,611.5637399999999,124.5,20.676778471764823,19.800408787587088,18.425642858096698,16.0161477557478,10.111748146751994,0.7573209991522996
2.0,611.5637399999999,124.75,20.662861984287282,19.785344463298415,18.410597816131997,16.0016982459135,10.099022494559453,0.7589745706600218
2.0,611.5637399999999,125.0,20.64890589138045,19.770241825575567,18.39551492531744,15.987211359436671,10.086261310241841,0.7606322728506311
2.0,611.5637399999999,125.25,20.634910296750327,19.75509960110786,18.380392687469495,15.97268592020622,10.073465027663564,0.7622825846901479
2.0,611.5637399999999,125.5,20.62087535815096,19.739917430889335,18.36523069775201,15.958121614064098,10.060633890899968,0.7639367233647628
2.0,611.5637399999999,125.75,20.6068012227177,19.724698650385918,18.350032855853613,15.943521612368663,10.047767998170407,0.7655861287978243
2.0,611.5637399999999,126.0,20.592688017387687,19.709444078789055,18.33480006255791,15.928886724573035,10.034867687121436,0.7672368103595676
2.0,611.5637399999999,126.25,20.578535922349456,19.694153591189654,18.31953213014854,15.914216869360784,10.021933530902785,0.7688866682163977
2.0,611.5637399999999,126.5,20.564345194741826,19.67882710674382,18.304228939290713,15.899512008139999,10.008966075503809,0.7705335856265019
2.0,611.5637399999999,126.75,20.550116129826428,19.66346452685261,18.288890356105647,15.88477208816513,9.995965756557347,0.7721830322054961
2.0,611.5637399999999,127.0,20.535849024888684,19.648066740358107,18.273517402250274,15.86999798853271,9.982932916156653,0.7738265361578988
2.0,611.5637399999999,127.25,20.521544165710587,19.63263351998218,18.25810978145968,15.855189537958886,9.969867898996688,0.7754737228710761
2.0,611.5637399999999,127.5,20.507201836594824,19.617163921976353,18.242666373877608,15.840345886253976,9.956771019475438,0.777115673683903
2.0,611.5637399999999,127.75,20.492822310869627,19.601657553897724,18.22718672078693,15.825466698293512,9.94364244220442,0.7787596861694698
2.0,611.5637399999999,128.0,20.478405821635807,19.586115062718815,18.21167157612947,15.810552615811384,9.930482205145138,0.7804003089334622
2.0,611.5637399999999,128.25,20.463952555490383,19.570536602197038,18.19612110078296,15.7956038138431,9.91729036191669,0.7820415582302231
2.0,611.5637399999999,128.5,20.44946267754593,19.554923879102223,18.18053726945222,15.780621927843203,9.904067025283942,0.783680800123829
2.0,611.5637399999999,128.75,20.434936355891658,19.539278161977073,18.16492151578457,15.765608182821842,9.890812465665963,0.7853192323201019
2.0,611.5637399999999,129.0,20.420373799119464,19.52359932238638,18.149273634658602,15.750562488294458,9.877527135608888,0.7869578481655165
2.0,611.5637399999999,129.25,20.405775274849013,19.50788728144961,18.133593497576133,15.735484800272179,9.86421149731973,0.7885932390201487
2.0,611.5637399999999,129.5,20.39114108286227,19.492142020080248,18.117881052461865,15.72037513297705,9.850865922894664,0.7902305472498999
2.0,611.5637399999999,129.75,20.376471523319903,19.47636431523289,18.102137179903426,15.705234252005404,9.83749070976085,0.7918631939894808
2.0,611.5637399999999,130.0,20.361766885327164,19.460553987978194,18.086361631037718,15.690062023333649,9.824086162295774,0.7934991062879154
2.0,611.5637399999999,130.25,20.347027455674947,19.44471375050375,18.070557546007368,15.67486103639275,9.810652584285306,0.795129165725856
2.0,611.5637399999999,130.5,20.33225352757286,19.42884349492557,18.054724720646718,15.659631229166855,9.797190454415226,0.7967620933962104
2.0,611.5637399999999,130.75,20.317445441152937,19.412942501599208,18.03886226323616,15.644371959657068,9.783700333724257,0.7983916049881835
2.0,611.5637399999999,131.0,20.302603572939635,19.39701037619762,18.02296968301398,15.62908289133981,9.770182631491057,0.8000215803631681
2.0,611.5637399999999,131.25,20.287728285972896,19.381046912179876,18.00704671395265,15.61376386407312,9.756637592289056,0.8016496876535919
2.0,611.5637399999999,131.5,20.272819901966237,19.36505191095319,17.99109310046898,15.598414722541005,9.743065358629389,0.8032771291381553
2.0,611.5637399999999,131.75,20.257878697639566,19.34902611257964,17.975109685923883,15.583036192140419,9.729466015603226,0.8049034731280282
2.0,611.5637399999999,132.0,20.242904913284725,19.33297029412678,17.959097340985505,15.567629031541106,9.715839688222475,0.8065285426946392
2.0,611.5637399999999,132.25,20.227898779186116,19.316884926969017,17.9430565705152,15.55219370954973,9.702186600857905,0.8081534757609553
2.0,611.5637399999999,132.5,20.212860539865744,19.300770930661656,17.926988403645876,15.53673111640519,9.688507046720574,0.8097760124366684
2.0,611.5637399999999,132.75,20.197790462328797,19.28462796127765,17.91089238247261,15.521240953185227,9.67480138362452,0.81139978537195
2.0,611.5637399999999,133.0,20.18268883800116,19.268454924052413,17.89476718927957,15.505722211335943,9.661069932842993,0.8130197071070967
2.0,611.5637399999999,133.25,20.16755595701093,19.25225199327401,17.87861301316046,15.490175075454044,9.647312845207251,0.8146414486656732
2.0,611.5637399999999,133.5,20.152392070861502,19.23602107614699,17.862432059374655,15.474601363854411,9.633530191170612,0.8162591484347954
2.0,611.5637399999999,133.75,20.13719740046743,19.219762059503758,17.84622413386053,15.459000993500725,9.619722194040182,0.8178795297535624
2.0,611.5637399999999,134.0,20.121972183702763,19.20347346737334,17.829987467608934,15.443372592510714,9.605889149584804,0.8194948502308258
2.0,611.5637399999999,134.25,20.106716671948167,19.187155112799633,17.81372183250427,15.427715998850854,9.592031180310475,0.8211128221256069
2.0,611.5637399999999,134.5,20.09143108167588,19.170808027188038,17.797428419636475,15.412032198556508,9.578148273195717,0.8227262538348802
2.0,611.5637399999999,134.75,20.076115585358608,19.154432158820633,17.781107129539812,15.39632115748573,9.564240478588287,0.8243419600542778
2.0,611.5637399999999,135.0,20.060770344453775,19.13802828937519,17.764758847490977,15.380583623060419,9.550307908234206,0.825953731492377
2.0,611.5637399999999,135.25,20.04539552470115,19.12159645936303,17.74838357869185,15.364819645292705,9.536350729818361,0.8275669955322814
2.0,611.5637399999999,135.5,20.029991305125744,19.10513661174472,17.73198122207979,15.349029181186843,9.52236913720737,0.8291773467451982
2.0,611.5637399999999,135.75,20.014557874001625,19.08864864812661,17.71555163318765,15.333212148623794,9.50836329225364,0.830788073750877
2.0,611.5637399999999,136.0,19.99909541589002,19.072131903811243,17.699094008320095,15.317367931410084,9.49433330881351,0.832396944459046
2.0,611.5637399999999,136.25,19.983604099487863,19.05558584041781,17.68260770514093,15.301496029506858,9.480279209005408,0.8340052073566889
2.0,611.5637399999999,136.5,19.96808406055636,19.039010194727613,17.66609240897369,15.285596199359189,9.46620091428515,0.8356122321901924
2.0,611.5637399999999,136.75,19.95253539215247,19.02240470473521,17.649547806004122,15.269668195597687,9.452098292192835,0.8372181793641386
2.0,611.5637399999999,137.0,19.936958148636517,19.00576950658014,17.632974050045718,15.253712144375386,9.437971190441909,0.8388233591037589
2.0,611.5637399999999,137.25,19.92135235516517,18.989104805406715,17.61637136978662,15.23772823481874,9.423819479520725,0.8404269461561601
2.0,611.5637399999999,137.5,19.905718022723317,18.972409975296905,17.599739016648687,15.221715871603488,9.409643076441032,0.8420305679288536
2.0,611.5637399999999,137.75,19.890055158172554,18.955683916355685,17.583075700786118,15.205674009562086,9.39544186858662,0.8436316575065747
2.0,611.5637399999999,138.0,19.874363750483536,18.938926282168797,17.56638103194391,15.189602309713393,9.381215625766119,0.8452332722699899
2.0,611.5637399999999,138.25,19.858643747841363,18.922136486253958,17.549654334506403,15.173500205527757,9.36696404475096,0.8468320361398147
2.0,611.5637399999999,138.5,19.842895056020254,18.90531414509758,17.532895175951097,15.157367317981413,9.35268679105876,0.8484316587837171
2.0,611.5637399999999,138.75,19.827117544491916,18.88845850493285,17.516102689585217,15.141202916432363,9.33838351183448,0.8500280815985316
2.0,611.5637399999999,139.0,19.81131105169408,18.871569151369968,17.499276415243184,15.12500658600139,9.32405382175034,0.8516256526377465
2.0,611.5637399999999,139.25,19.79547538478163,18.854645177193895,17.482415313841916,15.1087774455305,9.309697311521028,0.8532197195702241
2.0,611.5637399999999,139.5,19.77961032114017,18.83768638214903,17.465519186394467,15.092515275932378,9.29531353406486,0.8548151744826252
2.0,611.5637399999999,139.75,19.76371560709463,18.82069263536465,17.448587908575018,15.0762199227202,9.280902042910263,0.8564068497342957
2.0,611.5637399999999,140.0,19.74779096823826,18.80366354641765,17.431621048603482,15.059890986105827,9.266462440476547,0.8580005139967425
2.0,611.5637399999999,140.25,19.731836123639273,18.786597894597065,17.41461720425412,15.043527283352365,9.251994352189097,0.8595895514772579
2.0,611.5637399999999,140.5,19.715850785190124,18.769495217951526,17.397575882547347,15.027128343441213,9.237497337614297,0.8611812709797916
2.0,611.5637399999999,140.75,19.69983464015364,18.752352935756132,17.380494098732715,15.010691700436142,9.222970893642026,0.8627676478920164
2.0,611.5637399999999,141.0,19.683787338506075,18.735170492803892,17.363371288156614,14.994216787523024,9.208414339608154,0.8643569123808748
2.0,611.5637399999999,141.25,19.667708461846075,18.71794506107381,17.346204200007122,14.977700897100155,9.193826873065142,0.8659408799735273
2.0,611.5637399999999,141.5,19.6515975178484,18.700676228586012,17.328992462699006,14.961143585016682,9.179207531553002,0.8675272559797069
2.0,611.5637399999999,141.75,19.635453927217224,18.6833634239999,17.311735493224447,14.944544255221343,9.164555296111507,0.8691090608775556
2.0,611.5637399999999,142.0,19.61927704628583,18.66600566528826,17.294432221603408,14.927901920285274,9.149869231493037,0.870692981820923
2.0,611.5637399999999,142.25,19.603066202409334,18.648599946093885,17.277079203795466,14.911213682482614,9.13514843364126,0.8722723812676199
2.0,611.5637399999999,142.5,19.58682069502752,18.631145261818606,17.259675393786633,14.894478519658925,9.120391831672308,0.8738531328165183
2.0,611.5637399999999,142.75,19.57053975809271,18.613639758359902,17.24221873178015,14.87769460947338,9.105598242130384,0.8754304317362912
2.0,611.5637399999999,143.0,19.55422255668153,18.59608394553331,17.22470995521982,14.860862348894804,9.090766450355048,0.8770079616360364
2.0,611.5637399999999,143.25,19.537868204704576,18.578478958862767,17.207150501925497,14.843982726892886,9.07589538873284,0.878583002668281
2.0,611.5637399999999,143.5,19.521475821495372,18.560822609661454,17.18953786640089,14.827053607645237,9.060984297037201,0.8801585220689581
2.0,611.5637399999999,143.75,19.505044583996217,18.543110889360786,17.171867447553513,14.810071138103186,9.046032428008587,0.8817306201130691
2.0,611.5637399999999,144.0,19.488573680489477,18.525342256533598,17.15413760990684,14.79303378233461,9.031038678066492,0.8833027116642453
2.0,611.5637399999999,144.25,19.472062219087363,18.5075146911822,17.136346139744617,14.77593955585854,9.016001704525692,0.8848724341189032
2.0,611.5637399999999,144.5,19.455509209203925,18.48962539221769,17.118489911644474,14.7587857328846,9.000920076075232,0.8864411077671094
2.0,611.5637399999999,144.75,19.43891357273533,18.471671347658134,17.10056557400507,14.741569379410564,8.985792215171,0.8880085969832825
2.0,611.5637399999999,145.0,19.42227413422289,18.45365267019061,17.08257348272241,14.724290492920883,8.970616373212751,0.8895731439592618
2.0,611.5637399999999,145.25,19.40558962053161,18.43556909395537,17.064513499896396,14.706948715459916,8.955390910314149,0.8911385223109994
2.0,611.5637399999999,145.5,19.388858725281917,18.417413467255976,17.046377340383803,14.689537205114293,8.940114408804272,0.8926997041879502
2.0,611.5637399999999,145.75,19.372080138549986,18.3991818944708,17.028160695619086,14.672052162590777,8.924785059054303,0.8942629423691533
2.0,611.5637399999999,146.0,19.3552524304074,18.380877093204848,17.009867079782328,14.654496009089542,8.909400581587414,0.8958189928787914
2.0,611.5637399999999,146.25,19.33837401316758,18.3624983568895,16.99149583894845,14.63686795348139,8.893959022988627,0.897380342469016
2.0,611.5637399999999,146.5,19.321443285462507,18.34404194892766,16.973042746236878,14.619164345927322,8.878458866888638,0.8989324686106935
2.0,611.5637399999999,146.75,19.304458704570195,18.325506419536797,16.95450634371265,14.601383682036449,8.862898536690512,0.9004897497597615
2.0,611.5637399999999,147.0,19.287418730671938,18.306888001571078,16.935882412895282,14.58352228240623,8.847276343635036,0.902039157888008
2.0,611.5637399999999,147.25,19.270321791331668,18.2881821722896,16.917165884468513,14.565575750832982,8.83159042286216,0.903592050691571
2.0,611.5637399999999,147.5,19.25316623688732,18.26937593942112,16.898341681167768,14.547531709224156,8.81583850483852,0.9051390985810144
2.0,611.5637399999999,147.75,19.235950239966744,18.25047399863441,16.879415919338065,14.52939438961516,8.800017303285156,0.9066847990718053
2.0,611.5637399999999,148.0,19.218671649742006,18.231479841083377,16.860393038379755,14.511166911820009,8.784123648459119,0.908230945317725
2.0,611.5637399999999,148.25,19.201328198266054,18.212381689546916,16.841259249516987,14.492838019000233,8.768155398972512,0.9097725181531672
2.0,611.5637399999999,148.5,19.183917717279797,18.193172226864036,16.822006325424084,14.474400609377659,8.752110045493284,0.9113166762652865
2.0,611.5637399999999,148.75,19.166437946425567,18.173855800577506,16.80263995573858,14.455858556527126,8.735984182068007,0.9128510181587628
2.0,611.5637399999999,149.0,19.148886397505468,18.15442872606497,16.783156062949956,14.437208194151099,8.719774781136755,0.914390594611477
2.0,611.5637399999999,149.25,19.131260540797697,18.134880277030707,16.763542250190746,14.418439206665706,8.70347922440317,0.9159225498871097
2.0,611.5637399999999,149.5,19.11355784906129,18.115209668523388,16.743798152117762,14.399550610369664,8.687094250363941,0.9174544718888603
2.0,611.5637399999999,149.75,19.095775632766518,18.095416320969928,16.7239235367581,14.380541627713185,8.670616374607429,0.9189854914695167
2.0,611.5637399999999,150.0,19.077911076115438,18.07548966980911,16.703906198512506,14.361402077075969,8.654042491621864,0.9205109641448779
2.0,611.5637399999999,150.25,19.059961331766957,18.055423522708157,16.683739345545515,14.34212586010571,8.637369080196152,0.9220396427573118
2.0,611.5637399999999,150.5,19.041923395992942,18.035219061927513,16.663425015370812,14.322713816398407,8.620592029295395,0.9235579724434999
2.0,611.5637399999999,150.75,19.023794056559474,18.014867502281913,16.64295316830183,14.303157406521903,8.603707522242622,0.9250797131553314
2.0,611.5637399999999,151.0,19.005570024551872,17.99435326179504,16.622305764034564,14.28344165463469,8.58671161959697,0.9265970546548455
2.0,611.5637399999999,151.25,18.987247857928715,17.97368021582068,16.60148833486295,14.263569869048725,8.569599213355104,0.9281086196895517
2.0,611.5637399999999,151.5,18.96882376647578,17.95284633869114,16.580499032917267,14.243539824410755,8.55236533166771,0.9296248040336741
2.0,611.5637399999999,151.75,18.950293815433078,17.931839546834773,16.559323918122292,14.22333980117144,8.535005806174746,0.9311296922892554
2.0,611.5637399999999,152.0,18.931654093542885,17.910650800269604,16.537952924097034,14.20296090915671,8.517516056415714,0.9326358231089561
2.0,611.5637399999999,152.25,18.91290054789283,17.889269662263416,16.516374341116446,14.182392928556796,8.499890669488185,0.9341413978812343
2.0,611.5637399999999,152.5,18.89402882818621,17.867692340356125,16.49458455223002,14.161631872804467,8.482123579773955,0.9356366291779334
2.0,611.5637399999999,152.75,18.87503425127469,17.845907432678636,16.472570651846326,14.140666572611691,8.464208653697877,0.9371343870992234
2.0,611.5637399999999,153.0,18.85591189176874,17.82389704544836,16.45031201600144,14.119479692749515,8.446139448830017,0.9386287503727496
2.0,611.5637399999999,153.25,18.836656526650337,17.801673455664254,16.427824796860804,14.098082280864906,8.427908456439315,0.9401138248000508
2.0,611.5637399999999,153.5,18.817262544498153,17.77922619531084,16.405097004016646,14.076463994388902,8.409509252380749,0.9416024878058042
2.0,611.5637399999999,153.75,18.79772435277878,17.756530317033636,16.382099325177666,14.054600784108526,8.390936230697145,0.9430850630654145
2.0,611.5637399999999,154.0,18.778036391488918,17.7335669364738,16.358810259071255,14.032474249729464,8.372181954275696,0.9445596636186864
2.0,611.5637399999999,154.25,18.75819261453842,17.71033256523563,16.335227166649126,14.010080472394474,8.353236900859658,0.9460333744958141
2.0,611.5637399999999,154.5,18.738186244496575,17.686828967474696,16.311353567193127,13.987420475503349,8.334091497218923,0.9475075206879798
2.0,611.5637399999999,154.75,18.71801009938097,17.663035259965046,16.287165076524403,13.964473901642492,8.314737573439078,0.9489684762492395
2.0,611.5637399999999,155.0,18.697656978238694,17.638937445512575,16.262646167758383,13.941226805435258,8.295166703596529,0.9504290461782491
2.0,611.5637399999999,155.25,18.67711948719558,17.614518154731865,16.23777722046954,13.917662035408842,8.275369309847882,0.9518887624162702
2.0,611.5637399999999,155.5,18.656389806390585,17.589742743142835,16.212517528202653,13.893746083177607,8.255334698508271,0.9533390797039552
2.0,611.5637399999999,155.75,18.635459492128923,17.56461933849977,16.186879569460896,13.869485690847885,8.235049885015192,0.954781724525085
2.0,611.5637399999999,156.0,18.61431922351642,17.539125290299907,16.160837102013286,13.84485857566669,8.214502330771488,0.9562232593065018
2.0,611.5637399999999,156.25,18.59295925486113,17.513233610879468,16.134358976962574,13.819838233691542,8.193679940774986,0.9576605771181927
2.0,611.5637399999999,156.5,18.571369496030908,17.48694213889689,16.107445118541012,13.794421515613848,8.172569070646755,0.9590915628389798
2.0,611.5637399999999,156.75,18.549539266909292,17.46021867813272,16.080057737906902,13.768576906835078,8.15115617234674,0.9605123056040703
2.0,611.5637399999999,157.0,18.527457476433987,17.433029022461515,16.052157164837976,13.742270859170688,8.129426792222583,0.9619288030234698
2.0,611.5637399999999,157.25,18.505112388259374,17.405352529373943,16.02372101727313,13.715482528901243,8.107363828917283,0.9633395471752779
2.0,611.5637399999999,157.5,18.48249121699601,17.37717233004192,15.994731536098081,13.688194560405774,8.084948806315104,0.9647462919802174
2.0,611.5637399999999,157.75,18.459580213599168,17.34843460055863,15.96512456333049,13.660354567524754,8.062163120249087,0.9661447281320639
2.0,611.5637399999999,158.0,18.436364822815744,17.319152089233576,15.93492065216326,13.631972873207097,8.038985704592406,0.9675324472553738
2.0,611.5637399999999,158.25,18.41282940262128,17.28923241227463,15.904006541928926,13.602960427821667,8.015396064922003,0.9689124070144627
2.0,611.5637399999999,158.5,18.388957567570753,17.258650877356523,15.872357004923856,13.573291793232219,7.991369682139127,0.9702833198338862
2.0,611.5637399999999,158.75,18.364731272801972,17.227372742867413,15.839933355505407,13.542931953526105,7.9668779794066324,0.9716463134447477
2.0,611.5637399999999,159.0,18.340130599564155,17.19532127202572,15.806643637258656,13.511805934247528,7.941891575298961,0.9730001556322022
2.0,611.5637399999999,159.25,18.31513401605225,17.162467186036302,15.772457931822764,13.479883290877435,7.916377049492182,0.9743428366845034
2.0,611.5637399999999,159.5,18.28971789912544,17.12878026325278,15.737344512553388,13.447132514034438,7.890298873351713,0.9756765069372935
2.0,611.5637399999999,159.75,18.26385684566182,17.0941844093591,15.701212585790065,13.413478431531727,7.86362226068961,0.9769991460176092
2.0,611.5637399999999,160.0,18.237524189450554,17.058578691792462,15.66394083663402,13.37882197064737,7.836309234237183,0.9783094619910028
2.0,611.5637399999999,160.25,18.210691265822895,17.021891360482478,15.625447547247004,13.343091270539771,7.808314048998476,0.9796069399174224
2.0,611.5637399999999,160.5,18.183326167990984,16.984093964571272,15.585707632710722,13.306255122281623,7.779585285791449,0.980891947610661
2.0,611.5637399999999,160.75,18.15539373480253,16.94501570332282,15.5445086577805,13.268147150869618,7.750071496626117,0.9821611571405893
2.0,611.5637399999999,161.0,18.126856254951743,16.904587188749407,15.501776481712088,13.228696202742189,7.71971276430475,0.9834116988300573
2.0,611.5637399999999,161.25,18.09767198583963,16.862650285197944,15.457318627315306,13.187746629706735,7.688441102462793,0.9846447612927726
2.0,611.5637399999999,161.5,18.067794583884186,16.81911027152206,15.41103057638105,13.145201976183863,7.656180225913641,0.9858638371258025
2.0,611.5637399999999,161.75,18.03717252343098,16.77372457215226,15.362609882074453,13.100824972793427,7.622846450741874,0.9870602756099126
2.0,611.5637399999999,162.0,18.005748703190523,16.726299954092845,15.31182739325548,13.054423798088576,7.588341024619691,0.9882323833506795
2.0,611.5637399999999,162.25,17.973458270422245,16.676696396313222,15.258528473462395,13.005855915741357,7.552547953541049,0.9893854162804808
2.0,611.5637399999999,162.5,17.940227437844847,16.624577801458894,15.202291081854181,12.95479173337526,7.515342504390627,0.9905043363506255
2.0,611.5637399999999,162.75,17.90597388219077,16.56969172467902,15.1428193020324,12.900978917348418,7.476580394213878,0.9915993798958433
2.0,611.5637399999999,163.0,17.870604309212858,16.511567577429815,15.079517820048977,12.843956765544942,7.436094189567772,0.9926610850824724
2.0,611.5637399999999,163.25,17.834012045404844,16.449842322867145,15.011958372041235,12.783363751817086,7.393683066691038,0.9936829867609612
2.0,611.5637399999999,163.5,17.796073114357515,16.384042582672198,14.939562915147306,12.718731278078865,7.349113339591749,0.9946651402579049
2.0,611.5637399999999,163.75,17.756644210736468,16.31324808578864,14.861129782262648,12.649164528613673,7.302117201379426,0.9955997756600918
2.0,611.5637399999999,164.0,17.715559079625024,16.236816444254433,14.775903708285272,12.574026747295305,7.252355284326626,0.9964781230872364
2.0,611.5637399999999,164.25,17.6726184074032,16.153641342121755,14.682464694509987,12.492238387083168,7.199419120165528,0.9972957761558086
2.0,611.5637399999999,164.5,17.627584171184687,16.062325186765403,14.579020359067238,12.402438436083415,7.142816347304769,0.9980389773368934
2.0,611.5637399999999,164.75,17.580170201234097,15.961086324185366,14.46327976915758,12.302896461516081,7.08192908383919,0.9986950705738359
2.0,611.5637399999999,165.0,17.530026213882543,15.847298619598696,14.3317763373289,12.191079039289253,7.015973720584054,0.9992477040418066
2.0,611.5637399999999,165.25,17.476716188280932,15.717849391000392,14.180506009245487,12.063984484031451,6.943925985646738,0.9996708501377847
2.0,611.5637399999999,165.5,17.419686038980426,15.56756195787265,14.002463792332422,11.91666657751029,6.864448421833735,0.9999336852532082
2.0,611.5637399999999,165.75,17.358221862172538,15.398741330986137,13.803262910337834,11.751103582708138,6.775780957313493,1.0
2.0,611.5637399999999,166.0,17.2914238989302,15.235955311507869,13.622403183927142,11.589934795059527,6.676470564082319,1.0
2.0,611.5637399999999,166.25,17.21844435075253,15.079535833547254,13.453281978363327,11.433446563025507,6.5675534314622555,1.0
2.0,611.5637399999999,166.5,17.139045465201356,14.928723418318281,13.292489009827696,11.28094667322487,6.451594067146468,1.0
2.0,611.5637399999999,166.75,17.05361208684208,14.782588767035792,13.137911456102609,11.131698525418182,6.330869818404291,1.0
2.0,611.5637399999999,167.0,16.96282553578675,14.640278065531213,12.98812683354434,10.985131263214114,6.207091245640969,1.0
2.0,611.5637399999999,167.25,16.867435567099907,14.501064513891386,12.842128300837183,10.840836422491531,6.081487475037117,1.0
2.0,611.5637399999999,167.5,16.768150472277924,14.364349303940605,12.699180260294716,10.6985245395787,5.9549305754059665,1.0
2.0,611.5637399999999,167.75,16.66559531264948,14.229648633180384,12.55873353393553,10.557986026534012,5.828037257845499,1.0
2.0,611.5637399999999,168.0,16.560303218420373,14.096577057641552,12.420371579359845,10.419063483382663,5.701242776038035,1.0
2.0,611.5637399999999,168.25,16.452721041038135,13.964830808825882,12.283774546676556,10.281633670605428,5.5748528889980875,1.0
2.0,611.5637399999999,168.5,16.34322022521898,13.83417257515285,12.148694341375851,10.145596156096877,5.449080246017768,1.0
2.0,611.5637399999999,168.75,16.232108686762786,13.70441832522262,12.014936837567843,10.010866236515762,5.32407004850667,1.0
2.0,611.5637399999999,169.0,16.119641893648012,13.575426275321673,11.882348923100015,9.877370504391008,5.19991835726269,1.0
2.0,611.5637399999999,169.25,16.00603249892299,13.447087861571168,11.750808911728734,9.74504402937802,5.076685312984711,1.0
2.0,611.5637399999999,169.5,15.891458405326723,13.31932047073049,11.620219359314136,9.613828521448825,4.954404790419708,1.0
2.0,611.5637399999999,169.75,15.776069370911594,13.19206165444943,11.49050162977626,9.483671094693893,4.833091513941432,1.0
2.0,611.5637399999999,170.0,15.659992348672883,13.065264562959298,11.36159175402725,9.354523403120911,4.712746339490927,1.0
2.0,611.5637399999999,170.25,15.543335768681132,12.938894363703337,11.233437255700142,9.226341011271039,4.593360194677454,1.0
2.0,611.5637399999999,170.5,15.426192956768608,12.812925445786602,11.105994706442127,9.099082916809301,4.474917026138645,1.0
2.0,611.5637399999999,170.75,15.308644858242271,12.6873392459234,10.979227835672406,8.972711174485012,4.35739600599692,1.0
2.0,611.5637399999999,171.0,15.190762207352817,12.562122562825799,10.853106064051158,8.847190590045836,4.240773181677654,1.0
2.0,611.5637399999999,171.25,15.07260725734922,12.437266253686522,10.72760336213049,8.722488464191802,4.125022705523503,1.0
2.0,611.5637399999999,171.5,14.954235163414367,12.312764228529568,10.602697359417824,8.598574373628312,4.0101177461965865,1.0
2.0,611.5637399999999,171.75,14.835695091929972,12.188612676153115,10.478368646805391,8.47541998056793,3.896031158685115,1.0
2.0,611.5637399999999,172.0,14.717031114131128,12.064809469758668,10.354600228661274,8.352998864721004,3.782735971098787,1.0
2.0,611.5637399999999,172.25,14.598282929842396,11.941353711753655,10.231377090992055,8.231286373539723,3.6702057325067923,1.0
2.0,611.5637399999999,172.5,14.479486457149688,11.818245386187382,10.108685859796875,8.110259487613577,3.5584147555741925,1.0
2.0,611.5637399999999,172.75,14.360674316093156,11.695485094312886,9.98651452963364,7.989896698879108,3.4473382797918832,1.0
2.0,611.5637399999999,173.0,14.241876228361368,11.573073854260002,9.86485224694894,7.8701778998373095,3.336952575031324,1.0
2.0,611.5637399999999,173.25,14.123119350185826,11.451012950084074,9.743689136210206,7.751084282349897,3.2272350005199097,1.0
2.0,611.5637399999999,173.5,14.00442855189915,11.329303818782245,9.623016159567358,7.632598244861543,3.118164030781359,1.0
2.0,611.5637399999999,173.75,13.885826654705564,11.207947966452974,9.502825002847205,7.514703307101354,3.0097192573595315,1.0
2.0,611.5637399999999,174.0,13.767334632940406,11.086946906778591,9.383107982288669,7.397384031474037,2.901881373050045,1.0
2.0,611.5637399999999,174.25,13.648971788324879,10.966302116563947,9.263857967668685,7.280625950473347,2.7946321437543293,1.0
2.0,611.5637399999999,174.5,13.530755901342916,10.846015004267182,9.14506831843009,7.1644154995466875,2.687954371833406,1.0
2.0,611.5637399999999,174.75,13.41270336379163,10.726086888389847,9.02673283016798,7.048739954916957,2.5818318538878615,1.0
2.0,611.5637399999999,175.0,13.294829295718102,10.606518983314,8.908845689408786,6.933587375930268,2.4762493351602894,1.0
2.0,611.5637399999999,175.25,13.177147649300318,10.487312390730992,8.791401435064726,6.818946551549586,2.3711924621964307,1.0
2.0,611.5637399999999,175.5,13.059671301718218,10.368468095237269,8.674394925294502,6.7048069506570425,2.2666477349722687,1.0
2.0,611.5637399999999,175.75,12.942412138659716,10.24998696300509,8.557821308771713,6.591158675863507,2.1626024593664277,1.0
2.0,611.5637399999999,176.0,12.82538112979213,10.131869742692924,8.44167599957308,6.477992420554403,2.059044700607194,1.0
2.0,611.5637399999999,176.25,12.708588397281973,10.014117067958393,8.32595465506247,6.365299428926831,1.9559632381334924,1.0
2.0,611.5637399999999,176.5,12.592043278250937,9.896729461089421,8.210653156274695,6.253071458795543,1.853347522165302,1.0
2.0,611.5637399999999,176.75,12.475754381901481,9.779707337386887,8.095767590402797,6.141300746964984,1.7511876321706512,1.0
2.0,611.5637399999999,177.0,12.359729641922776,9.663051010022631,7.981294235070774,6.029979976981851,1.6494742373353644,1.0
2.0,611.5637399999999,177.25,12.243976364689905,9.546760695166245,7.867229544134869,5.919102249097915,1.5481985590815757,1.0
2.0,611.5637399999999,177.5,12.128501273690723,9.430836517227386,7.753570134804711,5.808661052286503,1.447352335636984,1.0
2.0,611.5637399999999,177.75,12.01331055055153,9.315278514101292,7.640312775913493,5.698650238168227,1.3469277886249378,1.0
2.0,611.5637399999999,178.0,11.898409872981357,9.20008664233634,7.527454377196383,5.589063996712613,1.2469175916229482,1.0
2.0,611.5637399999999,178.25,11.783804449912747,9.085260782166232,7.414991979460119,5.4798968335922575,1.1473148406217442,1.0
2.0,611.5637399999999,178.5,11.669499054082396,8.970800742367512,7.302922745545704,5.3711435490752395,1.0481130263068532,1.0
2.0,611.5637399999999,178.75,11.555498052266362,8.856706264916614,7.191243952001342,5.2627992183498415,0.9493060080786135,1.0
2.0,611.5637399999999,179.0,11.441805433360688,8.742977029430966,7.079952981394886,5.15485917318323,0.8508879897233209,1.0
2.0,611.5637399999999,179.25,11.328424834477993,8.629612657386222,6.969047315205063,5.047318984822752,0.752853496647384,1.0
2.0,611.5637399999999,179.5,11.215359565213493,8.51661271610735,6.858524527238766,4.940174448054958,0.6551973545869333,1.0
2.0,611.5637399999999,179.75,11.102612630219113,8.403976722535354,6.748382277528336,4.833421566343397,0.557914669707241,1.0
2.0,611.5637399999999,180.0,10.99018675021164,8.291704146774386,6.638618306668261,4.727056537971724,0.46100081000886195,1.0
2.0,611.5637399999999,180.25,10.878084381529703,8.17979441542598,6.529230430555313,4.621075743123786,0.36445138796063353,1.0
2.0,611.5637399999999,180.5,10.766307734344572,8.068246914718559,6.420216535499947,4.515475731837008,0.26826224428310713,1.0
2.0,611.5637399999999,180.75,10.654858789621178,7.957060993441214,6.3115745736801365,4.410253212769841,0.17242943280974038,1.0
2.0,611.5637399999999,181.0,10.543739314917907,7.846235965691205,6.203302558911565,4.305405042728051,0.07694920635690922,1.0
2.0,611.5637399999999,181.25,10.43295087910689,7.735771113444911,6.095398562710537,4.200928216898427,-0.018181996462413197,1.0
2.0,611.5637399999999,181.5,10.322494866090247,7.6256656889618855,5.9878607106280874,4.096819859741997,-0.11296756354271342,1.0
2.0,611.5637399999999,181.75,10.212372487582023,7.515918917031576,5.880687178835592,3.9930772165020767,-0.20741072076556205,1.0
2.0,611.5637399999999,182.0,10.102584795020475,7.406529997071987,5.773876190943866,3.889697645285571,-0.3015145427090888,1.0
2.0,611.5637399999999,182.25,9.993132690670645,7.297498105089251,5.667426015039137,3.786678609678707,-0.39528196263827986,1.0
5.0,244.625496,0.0,37.0,37.0,37.0,37.0,36.953463727328526,0.0
5.0,244.625496,0.25,36.99999999319578,36.99985134450956,36.99105692378763,36.95538289535272,33.99706682339108,0.0
5.0,244.625496,0.5,36.99999913304649,36.99739741584366,36.94119168174233,36.74297697821749,32.8034348971451,0.0
5.0,244.625496,0.75,36.99998199389824,36.98522280892415,36.83956003964557,36.429540196078264,31.90288984448336,0.0
5.0,244.625496,1.0,36.99984183307843,36.95556576280667,36.694474213605815,36.072270766443324,31.15529320882413,0.0
5.0,244.625496,1.25,36.99920853051402,36.90481191106954,36.517505244924074,35.69947315311527,30.506481408161314,0.0
5.0,244.625496,1.5,36.997321564384784,36.8329672803925,36.31828965474715,35.32472424044618,29.927848969812587,0.0
5.0,244.625496,1.75,36.99308192272059,36.741943569413095,36.103970255089926,34.95460354454628,29.40207729638197,0.0
5.0,244.625496,2.0,36.98523281191091,36.634338718427536,35.87966361899612,34.59225625661337,28.91783568651239,0.0
5.0,244.625496,2.25,36.972549744715366,36.51279482057308,35.64900614501017,34.23907872177952,28.467289505757172,0.0
5.0,244.625496,2.5,36.95397248166038,36.379715593002224,35.414584467066014,33.895554307958676,28.04477996309234,0.0
5.0,244.625496,2.75,36.9286692754062,36.23717144632641,35.178243253837984,33.56168499016209,27.646071307998422,0.0
5.0,244.625496,3.0,36.896050060874046,36.086893301372506,34.94129939741165,33.23722097996618,27.267897567315863,0.0
5.0,244.625496,3.25,36.85574918589346,35.93030397246977,34.70469079511041,32.92178549005604,26.907677159666978,0.0
5.0,244.625496,3.5,36.80759370764245,35.768562017470146,34.46908060868181,32.6149434271422,26.563326139818525,0.0
5.0,244.625496,3.75,36.75156746403634,35.602606385874324,34.23493126475031,32.31623943738026,26.233131765769553,0.0
5.0,244.625496,4.0,36.68777654971051,35.433196921908525,34.00255769229017,32.0252189225166,25.91566430865185,0.0
5.0,244.625496,4.25,36.616418823939235,35.2609490638701,33.77216610342501,31.741439476123897,25.60971391544788,0.0
5.0,244.625496,4.5,36.53775831990913,35.08636261960748,33.54388254434452,31.464476881286508,25.314244382880943,0.0
5.0,244.625496,4.75,36.45210449374454,34.90984515849697,33.31777409262326,31.193928001730935,25.02835865936675,0.0
5.0,244.625496,5.0,36.35979581936659,34.73173078702541,33.093864693346696,30.929411893534652,24.751272677088245,0.0
5.0,244.625496,5.25,36.26118708227638,34.552295095783634,32.87214703950197,30.670569899715108,24.48229522419683,0.0
5.0,244.625496,5.5,36.15663971725514,34.37176699642748,32.65259150514878,30.417065169319077,24.2208122740838,0.0
5.0,244.625496,5.75,36.04651459421384,34.190338066150424,32.43515286609874,30.168581858936914,23.966274652169023,0.0
5.0,244.625496,6.0,35.931166740606265,34.00816991247012,32.21977535027703,29.924824168431446,23.71818823261102,0.0
5.0,244.625496,6.25,35.81094157617609,33.825399975104965,32.006396422052696,29.685515300799796,23.47610607251432,0.0
5.0,244.625496,6.5,35.68617231618185,33.642146098933104,31.794949604503785,29.450396399666786,23.23962204295817,0.0
5.0,244.625496,6.75,35.55717826873964,33.45851014315194,31.585366569611715,29.219225496238558,23.008365625292633,0.0
5.0,244.625496,7.0,35.42426380984447,33.274580835714275,31.3775786712337,28.991776484496842,22.781997620926468,0.0
5.0,244.625496,7.25,35.2877178667858,33.09043603717969,31.17151805423415,28.767838135456945,22.560206581960504,0.0
5.0,244.625496,7.5,35.14781377845914,32.90614454244248,30.967118441760142,28.54721315639612,22.342705814334096,0.0
5.0,244.625496,7.75,35.004809431022885,32.72176752066597,30.764315678755004,28.32971729788467,22.12923083866001,0.0
5.0,244.625496,8.0,34.85894759089524,32.53735967167857,30.56304809155275,28.115178509510617,21.919537219438862,0.0
5.0,244.625496,8.25,34.71045637548827,32.35297015982318,30.363256709415378,27.903436143956466,21.713398692884613,0.0
5.0,244.625496,8.5,34.559549816391865,32.16864337278271,30.164885383143645,27.694340208306286,21.510605538625054,0.0
5.0,244.625496,8.75,34.40642848081527,31.984419542413452,29.96788082764443,27.487750660974328,21.310963152148947,0.0
5.0,244.625496,9.0,34.251280125663634,31.800335256455014,29.772192608993684,27.283536752353044,21.114290783864373,0.0
5.0,244.625496,9.25,34.094280365227064,31.616423883638944,29.577773091652656,27.081576407115012,20.92042041761941,0.0
5.0,244.625496,9.5,33.935593338526644,31.432715929785072,29.38457735773895,26.8817556460276,20.729195766979263,0.0
5.0,244.625496,9.75,33.77537236623956,31.24923933864089,29.192563107364762,26.68396804512358,20.540471371806007,0.0
5.0,244.625496,10.0,33.6137605900828,31.066019748239494,29.00169054683376,26.48811423009611,20.354111781017913,0.0
5.0,244.625496,10.25,33.45089158978017,30.883080711234825,28.81192226978242,26.294101403839093,20.16999081002226,0.0
5.0,244.625496,10.5,33.28688997443413,30.700443885870705,28.623223135043645,26.101842905125043,19.987990863378926,0.0
5.0,244.625496,10.75,33.12187194639769,30.51812920283723,28.435560144009024,25.91125779649486,19.808002314884313,0.0
5.0,244.625496,11.0,32.955945836690745,30.336155012175013,28.24890231950114,25.722270479523367,19.629922938562338,0.0
5.0,244.625496,11.25,32.78921261170507,30.15453821353497,28.06322058758444,25.534810335717165,19.453657385084444,0.0
5.0,244.625496,11.5,32.62176635145133,29.97329437243548,27.878487663301,25.348811391394868,19.279116698971443,0.0
5.0,244.625496,11.75,32.4536946999652,29.792437824637453,27.69467794098302,25.164212004992812,19.106217872600475,0.0
5.0,244.625496,12.0,32.28507928874304,29.611981770349416,27.511767389542747,24.98095457532999,18.93488343358496,0.0
5.0,244.625496,12.25,32.115996134246934,29.43193835965364,27.32973345295308,24.798985269454,18.7650410625409,0.0
5.0,244.625496,12.5,31.946516010625267,29.252318770291346,27.148554955993415,24.61825376877433,18.59662323861992,0.0
5.0,244.625496,12.75,31.776704798854812,29.073133278745097,26.968212015234393,24.43871303227001,18.4295669104946,0.0
5.0,244.625496,13.0,31.60662381353419,28.8943913253978,26.78868595516238,24.260319075635547,18.263813190736762,0.0
5.0,244.625496,13.25,31.436330108557954,28.716101574421337,26.609959229293743,24.083030765301835,18.099307071745457,0.0
5.0,244.625496,13.5,31.26587676288066,28.538271968946574,26.432015346094573,23.90680962633746,17.93599716156518,0.0
5.0,244.625496,13.75,31.09531314754782,28.360909781985118,26.254838799499293,23.73161966330069,17.77383543809291,0.0
5.0,244.625496,14.0,30.924685175129255,28.184021663507078,26.078415003809095,23.557427193173414,17.612777020309572,0.0
5.0,244.625496,14.25,30.75403553264284,28.007613684025387,25.902730232744965,23.384200689565493,17.45277995529135,0.0
5.0,244.625496,14.5,30.583404273400177,27.839870959909515,25.740257702337868,23.219510597673313,17.29386088964887,5.435428875283516e-05
5.0,244.625496,14.75,30.412869570688237,27.684100927924973,25.59385060256026,23.06646387461132,17.13675494424464,0.00033288980116131676
5.0,244.625496,15.0,30.242715362949752,27.538664892279023,25.45958826248443,22.923598832358437,16.982889086089855,0.0008287270767580097
5.0,244.625496,15.25,30.073478184521008,27.402229361097987,25.335282172216417,22.78974776351405,16.83357822467394,0.0015264308060717322
5.0,244.625496,15.5,29.905803622152686,27.273558292653554,25.219233548646,22.663847158560095,16.689685110663078,0.002411087836738902
5.0,244.625496,15.75,29.740307580812093,27.15170876062178,25.110289011540548,22.545101132429867,16.55168256119401,0.003472891084900681
5.0,244.625496,16.0,29.577512102941593,27.03585472539638,25.00747910661682,22.432802329035663,16.41976506070243,0.00469987874857153
5.0,244.625496,16.25,29.41782982420224,26.92537814808663,24.910120223211784,22.32640981728128,16.293938788507653,0.006082490526554661
5.0,244.625496,16.5,29.261570252141787,26.819761027817776,24.817643118751043,22.225449062667547,16.174088330767596,0.007615738683895229
5.0,244.625496,16.75,29.10895458686564,26.718613183637217,24.729630537660057,22.129540936085963,16.06002389648566,0.009290521212648584
5.0,244.625496,17.0,28.96013215248574,26.62140085568544,24.645460145842755,22.03815809810988,15.951512533996066,0.011093024048214318
5.0,244.625496,17.25,28.815194707411013,26.527926274451577,24.564948991207576,21.951067826678976,15.848284258207038,0.013022464863967511
5.0,244.625496,17.5,28.674185825744576,26.437809026685212,24.48765879332039,21.867864765990433,15.750056301584804,0.015066961282140823
5.0,244.625496,17.75,28.537111782976538,26.350881531243566,24.413422898197332,21.788331011765877,15.6565416821818,0.01722862502002639
5.0,244.625496,18.0,28.403949357287498,26.2668659111385,24.341925784190547,21.712149031022136,15.56745746663541,0.019488836643459576
5.0,244.625496,18.25,28.27465282005422,26.18559907619977,24.272995545632405,21.63910393677116,15.482527755078987,0.021849206101575678
5.0,244.625496,18.5,28.149158714203285,26.106876892926675,24.206405693837333,21.568947073972033,15.401486211769317,0.024300280115045293
5.0,244.625496,18.75,28.027389933646873,26.030554970804584,24.1420027670651,21.501485279644154,15.324078011196471,0.026840987871456015
5.0,244.625496,19.0,27.909258864307873,25.956494572701242,24.079638303962625,21.43653418901882,15.250061283675576,0.02946698797235853
5.0,244.625496,19.25,27.794670212872813,25.884569111559536,24.019177784303103,21.37392408568884,15.179209170180767,0.032172699284043975
5.0,244.625496,19.5,27.683523498010203,25.81459869865178,23.960423578233627,21.313443887277018,15.111309040892971,0.0349493723565762
5.0,244.625496,19.75,27.575714575010878,25.746528935431257,23.903327701162954,21.254993912745427,15.046157753092434,0.03779305334007258
5.0,244.625496,20.0,27.471136118667026,25.680167656408727,23.847678970878558,21.19836209498603,14.983566224388293,0.04070254369898756
5.0,244.625496,20.25,27.369679294076164,25.61554689754872,23.79352972895951,21.143529430588373,14.923355307888892,0.04368066764668688
5.0,244.625496,20.5,27.271234291419315,25.552547839752116,23.74075347628718,21.09035472804976,14.865363615305549,0.04670972352491097
5.0,244.625496,20.75,27.17569307207923,25.491085029972034,23.689263995711286,21.038727975710277,14.809445874707716,0.04980411082358016
5.0,244.625496,21.0,27.08295018443991,25.431125221904033,23.639034839966023,20.98858633090683,14.755465920925136,0.05294750842964984
5.0,244.625496,21.25,26.992902406328987,25.372519538191284,23.589906930550804,20.939774539552612,14.70329946730592,0.056138140266304086
5.0,244.625496,21.5,26.905449181122357,25.315216834259154,23.541834399515935,20.892220690981777,14.652827411923937,0.05937590285281342
5.0,244.625496,21.75,26.82049145309537,25.25918400027956,23.494790993342207,20.84587095485655,14.603936276045156,0.06266271326572145
5.0,244.625496,22.0,26.737931823739753,25.20434733564778,23.448704112205533,20.800640862625226,14.556523587401834,0.06598489180170565
5.0,244.625496,22.25,26.657675811506365,25.150629659929397,23.403497720030746,20.756445175841428,14.510495016889731,0.06935441479909192
5.0,244.625496,22.5,26.579631844734028,25.098059149637567,23.359214297240886,20.713287022385213,14.465761273716387,0.07275472002944004
5.0,244.625496,22.75,26.503711072437824,25.046498822397783,23.31570970380178,20.67103728673918,14.422243825271417,0.07619496384172679
5.0,244.625496,23.0,26.429828470576396,24.995930669716994,23.272974690390914,20.629664642450905,14.379867667540301,0.07967199884927428
5.0,244.625496,23.25,26.357901619473612,24.946281870205166,23.230937773677347,20.589095283921477,14.33856052014421,0.08317519617239871
5.0,244.625496,23.5,26.287850325192295,24.8975611220522,23.18961877192431,20.54932294186667,14.298254557166885,0.08670516965796608
5.0,244.625496,23.75,26.219596839328975,24.849705360347727,23.148956509417243,20.51028495734155,14.258889197148141,0.09027394908281532
5.0,244.625496,24.0,26.153066745731834,24.802706395124996,23.108951304079707,20.471964106339268,14.22040933475632,0.0938697546476223
5.0,244.625496,24.25,26.088188937906796,24.756502228986083,23.06954297494441,20.434300968367445,14.182764667416606,0.09748738203896642
5.0,244.625496,24.5,26.024895574137794,24.711081730276224,23.030728180639926,20.397278092590373,14.145907846694117,0.10112720884315105
5.0,244.625496,24.75,25.96312160250195,24.66638803293035,22.992452185356047,20.360842157211387,14.109794812739066,0.10479178464828035
5.0,244.625496,25.0,25.902804675039654,24.622394726690978,22.954694289138786,20.324965038029088,14.07438361962562,0.10848258503202801
5.0,244.625496,25.25,25.843884739446136,24.57909387052103,22.91745389120573,20.28963451729714,14.039634226363955,0.11219601357258668
5.0,244.625496,25.5,25.786303986926644,24.536440854306463,22.880689251651024,20.25480950224298,14.005510837438226,0.11592585515803161
5.0,244.625496,25.75,25.730007266554512,24.494428285829738,22.844400034721097,20.22047949507126,13.971980028427247,0.11967508051344077
5.0,244.625496,26.0,25.674941860161905,24.45302005136137,22.80855352335414,20.18661146662367,13.939010981622362,0.12344257374488808
5.0,244.625496,26.25,25.6210574795912,24.412182504738734,22.773119765497167,20.153174676265877,13.906574809907475,0.12722574487150065
5.0,244.625496,26.5,25.56830597989031,24.371904594745534,22.738093731824694,20.120157148986728,13.874643156945199,0.13102519942169108
5.0,244.625496,26.75,25.516640990375784,24.332168925427386,22.70346293613651,20.087542331301165,13.843189706709603,0.13484061132918418
5.0,244.625496,27.0,25.466018102636536,24.292966262372598,22.66922375677184,20.055320731509028,13.81219078875346,0.13867089425207824
5.0,244.625496,27.25,25.416395079781243,24.254266731305535,22.635349343817442,20.023466430017862,13.781625254084313,0.14251561366259494
5.0,244.625496,27.5,25.36773189094689,24.216030513975614,22.60180179431168,19.991945448773237,13.751472858341147,0.14637386034347613
5.0,244.625496,27.75,25.319990238004618,24.178270806997034,22.568602144719186,19.960767298289728,13.72171249025106,0.15024468402108568
5.0,244.625496,28.0,25.27313305337627,24.140961587235196,22.53572709809384,19.92991001007394,13.69232533897951,0.15412817385560343
5.0,244.625496,28.25,25.227124989054268,24.104096583703228,22.503175432707707,19.89936785556688,13.663294751231026,0.1580238139368669
5.0,244.625496,28.5,25.181932508103326,24.067640764280036,22.470913556212455,19.869111734767746,13.634605295788345,0.16192998873150327
5.0,244.625496,28.75,25.137523712589296,24.03158036907029,22.438931694586092,19.83912995212135,13.606241339655526,0.16584700777922032
5.0,244.625496,29.0,25.093867871133476,23.995926907430036,22.407247946289218,19.80943191864712,13.578187266503324,0.16977385514666063
5.0,244.625496,29.25,25.05093538581265,23.96064342478569,22.375825822539667,19.77998740959288,13.550430160973068,0.17371082571666913
5.0,244.625496,29.5,25.00869826016887,23.925730103065273,22.34467059259534,19.750796694944068,13.52295757083481,0.1776563583237798
5.0,244.625496,29.75,24.967129765822758,23.891169429267187,22.313767293164762,19.721845685331903,13.495757447181981,0.18161093013379304
5.0,244.625496,30.0,24.926204350138317,23.856954275266443,22.283112549598975,19.693128917734363,13.468818598999267,0.18557337599472223
5.0,244.625496,30.25,24.885897613600065,23.823068943262577,22.252693154652057,19.66463393269537,13.442130519414123,0.18954389217603781
5.0,244.625496,30.5,24.846186265462975,23.7894962527534,22.222494171314015,19.63634701706503,13.415683085248459,0.19352129398009865
5.0,244.625496,30.75,24.807047971504755,23.756227548011367,22.1925101251263,19.608261555446223,13.389465978803859,0.19750477666146915
5.0,244.625496,31.0,24.76846115917415,23.723255886583203,22.162737247091147,19.580372448102896,13.363469222207879,0.20149500271780615
5.0,244.625496,31.25,24.73040505179575,23.690571692938892,22.13316863275318,19.552672454729734,13.337683737927417,0.2054911274350198
5.0,244.625496,31.5,24.6928597841558,23.658164384017084,22.103796129740694,19.52515350474464,13.312101158564321,0.20949277206684933
5.0,244.625496,31.75,24.655806394356368,23.62602180212567,22.074609705538734,19.49780620387357,13.286713459313269,0.21349856324709507
5.0,244.625496,32.0,24.6192267205875,23.5941458329348,22.04561504836434,19.470632985766287,13.261512761319022,0.21751184044569408
5.0,244.625496,32.25,24.583103335576414,23.562522087865972,22.01679922198392,19.44362269607404,13.236492182738118,0.22153265487608156
5.0,244.625496,32.5,24.54741968219684,23.53113835334216,21.988151781080006,19.416765925794707,13.211645252112241,0.22555773179900074
5.0,244.625496,32.75,24.5121599439868,23.499989748672743,21.95967047052796,19.39005944697069,13.186965158437946,0.22958629173311443
5.0,244.625496,33.0,24.47730884824139,23.469070621916718,21.93135197898282,19.36349942796445,13.162445361366512,0.23361877834721903
5.0,244.625496,33.25,24.442851703664406,23.438375472754426,21.90319304809887,19.337082181351374,13.138079947180643,0.2376546456606349
5.0,244.625496,33.5,24.408774478167405,23.40789940269138,21.875190989542308,19.310804545609784,13.113863550438174,0.24169445210857327
5.0,244.625496,33.75,24.375063816925163,23.377632129355476,21.847336907612767,19.284658780586202,13.0897912657542,0.24573653286190145
5.0,244.625496,34.0,24.341707008075012,23.347566775821043,21.819625742998127,19.258640002255273,13.06585818771811,0.24978571584006326
5.0,244.625496,34.25,24.30869184865412,23.317700529827352,21.79205693853967,19.23274680197699,13.042059362582984,0.2538381450719942
5.0,244.625496,34.5,24.276006583923515,23.288022653342857,21.76462079384312,19.206971002663238,13.018390225884827,0.2578931982339949
5.0,244.625496,34.75,24.243639943399664,23.258525270628294,21.737310867387865,19.181306804519398,12.994846202088894,0.2619494703576956
5.0,244.625496,35.0,24.211581041982004,23.229204593953963,21.710125280010484,19.155751891511237,12.97142249267963,0.26600718142809293
5.0,244.625496,35.25,24.17981930319468,23.200060773694457,21.683066501869607,19.130307349635142,12.948114566719923,0.27006776640565866
5.0,244.625496,35.5,24.1483445405341,23.17108788766219,21.656129934051645,19.10496906553812,12.924918665011822,0.2741337491635704
5.0,244.625496,35.75,24.1171470915936,23.142275188897028,21.629305461135882,19.079728716848713,12.901831429061243,0.27820205046866764
5.0,244.625496,36.0,24.086217763337263,23.113618800401248,21.602590823691163,19.054583848810406,12.878849127924,0.2822708807012443
5.0,244.625496,36.25,24.055547644107303,23.085115311602895,21.575984166958172,19.02953241741677,12.855967903415012,0.286340828446566
5.0,244.625496,36.5,24.025128078981062,23.056760206737476,21.549482284566913,19.004571412102756,12.833184206147727,0.2904115402580405
5.0,244.625496,36.75,23.994950734042813,23.028548706167243,21.523081611340917,18.97969756890835,12.810494739799507,0.2944856913867549
5.0,244.625496,37.0,23.965007607127454,23.000476219090245,21.496778743187694,18.954907763908675,12.787896326560778,0.2985626881478056
5.0,244.625496,37.25,23.935291000234113,22.972537110245707,21.470569022928693,18.93019794020485,12.76538585761256,0.30263997974111884
5.0,244.625496,37.5,23.90579348660551,22.944726598715622,21.444448734682613,18.905564751776,12.742960202667968,0.3067169813866705
5.0,244.625496,37.75,23.876507867803056,22.917041073493245,21.418415446358562,18.881005849824067,12.720616218515186,0.31079379167748516
5.0,244.625496,38.0,23.8474271552532,22.889480622857942,21.39247090030479,18.856522109102958,12.698350909201816,0.3148755190395594
5.0,244.625496,38.25,23.818544605587434,22.86204127686542,21.366612064034822,18.83211086633874,12.67616175081505,0.3189576989328763
5.0,244.625496,38.5,23.78985380253594,22.834718025131494,21.340834696882602,18.80776851724098,12.654046513690693,0.3230398612769385
5.0,244.625496,38.75,23.761348639421065,22.807506933440358,21.315135776841398,18.7834923737184,12.63200289712618,0.327121502689441
5.0,244.625496,39.0,23.733023233886765,22.780405939204115,21.289514386768612,18.75928137771437,12.610028528491258,0.3312032700071972
5.0,244.625496,39.25,23.70487188968574,22.753410834303807,21.263967067686647,18.73513257679121,12.58812116666206,0.335288088630495
5.0,244.625496,39.5,23.676889112713198,22.726512939693528,21.238485193432254,18.71103904237359,12.566278602133826,0.3393729890926238
5.0,244.625496,39.75,23.649069569207672,22.69971182913496,21.21306969303916,18.687001064285436,12.54449821482791,0.3434560834980352
5.0,244.625496,40.0,23.62140798047232,22.673009090186607,21.187723681983826,18.663020727829025,12.522777421495926,0.3475402292222946
5.0,244.625496,40.25,23.593899195453176,22.646395789622048,21.162438027477997,18.639090820103934,12.50111425466898,0.35162422774006874
5.0,244.625496,40.5,23.56653831058254,22.61986866750503,21.13721025258769,18.615209073358375,12.47950663090978,0.3557095384970652
5.0,244.625496,40.75,23.539320559387388,22.5934256328624,21.112039159387717,18.591374246546575,12.457952175467254,0.3597935922572858
5.0,244.625496,41.0,23.51224124771362,22.567064258623947,21.086923100933983,18.567584789976998,12.436448630067233,0.36387674082261595
5.0,244.625496,41.25,23.485295798902506,22.540780473813438,21.061858490511987,18.5438376745556,12.414993916840288,0.36796015721532094
5.0,244.625496,41.5,23.45847978066974,22.51457315111038,21.0368451421118,18.52013246178727,12.393585979054686,0.372044253028785
5.0,244.625496,41.75,23.431788888907782,22.488439810354425,21.01188123295,18.496467507669273,12.372222894750843,0.3761273235171567
5.0,244.625496,42.0,23.40521896830587,22.462377304513204,20.98696414571126,18.472840557357763,12.35090290714393,0.3802092864617243
5.0,244.625496,42.25,23.37876601869845,22.436382055831825,20.962090748908125,18.449248952154964,12.329624270931966,0.3842901863134697
5.0,244.625496,42.5,23.352426162474263,22.41044990427388,20.9372572230055,18.425689490934467,12.308385150218973,0.3883720765171126
5.0,244.625496,42.75,23.326195600938423,22.38457797134764,20.912461229266615,18.40216009174852,12.287183555361999,0.3924523403689893
5.0,244.625496,43.0,23.300070577864883,22.358764105315792,20.887701236705272,18.378659306118855,12.26601743650969,0.3965308494174351
5.0,244.625496,43.25,23.274047383852125,22.333007256311962,20.86297695520114,18.355186659281692,12.244884838736219,0.4006091229557344
5.0,244.625496,43.5,23.248122393404408,22.30730427358882,20.83828560152694,18.331739785808917,12.223784020109976,0.4046870358048692
5.0,244.625496,43.75,23.222292103621115,22.281651550078138,20.81362386384575,18.30831588776608,12.202713311690848,0.408763427974994
5.0,244.625496,44.0,23.196553115280622,22.256046549582827,20.78898967386779,18.284913108136518,12.181670940400904,0.41283794529840506
5.0,244.625496,44.25,23.170902089324123,22.230488083997386,20.764382503992795,18.261530790434396,12.160655090993862,0.41691172872971666
5.0,244.625496,44.5,23.1453357436665,22.2049717833723,20.739798071778555,18.23816540861045,12.13966406737582,0.4209845893729351
5.0,244.625496,44.75,23.119850875843262,22.179495458151944,20.71523466456471,18.21481537010346,12.11869611749831,0.4250556433864133
5.0,244.625496,45.0,23.094444332745407,22.154056905195393,20.690690515950617,18.191479060712254,12.09774942542716,0.4291250714307997
5.0,244.625496,45.25,23.06911300172975,22.128653328018522,20.6661631436696,18.168154317659052,12.07682222859066,0.4331931289419598
5.0,244.625496,45.5,23.043853824349647,22.10328182760132,20.641649937118814,18.144838867878903,12.055912774345082,0.4372596380768737
5.0,244.625496,45.75,23.018663791099826,22.077940054405474,20.61714891762284,18.12153091817602,12.035019272276086,0.44132433518279846
5.0,244.625496,46.0,22.993539929696958,22.05262554609493,20.5926579526645,18.098228560886888,12.01413993050401,0.4453872846227192
5.0,244.625496,46.25,22.96847930673118,22.027335524044982,20.568174524954024,18.074929587964466,11.993272976992206,0.44944840343797016
5.0,244.625496,46.5,22.943479029851485,22.002067117283428,20.543696001156473,18.05163169183391,11.972416624243118,0.45350742667792926
5.0,244.625496,46.75,22.918536239401426,21.97681804734327,20.519220433610457,18.028333086546063,11.951569043786169,0.45756456232530107
5.0,244.625496,47.0,22.893648099763634,21.951586146706678,20.49474598384066,18.005032075730306,11.930728412283006,0.4616199869518642
5.0,244.625496,47.25,22.86881180570277,21.926367688041456,20.470268966902637,17.981725535422502,11.909892945762712,0.46567267193916445
5.0,244.625496,47.5,22.844024586368004,21.901160475423747,20.445787510458917,17.958411711526512,11.88906078246439,0.46972300758715707
5.0,244.625496,47.75,22.819283682474936,21.87596244504339,20.421299869788715,17.935088961583055,11.86823002157176,0.47377152977830805
5.0,244.625496,48.0,22.794586348369872,21.850771347408944,20.396804063115717,17.91175546442343,11.847398825077398,0.47781826157810764
5.0,244.625496,48.25,22.769929871535332,21.82558319073138,20.372296049927044,17.888407801491223,11.826565400484471,0.48186101402274806
5.0,244.625496,48.5,22.7453115722469,21.80039592450887,20.34777409610772,17.86504430145853,11.805727845938497,0.4859016785863423
5.0,244.625496,48.75,22.720728772131565,21.775207051461596,20.32323591077548,17.841662879765412,11.78488420994673,0.4899405466116972
5.0,244.625496,49.0,22.696178795495758,21.75001263123973,20.298677496216424,17.818260123136106,11.764032564048287,0.4939767043933676
5.0,244.625496,49.25,22.67165897565512,21.724811676694717,20.274098353778346,17.794835293300373,11.743170883845979,0.4980084732097182
5.0,244.625496,49.5,22.647166638938216,21.699599935432868,20.24949408346878,17.771384670265594,11.722297192470464,0.5020384830424217
5.0,244.625496,49.75,22.62269912485638,21.67437352460053,20.224860759483672,17.74790484726505,11.70140945997731,0.5060656660493912
5.0,244.625496,50.0,22.59825376312175,21.649132049756695,20.200198578709543,17.724395590731966,11.6805054755098,0.5100902498166343
5.0,244.625496,50.25,22.57382785106608,21.623872174570643,20.175504196574167,17.700853979992196,11.659583148339511,0.5141098805252393
5.0,244.625496,50.5,22.54941870361376,21.59859143276674,20.150775321645202,17.67727787261417,11.638640477949368,0.5181274762613101
5.0,244.625496,50.75,22.525023663527943,21.573286742649223,20.126008922769866,17.653664555333595,11.61767544258344,0.5221431326893605
5.0,244.625496,51.0,22.500640088038505,21.547950796840635,20.101196975110394,17.630007429971634,11.596685950446071,0.5261537109518577
5.0,244.625496,51.25,22.476265314059283,21.522584116105598,20.076340808287465,17.60630703974642,11.575669510142847,0.5301595320085523
5.0,244.625496,51.5,22.451896584681496,21.497182939092323,20.0514365611011,17.582560013447562,11.554623649201123,0.5341632979231488
5.0,244.625496,51.75,22.427531109138364,21.471743426019014,20.026480314868724,17.558762884524544,11.533546032500276,0.5381640426526657
5.0,244.625496,52.0,22.403166095630738,21.446265011985954,20.0014720466815,17.534915178606866,11.512434239841467,0.5421609147959155
5.0,244.625496,52.25,22.37879873908565,21.42074265350065,19.976406354955472,17.511012311455993,11.491285983235487,0.5461517461492384
5.0,244.625496,52.5,22.354426254939394,21.39517416757263,19.951281298226693,17.487052304788495,11.47009893593023,0.5501398435638774
5.0,244.625496,52.75,22.33004585471595,21.369556761628345,19.926094176194603,17.463032619513243,11.448870707281868,0.5541258001602098
5.0,244.625496,53.0,22.30565474005946,21.34388346373991,19.900837316391303,17.438946861883935,11.427598922648553,0.5581064658377589
5.0,244.625496,53.25,22.281250096298535,21.31815441870476,19.87551160273221,17.414795159654258,11.406280896576396,0.5620801898295205
5.0,244.625496,53.5,22.256829033173133,21.29236572109757,19.8501129855193,17.390573923621194,11.384913981697071,0.5660513809359143
5.0,244.625496,53.75,22.23238863707511,21.26651386098962,19.824637924451682,17.366279910017614,11.363495658566437,0.5700193881678748
5.0,244.625496,54.0,22.20792599760412,21.240597287497582,19.799085219501958,17.341911672090912,11.342023353959181,0.5739836725396145
5.0,244.625496,54.25,22.18343819740462,21.214607022222577,19.773444765199734,17.317460912572198,11.320494555342776,0.5779390703269273
5.0,244.625496,54.5,22.158922310819293,21.188542945834808,19.74771718109225,17.292927468806386,11.298906357525059,0.5818906531190352
5.0,244.625496,54.75,22.134375314813095,21.162403581848487,19.721901339665592,17.2683099415755,11.277255798488346,0.5858395651677963
5.0,244.625496,55.0,22.10979414091263,21.136185573570863,19.69599384097643,17.243605191034934,11.255540269322092,0.589785449273825
5.0,244.625496,55.25,22.085175765748346,21.109881973627346,19.66998700936636,17.21880674819086,11.233757257592064,0.5937212873540647
5.0,244.625496,55.5,22.060517191584566,21.083491549318055,19.643880104635777,17.19391340386742,11.211903921526698,0.5976522381637128
5.0,244.625496,55.75,22.035815360241507,21.057011676850554,19.61767063604875,17.16892267332185,11.189977363121356,0.6015798830916097
5.0,244.625496,56.0,22.011067180056376,21.030438416936352,19.59135453068852,17.143830848711648,11.167974862053963,0.6055040108558306
5.0,244.625496,56.25,21.98626957222847,21.00376512343352,19.564924488570156,17.11863170533919,11.145893674178241,0.6094210100499152
5.0,244.625496,56.5,21.961419442556828,20.976984334114597,19.53837230201691,17.09331823936169,11.123730696474242,0.6133290751131536
5.0,244.625496,56.75,21.936513587656876,20.950099433897897,19.511702871835443,17.067893473092077,11.10148233726222,0.6172322025392946
5.0,244.625496,57.0,21.911548654224987,20.923106014100814,19.48491150162456,17.042353234882867,11.07914540232676,0.6211323029020137
5.0,244.625496,57.25,21.886521304645093,20.8959949189112,19.45798785384693,17.0166889263245,11.05671705258315,0.6250260416831293
5.0,244.625496,57.5,21.861428244583884,20.86876869995231,19.43093584937748,16.990902777834457,11.03419398732844,0.628914184396622
5.0,244.625496,57.75,21.83626610728348,20.841423627058628,19.40375162364895,16.964991225923036,11.011573090525465,0.632791908859424
5.0,244.625496,58.0,21.81103154489051,20.813950478297055,19.37642473396379,16.938945594574562,10.988851564071412,0.6366649205085173
5.0,244.625496,58.25,21.785721253430818,20.786346909188776,19.34895320291444,16.912763564493964,10.966026131794276,0.6405316691467999
5.0,244.625496,58.5,21.760331838493276,20.758613770581945,19.321338833493083,16.88644579706804,10.94309330666525,0.6443940884840089
5.0,244.625496,58.75,21.734859836080524,20.730747551157307,19.29357803387553,16.85998891484006,10.920050085664796,0.6482512452270177
5.0,244.625496,59.0,21.70930185202873,20.70274029678742,19.265661871808767,16.833385400021733,10.896893742368777,0.6520962108529054
5.0,244.625496,59.25,21.683654563330897,20.67458847564137,19.237586905930403,16.806631827625203,10.873621159251202,0.6559344119770256
5.0,244.625496,59.5,21.65791459078065,20.646288640539996,19.209349754203622,16.77972485740756,10.85022893056829,0.6597664539519601
5.0,244.625496,59.75,21.632078470607606,20.617839784394064,19.180949987015428,16.752663417693316,10.826713695273233,0.663592144626829
5.0,244.625496,60.0,21.606142709176037,20.58923992497643,19.152385918852694,16.72544553715131,10.80307238477831,0.6674121312492618
5.0,244.625496,60.25,21.580103866710978,20.560483718889863,19.123651757618237,16.698066116672756,10.779302232975736,0.6712248137225861
5.0,244.625496,60.5,21.553958588899356,20.53157682947287,19.094755201634555,16.670530309661416,10.755400460558846,0.6750295802817233
5.0,244.625496,60.75,21.52770359071562,20.502507713251322,19.065682703359204,16.64282728088333,10.731364866754836,0.6788239156151663
5.0,244.625496,61.0,21.50133575001853,20.473276799999525,19.036435657516677,16.614957319723594,10.707193035908336,0.6826110723957355
5.0,244.625496,61.25,21.47485197309586,20.443879749583584,19.00700946232743,16.586916302820864,10.682882307360375,0.6863915865729636
5.0,244.625496,61.5,21.44824915788925,20.41431707046632,18.97740550473174,16.558704627374063,10.658430093780787,0.690164387292342
5.0,244.625496,61.75,21.421524225490753,20.384589212239632,18.94762498999199,16.530322658503017,10.633834075016939,0.6939312498535237
5.0,244.625496,62.0,21.39467419630852,20.354687936948178,18.91765841996269,16.501762665250425,10.609092377078696,0.6976892688088342
5.0,244.625496,62.25,21.367696232604512,20.324615969726665,18.88750994058295,16.473027138973514,10.584202854001534,0.7014404660955597
5.0,244.625496,62.5,21.34058752780189,20.29437228230323,18.857178883394347,16.444115106567942,10.559163463644857,0.7051811444783573
5.0,244.625496,62.75,21.313345355526426,20.26396076913823,18.826670631394723,16.41503020774551,10.533972621844937,0.7089127799616729
5.0,244.625496,63.0,21.285967160547443,20.233372841849526,18.795975064445773,16.38576444860611,10.508629308823448,0.7126371842202932
5.0,244.625496,63.25,21.258450608091177,20.202609205744533,18.765093763559445,16.356318508491807,10.483132251636542,0.7163531987218503
5.0,244.625496,63.5,21.230793433505188,20.17166462216456,18.734020848734005,16.326687540894977,10.45747992110812,0.7200616268379435
5.0,244.625496,63.75,21.202993383715878,20.140543463981505,18.702762397265708,16.29687568691779,10.43167064586341,0.7237609755906973
5.0,244.625496,64.0,21.175048210033673,20.109251522468686,18.67132600516433,16.266888455255437,10.40570316611011,0.7274536964618826
5.0,244.625496,64.25,21.14695581641114,20.077782595578594,18.63970429591609,16.236720157784177,10.379577207710145,0.7311378840145383
5.0,244.625496,64.5,21.118714408407417,20.04613553688368,18.607896382831346,16.20636982917697,10.353292484499246,0.7348125241559006
5.0,244.625496,64.75,21.090322353461442,20.014321549762194,18.57591660614495,16.17584810641056,10.326848411578041,0.7384808303687531
5.0,244.625496,65.0,21.061778122293855,19.982339021147553,18.543763058619984,16.145153687875617,10.300245367018867,0.742140360242273
5.0,244.625496,65.25,21.033080502322335,19.950194351839666,18.511443921329775,16.114292789140517,10.273484355041433,0.7457924952411258
5.0,244.625496,65.5,21.004228620251343,19.91789400549328,18.478967255903715,16.083271747672793,10.246566831021672,0.7494361636428053
5.0,244.625496,65.75,20.975221962631167,19.885420831800886,18.44631173873902,16.052074802768754,10.219494881944705,0.753070289739175
5.0,244.625496,66.0,20.946060335739396,19.852781929274567,18.41348677072168,16.02070889195114,10.192269300824474,0.7566961365510857
5.0,244.625496,66.25,20.916743463627338,19.819990161896644,18.380508484371664,15.989186433478265,10.164890351381526,0.7603139602554836
5.0,244.625496,66.5,20.887271043128056,19.787039976984225,18.34736976599337,15.95750260700424,10.137359680548238,0.7639240569766129
5.0,244.625496,66.75,20.85764308015607,19.753946137686874,18.314089088990617,15.925671633249506,10.10967924587596,0.7675260562511195
5.0,244.625496,67.0,20.827859859480636,19.720709726002266,18.280667416515065,15.893694973698958,10.081851728670761,0.7711207141915589
5.0,244.625496,67.25,20.797922053482306,19.68733305640548,18.24710741145588,15.861575256662059,10.053880424488064,0.7747076106061989
5.0,244.625496,67.5,20.76783069991439,19.653813010612307,18.213404986397002,15.829310039445714,10.025768446802328,0.7782869199623521
5.0,244.625496,67.75,20.73758703211823,19.620150470844308,18.179561209203133,15.796900639953876,9.997518269195837,0.7818581916909225
5.0,244.625496,68.0,20.70719228773063,19.586355621820857,18.14558868963445,15.764357129323365,9.969131888609205,0.7854218520484386
5.0,244.625496,68.25,20.676647682766443,19.55243091465294,18.111490081990908,15.731682343738774,9.940611901037396,0.7889783598773309
5.0,244.625496,68.5,20.6459546056963,19.51837839768615,18.077267609098847,15.698878730221136,9.911961402928377,0.7925272661326948
5.0,244.625496,68.75,20.615114663014648,19.48420664880465,18.04293165162829,15.665954878256596,9.883183470688664,0.796068788616411
5.0,244.625496,69.0,20.584129629326817,19.449915567046762,18.008481553094697,15.632911250727531,9.85428156401042,0.7996034230311266
5.0,244.625496,69.25,20.55300149296232,19.41550256179611,17.973913718170852,15.59974595785862,9.825259120824526,0.8031304783009624
5.0,244.625496,69.5,20.521732354693775,19.380971664141008,17.93923296693069,15.566463322382349,9.7961188562699,0.8066501394155786
5.0,244.625496,69.75,20.490324254063065,19.34632882946277,17.90444638643762,15.533069482717876,9.766863229697469,0.8101627729766775
5.0,244.625496,70.0,20.458779194439256,19.31157120977431,17.869549946746748,15.49956229485458,9.737495031220098,0.8136684394223285
5.0,244.625496,70.25,20.42709923731542,19.276704000975293,17.83454987946746,15.46594713967841,9.708016813652353,0.8171667354473983
5.0,244.625496,70.5,20.395286432922372,19.241723822775914,17.79944154163425,15.432221334763288,9.678430991042966,0.8206581811269483
5.0,244.625496,70.75,20.363342806050277,19.206632618133195,17.764227155039062,15.398387161082574,9.648739618194876,0.8241423325263559
5.0,244.625496,71.0,20.331270282865997,19.171433962648912,17.72891091022278,15.364448419771607,9.618944417121572,0.8276194634497299
5.0,244.625496,71.25,20.299070685497657,19.136127770987905,17.693492340741283,15.330405450220214,9.58904724146594,0.8310895812928057
5.0,244.625496,71.5,20.266745805482646,19.100709716778418,17.657965759706155,15.296254569100576,9.559049866838578,0.8345526104117733
5.0,244.625496,71.75,20.23429737100534,19.065177397956734,17.62232807587971,15.26199385875765,9.528953413736078,0.8380084146280229
5.0,244.625496,72.0,20.20172690842865,19.029532115281494,17.58658087796402,15.227624848168139,9.498758329535134,0.8414569930794797
5.0,244.625496,72.25,20.169035683572876,18.99376703305938,17.550715494507834,15.193141383555758,9.468464868810525,0.8448975992067904
5.0,244.625496,72.5,20.13622474290347,18.95787827170911,17.514727208777355,15.158540021435538,9.43807271846141,0.8483305761410019
5.0,244.625496,72.75,20.1032948357232,18.92186112942401,17.478610320294113,15.123816495705325,9.407580832775002,0.8517559612507823
5.0,244.625496,73.0,20.07024635047667,18.88571106976455,17.442359419711817,15.088966635752689,9.376987621916522,0.8551736183971635
5.0,244.625496,73.25,20.037079308321132,18.849425764123552,17.405971926071626,15.053988286089528,9.346291053558822,0.8585838454008563
5.0,244.625496,73.5,20.003793385280773,18.81299725991696,17.36943818501362,15.01887395340356,9.315488894613658,0.8619860600650783
5.0,244.625496,73.75,19.970387957659284,18.77641254757133,17.33274240391471,14.983611319436266,9.28457837632456,0.8653796538846937
5.0,244.625496,74.0,19.936862019831498,18.73966161932909,17.29587286632088,14.94819080442138,9.253555505509532,0.8687644312056368
5.0,244.625496,74.25,19.903213999411822,18.702734722501127,17.258818277044508,14.91260299633053,9.222415148412077,0.8721408828134838
5.0,244.625496,74.5,19.86944168510261,18.665617963880848,17.221562232294453,14.87683450838231,9.191151393520022,0.8755081118138597
5.0,244.625496,74.75,19.835542237730134,18.62831274578072,17.184107804992756,14.840886221966167,9.159757494248554,0.8788661631020501
5.0,244.625496,75.0,19.801512219131304,18.59080273911118,17.146435368723637,14.80474232434811,9.128226953887793,0.8822153056053229
5.0,244.625496,75.25,19.76734781703895,18.5530713735581,17.108525453081114,14.768386663496363,9.096552946944653,0.8855543569417403
5.0,244.625496,75.5,19.73304477730194,18.51509672790242,17.070352101577047,14.731797979613575,9.06472724508291,0.8888806050991407
5.0,244.625496,75.75,19.69859815456864,18.476871667848613,17.031908416270547,14.69496879312846,9.032739917951613,0.8921964485198639
5.0,244.625496,76.0,19.664002148735165,18.438365845390763,16.99315790180098,14.657869767955061,9.000580396965013,0.8954991034130616
5.0,244.625496,76.25,19.62925019866905,18.399578163464145,16.954101836668524,14.620498862029988,8.96823675387153,0.8987920463482099
5.0,244.625496,76.5,19.59433489284154,18.360489366754063,16.914717876728673,14.582836958620595,8.93569692268992,0.9020729695459759
5.0,244.625496,76.75,19.559248221563173,18.321049454451764,16.87494507139637,14.544835946735592,8.90294872320661,0.9053414430073367
5.0,244.625496,77.0,19.523981522526288,18.281264958465332,16.834795648169496,14.50650056508592,8.869976627912836,0.9085961926891827
5.0,244.625496,77.25,19.48852491777745,18.241078864473355,16.79419968816895,14.467775933628968,8.836764563236216,0.9118319624741311
5.0,244.625496,77.5,19.452867565142622,18.200484359966772,16.753153069093706,14.428653978526276,8.80329441778594,0.9150542254665287
5.0,244.625496,77.75,19.416997392259095,18.15944554149688,16.711613613781264,14.389099289243777,8.769546772834167,0.91826008172871
5.0,244.625496,78.0,19.380901226937414,18.117926063755004,16.669539341352376,14.349075819692805,8.735501460827638,0.921451812960599
5.0,244.625496,78.25,19.344564825390435,18.075904396181464,16.626907718552037,14.308561246260826,8.701136239300471,0.9246265288128478
5.0,244.625496,78.5,19.30797270167405,18.03330736671591,16.58362961943096,14.267484657365673,8.666427804409292,0.9277730392403789
5.0,244.625496,78.75,19.27110810801453,17.99012419526466,16.53969828159235,14.22583332852201,8.631348928182296,0.9309052359023909
5.0,244.625496,79.0,19.233952475539237,17.9462862020811,16.495030874839035,14.183540139063266,8.595870802004816,0.9340184384058609
5.0,244.625496,79.25,19.19648563307414,17.90174516961321,16.449572884703905,14.140556764682419,8.559962232010614,0.937104089509817
5.0,244.625496,79.5,19.15868556752858,17.85644617406504,16.403261289970352,14.09682833285178,8.523588437091906,0.9401630266122976
5.0,244.625496,79.75,19.120528151863898,17.810334785356876,16.35603432206588,14.052300105139093,8.486711988553251,0.9432048100310533
5.0,244.625496,80.0,19.081987132286734,17.76330967982841,16.307769375664822,14.006872984232485,8.449292736685484,0.946206894443619
5.0,244.625496,80.25,19.043033944504234,17.715341186955897,16.258440273289292,13.960514569721957,8.41128471414519,0.9491875574053698
5.0,244.625496,80.5,19.00363707493935,17.66632433425112,16.20792012306366,13.913121550208931,8.372639685598665,0.9521340434644727
5.0,244.625496,80.75,18.963762437592994,17.616158663893273,16.156090817451187,13.864594172427704,8.333305522316081,0.9550433191696566
5.0,244.625496,81.0,18.923372929409442,17.56474751747938,16.102840757002912,13.8148356719886,8.293222851570205,0.9579170856671231
5.0,244.625496,81.25,18.882427614525398,17.51200712243166,16.04807659359858,13.763760766949172,8.252326387195994,0.9607545386515953
5.0,244.625496,81.5,18.84088157842341,17.45777775427632,15.991603599793622,13.711212212982067,8.210546891104325,0.9635425010128532
5.0,244.625496,81.75,18.79868599270668,17.40192352780571,15.933263516352364,13.657054128218862,8.167806403009326,0.9662913387653179
5.0,244.625496,82.0,18.75578698927006,17.34429215973725,15.87287753060474,13.601134347445369,8.124016689961184,0.9689877177673232
5.0,244.625496,82.25,18.7121248115818,17.284688002112986,15.810210359453176,13.543258867052394,8.079080288090408,0.9716241287188632
5.0,244.625496,82.5,18.66763328657453,17.22285904185938,15.744954047900332,13.483179333625454,8.032887130071309,0.9742007508283484
5.0,244.625496,82.75,18.62223849175711,17.158676292330753,15.67697714646827,13.420761293602421,7.9853096793443035,0.9767167611243901
5.0,244.625496,83.0,18.575857278178514,17.091777690187687,15.605822098243534,13.3556500036387,7.936210911653565,0.9791578468688598
5.0,244.625496,83.25,18.52839765622252,17.02196044521501,15.531269182156002,13.287637810217808,7.885434791266023,0.9815230515580396
5.0,244.625496,83.5,18.47975667509993,16.948803473776263,15.452789825315516,13.21631020024444,7.832807246443948,0.9838005755904002
5.0,244.625496,83.75,18.429819415344546,16.87198967880381,15.370020837678691,13.141347305898964,7.77812986635631,0.9859859914975119
5.0,244.625496,84.0,18.378456549269696,16.790923399464848,15.282203569391415,13.06216492149564,7.721177929127086,0.9880577496030011
5.0,244.625496,84.25,18.325522117777243,16.705157519415348,15.188823497154912,12.978314204635467,7.661687082610733,0.9900201504987786
5.0,244.625496,84.5,18.270848986004616,16.61416953186405,15.089263177196086,12.889271810897982,7.599354789436035,0.9918475643435645
5.0,244.625496,84.75,18.214247001636846,16.51724910458367,14.982643677963521,12.794333337684112,7.533847036383706,0.9935301433876567
5.0,244.625496,85.0,18.155502071752185,16.41374011870385,14.868200637524236,12.692839605915731,7.464784356046527,0.9950574256514421
5.0,244.625496,85.25,18.09437232271362,16.30287596970795,14.745020764943032,12.58402219147921,7.391740440620772,0.9964056555891598
5.0,244.625496,85.5,18.0305855599989,16.18401137350675,14.612405237502214,12.46721973883491,7.314243678521821,0.9975580187901865
5.0,244.625496,85.75,17.963838030552502,16.056575829552866,14.46977060553923,12.34183433383665,7.231789263625504,0.9985006742186786
5.0,244.625496,86.0,17.89379686323666,15.92018352881999,14.31680710275999,12.207434373727741,7.143860062049126,0.9992206785734203
5.0,244.625496,86.25,17.820106406870153,15.77501464426909,14.154045175512541,12.064112374725093,7.049954588741162,0.9997074208669159
5.0,244.625496,86.5,17.742400109650692,15.621572550962066,13.982371540413096,11.912262125422947,6.949648089529842,0.9999584896646228
5.0,244.625496,86.75,17.66032293869191,15.465418883436651,13.810509978756405,11.757010515258099,6.84268087109182,1.0
5.0,244.625496,87.0,17.573581023143344,15.313866562620884,13.648452233650378,11.605186951641974,6.729404656367908,1.0
5.0,244.625496,87.25,17.48208358442277,15.166567640725413,13.493121477856393,11.456532032292927,6.611120374760844,1.0
5.0,244.625496,87.5,17.386065761820173,15.02288468670168,13.342775328980524,11.31055996722485,6.489409471674793,1.0
5.0,244.625496,87.75,17.285997328640082,14.882188732254201,13.196276102090025,11.16684424513096,6.365549197282504,1.0
5.0,244.625496,88.0,17.1824257303744,14.743934519055385,13.05283089832539,11.025065060418218,6.240474840701465,1.0
5.0,244.625496,88.25,17.075882710210678,14.607670132988959,12.911864969710464,10.884990881788571,6.114852423265359,1.0
5.0,244.625496,88.5,16.96684467145756,14.47302945003379,12.772950945318248,10.74645219079663,5.989151814594823,1.0
5.0,244.625496,88.75,16.85572171960313,14.339720291946701,12.635765281763087,10.609320842562548,5.8637027779470365,1.0
5.0,244.625496,89.0,16.742859786099352,14.20751214151476,12.500059677220872,10.473496061302841,5.738735099167386,1.0
5.0,244.625496,89.25,16.628547847685567,14.076224798334305,12.365641459007929,10.338895446980068,5.614406845448679,1.0
5.0,244.625496,89.5,16.513026468749178,13.945718487363086,12.232359696755262,10.205449312283145,5.49082430553492,1.0
5.0,244.625496,89.75,16.396496010948496,13.815885536183897,12.100095138308653,10.073097118908088,5.368056189996223,1.0
5.0,244.625496,90.0,16.279123874663426,13.686643539828024,11.968752787128512,9.941785206827264,5.246143858523157,1.0
5.0,244.625496,90.25,16.161050612105853,13.557929842478977,11.83825635424923,9.811465313881127,5.125108766451935,1.0
5.0,244.625496,90.5,16.042394961047187,13.429697136893049,11.70854406854652,9.682093579692324,5.004957937306477,1.0
5.0,244.625496,90.75,15.923257928919616,13.301909986634662,11.579565487404793,9.553629849548358,4.885688013795927,1.0
5.0,244.625496,91.0,15.803726077399205,13.17454209598139,11.451279053589955,9.426037167395418,4.767288271561298,1.0
5.0,244.625496,91.25,15.683874150938694,13.047574177663089,11.323650214220912,9.299281390980251,4.649742867548057,1.0
5.0,244.625496,91.5,15.56376717548115,12.920992294162566,11.196649966386856,9.173330888284292,4.533032518487957,1.0
5.0,244.625496,91.75,15.443462133612314,12.794786571601676,11.070253728509794,9.048156289942737,4.417135752093339,1.0
5.0,244.625496,92.0,15.323009303272183,12.668950205310844,10.944440461558685,8.923730281655558,4.302029836276375,1.0
5.0,244.625496,92.25,15.202453330275087,12.54347869289782,10.819191982601822,8.800027426233312,4.187691464947737,1.0
5.0,244.625496,92.5,15.081834090668076,12.418369244249703,10.694492426860718,8.67702400837899,4.07409725945226,1.0
5.0,244.625496,92.75,14.961187387292092,12.293620328831782,10.570327824705338,8.55469789746792,3.9612241303071407,1.0
5.0,244.625496,93.0,14.840545515504184,12.169231329328202,10.446685767809935,8.433028424967146,3.849049533171771,1.0
5.0,244.625496,93.25,14.71993772552109,12.045202277515637,10.323555144612419,8.311996274038341,3.7375516449009867,1.0
5.0,244.625496,93.5,14.599390602913804,11.92153365363175,10.200925929750392,8.191583379474903,3.626709479417477,1.0
5.0,244.625496,93.75,14.478928384117097,11.798226234697792,10.078789015623471,8.071772836542921,3.516502958485217,1.0
5.0,244.625496,94.0,14.358573220160652,11.675280980526253,9.95713607690585,7.952548817593199,3.406912948911623,1.0
5.0,244.625496,94.25,14.238345398968871,11.552698948689311,9.835959460894705,7.833896495528267,3.297921274985033,1.0
5.0,244.625496,94.5,14.118263534344017,11.430481231700272,9.715252098171607,7.715801973370076,3.1895107128669236,1.0
5.0,244.625496,94.75,13.998344728006144,11.30862891119348,9.595007429284294,7.598252219297321,3.081664972055819,1.0
5.0,244.625496,95.0,13.878604709706039,11.187143025076669,9.475219344108003,7.4812350066171645,2.9743686678086867,1.0
5.0,244.625496,95.25,13.759057959368917,11.066024544550068,9.355882131282659,7.364738858211845,2.867607287459866,1.0
5.0,244.625496,95.5,13.63971781440151,10.945274358599168,9.236990435693508,7.2487529950613965,2.761367152851209,1.0
5.0,244.625496,95.75,13.520596564650788,10.82489326411914,9.118539222405747,7.133267288493118,2.655635380529724,1.0
5.0,244.625496,96.0,13.401705536999456,10.704881960255143,9.000523745807701,7.018272215849131,2.55039984094178,1.0
5.0,244.625496,96.25,13.283055171189368,10.585241045872047,8.882939522984096,6.903758819297292,2.4456491175261004,1.0
5.0,244.625496,96.5,13.164655088155577,10.465971019321556,8.765782310548781,6.789718667539304,2.3413724663580604,1.0
5.0,244.625496,96.75,13.046514151911175,10.347072279870995,8.64904808432784,6.6761438201942,2.237559776807851,1.0
5.0,244.625496,97.0,12.928640525832211,10.228545130309538,8.53273302140997,6.563026794656288,2.134201533530816,1.0
5.0,244.625496,97.25,12.811041724041257,10.110389780364345,8.416833484179342,6.45036053524481,2.0312887799993766,1.0
5.0,244.625496,97.5,12.693724658468645,9.992606350648972,8.301346006022914,6.338138384478424,1.9288130837041337,1.0
5.0,244.625496,97.75,12.576695682075277,9.8751948769355,8.1862672784643,6.226354056321633,1.8267665030907732,1.0
5.0,244.625496,98.0,12.45996062864496,9.758155314594944,8.071594139523539,6.115001611262721,1.725141556254359,1.0
5.0,244.625496,98.25,12.343524849492992,9.641487543091122,7.95732356313917,6.004075433093866,1.6239311913797652,1.0
5.0,244.625496,98.5,12.227393247388413,9.525191370444336,7.843452649518335,5.89357020727412,1.5231287588934959,1.0
5.0,244.625496,98.75,12.111570307947092,9.409266537604939,7.729978616303847,5.783480900764954,1.422727985275637,1.0
5.0,244.625496,99.0,11.996060128719902,9.29371272269487,7.616898790465535,5.673802743236291,1.322722948469679,1.0
5.0,244.625496,99.25,11.880866446172996,9.17852954508899,7.504210600837982,5.564531209548439,1.2231080548208126,1.0
5.0,244.625496,99.5,11.765992660734613,9.063716569318249,7.391911571238493,5.4556620034221455,1.1238780174693113,1.0
5.0,244.625496,99.75,11.651441860063757,8.949273308784504,7.279999314108765,5.347191042215327,1.0250278361238232,1.0
5.0,244.625496,100.0,11.53721684068012,8.835199229282473,7.168471524631371,5.239114442730741,0.9265527781392374,1.0
5.0,244.625496,100.25,11.423320128080759,8.721493752328529,7.057325975278622,5.131428507984254,0.8284483608248308,1.0
5.0,244.625496,100.5,11.309753995457259,8.608156258299054,6.946560510756501,5.024129714868225,0.7307103349103158,1.0
5.0,244.625496,100.75,11.196520481116869,8.495186089383251,6.836173043310745,4.917214702649105,0.6333346690998342,1.0
5.0,244.625496,101.0,11.083621404702045,8.382582552356748,6.726161548365786,4.810680262242552,0.5363175356468549,1.0
5.0,244.625496,101.25,10.971058382294906,8.270344921183328,6.616524060470312,4.704523326213274,0.4396552968859291,1.0
5.0,244.625496,101.5,10.85883284048608,8.158472439452686,6.507258669525859,4.598740959450432,0.34334449266054523,1.0
5.0,244.625496,101.75,10.746946029481137,8.046964322662433,6.398363517277039,4.493330350472799,0.24738182858949398,1.0
5.0,244.625496,102.0,10.635399035312071,7.935819760352653,6.289836794044037,4.388288803321011,0.1517641651174041,1.0
5.0,244.625496,102.25,10.524192791216244,7.825037918101245,6.181676735679626,4.28361372999716,0.056488507298267654,1.0
5.0,244.625496,102.5,10.413328088240506,7.714617939388144,6.073881620734521,4.1793026434146565,-0.038448004736219454,1.0
5.0,244.625496,102.75,10.302805585124036,7.60455894733625,5.96644976781618,4.075353150823843,-0.13304810466865657,1.0
5.0,244.625496,103.0,10.192625817509464,7.494860046336592,5.859379533127367,3.971762947681177,-0.22731440829071642,1.0
5.0,244.625496,103.25,10.082789206528426,7.385520323564944,5.752669308171849,3.868529811931967,-0.3212494212403606,1.0
5.0,244.625496,103.5,9.973296066804295,7.276538850396746,5.6463175176155564,3.765651598678707,-0.41485554621871057,1.0
10.0,122.312748,0.0,37.0,37.0,37.0,37.0,36.953463727328526,0.0
10.0,122.312748,0.25,36.99999999319578,36.99985134450956,36.99105692378763,36.95538289535272,33.99706682339108,0.0
10.0,122.312748,0.5,36.99999913304649,36.99739741584366,36.94119168174233,36.74297697821749,32.8034348971451,0.0
10.0,122.312748,0.75,36.99998199389824,36.98522280892415,36.83956003964557,36.429540196078264,31.90288984448336,0.0
10.0,122.312748,1.0,36.99984183307843,36.95556576280667,36.694474213605815,36.072270766443324,31.15529320882413,0.0
10.0,122.312748,1.25,36.99920853051402,36.90481191106954,36.517505244924074,35.69947315311527,30.506481408161314,0.0
10.0,122.312748,1.5,36.997321564384784,36.8329672803925,36.31828965474715,35.32472424044618,29.927848969812587,0.0
10.0,122.312748,1.75,36.99308192272059,36.741943569413095,36.103970255089926,34.95460354454628,29.40207729638197,0.0
10.0,122.312748,2.0,36.98523281191091,36.634338718427536,35.87966361899612,34.59225625661337,28.91783568651239,0.0
10.0,122.312748,2.25,36.972549744715366,36.51279482057308,35.64900614501017,34.23907872177952,28.467289505757172,0.0
10.0,122.312748,2.5,36.95397248166038,36.379715593002224,35.414584467066014,33.895554307958676,28.04477996309234,0.0
10.0,122.312748,2.75,36.9286692754062,36.23717144632641,35.178243253837984,33.56168499016209,27.646071307998422,0.0
10.0,122.312748,3.0,36.896050060874046,36.086893301372506,34.94129939741165,33.23722097996618,27.267897567315863,0.0
10.0,122.312748,3.25,36.85574918589346,35.93030397246977,34.70469079511041,32.92178549005604,26.907677159666978,0.0
10.0,122.312748,3.5,36.80759370764245,35.768562017470146,34.46908060868181,32.6149434271422,26.563326139818525,0.0
10.0,122.312748,3.75,36.75156746403634,35.602606385874324,34.23493126475031,32.31623943738026,26.233131765769553,0.0
10.0,122.312748,4.0,36.68777654971051,35.433196921908525,34.00255769229017,32.0252189225166,25.91566430865185,0.0
10.0,122.312748,4.25,36.616418823939235,35.2609490638701,33.77216610342501,31.741439476123897,25.60971391544788,0.0
10.0,122.312748,4.5,36.53775831990913,35.08636261960748,33.54388254434452,31.464476881286508,25.314244382880943,0.0
10.0,122.312748,4.75,36.45210449374454,34.90984515849697,33.31777409262326,31.193928001730935,25.02835865936675,0.0
10.0,122.312748,5.0,36.35979581936659,34.73173078702541,33.093864693346696,30.929411893534652,24.751272677088245,0.0
10.0,122.312748,5.25,36.26118708227638,34.552295095783634,32.87214703950197,30.670569899715108,24.48229522419683,0.0
10.0,122.312748,5.5,36.15663971725514,34.37176699642748,32.65259150514878,30.417065169319077,24.2208122740838,0.0
10.0,122.312748,5.75,36.04651459421384,34.190338066150424,32.43515286609874,30.168581858936914,23.966274652169023,0.0
10.0,122.312748,6.0,35.931166740606265,34.00816991247012,32.21977535027703,29.924824168431446,23.71818823261102,0.0
10.0,122.312748,6.25,35.81094157617609,33.825399975104965,32.006396422052696,29.685515300799796,23.47610607251432,0.0
10.0,122.312748,6.5,35.68617231618185,33.642146098933104,31.794949604503785,29.450396399666786,23.23962204295817,0.0
10.0,122.312748,6.75,35.55717826873964,33.45851014315194,31.585366569611715,29.219225496238558,23.008365625292633,0.0
10.0,122.312748,7.0,35.42426380984447,33.274580835714275,31.3775786712337,28.991776484496842,22.781997620926468,0.0
10.0,122.312748,7.25,35.2877178667858,33.09043603717969,31.17151805423415,28.767838135456945,22.560206581960504,0.0
10.0,122.312748,7.5,35.14781377845914,32.90614454244248,30.967118441760142,28.54721315639612,22.342705814334096,0.0
10.0,122.312748,7.75,35.004809431022885,32.72176752066597,30.764315678755004,28.32971729788467,22.12923083866001,0.0
10.0,122.312748,8.0,34.85894759089524,32.53735967167857,30.56304809155275,28.115178509510617,21.919537219438862,0.0
10.0,122.312748,8.25,34.71045637548827,32.35297015982318,30.363256709415378,27.903436143956466,21.713398692884613,0.0
10.0,122.312748,8.5,34.559549816391865,32.16864337278271,30.164885383143645,27.694340208306286,21.510605538625054,0.0
10.0,122.312748,8.75,34.40642848081527,31.984419542413452,29.96788082764443,27.487750660974328,21.310963152148947,0.0
10.0,122.312748,9.0,34.251280125663634,31.800335256455014,29.772192608993684,27.283536752353044,21.114290783864373,0.0
10.0,122.312748,9.25,34.094280365227064,31.616423883638944,29.577773091652656,27.081576407115012,20.92042041761941,0.0
10.0,122.312748,9.5,33.935593338526644,31.432715929785072,29.38457735773895,26.8817556460276,20.729195766979263,0.0
10.0,122.312748,9.75,33.77537236623956,31.24923933864089,29.192563107364762,26.68396804512358,20.540471371806007,0.0
10.0,122.312748,10.0,33.6137605900828,31.066019748239494,29.00169054683376,26.48811423009611,20.354111781017913,0.0
10.0,122.312748,10.25,33.45089158978017,30.883080711234825,28.81192226978242,26.294101403839093,20.16999081002226,0.0
10.0,122.312748,10.5,33.28688997443413,30.700443885870705,28.623223135043645,26.101842905125043,19.987990863378926,0.0
10.0,122.312748,10.75,33.12187194639769,30.51812920283723,28.435560144009024,25.91125779649486,19.808002314884313,0.0
10.0,122.312748,11.0,32.955945836690745,30.336155012175013,28.24890231950114,25.722270479523367,19.629922938562338,0.0
10.0,122.312748,11.25,32.78921261170507,30.15453821353497,28.06322058758444,25.534810335717165,19.453657385084444,0.0
10.0,122.312748,11.5,32.62176635145133,29.97329437243548,27.878487663301,25.348811391394868,19.279116698971443,0.0
10.0,122.312748,11.75,32.4536946999652,29.792437824637453,27.69467794098302,25.164212004992812,19.106217872600475,0.0
10.0,122.312748,12.0,32.28507928874304,29.611981770349416,27.511767389542747,24.98095457532999,18.93488343358496,0.0
10.0,122.312748,12.25,32.115996134246934,29.43193835965364,27.32973345295308,24.798985269454,18.7650410625409,0.0
10.0,122.312748,12.5,31.946516010625267,29.252318770291346,27.148554955993415,24.61825376877433,18.59662323861992,0.0
10.0,122.312748,12.75,31.776704798854812,29.073133278745097,26.968212015234393,24.43871303227001,18.4295669104946,0.0
10.0,122.312748,13.0,31.60662381353419,28.8943913253978,26.78868595516238,24.260319075635547,18.263813190736762,0.0
10.0,122.312748,13.25,31.436330108557954,28.716101574421337,26.609959229293743,24.083030765301835,18.099307071745457,0.0
10.0,122.312748,13.5,31.26587676288066,28.538271968946574,26.432015346094573,23.90680962633746,17.93599716156518,0.0
10.0,122.312748,13.75,31.09531314754782,28.360909781985118,26.254838799499293,23.73161966330069,17.77383543809291,0.0
10.0,122.312748,14.0,30.924685175129255,28.184021663507078,26.078415003809095,23.557427193173414,17.612777020309572,0.0
10.0,122.312748,14.25,30.75403553264284,28.007613684025387,25.902730232744965,23.384200689565493,17.45277995529135,0.0
10.0,122.312748,14.5,30.583404092651946,27.8359220575231,25.734249306783944,23.21583958289847,17.2938339028215,5.435428875283516e-05
10.0,122.312748,14.75,30.412849123090073,27.671381561261832,25.5755819776323,23.054601109886065,17.13630606518136,0.00034872839844709154
10.0,122.312748,15.0,30.24253768493611,27.5138390534703,25.425527771663468,22.90036455871842,16.98098778539318,0.0009078072610529777
10.0,122.312748,15.25,30.07278672112938,27.363063264105097,25.28339479644485,22.75295314754288,16.828712009677947,0.0017448125450064932
10.0,122.312748,15.5,29.90400340637645,27.21866402661023,25.14847310991062,22.61205911561604,16.680143318418825,0.002855387864827587
10.0,122.312748,15.75,29.73661341251203,27.08022555021278,25.020135956347644,22.47735524209027,16.53576305843454,0.004243165844095342
10.0,122.312748,16.0,29.57101760939364,26.947259643675597,24.897711864186366,22.34844041680599,16.3958909154631,0.005902120521072494
10.0,122.312748,16.25,29.40757061895028,26.819538977494904,24.780942452055875,22.225141363970653,16.260710392959353,0.007828011261280212
10.0,122.312748,16.5,29.246572664238222,26.69667773003024,24.669324692127326,22.10712259914329,16.130311741232916,0.010017182175498346
10.0,122.312748,16.75,29.08827229796152,26.57833380562133,24.562435597589182,21.994072724427177,16.004713216677338,0.012451551415670123
10.0,122.312748,17.0,28.93287017014783,26.46414511746326,24.45982965064967,21.88564818764806,15.883869194373736,0.015134950092517469
10.0,122.312748,17.25,28.78052210553705,26.353886006960316,24.36125398369933,21.781618839247205,15.767681725798047,0.018053232333850942
10.0,122.312748,17.5,28.631342964478407,26.24731210766418,24.266419468622995,21.68172861343433,15.656019729254519,0.021192909587519137
10.0,122.312748,17.75,28.48541278690067,26.14413474457863,24.17497683724069,21.585674612792385,15.548731492088592,0.024541991309823773
10.0,122.312748,18.0,28.342782233947414,26.044143560260373,24.086685576299317,21.49322025857926,15.445644761581944,0.028102342297439308
10.0,122.312748,18.25,28.20347576264754,25.94717213208164,24.001359360001203,21.40416595616466,15.346573877494201,0.03185925080760337
10.0,122.312748,18.5,28.067495435819474,25.852917955413613,23.91863203536412,21.31818935173914,15.251329530053702,0.035792692757862524
10.0,122.312748,18.75,27.934824815987632,25.761252184516923,23.83837044961955,21.235122425704173,15.159712901048671,0.039910478712377295
10.0,122.312748,19.0,27.805430197096587,25.672090719750837,23.760491607056977,21.15483790740171,15.071523645765428,0.044190746248027594
10.0,122.312748,19.25,27.67926410936093,25.585309117645824,23.68485559740822,21.077174496908313,14.986573832919927,0.04862997996802505
10.0,122.312748,19.5,27.556270287102322,25.50074005313659,23.611268566105778,21.00193525564988,14.904686831934024,0.05322384695726586
10.0,122.312748,19.75,27.436386141845492,25.41818862779901,23.539505485524288,20.928901612993624,14.825689664611971,0.057955790866886375
10.0,122.312748,20.0,27.31954264582205,25.337601607751097,23.46952091118321,20.85798081150508,14.749408092974756,0.0628239382443512
10.0,122.312748,20.25,27.205663987927313,25.258839467205668,23.40115844299967,20.789008648133755,14.675675863601935,0.06781839840893164
10.0,122.312748,20.5,27.094669857103607,25.181878009191976,23.33440531759332,20.72192288196589,14.604336267007064,0.07293230162847625
10.0,122.312748,20.75,26.98647721956357,25.10651926543346,23.269032623622493,20.656515209130994,14.535244734554048,0.07816205534234151
10.0,122.312748,21.0,26.88100198332776,25.032661270869667,23.204934011912933,20.592661466423703,14.468260272903978,0.08350111532400792
10.0,122.312748,21.25,26.778157915644133,24.960289534728226,23.14210841283578,20.53031512783067,14.40324331255351,0.0889432785674345
10.0,122.312748,21.5,26.677856629328115,24.889345306982523,23.080497967756916,20.469395138885407,14.340066899504848,0.09448235585223692
10.0,122.312748,21.75,26.58001025950808,24.8197266192098,23.019992702051958,20.40978609869699,14.278617305949526,0.10011025469461171
10.0,122.312748,22.0,26.48453284053645,24.75135778145279,22.960515538083968,20.35139691154229,14.218786756971053,0.10582436957869887
10.0,122.312748,22.25,26.391339640271426,24.68419955201157,22.90203294139152,20.29416963398897,14.160471745787262,0.11161673510985802
10.0,122.312748,22.5,26.300346872492582,24.618172556106614,22.844462420288302,20.238014837797657,14.103576290558362,0.11748586515012785
10.0,122.312748,22.75,26.211472363704218,24.553244086005467,22.787777840521354,20.182884129215434,14.048010471775646,0.12343605858742183
10.0,122.312748,23.0,26.124635693353017,24.489332449904424,22.731893760804304,20.12869000516092,13.993690757210986,0.12944710631762982
10.0,122.312748,23.25,26.039758480801925,24.42641454448793,22.676795253490624,20.075395552199208,13.940538118558365,0.13551973737713954
10.0,122.312748,23.5,25.956764208133222,24.3644577283457,22.622454828861674,20.022957855025712,13.8884792655962,0.14166455649748294
10.0,122.312748,23.75,25.87557870017522,24.303377665140555,22.568783404949123,19.971292116878537,13.837447914670236,0.14785944895684633
10.0,122.312748,24.0,25.796130468406115,24.243170363095228,22.515788097959433,19.920381795865165,13.787380076097186,0.1541069645013342
10.0,122.312748,24.25,25.718350024471036,24.183791261988535,22.463426432786353,19.87017819606364,13.738216492878557,0.16041647860797925
10.0,122.312748,24.5,25.642170295566945,24.125184361188065,22.411642665106953,19.82062397127579,13.689903172628968,0.16676307047806105
10.0,122.312748,24.75,25.567526749774895,24.067341962176375,22.360438381242574,19.771703133516134,13.642388180925852,0.17316436202515545
10.0,122.312748,25.0,25.49435695363203,24.01022742094852,22.30977986234444,19.723376825886003,13.595623892162338,0.17960610917452335
10.0,122.312748,25.25,25.422600942821376,23.953810514729675,22.259641071290407,19.675612343584287,13.549566956283947,0.18608582663483303
10.0,122.312748,25.5,25.352201311189333,23.898047680690365,22.209979977165588,19.628366596924362,13.50417668825924,0.19260977108382238
10.0,122.312748,25.75,25.2831029229007,23.84290878019116,22.160770529010815,19.581608321394825,13.459413848367323,0.19916291098497368
10.0,122.312748,26.0,25.21525249393123,23.788373202327907,22.111997600360986,19.53531496345728,13.415240759210565,0.2057567282713376
10.0,122.312748,26.25,25.148598488897143,23.73440838154489,22.063631508102972,19.489454602192378,13.371622469862196,0.21237812157488697
10.0,122.312748,26.5,25.083091299361552,23.681005344217645,22.015670409517067,19.444015635803783,13.328526253522512,0.219033781988728
10.0,122.312748,26.75,25.018683255435203,23.628126971718835,21.968078527656584,19.39896345619877,13.285922275849652,0.22571561924070335
10.0,122.312748,27.0,24.95532877431114,23.575756022627875,21.92084382256054,19.35428045450112,13.243782394143908,0.23242363900949814
10.0,122.312748,27.25,24.89298412260912,23.523878049125816,21.87395709084509,19.309951928675655,13.202079914722228,0.2391598600345432
10.0,122.312748,27.5,24.831607338222444,23.472471168000318,21.82739996822431,19.265957357752878,13.160790517239908,0.24591590626987064
10.0,122.312748,27.75,24.77115835122318,23.42151539017166,21.781156220645023,19.222278127578086,13.119891633756268,0.2527000063867883
10.0,122.312748,28.0,24.71159888204976,23.37098710320889,21.735205116345597,19.17889285217688,13.079361855559384,0.25949999045297656
10.0,122.312748,28.25,24.652892248385797,23.32086486569011,21.68952839911618,19.135782195729725,13.039180516679577,0.2663216447158879
10.0,122.312748,28.5,24.595003152214222,23.27114617450931,21.64413010177614,19.092943171753628,12.99932765181836,0.273162753257873
10.0,122.312748,28.75,24.53789761820383,23.221802129692914,21.598982304949896,19.05035072112409,12.959785319802565,0.28001681996388006
10.0,122.312748,29.0,24.481543207061282,23.17281970544811,21.55407619033803,19.007993310801012,12.920536481516965,0.28689257844957783
10.0,122.312748,29.25,24.42590881599088,23.124184283966294,21.509400677359945,18.965858294857835,12.881564609370143,0.2937794673492965
10.0,122.312748,29.5,24.370964548344162,23.075880564190726,21.46494367364596,18.923932602076665,12.842854224504325,0.30067965182344114
10.0,122.312748,29.75,24.316681723997142,23.027888085206914,21.42068677276057,18.88219884953469,12.804390664081238,0.30759489019525876
10.0,122.312748,30.0,24.263032801014585,22.98020054461807,21.376628412626747,18.840651857713965,12.766159569013103,0.31451940055741184
10.0,122.312748,30.25,24.209991239894702,22.93280863032864,21.33276300619186,18.7992840876864,12.72814760213495,0.32145565426281697
10.0,122.312748,30.5,24.157531616328576,22.8856950048289,21.289075173677194,18.75808120459207,12.690342823868205,0.32840336333586284
10.0,122.312748,30.75,24.105629698776628,22.83885032901341,21.245559099512416,18.717035789009394,12.65273379282454,0.33535811238058527
10.0,122.312748,31.0,24.054262286768935,22.792248029063852,21.202188072975826,18.67612562431729,12.615309467121207,0.3423200818211051
10.0,122.312748,31.25,24.003407067357692,22.74589160393423,21.158971639953347,18.635354412746835,12.578058365932167,0.3492935828412375
10.0,122.312748,31.5,23.95304238040277,22.699758306323115,21.115887182399913,18.594703355994636,12.54096986435041,0.356269851367245
10.0,122.312748,31.75,23.90314738539507,22.653839714025438,21.07292954864927,18.55416594857516,12.504033783225708,0.3632511219470884
10.0,122.312748,32.0,23.853701978099036,22.60812255694158,21.030087447801016,18.513731545078883,12.467240028604955,0.37023956342083475
10.0,122.312748,32.25,23.804686713606966,22.562600485521628,20.98735784189395,18.47339551930755,12.430578901659798,0.37723159172411536
10.0,122.312748,32.5,23.756082813237093,22.51726002779354,20.944728845005976,18.433147093243463,12.394041345594006,0.3842257070796739
10.0,122.312748,32.75,23.707872213862384,22.472085964949947,20.902186460210327,18.39297391215105,12.357618642701498,0.3912237731428578
10.0,122.312748,33.0,23.66003748219042,22.42706829946847,20.859722969478703,18.352868139147635,12.321301840137831,0.3982232295201585
10.0,122.312748,33.25,23.612561655410435,22.382200019729726,20.81733407314952,18.312824568293603,12.285082046152334,0.4052238228438714
10.0,122.312748,33.5,23.565428237870417,22.337466377094483,20.775005909605593,18.272831214751307,12.248950921370971,0.4122243838538465
10.0,122.312748,33.75,23.518621271378862,22.292858817568266,20.73273216213958,18.23288146187811,12.212900227339727,0.4192261196128542
10.0,122.312748,34.0,23.472125259338757,22.248364791542492,20.690501483343784,18.192965175661367,12.176921807882284,0.42622612892757983
10.0,122.312748,34.25,23.42592512842641,22.203974149085713,20.64830541431129,18.153074281098554,12.141007580002592,0.43322446005587106
10.0,122.312748,34.5,23.380006186141788,22.159675230334113,20.60613354445875,18.113199340188075,12.10514949445832,0.44022066128200416
10.0,122.312748,34.75,23.33435408786756,22.115456480493005,20.563975539296074,18.073330953411983,12.069339518592146,0.4472138659472929
10.0,122.312748,35.0,23.28895479981536,22.07130719179335,20.521822030169076,18.033460419240125,12.033569561040222,0.45420352798418073
10.0,122.312748,35.25,23.243794559773832,22.02721679873075,20.479663734934796,17.9935791169467,11.997831537090969,0.4611891002157075
10.0,122.312748,35.5,23.198859865058534,21.983171720014465,20.437487616509674,17.95367569438444,11.962117405872311,0.46816873452588176
10.0,122.312748,35.75,23.154137455649167,21.93916236170596,20.395285521417662,17.91374226603336,11.92641894851086,0.47514313781649015
10.0,122.312748,36.0,23.10961425487027,21.895176912737774,20.3530464539288,17.87376893565385,11.890727908822209,0.48211162785049194
10.0,122.312748,36.25,23.065277369271534,21.851204476043062,20.31076051227088,17.83374655553347,11.855036045623324,0.48907332404575843
10.0,122.312748,36.5,23.021114084763735,21.807229786937594,20.268412376492975,17.793662017862232,11.819335059936824,0.49602499881291073
10.0,122.312748,36.75,22.977111833617247,21.76324178247219,20.225991953468856,17.753505872927327,11.783616301973339,0.5029697639077488
10.0,122.312748,37.0,22.9332581084333,21.719228224598805,20.183487601180023,17.71326756821436,11.74787088524963,0.5099054357431001
10.0,122.312748,37.25,22.889540448350946,21.67517881222708,20.140890030817935,17.672938218883523,11.712089871019803,0.5168305323448006
10.0,122.312748,37.5,22.845946462646413,21.631077047328215,20.09818222913667,17.632503322141584,11.676264352031703,0.5237439198167043
10.0,122.312748,37.75,22.8024638420573,21.586908585254427,20.055349961648712,17.591950196268343,11.64038505503304,0.530646051045808
10.0,122.312748,38.0,22.75908026208376,21.542658984505174,20.012378856821496,17.55126599185132,11.604442183472912,0.5375372912779399
10.0,122.312748,38.25,22.71578330676101,21.49831907661916,19.96926105895394,17.510442530367833,11.568425612611467,0.5444122455378912
10.0,122.312748,38.5,22.67256047861654,21.453874399700002,19.925981984119378,17.469466822528666,11.532325359782226,0.5512743997567962
10.0,122.312748,38.75,22.629399296443392,21.409306343574702,19.882521970341763,17.428322036006644,11.496131432473817,0.5581241970871875
10.0,122.312748,39.0,22.58628727594344,21.364605912933083,19.83887344706556,17.386999922139356,11.459833236850178,0.5649545525381052
10.0,122.312748,39.25,22.543211819295166,21.3197569963113,19.795019759390442,17.345485774203773,11.423420107801611,0.5717684213309147
10.0,122.312748,39.5,22.500160274753974,21.274740402469,19.750940529172343,17.30376199175721,11.386881293054516,0.5785681494500439
10.0,122.312748,39.75,22.457119918484903,21.22954833090339,19.70662973877531,17.261821204193033,11.35020539896375,0.5853467517773683
10.0,122.312748,40.0,22.414077864109007,21.184164443573817,19.66207040281822,17.219648287498273,11.31338112781914,0.5921054937154502
10.0,122.312748,40.25,22.371021175896512,21.138574344963928,19.617248105032,17.177229790869966,11.27639727473864,0.598847017439549
10.0,122.312748,40.5,22.327936894299235,21.092765114789344,19.57215026521592,17.13455355372237,11.239242418634383,0.6055669021396823
10.0,122.312748,40.75,22.2848120058098,21.046709732074685,19.52674653406924,17.091594518644833,11.201905032456311,0.6122613315393042
10.0,122.312748,41.0,22.24163340350719,21.00040562279126,19.481037789360734,17.048349770136888,11.164372580967198,0.6189373611894481
10.0,122.312748,41.25,22.198387714024207,20.953825007305483,19.43499252171917,17.004793442053714,11.126632665426072,0.6255854586773328
10.0,122.312748,41.5,22.155061446176337,20.906966417226258,19.388613056062837,16.96092353535462,11.088672542699344,0.6322107562951266
10.0,122.312748,41.75,22.111640951023638,20.85980086235228,19.341866238359163,16.91671294900268,11.050479770334928,0.638814287344755
10.0,122.312748,42.0,22.068112551511103,20.81232879683037,19.294756925121092,16.872161369555037,11.012041541309694,0.6453841954031639
10.0,122.312748,42.25,22.02446245961057,20.76453088549666,19.247264082699527,16.82725045854908,10.973345503238663,0.6519329303862657
10.0,122.312748,42.5,21.980676959955776,20.716389054796583,19.199368654278633,16.781962941785167,10.9343797202811,0.6584496390362966
10.0,122.312748,42.75,21.936742411781328,20.667896882118978,19.15106653908321,16.736292210702103,10.895131721254042,0.6649381341390522
10.0,122.312748,43.0,21.892645123918086,20.619042383142066,19.102346152939248,16.690226606582,10.855589445657628,0.6713995162999391
10.0,122.312748,43.25,21.848371501819077,20.569825704622666,19.05321144633675,16.64376563886607,10.815741562971553,0.677828014179485
10.0,122.312748,43.5,21.803908206687584,20.520231646604962,19.003646183669307,16.596894802157355,10.775578010497073,0.6842311928423683
10.0,122.312748,43.75,21.75924235022118,20.470253210570153,18.953644980820954,16.549607144325186,10.735089272703988,0.6905934928730773
10.0,122.312748,44.0,21.714361425489674,20.419884147906888,18.903203198385413,16.50189649988342,10.694266055729129,0.6969346233604137
10.0,122.312748,44.25,21.66925325673323,20.369125246407904,18.852325105306416,16.453763292330596,10.653099761503631,0.7032340004954742
10.0,122.312748,44.5,21.623906092232037,20.317982029579397,18.801020653487715,16.405212470303564,10.611583121989831,0.7095094835590949
10.0,122.312748,44.75,21.578308826822326,20.26643879252847,18.749271864999933,16.356229521500197,10.569710710579898,0.7157441291665861
10.0,122.312748,45.0,21.53245116702036,20.214487071846648,18.697070754164393,16.306806652473657,10.527477226724022,0.7219526083987593
10.0,122.312748,45.25,21.48632332944885,20.162156880023367,18.644459174172557,16.256971833190153,10.484876957491519,0.728122682292493
10.0,122.312748,45.5,21.439915951545974,20.10942933739051,18.591413671411484,16.206708070807146,10.441907105623056,0.7342631393771892
10.0,122.312748,45.75,21.393220671178796,20.05633491856115,18.537976227722336,16.156044125208304,10.39856609214527,0.7403694368015267
10.0,122.312748,46.0,21.346230069438015,20.002887116668774,18.48416485614651,16.104993401893786,10.354854520083805,0.7464449041435753
10.0,122.312748,46.25,21.29893800141029,19.949084854026605,18.429978350389014,16.053555985758994,10.310776100117467,0.7524888836209853
10.0,122.312748,46.5,21.25133981499716,19.8949342120622,18.37542527395499,16.001738770666627,10.26633518654074,0.7584968747461649
10.0,122.312748,46.75,21.20343197642939,19.840452309810516,18.320528405431315,15.949559143086697,10.221536206423387,0.7644788663930341
10.0,122.312748,47.0,21.15521183478499,19.785674535247676,18.26533370565217,15.897051760542997,10.17638505938596,0.7704261196602884
10.0,122.312748,47.25,21.106677867170944,19.73060506827113,18.209844846453446,15.844222547697086,10.130891051578661,0.7763466580696917
10.0,122.312748,47.5,21.05783013962431,19.675240173381255,18.154055847237093,15.791070155401341,10.08506490511101,0.7822347964411671
10.0,122.312748,47.75,21.008670006998866,19.619610798571056,18.098006886386568,15.737625686991638,10.038916101428173,0.7880934405712205
10.0,122.312748,48.0,20.95919954147688,19.563725592959265,18.041707387614245,15.683899734740788,9.992455099927849,0.7939259413917069
10.0,122.312748,48.25,20.909421707477996,19.507606333288916,17.985184384723393,15.629915210288663,9.945693623214494,0.7997292244844403
10.0,122.312748,48.5,20.859340434803727,19.451248316013686,17.928429479688454,15.57567045002831,9.898644218843463,0.8055042254959792
10.0,122.312748,48.75,20.808960534732048,19.394670276958745,17.871466167379648,15.521185655942377,9.851318673901867,0.8112547538527788
10.0,122.312748,49.0,20.75828730388771,19.33787339964223,17.814294102891004,15.466464733079189,9.803728365116376,0.8169748426728877
10.0,122.312748,49.25,20.70732640991736,19.28085857346729,17.756913162733028,15.411511245432969,9.755884170623634,0.8226695056980396
10.0,122.312748,49.5,20.65608370825455,19.22363529847352,17.699334887756518,15.356336737583554,9.7077956260524,0.828339733487099
10.0,122.312748,49.75,20.60456499976886,19.166200574002325,17.641554076948413,15.300941004201393,9.659471653146303,0.8339816682698814
10.0,122.312748,50.0,20.552776009576483,19.108545822858588,17.58355876698837,15.245318459240616,9.610920135378064,0.8395967891244681
10.0,122.312748,50.25,20.50072219928842,19.05066229937304,17.525337431783043,15.189463165479903,9.56214685484238,0.8451870114667241
10.0,122.312748,50.5,20.4484084246041,18.99253332597005,17.466868527177535,15.133361548553943,9.513155301325153,0.8507480076723017
10.0,122.312748,50.75,20.395838665573525,18.93414373101605,17.40813330420597,15.077001157382153,9.463946343897582,0.8562797370371904
10.0,122.312748,51.0,20.3430157672945,18.875478005548658,17.34911302776703,15.020368929644475,9.414518297302546,0.8617848573397319
10.0,122.312748,51.25,20.28994129719493,18.81649479979558,17.289755159396783,14.963427293802564,9.364867211164597,0.8672598586706478
10.0,122.312748,51.5,20.236615407126912,18.757162002708398,17.23002122429157,14.906146863420652,9.31498509708965,0.8726992918324594
10.0,122.312748,51.75,20.18303632412675,18.69744744110714,17.169873286763888,14.848497790659641,9.26485968819514,0.8781052156171714
10.0,122.312748,52.0,20.129200057373883,18.637319890633798,17.109275241024978,14.790450667936883,9.214475600787637,0.8834792659583147
10.0,122.312748,52.25,20.07510043735924,18.576716932673428,17.04814990265968,14.73194644219286,9.163814856181439,0.8888153707805014
10.0,122.312748,52.5,20.020729113165583,18.515584059117117,16.9864328276334,14.672932861271672,9.11285477337999,0.8941101571542742
10.0,122.312748,52.75,19.96607503268704,18.453886352795926,16.924086659234174,14.613375472203884,9.061567502962987,0.8993602259020358
10.0,122.312748,53.0,19.91112417535912,18.391541805001825,16.86101068840481,14.553195306604627,9.009922569989278,0.9045670496545043
10.0,122.312748,53.25,19.855859791242032,18.32847778275479,16.79711958293173,14.492321439254614,8.957884750965116,0.909722671815702
10.0,122.312748,53.5,19.800261942635125,18.26460905112146,16.73231223920822,14.430670547315373,8.905412627469918,0.9148246436147568
10.0,122.312748,53.75,19.744306986887217,18.199854826273768,16.666495335697288,14.368162745834828,8.852458825341742,0.9198698146608004
10.0,122.312748,54.0,19.687967286864602,18.134114432570932,16.59954969093433,14.304698833519554,8.798970561940006,0.9248521457828094
10.0,122.312748,54.25,19.63121109974449,18.06726426910267,16.531327182226327,14.24015733003148,8.744888945608292,0.9297638006752718
10.0,122.312748,54.5,19.574002203507177,17.99917537788358,16.461675392589722,14.174410779258762,8.690146738391872,0.9346022329350867
10.0,122.312748,54.75,19.516299148369654,17.92969707806763,16.390414709048837,14.107310406532429,8.634667489509617,0.9393573980011181
10.0,122.312748,55.0,19.45805458045622,17.85870621047054,16.317406716686882,14.038731931567762,8.578364922227234,0.9440284899095035
10.0,122.312748,55.25,19.39921474618543,17.786029612672273,16.242444657566796,13.96850325044834,8.521145220355121,0.9485984817947444
10.0,122.312748,55.5,19.339719589339676,17.711448018355533,16.165262307929773,13.896407725987372,8.462905426129234,0.9530668822268077
10.0,122.312748,55.75,19.279502098209363,17.63477438951589,16.085644802688282,13.822257113532132,8.403528152881327,0.9574214209669959
10.0,122.312748,56.0,19.218486873340325,17.55581114196815,16.003364674852104,13.745851748305968,8.34288324787873,0.9616428965436367
10.0,122.312748,56.25,19.156589767040828,17.47426806110041,15.918066860451104,13.666903673412412,8.280830277811603,0.9657295447260956
10.0,122.312748,56.5,19.093717755568832,17.389865334525282,15.829421298794946,13.585132264979306,8.217212026355623,0.9696642659443646
10.0,122.312748,56.75,19.029767257929773,17.302218176531273,15.736954038205177,13.500156604492783,8.151851241552738,0.9734334843070714
10.0,122.312748,57.0,18.964622293809057,17.211135115008542,15.640484625162719,13.41177313151297,8.084546268850366,0.9770136362659749
10.0,122.312748,57.25,18.898152844832055,17.116171768126915,15.539456663139903,13.319540126616642,8.015083328942577,0.9803934988694643
10.0,122.312748,57.5,18.83021624207647,17.016975670531952,15.433471086517342,13.223097787897618,7.943229668646841,0.9835600886428283
10.0,122.312748,57.75,18.760655762278347,16.913170654390942,15.322097933962997,13.122061277881878,7.868729257514068,0.9864878593853872
10.0,122.312748,58.0,18.689299466290393,16.804336478544414,15.204848811534843,13.016001400332907,7.791308385221521,0.9891568101485481
10.0,122.312748,58.25,18.61596034793076,16.690204371697174,15.081473585568324,12.904626958439684,7.710675172382427,0.9915522453321937
10.0,122.312748,58.5,18.540436720018885,16.570467254802185,14.95164892634917,12.787608801976756,7.626532386711669,0.993652313098123
10.0,122.312748,58.75,18.462515474187185,16.445031936405982,14.815374896358144,12.66481527647159,7.538586320806774,0.9954497219299258
10.0,122.312748,59.0,18.381976236833097,16.314087204258485,14.67304407615258,12.536378060825026,7.446565210613404,0.9969338986978713
10.0,122.312748,59.25,18.298599334868257,16.177874871255568,14.525053988532878,12.402481442283193,7.350254004486647,0.998106270286862
10.0,122.312748,59.5,18.212178460970797,16.037044074262624,14.372382447216463,12.263695610880504,7.249512488874263,0.9989762298893092
10.0,122.312748,59.75,18.122533137771114,15.892369089018825,14.21608432164383,12.120718971821596,7.1443039054500925,0.9995605155530016
10.0,122.312748,60.0,18.029523813014116,15.744701616412973,14.05725112270024,11.97433752456947,7.034715749319266,0.9998917097108212
10.0,122.312748,60.25,17.933065455657015,15.595090940679865,13.897225810828255,11.825541128414493,6.920957879907768,0.9999990858894929
10.0,122.312748,60.5,17.833136550652025,15.448582585263768,13.743522988335112,11.679087318973588,6.803392007818927,1.0
10.0,122.312748,60.75,17.72980545976706,15.305113378975358,13.594555239153003,11.535000583870678,6.682830736066472,1.0
10.0,122.312748,61.0,17.623301419531117,15.16423727737971,13.449145751008722,11.392965147735957,6.560287356985255,1.0
10.0,122.312748,61.25,17.51398186838273,15.025519070050912,13.306526631041882,11.252697301190862,6.436595282409121,1.0
10.0,122.312748,61.5,17.40224351271257,14.888583694771125,13.166160724975029,11.113980040231372,6.312366949260851,1.0
10.0,122.312748,61.75,17.28846557478992,14.753121790288505,13.027657036182143,10.976653158957273,6.1880377591811095,1.0
10.0,122.312748,62.0,17.17298577436846,14.618883696283978,12.890723590800372,10.84059694701207,6.063913381481746,1.0
10.0,122.312748,62.25,17.056094358874365,14.485670806280288,12.755138407480036,10.705719040715927,5.940206547969429,1.0
10.0,122.312748,62.5,16.938036351600594,14.353326848270248,12.620730389593088,10.571945400994984,5.817063577256762,1.0
10.0,122.312748,62.75,16.819016917247104,14.22172995631358,12.487366172471107,10.439214476639167,5.694583136697575,1.0
10.0,122.312748,63.0,16.699207440064427,14.09078582260699,12.35494078048644,10.307473503805948,5.5728295260039165,1.0
10.0,122.312748,63.25,16.578751272189958,13.960421970778613,12.223370836479306,10.176676159336305,5.451842161397268,1.0
10.0,122.312748,63.5,16.457768765127508,13.830583072164535,12.09258954095836,10.046781051401872,5.3316424187514055,1.0
10.0,122.312748,63.75,16.336361500277068,13.70122717545742,11.962542911224759,9.91775072408527,5.212238621517722,1.0
10.0,122.312748,64.0,16.21461576567251,13.572322706458122,11.833186935959565,9.789550978407584,5.093629707640112,1.0
10.0,122.312748,64.25,16.092605374987453,13.443846100904333,11.704485405621435,9.662150390498077,4.975807942782923,1.0
10.0,122.312748,64.5,15.970393935339978,13.315779948720339,11.57640824790645,9.535519954959973,4.858760936358331,1.0
10.0,122.312748,64.75,15.848036664018755,13.188111546353635,11.448930244264146,9.409632809830342,4.742473142411433,1.0
10.0,122.312748,65.0,15.725581841463281,13.060831771881798,11.322030036027751,9.284464016424856,4.626926976632707,1.0
10.0,122.312748,65.25,15.60307197364262,12.933934213775773,11.195689351916585,9.159990377441037,4.512103645475899,1.0
10.0,122.312748,65.5,15.480544723617784,12.807414498060844,11.069892405505339,9.036190282749251,4.397983758386408,1.0
10.0,122.312748,65.75,15.358033660402459,12.681269770100053,10.94462542365806,8.913043575976245,4.284547776172644,1.0
10.0,122.312748,66.0,15.235568863452926,12.555498296550008,10.819876276170769,8.790531437249976,4.1717763354249655,1.0
10.0,122.312748,66.25,15.113177413118526,12.430099160506922,10.695634183824154,8.668636278895434,4.059650479177316,1.0
10.0,122.312748,66.5,14.990883790947834,12.30507202878391,10.571889487320822,8.54734165178306,3.9481518167520537,1.0
10.0,122.312748,66.75,14.868710208622419,12.180416974926363,10.448633463600196,8.426632160631764,3.837262630264591,1.0
10.0,122.312748,67.0,14.74667688024157,12.056134345229713,10.325858179099841,8.306493386974644,3.7269659411239116,1.0
10.0,122.312748,67.25,14.62480224949793,11.932224657880775,10.20355637189344,8.18691181877814,3.617245546712698,1.0
10.0,122.312748,67.5,14.503103180789523,11.808688527569497,10.081721356453144,8.06787478590742,3.508086035022764,1.0
10.0,122.312748,67.75,14.381595121363134,11.685526609648662,9.9603469461857,7.94937040077915,3.3994727831776452,1.0
10.0,122.312748,68.0,14.260292240061258,11.562739559262727,9.83942738997422,7.831387503654371,3.291391944360136,1.0
10.0,122.312748,68.25,14.139207547056834,11.440328001909272,9.718957319794379,7.713915612109823,3.1838304265771553,1.0
10.0,122.312748,68.5,14.018352998033274,11.318292512703994,9.598931707121698,7.596944874293141,3.0767758658608977,1.0
10.0,122.312748,68.75,13.897739585544603,11.196633602245615,9.479345826348348,7.480466025620715,2.970216595865268,1.0
10.0,122.312748,69.0,13.777377419726207,11.07535170746092,9.360195223817062,7.364470348620197,2.86414161532566,1.0
10.0,122.312748,69.25,13.657275800085998,10.954447186184446,9.241475691381558,7.248949635654941,2.75854055447374,1.0
10.0,122.312748,69.5,13.537443279761021,10.833920314516632,9.123183243637406,7.133896154297078,2.653403641210816,1.0
10.0,122.312748,69.75,13.417887723354353,10.71377128622773,9.005314098149451,7.019302615140488,2.548721667623331,1.0
10.0,122.312748,70.0,13.29861635925516,10.594000213647327,8.887864658143641,6.905162141865879,2.4444859572563202,1.0
10.0,122.312748,70.25,13.179635827177755,10.474607129612435,8.770831497241684,6.791468243388103,2.340688333433419,1.0
10.0,122.312748,70.5,13.060952221523905,10.355591990149772,8.654211345902945,6.678214787931304,2.2373210888156376,1.0
10.0,122.312748,70.75,12.942571131068256,10.236954677646828,8.538001079305404,6.56539597889108,2.1343769563187864,1.0
10.0,122.312748,71.0,12.824497675383789,10.118695004327156,8.422197706450055,6.4530063323547315,2.0318490814553094,1.0
10.0,122.312748,71.25,12.706736538358072,10.000812715891996,8.306798360314543,6.341040656161225,1.9297309961262257,1.0
10.0,122.312748,71.5,12.589291999097835,9.883307495226184,8.191800288914173,6.229494030391959,1.8280165938596333,1.0
10.0,122.312748,71.75,12.472167960476517,9.76617896609369,8.077200847154156,6.11836178919185,1.7267001064710905,1.0
10.0,122.312748,72.0,12.35536797554456,9.649426696769064,7.96299748937708,6.007639503827934,1.6257760821064098,1.0
10.0,122.312748,72.25,12.238895271993753,9.53305020356698,7.84918776252579,5.897322966899603,1.5252393646171991,1.0
10.0,122.312748,72.5,12.122752774843294,9.417048954244168,7.735769299854604,5.787408177620885,1.42508507421306,1.0
10.0,122.312748,72.75,12.006943127495898,9.301422371257098,7.622739815132135,5.677891328101008,1.3253085893303753,1.0
10.0,122.312748,73.0,11.891468711295767,9.18616983486562,7.510097097287209,5.568768790554719,1.2259055296558268,1.0
10.0,122.312748,73.25,11.776331663706468,9.071290686077845,7.397839005456167,5.4600371053787295,1.1268717402423292,1.0
10.0,122.312748,73.5,11.66153389521504,8.956784229435288,7.285963464395272,5.351692970035149,1.0282032766557694,1.0
10.0,122.312748,73.75,11.547077105058433,8.842649735639991,7.174468460226475,5.243733228686877,0.9298963910922822,1.0
10.0,122.312748,74.0,11.432962795859705,8.72888644402731,7.063352036488549,5.136154862533781,0.8319475194078353,1.0
10.0,122.312748,74.25,11.31919228725365,8.615493564889322,6.952612290468705,5.028954980802008,0.7343532690040763,1.0
10.0,122.312748,74.5,11.205766728574837,8.502470281654798,6.842247369792478,4.922130812342096,0.6371104075170001,1.0
10.0,122.312748,74.75,11.092687110675044,8.389815752932131,6.732255469251858,4.815679697794545,0.5402158522575569,1.0
10.0,122.312748,75.0,10.979954276931695,8.277529114421993,6.622634827853657,4.709599082284401,0.4436666603560135,1.0
10.0,122.312748,75.25,10.867568933504156,8.165609480706562,6.513383726071657,4.6038865086089915,0.34746001956455286,1.0
10.0,122.312748,75.5,10.755531658890389,8.05405594692215,6.404500483287612,4.498539610885409,0.25159323967521274,1.0
10.0,122.312748,75.75,10.643842912832532,7.942867590321951,6.295983455407469,4.393556108626636,0.15606374451278704,1.0
10.0,122.312748,76.0,10.532503044616417,7.8320434717354335,6.187831032640191,4.288933801217273,0.06086906446479534,1.0
10.0,122.312748,76.25,10.421512300806748,7.7215826369306475,6.080041637427724,4.184670562761864,-0.03399317048703426,1.0
10.0,122.312748,76.5,10.310870832456695,7.611484117885487,5.972613722515442,4.0807643372806,-0.1285252372671054,1.0
10.0,122.312748,76.75,10.200578701827878,7.501746933973625,5.865545769153227,3.977213134228905,-0.2227293257693025,1.0
10.0,122.312748,77.0,10.09063588865416,7.392370093070581,5.758836285418176,3.874015024319023,-0.3166075445125278,1.0
10.0,122.312748,77.25,9.981042295980425,7.283352592585052,5.652483804650446,3.7711681356231685,-0.41016192591573525,1.0
