time_s,time_h,body_temperature_C,inner_surface_C,interface_12_C,interface_23_C,outer_surface_C,layer2_average_C,h_external_W_per_m2K,pcm_specific_power_W_per_kg,body_to_clothing_power_W,pcm_power_W,environment_loss_W
0.0,0.0,37.0,37.0,37.0,37.0,37.0,37.00000000000001,7.0501707976434105,0.0,0.0,0.0,896.8642124585741
3600.0,1.0,35.98983499399739,24.574480332307356,24.22190967628359,22.76957526511621,20.484291143113794,23.699385617603813,6.637241284013947,1662.1103049502638,56.57792230973432,606.6402302978563,663.2336189973398
7200.0,2.0,35.05036687425547,24.52884030285165,24.20387559522466,22.760714760764817,20.475830165970848,23.68738675911074,6.637009155589067,1673.932573947373,52.14784214584874,610.955144877045,663.1176486714637
10800.0,3.0,34.18444442421496,24.486469965652745,24.186941114835093,22.752240861229275,20.467738211316075,23.67601583128139,6.636787128574279,1684.815059578797,48.0660708089719,614.9270555077644,663.0067401444969
14400.0,4.0,33.38629944358674,24.447439207495314,24.171356293403125,22.744454050854717,20.460302264322127,23.66555911520882,6.636583081446249,1694.847530933989,44.30367298813995,618.588726285717,662.9048261458923
18000.0,5.0,32.65063541140832,24.411579179701643,24.157110231393595,22.73739358897219,20.453559967987978,23.656039419764674,6.636398052264161,1704.1001332588228,40.835234401207785,621.9657589582625,662.812421743594
21600.0,6.0,31.972565696614772,24.378543880310332,24.143997281024923,22.73090338857688,20.447362233647798,23.647282768502006,6.636227953871709,1712.6291909576469,37.638250328149695,625.0787109153188,662.7274829355098
25200.0,7.0,31.34758253053498,24.348108267160956,24.13192469088576,22.72493482091346,20.441662620263035,23.639225387462705,6.6360715149893466,1720.4911664891083,34.691494291560666,627.9481899341283,662.6493727051535
28800.0,8.0,30.7715307064606,24.320066066962696,24.12080815424875,22.719444228741544,20.436419439168116,23.63180967452771,6.635927594160863,1727.7381353138112,31.975394192743455,630.5932026169122,662.5775192675242
32400.0,9.0,30.240579399276392,24.294203411199433,24.110545467754154,22.71436727340353,20.4315712699899,23.624958086577053,6.635794507738042,1734.416818586722,29.47202330970583,633.0308013410752,662.5110805265028
36000.0,10.0,29.751195228834103,24.270340288695618,24.101060280563495,22.70966226368806,20.42707826913323,23.618617015993383,6.635671163842332,1740.5714632075621,27.164761339808372,635.2771354255628,662.4495101601061
39600.0,11.0,29.30012350391515,24.24835660678694,24.09232930603592,22.705337055325682,20.422947941087926,23.61278399668846,6.635557770136925,1746.2449106730542,25.038072272236548,637.3478412426186,662.3929107329377
43200.0,12.0,28.884366858136133,24.22812914854102,24.084318082962415,22.701386077666125,20.419174971550348,23.60744376859643,6.635454182243405,1751.4759702511913,23.077710960066263,639.2570834738542,662.3412091681358
46800.0,13.0,28.501163930291682,24.20953402006364,24.076984167164824,22.697793676922295,20.415744416202926,23.602571601181022,6.6353599912124315,1756.2998836510965,21.270605324063247,641.0177247063523,662.2942004566825
50400.0,14.0,28.147970048337847,24.192449520464958,24.070280686153833,22.694537795458512,20.41263521428084,23.59813696339565,6.635274619955333,1760.7487571478846,19.604746392296395,642.6414831504336,662.2515958100369
54000.0,15.0,27.822439866663338,24.17676560995613,24.064166651811508,22.691600284001105,20.409830030086507,23.59411392895223,6.635197593470988,1764.852330020925,18.069055318517925,644.1392131057387,662.2131575156343
57600.0,16.0,27.522412140227043,24.162373903290934,24.05859704500996,22.688957277466425,20.407306088069593,23.590471360286603,6.635128287215789,1768.6375493681337,16.653357513726437,645.5207497761268,662.1785733493944
61200.0,17.0,27.245893134835452,24.149148585402894,24.053503744642445,22.68656060916453,20.405017392244144,23.587154010757107,6.635065438832213,1772.1280650846888,15.348395010352583,646.7947249460314,662.1472129424933
64800.0,18.0,26.991043237957864,24.136981079198936,24.04883164685077,22.684373462422844,20.40292878233289,23.584118640690207,6.635008083318851,1775.3460897784653,14.145588277456877,647.9692458159897,662.1185944329306
68400.0,19.0,26.75616562276249,24.125776980101577,24.044535844805356,22.682367701360352,20.401013388590947,23.581331272851887,6.634955483203498,1778.3123934668793,13.03699522962029,649.0518930670856,662.0923495800157
72000.0,20.0,26.5396955510033,24.11545303670007,24.04057884768992,22.680521236482036,20.399250115759102,23.578764486157826,6.634907059492683,1781.0463159925957,12.015273173641102,650.04972539246,662.068189281899
75600.0,21.0,26.340190349334385,24.105935078998698,24.036928755251168,22.67881632382253,20.397622018649447,23.576395658407787,6.6348623470907055,1783.5658155606234,11.073639396364767,650.9692972124719,662.0458813130228
79200.0,22.0,26.15632006467017,24.097156525761832,24.03355800808658,22.677238423985273,20.396115212477063,23.574205779081193,6.634820964894121,1785.887535407732,10.205832247891388,651.8166830078324,662.0252353903018
82800.0,23.0,25.98685878100574,24.089057264382948,24.030442501375997,22.675775412427665,20.394718118655124,23.572178620511394,6.6347825950927,1788.0268788054007,9.406073656837544,652.5975046943249,662.0060928368307
86400.0,24.0,25.830676568468366,24.081582781270587,24.027560937246978,22.67441701850165,20.393420929064124,23.57030014310754,6.63474696846627,1789.9980868782584,8.669033537488353,653.3169600251305,661.9883192397768
90000.0,25.0,25.68673202987475,24.07468346739809,24.02489433920126,22.673154418258708,20.392215217172936,23.568558058451202,6.6347138537118715,1791.814316073343,7.989796290203081,653.9798508657072,661.9717991208593
93600.0,26.0,25.55406540795152,24.068314050623673,24.022425679872885,22.67197993343513,20.391093650565868,23.566941501886596,6.63468304955399,1793.4877134619878,7.363829452324003,654.5906106776187,661.9564319965846
97200.0,27.0,25.431792216156957,24.06243312260219,24.020139590103078,22.67088680547652,20.39004977513429,23.565440782900044,6.634654378821659,1795.0294888513674,6.786954475385491,655.1533308379445,661.9421294206303
100800.0,28.0,25.31909736818804,24.057003418138773,24.01802283033753,22.66986971517931,20.389078510531395,23.564047893536035,6.634627702060173,1796.4500214809636,6.255316244629177,655.6717995815635,661.9288217716606
104400.0,29.0,25.215229890813454,24.051992501724193,24.016065156966466,22.668925683976862,20.388177012527876,23.562757405259287,6.634602941220722,1797.758963329686,5.765353471543103,656.1495397063858,661.9164700680806
108000.0,30.0,25.119497863776747,24.047368958195815,24.014255553724286,22.66805041489127,20.38734117815536,23.56156274152365,6.634579983672392,1798.965129505513,5.313792494730774,656.5897685675523,661.9050180834457
111600.0,31.0,25.031263700204622,24.043103471095375,24.01258349061863,22.667239575898392,20.38656687067465,23.560457464474485,6.634558715847404,1800.0766262203347,4.897618543534164,656.9954447859395,661.8944091301544
115200.0,32.0,24.94993985867345,24.039168817951435,24.0110390507037,22.666488965009876,20.385850077502976,23.559435428584866,6.634539027579799,1801.100913167948,4.514054509130521,657.3692910150017,661.8845882230914
118800.0,33.0,24.874984899687377,24.035539744479124,24.00961292217982,22.665794539774684,20.385186938389833,23.558490797936475,6.63452081288033,1802.0448564102703,4.160542022758664,657.713813243283,661.8755024655059
122400.0,34.0,24.805899855836568,24.03219284202113,24.008296384148032,22.665152437574303,20.384573764800685,23.557618055168284,6.634503970469813,1802.9147767210613,3.834724072573462,658.0313184390016,661.867101314436
126000.0,35.0,24.742224890168412,24.029106428914226,24.007081287511816,22.664558988420033,20.384007052140227,23.556812003744003,6.634488404115719,1803.7164938033422,3.5344290295141247,658.3239306886098,661.8593367480402
129600.0,36.0,24.683536219447745,24.02626043635129,24.005960032333366,22.6640107217589,20.383483486253866,23.556067764991887,6.6344740228115215,1804.4553667585146,3.2576559637609623,658.5936059672912,661.852163354545
133200.0,37.0,24.629443280939054,24.023636299177454,24.00492554275645,22.66350436858422,20.382999945444915,23.55538077116269,6.634460740832807,1805.136331149329,3.002561143705015,658.8421456662737,661.845538359769
136800.0,38.0,24.579586123129054,24.02121685192766,24.00397124041724,22.66303685994206,20.38255349904993,23.554746755549996,6.634448477698749,1805.7639329655672,2.767445618855463,659.0712089896911,661.8394216074997
140400.0,39.0,24.533633002436524,24.01898623029151,24.003091017088867,22.66260532273702,20.382141403434634,23.554161740531633,6.634437158062668,1806.3423597707788,2.550743796782331,659.2823243225778,661.8337755045443
144000.0,40.0,24.491278169441088,24.01692977808431,24.00227920714972,22.662207073573363,20.381761096113586,23.553622024225966,6.63442671155099,1806.8754692808166,2.351012932081595,659.476899661519,661.8285649400851
147600.0,41.0,24.452239829518348,24.01503395971418,24.001530560331517,22.661839611222916,20.381410188558235,23.55312416631438,6.634417072566096,1807.3668156003005,2.166923452510393,659.6562321904853,661.823757187072
151200.0,42.0,24.4162582640055,24.013286278062463,24.00084021509031,22.66150060818843,20.381086458141095,23.552664973461052,6.634408180065416,1807.8196733207196,1.9972500539294717,659.821517076205,661.819321791792
154800.0,43.0,24.38309409915222,24.011675197638247,24.000203672850496,22.6611879017289,20.38078783956596,23.55224148466065,6.634399977326331,1808.2370596645712,1.8408635015737045,659.9738555503744,661.8152304564028
158400.0,44.0,24.352526711145252,24.010190072825694,23.99961677329653,22.660899484629436,20.380512416053996,23.551850956763253,6.634392411704331,1808.621754841825,1.6967230805032278,660.1142623393995,661.8114569181294
162000.0,45.0,24.324352756440238,24.008821081012645,23.999075670826848,22.660633495929883,20.380258410490544,23.551490850359105,6.634385434390072,1808.976320769859,1.5638696429217789,660.2436724968348,661.8079768279296
165600.0,46.0,24.2983848175008,24.007559160369176,23.99857681223698,22.660388211771984,20.380024176684866,23.55115881615359,6.634379000169474,1809.3031182935692,1.4414192044414664,660.3629476884114,661.8047676307111
169200.0,47.0,24.274450154838455,24.006395952032655,23.998116915662443,22.660162036480845,20.37980819085368,23.55085268192062,6.634373067189965,1809.6043230303453,1.3285570453663862,660.4728819751674,661.8018084486212
172800.0,48.0,24.25238955697418,24.005323746450895,23.99769295078382,22.65995349396271,20.379609043406653,23.550570440090755,6.634367596734971,1809.8819399529734,1.2245322766965574,660.5742071359441,661.7990799684761
176400.0,49.0,24.232056280610458,24.004335433634747,23.99730212027593,22.659761219473694,20.37942543108619,23.550310236004858,6.634362553008134,1810.1378168139017,1.1286528338657145,660.6675975669998,661.796564334049
180000.0,50.0,24.213315073915723,24.00342445707513,23.996941842467802,22.65958395179412,20.37925614949439,23.55007035684547,6.634357902928134,1810.373656505036,1.0402808642470287,660.7536747931123,661.7942450436658
183600.0,51.0,24.196041276386406,24.00258477108609,23.996609735169297,22.659420525826704,20.37910008602486,23.549849221243676,6.634353615934628,1810.5910284392537,0.95882847721995,660.8330116216257,661.7921068533499
187200.0,52.0,24.18011998926821,24.001810801343968,23.99630360061342,22.659269865625284,20.378956213205583,23.549645369548834,6.6343496638054535,1810.7913790324785,0.8837538281089206,660.9061359682182,661.7901356856011
190800.0,53.0,24.165445310995885,24.00109740840292,23.996021411458763,22.659130977851923,20.378823582450835,23.54945745474119,6.6343460204850695,1810.9760413584781,0.8145575096215126,660.9735343807291,661.7883185437817
194400.0,54.0,24.151919632546242,24.000439853977635,23.995761297794292,22.65900294565365,20.378701318213867,23.549284233962233,6.634342661923981,1811.1462440425155,0.7507792265195872,661.0356552851807,661.7866434319934
198000.0,55.0,24.139452988003352,23.99983376979569,23.995521535087722,22.658884922945575,20.378588612527636,23.549124560634276,6.634339565928831,1811.3031194545695,0.6919947312026411,661.0929119761555,661.7850992802736
201600.0,56.0,24.127962456004095,23.999275128833016,23.995300533019318,22.6587761290842,20.378484719918095,23.548977377138772,6.634336712022708,1811.4477112578884,0.6378129996580183,661.1456853718822,661.7836758748969
205200.0,57.0,24.117371608073984,23.998760218757972,23.99509682514419,22.658675843912334,20.37838895267242,23.548841708022042,6.6343340813152025,1811.58098136394,0.5878736288669497,661.1943265526668,661.7823637935405
208800.0,58.0,24.10761000017629,23.99828561742019,23.994909059327917,22.658583403156438,20.378300676443654,23.548716653696832,6.634331656381693,1811.7038163408147,0.5418444382540568,661.2391590998436,661.7811543450591
212400.0,59.0,24.098612704087216,23.997848170231414,23.994735988902555,22.658498194156092,20.37821930617271,23.548601384608574,6.6343294211513575,1811.817033318278,0.49941925914951185,661.2804812510134,661.7800395136096
216000.0,60.0,24.090319875475302,23.997444969296087,23.99457646449275,22.658419651905803,20.378144302308367,23.548495135835932,6.63432736080335,1811.9213854292752,0.46031589749604496,661.3185678860934,661.7790119068592
219600.0,61.0,24.0826763558088,23.997073334158973,23.994429426464098,22.65834725538913,20.378075167306715,23.548397202096417,6.634325461670661,1812.0175668244292,0.42427425620304043,661.3536723575191,661.7780647080203
223200.0,62.0,24.07563130544032,23.996730794047114,23.99429389794902,22.6582805241862,20.378011442391404,23.548306933129247,6.634323711151145,1812.1062172930228,0.39105460461815555,661.3860281768192,661.7771916314638
226800.0,63.0,24.06913786542603,23.99641507149152,23.994168978407576,22.658219015335952,20.377952704557327,23.548223729428617,6.634322097625218,1812.1879265216746,0.36043598357761125,661.4158505689547,661.7763868816629
230400.0,64.0,24.06315284582846,23.996124067223214,23.99405383768392,22.658162320435505,20.37789856380062,23.54814703830237,6.634320610379778,1812.263238019117,0.33221473540117485,661.443337904793,661.7756451152411
234000.0,65.0,24.057636438427892,23.995855846245146,23.99394771052119,22.658110062959924,20.377848660559213,23.54807635023259,6.634319239537907,1812.332652733137,0.30620314903534457,661.4686730212253,661.7749614059048
237600.0,66.0,24.052551951931072,23.99560862498975,23.9938498915006,22.658061895786474,20.377802663348625,23.54801119551557,6.6343179759939375,1812.396632384211,0.28222821131927633,661.4920244378831,661.7743312120498
241200.0,67.0,24.04786556791451,23.995380759477747,23.993759730372457,22.65801749890853,20.37776026657884,23.547951141160723,6.634316811353484,1812.4556025377733,0.2601304560551266,661.5135474784605,661.7737503468504
244800.0,68.0,24.04354611587885,23.99517073440105,23.99367662774939,22.657976577325197,20.377721188539052,23.54789578802892,6.634315737878093,1812.5099554357707,0.2397629032184227,661.5333853041814,661.7732149506479
248400.0,69.0,24.039564865917278,23.994977153057842,23.993600031134243,22.6579388590935,20.37768516953757,23.54784476819222,6.634314748434151,1812.5600526063763,0.22099008124521974,661.5516698662967,661.7727214654649
252000.0,70.0,24.03589533761877,23.994798728073746,23.993529431256675,22.657904093531005,20.377651970185443,23.547797742498208,6.634313836445739,1812.6062272692673,0.2036871258879927,661.5685227839682,661.7722666114894
255600.0,71.0,24.032513123934592,23.994634272847886,23.993464358695157,22.657872049557586,20.37762136981289,23.547754398323423,6.634312995851135,1812.6487865524384,0.18773894964104132,661.5840561533645,661.7718473653784
259200.0,72.0,24.029395728836388,23.994482693667464,23.99340438076198,22.65784251416565,20.377593165008506,23.547714447501317,6.634312221062693,1812.6880135354297,0.17303947620773455,661.5983732934033,661.7714609402432
262800.0,73.0,24.02652241768586,23.994342982438788,23.993349098631203,22.65781529100918,20.377567168271803,23.547677624411463,6.634311506929821,1812.7241691324493,0.15949093491506905,661.611569433056,661.771104767187
266400.0,74.0,24.023874079320535,23.994214209986573,23.993298144690623,22.657790199102347,20.377543206770522,23.547643684217494,6.63431084870486,1812.7574938280695,0.1470032103799149,661.6237323448468,661.7707764782808
270000.0,75.0,24.021433098938267,23.994095519877348,23.99325118010038,22.65776707161948,20.377521121194626,23.54761240124236,6.634310242011592,1812.788209276964,0.13549324309963473,661.6349429287266,661.7704738908603
273600.0,76.0,24.019183240934908,23.993986122725932,23.993207892542284,22.65774575478838,20.377500764699455,23.547583567470305,6.6343096828162205,1812.8165197783435,0.12488447697914482,661.6452757502159,661.7701949930471
277200.0,77.0,24.01710954091563,23.993885290947304,23.993167994144898,22.65772610686992,20.37748200193134,23.547556991165706,6.634309167400597,1812.8426136349224,0.1151063501180139,661.6547995364034,661.7699379303981
280800.0,78.0,24.015198206161767,23.993792353919094,23.993131219570735,22.657707997217223,20.377464708129157,23.5475324955997,6.634308692337548,1812.8666644055043,0.10609382547035796,661.6635776331165,661.7697009935962
284400.0,79.0,24.01343652389104,23.993706693522533,23.993097324252957,22.65769130540822,20.377448768295903,23.54750991787626,6.634308254468117,1812.888832059454,0.0977869582554365,661.671668426283,661.7694826071009
288000.0,80.0,24.01181277670072,23.993627740032473,23.993066082770035,22.657675920445914,20.377434076435108,23.547489107850012,6.634307850880584,1812.9092640407273,0.0901304972388282,661.6791257302826,661.7692813186849
291600.0,81.0,24.01031616463165,23.993554968328837,23.993037287347306,22.65766174002112,20.37742053484666,23.547469927128567,6.634307478891134,1812.928096248652,0.08307351723563167,661.6859991459149,661.7690957897877
295200.0,82.0,24.008936733334497,23.99348789440479,23.99301074647591,22.65764866983279,20.37740805347785,23.547452248152858,6.634307136026019,1812.9454539418534,0.07656908038730761,661.6923343903146,661.7689247866241
298800.0,83.0,24.0076653078604,23.99342607214804,23.992986283639624,22.657636622961427,20.377396549324963,23.547435953349357,6.634306820005128,1812.9614525714385,0.07057392396116859,661.6981736010499,661.7687671719849
302400.0,84.0,24.006493431635743,23.99336909037417,23.992963736141373,22.657625519291496,20.37738594588172,23.547420934348615,6.634306528726834,1812.9761985489015,0.06504817259473493,661.7035556163936,661.768621897681
306000.0,85.0,24.005413310215033,23.993316570092166,23.992942954021505,22.657615284979,20.377376172630846,23.547407091264912,6.634306260254023,1812.9897899539144,0.0599550730709684,661.7085162336538,661.7684879975765
309600.0,86.0,24.004417759437974,23.993268161983973,23.992923799060723,22.657605851960653,20.377367164575336,23.547394332032216,6.634306012801226,1813.0023171867208,0.055260749861263024,661.713088447286,661.7683645811674
313200.0,87.0,24.003500157645483,23.993223544081363,23.992906143861045,22.65759715750146,20.377358861806457,23.547382571792138,6.634305784722748,1813.013863569409,0.05093397980784639,661.7173026683472,661.768250827663
316800.0,88.0,24.002654401637294,23.993182419624677,23.99288987099871,22.657589143777695,20.37735120910548,23.54737173232974,6.634305574501724,1813.0245059001334,0.04694598444913148,661.721186926776,661.7681459805283
320400.0,89.0,24.001874866077937,23.99314451508917,23.992874872243277,22.657581757492473,20.377344155576576,23.547361741553516,6.6343053807400425,1813.0343149639111,0.04327023860562511,661.7247670578247,661.7680493424557
324000.0,90.0,24.001156366081087,23.9931095783659,23.992861047838012,22.657574949521415,20.377337654308448,23.547352533016003,6.634305202149047,1813.043356003487,0.0398822939527839,661.7280668739164,661.7679602707283
327600.0,91.0,24.000494122723477,23.993077377085005,23.992848305836443,22.657568674586084,20.37733166206249,23.547344045472045,6.634305037540969,1813.0516891531943,0.036759616407962895,661.7311083229962,661.7678781729477
331200.0,92.0,23.999883731259096,23.993047697070217,23.992836561490915,22.657562890952857,20.377326138985172,23.547336222471433,6.634304885821028,1813.059369839035,0.03388143625034161,661.7339116345535,661.7678025030933
334800.0,93.0,23.999321131821972,23.993020340914462,23.992825736689035,22.65755756015548,20.3773210483432,23.547329011983607,6.634304745980155,1813.066449147262,0.03122860997489022,661.7364954541473,661.767732757894
338400.0,94.0,23.998802582423036,23.992995126666877,23.992815759434134,22.657552646739262,20.377316356279124,23.547322366051617,6.634304617088283,1813.0729741642058,0.028783492964250503,661.7388769674378,661.7676684734798
342000.0,95.0,23.998324634061124,23.9929718866227,23.992806563366535,22.657548118025336,20.377312031586296,23.547316240473222,6.63430449828816,1813.0789882894558,0.02652982212905349,661.7410720144909,661.7676092222983
345600.0,96.0,23.997884107782763,23.992950466207848,23.99279808732218,22.65754394389336,20.377308045501287,23.547310594506946,6.634304388789651,1813.084531524511,0.024452607737752555,661.7430951951309,661.7675546102711
349200.0,97.0,23.99747807347384,23.992930722947705,23.992790274924594,22.657540096580572,20.377304371512082,23.547305390600297,6.634304287864469,1813.0896407396694,0.02253803341268222,661.7449599663504,661.7675042741656
352800.0,98.0,23.997103830560818,23.992912525528812,23.992783074213673,22.657536550499,20.377300985183457,23.547300594142484,6.634304194841374,1813.0943499168511,0.0207733651301288,661.7466787309363,661.767457879203
356400.0,99.0,23.996758889881164,23.992895752917317,23.99277643729683,22.65753328206371,20.377297863992993,23.54729617323207,6.634304109101671,1813.0986903777582,0.019146865733916493,661.748262920744,661.7674151168106
360000.0,100.0,23.99644095711154,23.992880293553213,23.992770320030193,22.65753026953579,20.37729498718112,23.547292098464645,6.634304030075092,1813.1026909923592,0.017647716794126005,661.7497230727902,661.7673757025685
363600.0,101.0,23.996147917635707,23.992866044614583,23.992764681727483,22.657527492879,20.37729233561426,23.547288342738867,6.634303957236035,1813.1063783693503,0.016265947254593214,661.7510688987684,661.7673393743339
367200.0,102.0,23.995877822370655,23.992852911328395,23.992759484887312,22.657524933625517,20.377289891656563,23.54728488107487,6.634303890100039,1813.1097770344577,0.0149923665987543,661.7523093501255,661.7673058904835
370800.0,103.0,23.995628874850564,23.99284080634251,23.99275469494466,22.657522574753514,20.377287639053055,23.547281690448685,6.634303828220579,1813.1129095930216,0.013818503946464288,661.7534526774023,661.7672750283135
374400.0,104.0,23.995399419262817,23.992829649143914,23.992750280040735,22.65752040057386,20.377285562821392,23.547278749638984,6.634303771186087,1813.11579688048,0.012736551640319614,661.7545064851571,661.7672465825557
378000.0,105.0,23.995187929440604,23.992819365523548,23.992746210811173,22.65751839662579,20.37728364915229,23.54727603908597,6.634303718617219,1813.118458100921,0.011739313342103987,661.7554777825352,661.7672203640136
381600.0,106.0,23.99499299871192,23.992809887082675,23.992742460190723,22.657516549580773,20.377281885317668,23.547273540761285,6.634303670164332,1813.1209109548088,0.010820156168018213,661.7563730298859,661.7671961983038
385200.0,107.0,23.994813330543504,23.992801150777996,23.992739003233257,22.65751484715383,20.377280259586,23.547271238048143,6.63430362550516,1813.1231717566964,0.00997296657178699,661.7571981817268,661.7671739246967
388800.0,108.0,23.99464772991722,23.992793098502293,23.992735816945842,22.657513278021856,20.377278761144286,23.54726911563078,6.634303584342668,1813.125255543752,0.009192109681795149,661.7579587263523,661.7671533950469
392400.0,109.0,23.994495095381712,23.99278567669801,23.992732880135815,22.657511831748284,20.37727738002614,23.547267159392607,6.634303546403077,1813.1271761757646,0.008472391822036084,661.7586597223349,661.7671344728084
396000.0,110.0,23.994354411726363,23.99277883600096,23.992730173269845,22.657510498713716,20.377276107045503,23.547265356322296,6.634303511434043,1813.1289464273593,0.007809025967820446,661.759305832182,661.7671170321256
399600.0,111.0,23.994224743228816,23.992772530912045,23.992727678343968,22.65750927005187,20.377274933735556,23.54726369442727,6.634303479202983,1813.1305780729278,0.007197599905611314,661.7599013533339,661.7671009569979
403200.0,112.0,23.994105227431376,23.992766719494625,23.992725378763886,22.65750813759072,20.377273852292404,23.54726216265394,6.634303449495523,1813.1320819649457,0.0066340468869187,661.7604502467482,661.7670861405065
406800.0,113.0,23.993995069404484,23.99276136309556,23.99272325923459,22.657507093798035,20.377272855523156,23.547260750814154,6.634303422114071,1813.1334681061958,0.006114618578916988,661.7609561632596,661.7670724841041
410400.0,114.0,23.993893536459446,23.992756426088157,23.99272130565862,22.657506131731342,20.3772719367981,23.54725944951748,6.634303396876508,1813.1347457162417,0.005635860133219377,661.7614224678425,661.767059896959
414000.0,115.0,23.99379995327518,23.992751875635193,23.992719505042302,22.657505244991757,20.377271090006616,23.547258250108715,6.634303373614975,1813.135923292793,0.005194587207062283,661.7618522620073,661.767048295352
417600.0,116.0,23.993713697406463,23.992747681470497,23.99271784540931,22.657504427681374,20.37727030951652,23.54725714461032,6.634303352174753,1813.1370086682223,0.0047878647834256015,661.7622484044284,661.7670376021181
421200.0,117.0,23.993634195143855,23.992743815697672,23.992716315721072,22.657503674364115,20.377269590136613,23.547256125669403,6.634303332413243,1813.1380090616153,0.004412987649116684,661.7626135299417,661.7670277461345
424800.0,118.0,23.993560917697895,23.992740252604513,23.99271490580326,22.657502980029495,20.37726892708215,23.547255186508757,6.634303314199002,1813.1389311268465,0.004067462402330143,661.7629500670913,661.767018661847
428400.0,119.0,23.993493377681883,23.992736968492025,23.992713606278187,22.657502340059345,20.377268315943002,23.5472543208818,6.634303297410884,1813.1397809968164,0.003748990867693087,661.7632602542749,661.7670102888337
432000.0,120.0,23.99343112587028,23.99273394151678,23.99271240850241,22.657501750197085,20.377267752654365,23.547253523031074,6.634303281937232,1813.140564324208,0.0034554548112618,661.7635461546197,661.7670025714046
435600.0,121.0,23.993373748210644,23.992731151545605,23.99271130450924,22.657501206519417,20.37726723346967,23.547252787649878,6.634303267675122,1813.1412863191376,0.0031849018509293135,661.763809669724,661.7669954582287
439200.0,122.0,23.993320863069812,23.992728580021737,23.992710286955752,22.65750070541021,20.37726675493571,23.54725210984703,6.634303254529698,1813.1419517837705,0.0029355324711736472,661.7640525522913,661.7669889019951
442800.0,123.0,23.993272118695426,23.992726209841326,23.992709349073962,22.657500243536482,20.377266313869654,23.547251485114298,6.634303242413523,1813.1425651442864,0.0027056880535769145,661.7642764177974,661.7669828590965
446400.0,124.0,23.99322719087646,23.99272402523973,23.992708484625787,22.65749981782621,20.377265907337854,23.54725090929644,6.634303231246012,1813.1431304803004,0.0024938398453217443,661.7644827552281,661.7669772893405
450000.0,125.0,23.993185780786728,23.992722011686617,23.992707687861582,22.657499425447885,20.37726553263639,23.54725037856357,6.634303220952885,1813.1436515519913,0.0022985787908825156,661.7646729369804,661.766972155681
453600.0,126.0,23.993147612997326,23.99272015578935,23.99270695348187,22.657499063791715,20.37726518727303,23.54724988938564,6.634303211465683,1813.144131825159,0.002118606159894149,661.7648482280092,661.766967423973
457200.0,127.0,23.99311243364473,23.992718445203902,23.99270627660213,22.657498730452236,20.377264868950682,23.547249438509027,6.634303202721304,1813.1445744942007,0.0019527249092700237,661.7650097942112,661.7669630627452
460800.0,128.0,23.99308000874228,23.992716868552737,23.99270565272025,22.657498423212342,20.37726457555211,23.547249022934835,6.634303194661586,1813.1449825034317,0.0017998317214263514,661.7651587102087,661.7669590429895
464400.0,129.0,23.99305012262379,23.992715415349178,23.992705077686665,22.657498140028505,20.37726430512586,23.547248639898992,6.634303187232921,1813.1453585666115,0.0016589096651541757,661.7652959664746,661.7669553379699
468000.0,130.0,23.993022576509208,23.99271407592758,23.992704547676663,22.65749787901719,20.37726405587325,23.54724828685382,6.634303180385901,1813.145705185047,0.0015290214327234703,661.7654224759408,661.7669519230434
471600.0,131.0,23.992997187182432,23.992712841379138,23.992704059165025,22.657497638442358,20.37726382613645,23.547247961451134,6.634303174074983,1813.1460246641766,0.0014093031048669075,661.7655390800508,661.7669487754962
475200.0,132.0,23.992973785772694,23.99271170349256,23.99270360890255,22.657497416703887,20.377263614387417,23.54724766152661,6.634303168258194,1813.146319128932,0.0012989584050282627,661.7656465543661,661.7669458743936
478800.0,133.0,23.99295221663134,23.992710654699472,23.992703193894414,22.65749721232694,20.377263419217762,23.547247385085367,6.634303162896844,1813.146590537885,0.0011972534029221864,661.7657456137301,661.7669432004395
482400.0,134.0,23.9929323362966,23.992709688024103,23.992702811380315,22.657497023952164,20.377263239329373,23.547247130288746,6.634303157955273,1813.1468406962215,0.0011035116329810917,661.7658369170031,661.766940735849
486000.0,135.0,23.992914012539423,23.992708797036844,23.99270245881605,22.657496850326623,20.37726307352576,23.547246895442,6.634303153400614,1813.1470712678397,0.0010171095954307201,661.7659210714777,661.7669384642292
489600.0,136.0,23.992897123483907,23.992707975811523,23.99270213385662,22.6574966902955,20.377262920704123,23.547246678983136,6.634303149202572,1813.1472837863034,0.0009374726086339808,661.7659986368773,661.7669363704711
493200.0,137.0,23.992881556796686,23.992707218885965,23.99270183434066,22.657496542794384,20.377262779848014,23.547246479472424,6.6343031453332255,1813.1474796651323,0.0008640709869068814,661.7660701291106,661.7669344406486
496800.0,138.0,23.992867208939835,23.992706521225674,23.992701558276,22.65749640684221,20.377262650020562,23.547246295582866,6.634303141766839,1813.1476602071696,0.000796416517693417,661.7661360236922,661.7669326619261
500400.0,139.0,23.992853984482174,23.992705878190325,23.992701303826465,22.657496281534726,20.377262530358248,23.547246126091373,6.634303138479692,1813.14782661324,0.0007340592142929789,661.7661967589013,661.7669310224729
504000.0,140.0,23.9928417954645,23.99270528550294,23.99270106929965,22.65749616603849,20.377262420065176,23.547245969870612,6.634303135449918,1813.147979990156,0.0006765843224820546,661.7662527387045,661.7669295113844
507600.0,141.0,23.992830560814618,23.992704739221402,23.99270085313566,22.65749605958529,20.377262318407755,23.547245825881514,6.634303132657368,1813.1481213580719,0.0006236095624534456,661.7663043354395,661.7669281186102
511200.0,142.0,23.992820205808066,23.99270423571226,23.99270065389674,22.6574959614671,20.377262224709845,23.54724569316639,6.634303130083467,1813.1482516572453,0.0005747825858410521,661.7663518922835,661.7669268348864
514800.0,143.0,23.992810661571088,23.992703771626548,23.992700470257695,22.657495871031298,20.37726213834822,23.547245570842495,6.634303127711095,1813.1483717543467,0.0005297786321236053,661.7663957255556,661.7669256516747
518400.0,144.0,23.99280186462258,23.992703343877515,23.992700300997097,22.657495787676382,20.37726205874849,23.54724545809624,6.6343031255244735,1813.148482448162,0.0004882983687711647,661.7664361267981,661.7669245611054
522000.0,145.0,23.99279375645184,23.992702949620103,23.992700144989158,22.657495710847932,20.377261985381203,23.547245354177715,6.63430312350906,1813.1485844749436,0.0004500659001320969,661.76647336473,661.7669235559248
525600.0,146.0,23.99278628312938,23.992702586231996,23.992700001196223,22.65749564003494,20.377261917758386,23.54724525839574,6.634303121651446,1813.148678513293,0.00041482693250580595,661.7665076870285,661.7669226294472
529200.0,147.0,23.99277939494828,23.992702251296215,23.992699868661898,22.657495574766426,20.377261855430245,23.547245170113232,6.634303119939281,1813.1487651886966,0.00038234708272322985,661.7665393219847,661.7669217755102
532800.0,148.0,23.992773046093493,23.99270194258502,23.99269974650466,22.657495514608257,20.377261797982236,23.547245088743015,6.634303118361172,1813.1488450776408,0.0003524103190538227,661.766568480006,661.7669209884342
536400.0,149.0,23.99276719433723,23.992701658045092,23.992699633912,22.657495459160316,20.37726174503225,23.547245013743865,6.634303116906625,1813.1489187114964,0.0003248175247192325,661.7665953550328,661.7669202629843
540000.0,150.0,23.992761800757975,23.992701395783882,23.992699530135052,22.6574954080538,20.377261696228114,23.547244944616953,6.634303115565966,1813.1489865800127,0.0002993851730965204,661.766620125815,661.7669195943351
543600.0,151.0,23.992756829481703,23.99270115405703,23.99269943448356,22.657495360948783,20.377261651245206,23.54724488090249,6.634303114330275,1813.1490491346083,0.0002759441073034697,661.7666429571121,661.7669189780394
547200.0,152.0,23.992752247443182,23.992700931256756,23.99269934632133,22.657495317531968,20.377261609784345,23.547244822176708,6.634303113191336,1813.1491067913362,0.00025433841478075326,661.7666640007761,661.7669184099979
550800.0,153.0,23.992748024166143,23.992700725901148,23.99269926506197,22.657495277514577,20.377261571569758,23.54724476804899,6.634303112141574,1813.1491599337041,0.00023442439079609086,661.7666833967802,661.7669178864327
554400.0,154.0,23.99274413156049,23.99270053662434,23.992699190165002,22.657495240630443,20.37726153634727,23.547244718159334,6.634303111174006,1813.1492089151614,0.000216069582031022,661.7667012741272,661.7669174038613
558000.0,155.0,23.992740543735565,23.992700362167405,23.992699121132265,22.657495206634234,20.37726150388261,23.547244672175907,6.634303110282195,1813.1492540614977,0.0001991519062708157,661.7667177517242,661.7669169590738
561600.0,156.0,23.99273723682782,23.99270020136999,23.992699057504606,22.65749517529984,20.377261473959845,23.547244629792857,6.63430310946021,1813.149295672999,0.00018355883965748382,661.7667329391703,661.766916549112
565200.0,157.0,23.99273418884219,23.992700053162583,23.992698998858835,22.657495146418846,20.377261446379958,23.54724459072829,6.634303108702585,1813.1493340264274,0.0001691866688294347,661.7667469374787,661.7669161712491
568800.0,158.0,23.99273137950575,23.99269991655942,23.99269894480486,22.65749511979915,20.377261420959496,23.54724455472237,6.634303108004279,1813.1493693768905,0.00015593980088683245,661.7667598397591,661.766915822972
572400.0,159.0,23.99272879013291,23.992699790651926,23.992698894983167,22.657495095263716,20.37726139752939,23.547244521535617,6.63430310736065,1813.1494019595038,0.0001437301276081744,661.7667717318242,661.766915501964
576000.0,160.0,23.992726403501113,23.992699674602648,23.992698849062386,22.657495072649333,20.377261375933802,23.547244490947303,6.634303106767414,1813.149431990982,0.00013247643946318242,661.7667826927711,661.7669152060898
579600.0,161.0,23.992724203736255,23.99269956763973,23.99269880673708,22.6574950518056,20.377261356029095,23.547244462753977,6.634303106220628,1813.149459671072,0.00012210388521362176,661.7667927955039,661.7669149333822
583200.0,162.0,23.992722176207163,23.992699469051722,23.992698767725734,22.657495032593875,20.377261337682867,23.547244436768107,6.634303105716653,1813.1494851838893,0.00011254347451362427,661.7668021072212,661.7669146820267
586800.0,163.0,23.992720307428222,23.992699378182888,23.992698731768876,22.657495014886376,20.3772613207731,23.547244412816863,6.634303105252139,1813.1495086991204,0.00010373161864962163,661.7668106898557,661.7669144503517
590400.0,164.0,23.99271858496973,23.992699294428856,23.99269869862734,22.657494998565337,20.377261305187332,23.547244390740946,6.634303104823995,1813.1495303731622,9.560970772949026e-05,661.7668186004893,661.7669142368163
594000.0,165.0,23.99271699749432,23.99269921723833,23.992698668082994,22.657494983523307,20.377261290822954,23.547244370395035,6.634303104429402,1813.1495503486926,8.81242827686119e-05,661.7668258911971,661.7669140400147
597600.0,166.0,23.992715534615968,23.992699146106297,23.992698639936,22.657494969661894,20.377261277586005,23.54724435164602,6.63430310406578,1813.1495687563945,8.122637048295687e-05,661.7668326096756,661.7669138586597
601200.0,167.0,23.992714186255245,23.992699080542653,23.992698613992413,22.657494956885593,20.377261265385282,23.547244334364727,6.634303103730624,1813.1495857230968,7.486844331918262e-05,661.7668388022154,661.7669136915017
604800.0,168.0,23.992712943442378,23.992699020111235,23.992698590079655,22.65749494510939,20.377261254139604,23.54724431843619,6.634303103421703,1813.1496013616686,6.900820614034123e-05,661.7668445100115,661.7669135374285
608400.0,169.0,23.992711797898803,23.992698964409517,23.99269856803845,22.657494934254867,20.377261243774086,23.54724430375431,6.63430310313696,1813.1496157762735,6.360662295008054e-05,661.7668497710819,661.766913395414
612000.0,170.0,23.99271074204162,23.99269891306877,23.99269854772287,22.65749492425016,20.377261234220093,23.54724429022189,6.63430310287451,1813.1496290623477,5.862793812827185e-05,661.7668546202589,661.7669132645179
615600.0,171.0,23.992709768909485,23.99269886575051,23.992698528999004,22.657494915029307,20.377261225414646,23.547244277749726,6.634303102632622,1813.1496413074656,5.403932683552774e-05,661.7668590895057,661.7669131438772
619200.0,172.0,23.992708871941232,23.992698822135683,23.992698511740585,22.65749490653014,20.377261217298372,23.54724426625371,6.634303102409667,1813.149652594206,4.9809851245125356e-05,661.766863208962,661.766913032679
622800.0,173.0,23.992708045190803,23.992698781935186,23.992698495833217,22.65749489869632,20.377261209817465,23.547244255657645,6.634303102204164,1813.1496629973772,4.591147381348186e-05,661.7668670059315,661.7669129301856
626400.0,174.0,23.992707283146146,23.99269874488099,23.992698481170844,22.65749489147561,20.377261202922057,23.54724424589089,6.634303102014747,1813.1496725863356,4.231820359383604e-05,661.7668705057281,661.766912835714
630000.0,175.0,23.992706580743064,23.99269871072685,23.99269846765603,22.657494884820036,20.37726119656632,23.547244236888528,6.634303101840153,1813.1496814248178,3.9006161369404776e-05,661.7668737316144,661.7669127486363
633600.0,176.0,23.992705933313683,23.992698679245784,23.992698455198948,22.65749487868536,20.377261190708015,23.54724422859073,6.634303101679224,1813.149689571559,3.5953336729071946e-05,661.7668767050278,661.7669126683735
637200.0,177.0,23.992705336555492,23.992698650228586,23.99269844371682,22.657494873030814,20.377261185308203,23.547244220942364,6.63430310153089,1813.1496970806938,3.313944204163377e-05,661.7668794457263,661.7669125943925
640800.0,178.0,23.99270478650268,23.992698623482433,23.992698433133345,22.65749486781882,20.377261180331022,23.5472442138926,6.634303101394166,1813.1497040021218,3.05457772591577e-05,661.7668819719224,661.7669125262017
644400.0,179.0,23.992704279499875,23.992698598829566,23.992698423378194,22.65749486301475,20.37726117574337,23.547244207394595,6.634303101268142,1813.1497103818363,2.8155106253787565e-05,661.7668843004029,661.7669124633479
648000.0,180.0,23.992703812177734,23.992698576106164,23.99269841438652,22.657494858586666,20.37726117151478,23.547244201405146,6.634303101151982,1813.1497162622518,2.5951541518498187e-05,661.7668864466484,661.7669124054133
651600.0,181.0,23.992703381430644,23.992698555161212,23.99269840609859,22.65749485450515,20.377261167617135,23.547244195884467,6.634303101044913,1813.1497216824312,2.3920439186322538e-05,661.7668884249159,661.7669123520132
655200.0,182.0,23.992702984396065,23.992698535855528,23.992698398459318,22.65749485074307,20.377261164024546,23.54724419079587,6.634303100946224,1813.149726678395,2.2048301462679374e-05,661.7668902483524,661.7669123027922
658800.0,183.0,23.992702618435484,23.9926985180608,23.992698391417928,22.657494847275437,20.377261160713125,23.547244186105527,6.6343031008552575,1813.1497312833533,2.032268705187583e-05,661.7668919290791,661.7669122574235
662400.0,184.0,23.992702281116866,23.99269850165878,23.99269838492764,22.657494844079196,20.377261157660875,23.54724418178228,6.634303100771413,1813.1497355278993,1.8732128116294787e-05,661.7668934782616,661.7669122156058
666000.0,185.0,23.992701970198564,23.99269848654047,23.992698378945317,22.65749484113311,20.377261154847517,23.547244177797385,6.634303100694129,1813.1497394402516,1.726605461346615e-05,661.7668949061996,661.7669121770608
669600.0,186.0,23.992701683614325,23.992698472605397,23.992698373431196,22.6574948384176,20.37726115225434,23.547244174124373,6.634303100622893,1813.1497430463994,1.5914723545857967e-05,661.7668962223784,661.7669121415325
673200.0,187.0,23.99270141945966,23.992698459760952,23.992698368348638,22.657494835914623,20.37726114986412,23.54724417073883,6.634303100557234,1813.1497463703126,1.4669154708135677e-05,661.7668974355466,661.7669121087849
676800.0,188.0,23.9927011759791,23.99269844792178,23.992698363663866,22.657494833607533,20.377261147660967,23.547244167618253,6.634303100496712,1813.1497494340808,1.3521070501942132e-05,661.7668985537666,661.7669120786003
680400.0,189.0,23.992700951554603,23.992698437009203,23.992698359345756,22.657494831481014,20.377261145630246,23.547244164741915,6.6343031004409285,1813.1497522580564,1.2462841367729992e-05,661.7668995844667,661.766912050778
684000.0,190.0,23.992700744694734,23.992698426950703,23.992698355365597,22.657494829520925,20.377261143758464,23.54724416209069,6.63430310038951,1813.1497548610196,1.1487434738257107e-05,661.7669005345012,661.7669120251333
687600.0,191.0,23.992700554024783,23.99269841767943,23.99269835169695,22.657494827714245,20.377261142033174,23.547244159646965,6.634303100342116,1813.149757260257,1.0588368464593856e-05,661.7669014101796,661.7669120014958
691200.0,192.0,23.992700378277668,23.992698409133784,23.99269834831543,22.657494826048964,20.377261140442915,23.5472441573945,6.634303100298431,1813.149759471719,9.759667834226704e-06,661.7669022173233,661.7669119797081
694800.0,193.0,23.99270021628542,23.992698401256956,23.992698345198562,22.657494824514014,20.377261138977115,23.547244155318317,6.634303100258165,1813.149761510105,8.995825582575278e-06,661.7669029612973,661.7669119596258
698400.0,194.0,23.99270006697152,23.992698393996612,23.99269834232564,22.6574948230992,20.377261137626043,23.547244153404638,6.634303100221051,1813.1497633889476,8.291765531822292e-06,661.7669036470409,661.7669119411152
702000.0,195.0,23.992699929343722,23.9926983873045,23.992698339677567,22.657494821795122,20.377261136380714,23.54724415164073,6.634303100186842,1813.149765120745,7.642808994248894e-06,661.7669042791157,661.7669119240533
705600.0,196.0,23.992699802487373,23.992698381136147,23.992698337236746,22.657494820593097,20.377261135232835,23.54724415001487,6.63430310015531,1813.149766717008,7.04464307726802e-06,661.7669048617229,661.7669119083267
709200.0,197.0,23.99269968555947,23.99269837545056,23.992698334986954,22.657494819485155,20.37726113417481,23.54724414851626,6.634303100126245,1813.149768188336,6.493292791853733e-06,661.766905398731,661.766911893831
712800.0,198.0,23.992699577782947,23.99269837020996,23.992698332913246,22.657494818463924,20.37726113319959,23.547244147134943,6.634303100099456,1813.1497695445069,5.985093988561374e-06,661.7669058937088,661.7669118804698
716400.0,199.0,23.99269947844157,23.992698365379518,23.992698331001836,22.657494817522622,20.377261132300692,23.547244145861733,6.634303100074763,1813.1497707945398,5.516669445436051e-06,661.7669063499483,661.7669118681542
720000.0,200.0,23.992699386875174,23.992698360927125,23.99269832924002,22.657494816654992,20.377261131472146,23.54724414468817,6.634303100052002,1813.1497719467368,5.0849063117613724e-06,661.7669067704793,661.7669118568026
723600.0,201.0,23.99269930247522,23.992698356823205,23.992698327616097,22.65749481585527,20.37726113070845,23.54724414360646,6.634303100031024,1813.1497730087578,4.686935083731569e-06,661.7669071580978,661.7669118463396
727200.0,202.0,23.99269922468086,23.992698353040474,23.992698326119264,22.657494815118127,20.377261130004523,23.547244142609404,6.634303100011686,1813.1497739876618,4.320111238979151e-06,661.76690751538,661.7669118366952
730800.0,203.0,23.992699152975074,23.9926983495538,23.992698324739585,22.657494814438685,20.377261129355688,23.54724414169038,6.634303099993863,1813.1497748899549,3.981996853494252e-06,661.7669078447008,661.7669118278058
734400.0,204.0,23.992699086881366,23.992698346340013,23.992698323467888,22.65749481381242,20.37726112875763,23.54724414084329,6.634303099977434,1813.1497757216255,3.670345106307593e-06,661.7669081482454,661.7669118196121
738000.0,205.0,23.992699025960494,23.99269834337775,23.99269832229572,22.657494813235164,20.377261128206385,23.547244140062492,6.634303099962292,1813.1497764882092,3.3830848546067214e-06,661.7669084280346,661.7669118120596
741600.0,206.0,23.992698969807606,23.992698340647337,23.992698321215293,22.657494812703096,20.377261127698283,23.547244139342816,6.634303099948334,1813.149777194785,3.118307040116974e-06,661.7669086859221,661.7669118050983
745200.0,207.0,23.992698918049534,23.992698338130616,23.992698320219425,22.65749481221266,20.377261127229946,23.547244138679453,6.634303099935468,1813.1497778460716,2.874252134373023e-06,661.7669089236299,661.7669117986817
748800.0,208.0,23.99269887034232,23.992698335810868,23.9926983193015,22.657494811760618,20.377261126798267,23.547244138068017,6.63430309992361,1813.149778446377,2.6492982354980654e-06,661.7669091427306,661.7669117927674
752400.0,209.0,23.99269882636893,23.992698333672674,23.992698318455414,22.65749481134395,20.37726112640037,23.547244137504425,6.634303099912679,1813.149778999709,2.4419504503899957e-06,661.7669093446867,661.7669117873158
756000.0,210.0,23.992698785837124,23.992698331701828,23.992698317675547,22.657494810959893,20.377261126033613,23.547244136984954,6.6343030999026045,1813.1497795097232,2.2508307699403927e-06,661.7669095308327,661.7669117822911
759600.0,211.0,23.99269874847754,23.992698329885226,23.99269831695672,22.657494810605893,20.377261125695565,23.547244136506134,6.634303099893319,1813.1497799798271,2.0746690887939675e-06,661.7669097024121,661.7669117776597
763200.0,212.0,23.992698714041907,23.992698328210807,23.992698316294145,22.6574948102796,20.37726112538397,23.547244136064787,6.634303099884759,1813.1497804131395,1.912294682924198e-06,661.7669098605634,661.7669117733906
766800.0,213.0,23.99269868230139,23.99269832666743,23.992698315683434,22.657494809978846,20.377261125096762,23.547244135657987,6.6343030998768695,1813.149780812534,1.7626286028413316e-06,661.766910006335,661.7669117694556
770400.0,214.0,23.99269865304505,23.992698325244852,23.992698315120517,22.65749480970163,20.377261124832042,23.547244135283027,6.634303099869598,1813.1497811806685,1.6246761196253345e-06,661.7669101406975,661.7669117658289
774000.0,215.0,23.992698626078475,23.992698323933606,23.992698314601657,22.657494809446106,20.37726112458803,23.547244134937397,6.634303099862895,1813.149781520006,1.4975206148406528e-06,661.7669102645496,661.7669117624857
777600.0,216.0,23.992698601222436,23.99269832272499,23.992698314123405,22.657494809210586,20.377261124363116,23.547244134618833,6.634303099856716,1813.1497818327712,1.3803168893765871e-06,661.7669103787032,661.7669117594041
781200.0,217.0,23.99269857831176,23.992698321610966,23.992698313682588,22.657494808993498,20.37726112415581,23.5472441343252,6.634303099851021,1813.1497821210578,1.2722861450775725e-06,661.7669104839226,661.766911756564
784800.0,218.0,23.992698557194192,23.99269832058413,23.992698313276264,22.6574948087934,20.377261123964722,23.547244134054544,6.634303099845773,1813.1497823867871,1.1727104557323285e-06,661.7669105809091,661.766911753946
788400.0,219.0,23.992698537729385,23.992698319637658,23.992698312901748,22.657494808608963,20.377261123788596,23.547244133805076,6.634303099840934,1813.1497826317136,1.0809280304371782e-06,661.7669106703028,661.7669117515329
792000.0,220.0,23.992698519787997,23.99269831876527,23.99269831255654,22.657494808438962,20.37726112362626,23.54724413357513,6.634303099836474,1813.1497828574734,9.963289347755476e-07,661.766910752701,661.7669117493087
795600.0,221.0,23.99269850325082,23.99269831796115,23.992698312238353,22.657494808282262,20.377261123476618,23.54724413336318,6.634303099832364,1813.1497830655665,9.18351199380396e-07,661.7669108286512,661.7669117472586
799200.0,222.0,23.99269848800792,23.992698317219965,23.992698311945063,22.65749480813783,20.377261123338688,23.547244133167816,6.634303099828575,1813.1497832573737,8.464763474222536e-07,661.7669108986574,661.7669117453688
802800.0,223.0,23.99269847395799,23.992698316536796,23.99269831167474,22.657494808004703,20.37726112321156,23.547244132987746,6.634303099825083,1813.149783434165,7.80226665320427e-07,661.7669109631831,661.7669117436272
806400.0,224.0,23.992698461007684,23.992698315907088,23.992698311425556,22.65749480788199,20.377261123094375,23.54724413282177,6.634303099821864,1813.1497835971193,7.191620860712788e-07,661.7669110226584,661.7669117420216
810000.0,225.0,23.992698449070932,23.992698315326667,23.992698311195884,22.657494807768884,20.377261122986365,23.54724413266878,6.634303099818896,1813.1497837473248,6.628767028018955e-07,661.7669110774807,661.7669117405418
813600.0,226.0,23.99269843806841,23.99269831479167,23.99269831098418,22.65749480766463,20.377261122886807,23.547244132527762,6.634303099816162,1813.1497838857754,6.109964972974779e-07,661.7669111280127,661.7669117391779
817200.0,227.0,23.992698427927017,23.99269831429855,23.99269831078906,22.657494807568536,20.37726112279504,23.54724413239779,6.634303099813641,1813.149784013382,5.63176769187379e-07,661.7669111745868,661.7669117379206
820800.0,228.0,23.992698418579344,23.992698313844027,23.992698310609203,22.657494807479967,20.37726112271046,23.547244132277985,6.6343030998113175,1813.1497841310056,5.190996531727165e-07,661.7669112175173,661.7669117367618
824400.0,229.0,23.992698409963275,23.992698313425073,23.992698310443426,22.657494807398326,20.377261122632497,23.547244132167556,6.634303099809175,1813.1497842394244,4.784722877616332e-07,661.7669112570882,661.7669117356935
828000.0,230.0,23.992698402021524,23.992698313038904,23.992698310290617,22.65749480732307,20.377261122560636,23.54724413206577,6.634303099807202,1813.1497843393565,4.410245614050012e-07,661.7669112935616,661.7669117347092
831600.0,231.0,23.99269839470134,23.992698312682965,23.992698310149773,22.65749480725371,20.3772611224944,23.547244131971954,6.634303099805382,1813.1497844314654,4.065076686146085e-07,661.7669113271796,661.7669117338015
835200.0,232.0,23.992698387954068,23.99269831235488,23.992698310019946,22.65749480718978,20.377261122433346,23.547244131885478,6.634303099803704,1813.1497845163678,3.7469226109010374e-07,661.7669113581676,661.766911732965
838800.0,233.0,23.99269838173487,23.992698312052468,23.99269830990028,22.657494807130842,20.377261122377067,23.547244131805762,6.6343030998021595,1813.1497845946321,3.453668805789789e-07,661.7669113867325,661.766911732194
842400.0,234.0,23.992698376002423,23.99269831177374,23.992698309789994,22.65749480707653,20.377261122325205,23.547244131732302,6.634303099800735,1813.1497846667544,3.1833662064464363e-07,661.7669114130559,661.7669117314836
846000.0,235.0,23.99269837071864,23.99269831151681,23.992698309688322,22.657494807026463,20.37726112227739,23.547244131664577,6.63430309979942,1813.1497847332469,2.9342201734259275e-07,661.7669114373244,661.7669117308284
849600.0,236.0,23.992698365848383,23.99269831128,23.99269830959462,22.65749480698032,20.377261122233325,23.547244131602163,6.634303099798211,1813.1497847945247,2.7045727078061074e-07,661.7669114596898,661.7669117302247
853200.0,237.0,23.992698361359295,23.992698311061716,23.992698309508242,22.657494806937784,20.3772611221927,23.547244131544623,6.634303099797094,1813.149784851017,2.492898929524756e-07,661.7669114803085,661.7669117296681
856800.0,238.0,23.99269835722156,23.99269831086052,23.992698309428626,22.657494806898573,20.37726112215526,23.547244131491592,6.634303099796066,1813.149784903083,2.2977922863951505e-07,661.7669114993116,661.7669117291551
860400.0,239.0,23.992698353407665,23.992698310675067,23.99269830935524,22.65749480686243,20.37726112212075,23.547244131442707,6.634303099795118,1813.1497849510783,2.1179557499486634e-07,661.766911516829,661.7669117286823
864000.0,240.0,23.99269834989225,23.992698310504135,23.992698309287608,22.657494806829124,20.377261122088942,23.547244131397658,6.634303099794244,1813.1497849953068,1.9521931873605068e-07,661.7669115329716,661.7669117282464
867600.0,241.0,23.99269834665198,23.992698310346576,23.99269830922526,22.657494806798418,20.37726112205962,23.547244131356123,6.6343030997934385,1813.1497850360854,1.7994047832878833e-07,661.7669115478551,661.7669117278448
871200.0,242.0,23.992698343665307,23.99269831020135,23.992698309167793,22.657494806770124,20.377261122032596,23.547244131317846,6.634303099792697,1813.1497850736657,1.6585740097170285e-07,661.7669115615712,661.7669117274746
874800.0,243.0,23.992698340912387,23.99269831006749,23.99269830911482,22.657494806744033,20.37726112200768,23.54724413128256,6.634303099792011,1813.1497851083086,1.5287656890485835e-07,661.7669115742152,661.7669117271332
878400.0,244.0,23.992698338374925,23.992698309944107,23.992698309066004,22.657494806719992,20.377261121984724,23.547244131250043,6.634303099791381,1813.1497851402348,1.4091166616907457e-07,661.7669115858677,661.7669117268186
882000.0,245.0,23.992698336036057,23.992698309830384,23.992698309021,22.657494806697834,20.377261121963564,23.54724413122007,6.634303099790801,1813.1497851696633,1.2988317361468659e-07,661.7669115966086,661.7669117265289
885600.0,246.0,23.992698333880245,23.992698309725554,23.992698308979516,22.657494806677402,20.377261121944052,23.547244131192436,6.634303099790263,1813.1497851967933,1.1971789347704485e-07,661.7669116065106,661.7669117262614
889200.0,247.0,23.99269833189316,23.99269830962893,23.99269830894129,22.657494806658576,20.37726112192607,23.54724413116697,6.634303099789769,1813.1497852217956,1.1034819221897862e-07,661.7669116156359,661.766911726015
892800.0,248.0,23.992698330061586,23.992698309539875,23.99269830890605,22.65749480664122,20.377261121909502,23.547244131143497,6.634303099789315,1813.149785244841,1.0171175401438859e-07,661.7669116240471,661.7669117257881
896400.0,249.0,23.99269832837336,23.992698309457786,23.992698308873564,22.657494806625223,20.377261121894225,23.54724413112186,6.6343030997888945,1813.1497852660832,9.375126379858044e-08,661.7669116318001,661.7669117255787
900000.0,250.0,23.992698326817276,23.99269830938212,23.992698308843625,22.65749480661048,20.377261121880146,23.547244131101916,6.634303099788509,1813.149785285665,8.641386141050588e-08,661.7669116389471,661.766911725386
903600.0,251.0,23.99269832538297,23.992698309312377,23.992698308816028,22.657494806596887,20.377261121867164,23.547244131083538,6.634303099788152,1813.1497853037088,7.965068377657757e-08,661.7669116455328,661.7669117252082
907200.0,252.0,23.99269832406091,23.992698309248095,23.99269830879059,22.657494806584364,20.377261121855202,23.547244131066588,6.6343030997878225,1813.1497853203502,7.341675926078039e-08,661.7669116516066,661.766911725044
910800.0,253.0,23.992698322842333,23.99269830918884,23.992698308767142,22.657494806572814,20.377261121844175,23.547244131050967,6.6343030997875205,1813.1497853356873,6.76708139732085e-08,661.7669116572043,661.766911724893
914400.0,254.0,23.992698321719125,23.992698309134223,23.992698308745528,22.65749480656217,20.377261121834014,23.547244131036575,6.634303099787241,1813.149785349817,6.237454982915835e-08,661.7669116623614,661.7669117247538
918000.0,255.0,23.99269832068381,23.992698309083885,23.99269830872561,22.657494806552364,20.37726112182465,23.54724413102331,6.634303099786984,1813.1497853628414,5.749271498238783e-08,661.7669116671151,661.7669117246255
921600.0,256.0,23.992698319729516,23.99269830903748,23.99269830870725,22.65749480654332,20.377261121816012,23.547244131011073,6.634303099786747,1813.1497853748542,5.299294535028309e-08,661.7669116714995,661.7669117245073
925200.0,257.0,23.992698318849936,23.992698308994708,23.992698308690326,22.657494806534984,20.377261121808047,23.5472441309998,6.634303099786528,1813.1497853859216,4.884546527250677e-08,661.766911675539,661.7669117243983
928800.0,258.0,23.992698318039178,23.992698308955287,23.992698308674726,22.6574948065273,20.377261121800714,23.547244130989412,6.634303099786326,1813.149785396121,4.502248882829462e-08,661.7669116792615,661.7669117242975
932400.0,259.0,23.992698317291882,23.992698308918953,23.992698308660348,22.657494806520226,20.37726112179396,23.547244130979834,6.634303099786141,1813.1497854055247,4.14987480858997e-08,661.7669116826937,661.7669117242051
936000.0,260.0,23.99269831660309,23.992698308885462,23.992698308647096,22.6574948065137,20.37726112178773,23.547244130971006,6.634303099785969,1813.1497854141924,3.8250876811574126e-08,661.7669116858573,661.7669117241196
939600.0,261.0,23.992698315968195,23.99269830885458,23.99269830863488,22.657494806507678,20.377261121781974,23.547244130962866,6.634303099785812,1813.1497854221836,3.525719916979142e-08,661.7669116887739,661.7669117240408
943200.0,262.0,23.992698315382984,23.992698308826135,23.992698308623616,22.657494806502132,20.37726112177668,23.547244130955367,6.634303099785666,1813.1497854295467,3.249771211493168e-08,661.7669116914614,661.7669117239683
946800.0,263.0,23.992698314843594,23.992698308799902,23.992698308613242,22.657494806497024,20.3772611217718,23.547244130948453,6.634303099785532,1813.1497854363347,2.995434951600373e-08,661.7669116939388,661.7669117239014
950400.0,264.0,23.992698314346416,23.99269830877573,23.992698308603675,22.65749480649231,20.377261121767297,23.547244130942083,6.634303099785409,1813.1497854425884,2.7609996091015886e-08,661.7669116962213,661.7669117238399
954000.0,265.0,23.992698313888134,23.992698308753447,23.992698308594857,22.657494806487968,20.37726112176315,23.547244130936207,6.634303099785295,1813.1497854483575,2.5449050873049827e-08,661.7669116983269,661.766911723783
957600.0,266.0,23.99269831346573,23.99269830873291,23.99269830858673,22.657494806483967,20.37726112175933,23.547244130930796,6.634303099785189,1813.1497854536701,2.345728634374211e-08,661.766911700266,661.7669117237306
961200.0,267.0,23.99269831307637,23.992698308713972,23.992698308579236,22.657494806480273,20.377261121755808,23.547244130925797,6.634303099785093,1813.1497854585775,2.162135540046961e-08,661.7669117020571,661.7669117236825
964800.0,268.0,23.992698312717497,23.992698308696525,23.99269830857233,22.657494806476876,20.37726112175256,23.5472441309212,6.634303099785004,1813.1497854630911,1.992914352264563e-08,661.7669117037044,661.7669117236379
968400.0,269.0,23.992698312386704,23.992698308680435,23.992698308565966,22.65749480647374,20.377261121749566,23.547244130916962,6.634303099784922,1813.1497854672525,1.836938138879418e-08,661.7669117052233,661.7669117235969
972000.0,270.0,23.99269831208182,23.992698308665616,23.992698308560104,22.657494806470854,20.377261121746812,23.547244130913057,6.634303099784845,1813.1497854710858,1.6931732918124e-08,661.7669117066223,661.7669117235591
975600.0,271.0,23.99269831180079,23.99269830865195,23.992698308554697,22.65749480646819,20.37726112174427,23.547244130909455,6.634303099784776,1813.1497854746226,1.560660157906568e-08,661.7669117079132,661.7669117235243
979200.0,272.0,23.992698311541748,23.992698308639355,23.992698308549713,22.65749480646574,20.377261121741927,23.547244130906137,6.634303099784711,1813.1497854778806,1.4385130389271694e-08,661.7669117091024,661.7669117234921
982800.0,273.0,23.992698311302984,23.992698308627748,23.992698308545116,22.65749480646348,20.377261121739767,23.54724413090308,6.634303099784652,1813.1497854808802,1.3259272348875583e-08,661.7669117101971,661.7669117234625
986400.0,274.0,23.992698311082908,23.99269830861704,23.99269830854088,22.65749480646139,20.37726112173777,23.547244130900253,6.6343030997845975,1813.1497854836568,1.2221579140714311e-08,661.7669117112106,661.7669117234353
990000.0,275.0,23.99269831088005,23.992698308607178,23.99269830853698,22.657494806459468,20.37726112173594,23.547244130897653,6.634303099784548,1813.14978548621,1.1265042655494994e-08,661.7669117121424,661.7669117234102
993600.0,276.0,23.99269831069308,23.992698308598086,23.99269830853338,22.657494806457695,20.377261121734247,23.54724413089526,6.634303099784501,1813.1497854885608,1.0383411941461417e-08,661.7669117130005,661.7669117233871
997200.0,277.0,23.99269831052074,23.992698308589706,23.992698308530063,22.65749480645606,20.377261121732687,23.547244130893052,6.634303099784458,1813.149785490727,9.57078821315349e-09,661.766911713791,661.7669117233656
1000800.0,278.0,23.992698310361888,23.992698308581982,23.99269830852701,22.657494806454554,20.377261121731248,23.547244130891013,6.634303099784418,1813.1497854927293,8.821748109610894e-09,661.7669117145218,661.766911723346
1004400.0,279.0,23.992698310215467,23.99269830857486,23.992698308524194,22.657494806453165,20.377261121729923,23.547244130889137,6.634303099784382,1813.1497854945708,8.131343694373071e-09,661.7669117151939,661.7669117233278
1008000.0,280.0,23.992698310080495,23.992698308568297,23.99269830852159,22.657494806451886,20.377261121728697,23.54724413088741,6.634303099784348,1813.1497854962658,7.494908764016372e-09,661.7669117158126,661.766911723311
1011600.0,281.0,23.992698309956097,23.99269830856225,23.9926983085192,22.65749480645071,20.37726112172757,23.547244130885808,6.634303099784317,1813.1497854978388,6.908322972876135e-09,661.7669117163867,661.7669117232955
1015200.0,282.0,23.99269830984144,23.99269830855668,23.992698308517,22.657494806449627,20.37726112172654,23.547244130884348,6.6343030997842884,1813.1497854992726,6.367659666750569e-09,661.76691171691,661.7669117232813
1018800.0,283.0,23.992698309735747,23.992698308551535,23.99269830851496,22.65749480644862,20.377261121725578,23.547244130882987,6.634303099784262,1813.1497855006085,5.869309141104395e-09,661.7669117173975,661.7669117232682
1022400.0,284.0,23.992698309638325,23.992698308546796,23.992698308513084,22.657494806447698,20.377261121724704,23.547244130881737,6.634303099784238,1813.1497855018365,5.4099434244392335e-09,661.7669117178458,661.7669117232562
1026000.0,285.0,23.992698309548537,23.992698308542437,23.99269830851136,22.65749480644685,20.377261121723887,23.547244130880593,6.634303099784216,1813.1497855029595,4.986533886608413e-09,661.7669117182556,661.7669117232451
1029600.0,286.0,23.992698309465773,23.992698308538408,23.99269830850977,22.65749480644607,20.37726112172314,23.54724413087953,6.634303099784195,1813.1497855040025,4.596298413872545e-09,661.7669117186364,661.7669117232348
1033200.0,287.0,23.99269830938948,23.992698308534703,23.9926983085083,22.657494806445346,20.377261121722448,23.547244130878553,6.6343030997841765,1813.1497855049615,4.236525325751472e-09,661.7669117189864,661.7669117232253
1036800.0,288.0,23.992698309319152,23.99269830853128,23.99269830850694,22.657494806444674,20.377261121721812,23.547244130877647,6.634303099784159,1813.1497855058512,3.904925541320381e-09,661.7669117193111,661.7669117232167
1040400.0,289.0,23.99269830925434,23.992698308528126,23.992698308505698,22.657494806444063,20.377261121721226,23.54724413087682,6.634303099784143,1813.1497855066639,3.599333237858104e-09,661.7669117196077,661.7669117232086
1044000.0,290.0,23.9926983091946,23.992698308525224,23.992698308504547,22.6574948064435,20.377261121720686,23.547244130876056,6.634303099784128,1813.1497855074138,3.3176354175878938e-09,661.7669117198814,661.7669117232011
1047600.0,291.0,23.992698309139538,23.99269830852254,23.99269830850349,22.657494806442973,20.37726112172018,23.547244130875345,6.634303099784114,1813.149785508111,3.0580184240847074e-09,661.7669117201359,661.7669117231943
1051200.0,292.0,23.99269830908878,23.992698308520076,23.99269830850251,22.65749480644249,20.377261121719727,23.547244130874695,6.634303099784101,1813.1497855087498,2.8186686009235018e-09,661.766911720369,661.766911723188
1054800.0,293.0,23.992698309041998,23.992698308517802,23.992698308501613,22.65749480644205,20.377261121719304,23.547244130874095,6.6343030997840895,1813.1497855093392,2.5980716330309402e-09,661.7669117205842,661.7669117231821
1058400.0,294.0,23.992698308998875,23.992698308515706,23.99269830850078,22.65749480644164,20.377261121718913,23.547244130873544,6.634303099784079,1813.1497855098798,2.3947308136484932e-09,661.7669117207814,661.7669117231768
1062000.0,295.0,23.99269830895914,23.992698308513777,23.99269830850002,22.657494806441267,20.377261121718554,23.547244130873036,6.63430309978407,1813.1497855103785,2.207360735795305e-09,661.7669117209634,661.766911723172
1065600.0,296.0,23.992698308922506,23.99269830851199,23.99269830849931,22.65749480644092,20.37726112171822,23.547244130872564,6.63430309978406,1813.1497855108425,2.0346407758609074e-09,661.7669117211328,661.7669117231674
1069200.0,297.0,23.992698308888738,23.992698308510352,23.992698308498667,22.6574948064406,20.37726112171792,23.547244130872134,6.634303099784052,1813.1497855112646,1.8753911767532826e-09,661.7669117212869,661.7669117231634
1072800.0,298.0,23.992698308857612,23.99269830850884,23.992698308498063,22.657494806440305,20.377261121717638,23.547244130871736,6.634303099784044,1813.1497855116552,1.7286258728432812e-09,661.7669117214294,661.7669117231594
1076400.0,299.0,23.992698308828917,23.99269830850744,23.992698308497513,22.65749480644003,20.377261121717375,23.547244130871363,6.634303099784037,1813.1497855120215,1.5933411901869475e-09,661.7669117215631,661.7669117231559
1080000.0,300.0,23.99269830880248,23.992698308506153,23.992698308497,22.657494806439782,20.377261121717137,23.547244130871025,6.634303099784031,1813.1497855123528,1.4686919296735823e-09,661.766911721684,661.7669117231527
1083600.0,301.0,23.992698308778103,23.99269830850497,23.992698308496536,22.657494806439544,20.377261121716913,23.547244130870713,6.634303099784025,1813.1497855126597,1.3537272423036483e-09,661.7669117217961,661.7669117231495
1087200.0,302.0,23.992698308755624,23.992698308503883,23.992698308496102,22.657494806439335,20.377261121716714,23.547244130870425,6.634303099784019,1813.1497855129421,1.2477075788552838e-09,661.7669117218992,661.7669117231468
1090800.0,303.0,23.992698308734916,23.992698308502874,23.9926983084957,22.657494806439146,20.377261121716522,23.547244130870165,6.634303099784014,1813.149785513197,1.150069473254689e-09,661.7669117219922,661.7669117231442
1094400.0,304.0,23.992698308715823,23.99269830850194,23.99269830849533,22.657494806438955,20.377261121716348,23.547244130869913,6.634303099784009,1813.1497855134446,1.060073376280002e-09,661.7669117220826,661.7669117231417
1098000.0,305.0,23.992698308698227,23.992698308501087,23.992698308494997,22.65749480643879,20.377261121716195,23.54724413086969,6.634303099784004,1813.1497855136643,9.770853885981978e-10,661.7669117221627,661.7669117231396
1101600.0,306.0,23.99269830868201,23.992698308500298,23.992698308494685,22.657494806438642,20.37726112171605,23.547244130869487,6.634303099784,1813.1497855138632,9.006124773947022e-10,661.7669117222354,661.7669117231376
1105200.0,307.0,23.992698308667066,23.99269830849957,23.992698308494397,22.657494806438493,20.377261121715907,23.54724413086929,6.634303099783997,1813.1497855140549,8.301616098549402e-10,661.7669117223053,661.7669117231356
1108800.0,308.0,23.992698308653285,23.992698308498902,23.992698308494134,22.65749480643837,20.377261121715783,23.547244130869114,6.634303099783994,1813.1497855142295,7.651693199051124e-10,661.7669117223691,661.7669117231341
1112400.0,309.0,23.992698308640588,23.992698308498287,23.99269830849389,22.65749480643825,20.377261121715676,23.54724413086895,6.634303099783991,1813.14978551439,7.052834412490938e-10,661.7669117224276,661.7669117231327
1116000.0,310.0,23.992698308628878,23.992698308497708,23.992698308493658,22.657494806438134,20.377261121715563,23.547244130868794,6.634303099783987,1813.1497855145433,6.501165909611472e-10,661.7669117224835,661.766911723131
1119600.0,311.0,23.99269830861809,23.992698308497186,23.992698308493456,22.65749480643803,20.377261121715463,23.547244130868666,6.634303099783984,1813.1497855146688,5.992285611711167e-10,661.7669117225294,661.7669117231296
1123200.0,312.0,23.992698308608148,23.99269830849671,23.992698308493267,22.657494806437942,20.37726112171538,23.54724413086854,6.634303099783982,1813.1497855147945,5.523200105272963e-10,661.7669117225753,661.7669117231284
1126800.0,313.0,23.99269830859898,23.992698308496262,23.992698308493093,22.657494806437857,20.3772611217153,23.54724413086842,6.63430309978398,1813.1497855149096,5.090915976779797e-10,661.7669117226172,661.7669117231275
1130400.0,314.0,23.99269830859053,23.99269830849585,23.992698308492923,22.65749480643777,20.377261121715218,23.54724413086831,6.634303099783978,1813.1497855150178,4.692615895862673e-10,661.7669117226567,661.7669117231263
1134000.0,315.0,23.992698308582742,23.99269830849547,23.992698308492773,22.657494806437697,20.377261121715144,23.547244130868204,6.634303099783976,1813.1497855151222,4.325482532152591e-10,661.7669117226948,661.7669117231253
1137600.0,316.0,23.992698308575562,23.99269830849512,23.992698308492635,22.65749480643763,20.377261121715083,23.54724413086812,6.634303099783973,1813.149785515206,3.9868746384286167e-10,661.7669117227255,661.7669117231243
1141200.0,317.0,23.992698308568947,23.9926983084948,23.99269830849251,22.657494806437565,20.377261121715023,23.547244130868034,6.634303099783972,1813.1497855152895,3.675031383210125e-10,661.7669117227559,661.7669117231236
1144800.0,318.0,23.99269830856284,23.992698308494504,23.992698308492393,22.657494806437505,20.37726112171497,23.547244130867956,6.6343030997839705,1813.1497855153664,3.3869593529800564e-10,661.7669117227839,661.7669117231228
1148400.0,319.0,23.992698308557223,23.99269830849423,23.992698308492287,22.65749480643746,20.37726112171492,23.547244130867885,6.63430309978397,1813.1497855154364,3.1221302982942233e-10,661.7669117228095,661.7669117231222
1152000.0,320.0,23.992698308552036,23.99269830849398,23.992698308492187,22.657494806437406,20.377261121714874,23.547244130867817,6.634303099783969,1813.1497855155026,2.8773747224875024e-10,661.7669117228337,661.7669117231216
1155600.0,321.0,23.99269830854725,23.99269830849375,23.992698308492095,22.657494806437363,20.37726112171483,23.547244130867753,6.634303099783967,1813.149785515565,2.651636126671519e-10,661.7669117228564,661.7669117231209
1159200.0,322.0,23.992698308542863,23.992698308493537,23.99269830849201,22.65749480643732,20.37726112171479,23.547244130867703,6.634303099783966,1813.149785515614,2.444738427698212e-10,661.7669117228743,661.7669117231203
1162800.0,323.0,23.992698308538806,23.99269830849333,23.992698308491928,22.65749480643728,20.37726112171475,23.547244130867647,6.634303099783965,1813.14978551567,2.253864295198582e-10,661.7669117228947,661.76691172312
1166400.0,324.0,23.99269830853506,23.99269830849315,23.992698308491857,22.657494806437242,20.377261121714717,23.5472441308676,6.634303099783964,1813.1497855157152,2.0772528976920055e-10,661.7669117229112,661.7669117231195
1170000.0,325.0,23.992698308531605,23.992698308492987,23.992698308491793,22.657494806437214,20.377261121714685,23.547244130867554,6.634303099783963,1813.1497855157609,1.914023819438171e-10,661.766911722928,661.7669117231189
1173600.0,326.0,23.99269830852843,23.992698308492834,23.99269830849173,22.65749480643718,20.37726112171466,23.54724413086751,6.634303099783962,1813.1497855158023,1.7641770604370776e-10,661.7669117229431,661.7669117231185
1177200.0,327.0,23.992698308525508,23.99269830849269,23.99269830849168,22.65749480643716,20.377261121714632,23.547244130867476,6.634303099783962,1813.1497855158373,1.6264800386522892e-10,661.7669117229558,661.7669117231183
1180800.0,328.0,23.992698308522808,23.992698308492553,23.99269830849162,22.65749480643713,20.377261121714604,23.547244130867444,6.634303099783961,1813.1497855158689,1.4995240888993067e-10,661.7669117229674,661.7669117231178
1184400.0,329.0,23.992698308520314,23.992698308492432,23.992698308491573,22.657494806437107,20.37726112171458,23.54724413086741,6.63430309978396,1813.1497855159034,1.3819005459936306e-10,661.76691172298,661.7669117231176
1188000.0,330.0,23.992698308518015,23.992698308492322,23.992698308491526,22.657494806437086,20.377261121714564,23.547244130867377,6.63430309978396,1813.149785515935,1.2734333267871987e-10,661.7669117229915,661.7669117231173
1191600.0,331.0,23.99269830851588,23.99269830849222,23.99269830849149,22.657494806437064,20.377261121714547,23.547244130867355,6.63430309978396,1813.149785515956,1.1727137660955122e-10,661.7669117229991,661.7669117231171
1195200.0,332.0,23.992698308513955,23.992698308492123,23.99269830849145,22.657494806437047,20.377261121714522,23.547244130867327,6.634303099783959,1813.1497855159837,1.0820309448433817e-10,661.7669117230092,661.7669117231168
1198800.0,333.0,23.99269830851218,23.992698308492038,23.992698308491416,22.657494806437025,20.377261121714508,23.547244130867306,6.634303099783959,1813.1497855160046,9.982153663656845e-11,661.7669117230168,661.7669117231167
1202400.0,334.0,23.992698308510494,23.992698308491956,23.992698308491384,22.65749480643701,20.37726112171449,23.547244130867277,6.634303099783958,1813.1497855160326,9.18801866589547e-11,661.7669117230271,661.7669117231163
1206000.0,335.0,23.992698308508995,23.99269830849188,23.992698308491356,22.657494806437,20.37726112171448,23.54724413086726,6.634303099783958,1813.14978551605,8.481925242165288e-11,661.7669117230334,661.7669117231162
1209600.0,336.0,23.992698308507585,23.992698308491818,23.99269830849133,22.65749480643699,20.377261121714476,23.547244130867252,6.634303099783958,1813.1497855160571,7.814570111008833e-11,661.7669117230361,661.7669117231162
1213200.0,337.0,23.992698308506306,23.992698308491754,23.992698308491306,22.657494806436976,20.377261121714458,23.54724413086723,6.634303099783956,1813.149785516078,7.212365744635462e-11,661.7669117230437,661.7669117231158
1216800.0,338.0,23.992698308505087,23.992698308491693,23.992698308491285,22.65749480643696,20.377261121714447,23.547244130867217,6.634303099783956,1813.149785516092,6.638334681952074e-11,661.7669117230488,661.7669117231156
1220400.0,339.0,23.992698308504018,23.992698308491647,23.99269830849126,22.657494806436954,20.37726112171444,23.54724413086721,6.634303099783956,1813.149785516099,6.131215215532392e-11,661.7669117230513,661.7669117231155
1224000.0,340.0,23.992698308502955,23.99269830849159,23.99269830849124,22.65749480643694,20.377261121714422,23.54724413086719,6.634303099783955,1813.1497855161197,5.632899906515831e-11,661.7669117230589,661.7669117231154
1227600.0,341.0,23.992698308502067,23.99269830849155,23.992698308491224,22.657494806436937,20.37726112171442,23.547244130867174,6.634303099783955,1813.1497855161338,5.212061182646721e-11,661.766911723064,661.7669117231153
1231200.0,342.0,23.9926983085012,23.99269830849151,23.992698308491207,22.657494806436926,20.377261121714408,23.547244130867163,6.634303099783955,1813.1497855161444,4.803548279141978e-11,661.7669117230679,661.7669117231153
1234800.0,343.0,23.992698308500348,23.992698308491462,23.992698308491192,22.65749480643692,20.3772611217144,23.547244130867156,6.634303099783955,1813.1497855161513,4.4038395330403545e-11,661.7669117230704,661.7669117231151
1238400.0,344.0,23.992698308499666,23.992698308491427,23.992698308491175,22.657494806436908,20.377261121714394,23.54724413086715,6.634303099783955,1813.1497855161583,4.083368203566806e-11,661.766911723073,661.7669117231151
1242000.0,345.0,23.99269830849902,23.992698308491402,23.992698308491164,22.657494806436905,20.37726112171439,23.54724413086714,6.6343030997839545,1813.1497855161685,3.775222694457625e-11,661.7669117230768,661.766911723115
1245600.0,346.0,23.99269830849838,23.99269830849137,23.992698308491153,22.657494806436898,20.377261121714387,23.54724413086713,6.6343030997839545,1813.1497855161756,3.474120511270939e-11,661.7669117230793,661.7669117231148
1249200.0,347.0,23.992698308497747,23.99269830849134,23.992698308491143,22.657494806436898,20.37726112171438,23.54724413086712,6.6343030997839545,1813.149785516186,3.1747791595648776e-11,661.7669117230831,661.7669117231148
1252800.0,348.0,23.992698308497257,23.992698308491317,23.99269830849113,22.657494806436887,20.377261121714373,23.547244130867114,6.6343030997839545,1813.149785516193,2.944110235603148e-11,661.7669117230857,661.7669117231147
1256400.0,349.0,23.99269830849683,23.992698308491292,23.992698308491125,22.657494806436887,20.377261121714373,23.547244130867114,6.6343030997839545,1813.149785516193,2.745136278292648e-11,661.7669117230857,661.7669117231147
1260000.0,350.0,23.992698308496387,23.992698308491274,23.992698308491114,22.657494806436883,20.377261121714373,23.54724413086711,6.6343030997839545,1813.1497855161967,2.5338365006177808e-11,661.766911723087,661.7669117231147
1263600.0,351.0,23.992698308495953,23.99269830849125,23.992698308491104,22.657494806436876,20.377261121714366,23.5472441308671,6.6343030997839545,1813.149785516207,2.3313408803460334e-11,661.7669117230907,661.7669117231147
1267200.0,352.0,23.992698308495527,23.992698308491228,23.9926983084911,22.657494806436873,20.37726112171436,23.547244130867092,6.6343030997839545,1813.149785516214,2.1306060915549095e-11,661.7669117230934,661.7669117231145
1270800.0,353.0,23.992698308495108,23.99269830849121,23.992698308491086,22.65749480643687,20.37726112171435,23.54724413086709,6.6343030997839545,1813.1497855162177,1.9316321342444098e-11,661.7669117230946,661.7669117231145
1274400.0,354.0,23.99269830849481,23.992698308491196,23.992698308491086,22.65749480643687,20.377261121714355,23.54724413086709,6.6343030997839545,1813.1497855162177,1.7907656157944984e-11,661.7669117230946,661.7669117231145
1278000.0,355.0,23.99269830849459,23.99269830849119,23.992698308491082,22.657494806436866,20.377261121714355,23.54724413086708,6.6343030997839545,1813.1497855162245,1.6851157269570647e-11,661.7669117230971,661.7669117231145
1281600.0,356.0,23.992698308494376,23.992698308491175,23.99269830849107,22.657494806436862,20.377261121714348,23.547244130867078,6.634303099783954,1813.149785516228,1.586509164042127e-11,661.7669117230984,661.7669117231144
1285200.0,357.0,23.992698308494163,23.992698308491168,23.99269830849107,22.65749480643686,20.377261121714348,23.547244130867078,6.634303099783954,1813.149785516228,1.484380938165941e-11,661.7669117230984,661.7669117231144
1288800.0,358.0,23.99269830849395,23.99269830849115,23.992698308491065,22.657494806436855,20.377261121714344,23.54724413086707,6.634303099783954,1813.1497855162347,1.387535206731627e-11,661.7669117231009,661.7669117231143
1292400.0,359.0,23.99269830849373,23.99269830849114,23.992698308491065,22.657494806436855,20.37726112171434,23.547244130867064,6.634303099783954,1813.149785516242,1.2836461493748174e-11,661.7669117231036,661.7669117231143
1296000.0,360.0,23.99269830849351,23.992698308491132,23.99269830849106,22.657494806436855,20.377261121714344,23.54724413086707,6.634303099783954,1813.1497855162347,1.1779962605373838e-11,661.7669117231009,661.7669117231143
1299600.0,361.0,23.9926983084933,23.992698308491125,23.992698308491054,22.657494806436855,20.37726112171434,23.547244130867064,6.634303099783954,1813.149785516242,1.077628866141822e-11,661.7669117231036,661.7669117231143
1303200.0,362.0,23.992698308493086,23.99269830849111,23.99269830849105,22.65749480643685,20.377261121714337,23.54724413086706,6.634303099783954,1813.1497855162456,9.790223032268841e-12,661.7669117231048,661.7669117231143
1306800.0,363.0,23.992698308492873,23.9926983084911,23.992698308491047,22.657494806436848,20.377261121714334,23.54724413086706,6.634303099783954,1813.1497855162456,8.786549088313222e-12,661.7669117231048,661.7669117231142
1310400.0,364.0,23.99269830849266,23.992698308491093,23.99269830849104,22.657494806436844,20.377261121714334,23.547244130867057,6.634303099783954,1813.149785516249,7.765266829551364e-12,661.7669117231061,661.7669117231142
1314000.0,365.0,23.992698308492447,23.99269830849108,23.992698308491036,22.657494806436844,20.37726112171433,23.547244130867053,6.634303099783954,1813.1497855162525,6.779201200401985e-12,661.7669117231073,661.7669117231142
1317600.0,366.0,23.99269830849231,23.99269830849107,23.992698308491033,22.657494806436837,20.37726112171433,23.54724413086705,6.634303099783954,1813.1497855162559,6.1453018673773836e-12,661.7669117231086,661.7669117231142
1321200.0,367.0,23.99269830849231,23.992698308491068,23.992698308491033,22.657494806436837,20.37726112171433,23.54724413086705,6.634303099783954,1813.1497855162559,6.162910182183623e-12,661.7669117231086,661.7669117231142
1324800.0,368.0,23.99269830849231,23.99269830849107,23.992698308491033,22.657494806436837,20.377261121714326,23.54724413086705,6.634303099783954,1813.1497855162559,6.1453018673773836e-12,661.7669117231086,661.7669117231142
1328400.0,369.0,23.99269830849231,23.992698308491068,23.992698308491033,22.65749480643684,20.37726112171433,23.547244130867053,6.634303099783954,1813.1497855162525,6.162910182183623e-12,661.7669117231073,661.7669117231142
1332000.0,370.0,23.99269830849231,23.99269830849107,23.992698308491036,22.657494806436837,20.377261121714326,23.54724413086705,6.634303099783954,1813.1497855162559,6.1453018673773836e-12,661.7669117231086,661.7669117231142
1335600.0,371.0,23.99269830849231,23.99269830849107,23.992698308491033,22.65749480643684,20.37726112171433,23.54724413086705,6.634303099783954,1813.1497855162559,6.1453018673773836e-12,661.7669117231086,661.7669117231142
1339200.0,372.0,23.99269830849231,23.99269830849107,23.992698308491033,22.65749480643684,20.377261121714326,23.547244130867053,6.634303099783954,1813.1497855162525,6.1453018673773836e-12,661.7669117231073,661.7669117231142
1342800.0,373.0,23.99269830849231,23.992698308491075,23.992698308491036,22.65749480643684,20.377261121714326,23.547244130867053,6.634303099783954,1813.1497855162525,6.1276935525711445e-12,661.7669117231073,661.7669117231142
1346400.0,374.0,23.99269830849231,23.992698308491075,23.992698308491036,22.65749480643684,20.377261121714326,23.54724413086705,6.634303099783954,1813.1497855162559,6.1276935525711445e-12,661.7669117231086,661.7669117231142
1350000.0,375.0,23.99269830849231,23.99269830849107,23.992698308491033,22.657494806436837,20.37726112171433,23.54724413086705,6.634303099783954,1813.1497855162559,6.1453018673773836e-12,661.7669117231086,661.7669117231142
1353600.0,376.0,23.99269830849231,23.992698308491075,23.992698308491033,22.657494806436844,20.37726112171433,23.547244130867053,6.634303099783954,1813.1497855162525,6.1276935525711445e-12,661.7669117231073,661.7669117231142
1357200.0,377.0,23.99269830849231,23.992698308491075,23.992698308491036,22.657494806436837,20.377261121714326,23.547244130867053,6.634303099783954,1813.1497855162525,6.1276935525711445e-12,661.7669117231073,661.7669117231142
1360800.0,378.0,23.99269830849231,23.99269830849107,23.992698308491033,22.65749480643684,20.37726112171433,23.547244130867053,6.634303099783954,1813.1497855162525,6.1453018673773836e-12,661.7669117231073,661.7669117231142
1364400.0,379.0,23.99269830849231,23.992698308491075,23.992698308491036,22.657494806436837,20.377261121714326,23.547244130867053,6.634303099783954,1813.1497855162525,6.1276935525711445e-12,661.7669117231073,661.7669117231142
1368000.0,380.0,23.99269830849231,23.99269830849107,23.992698308491036,22.65749480643684,20.377261121714326,23.547244130867053,6.634303099783954,1813.1497855162525,6.1453018673773836e-12,661.7669117231073,661.7669117231142
1371600.0,381.0,23.99269830849231,23.99269830849107,23.992698308491036,22.65749480643684,20.377261121714326,23.547244130867053,6.634303099783954,1813.1497855162525,6.1453018673773836e-12,661.7669117231073,661.7669117231142
1375200.0,382.0,23.99269830849231,23.99269830849107,23.992698308491033,22.65749480643684,20.377261121714326,23.547244130867053,6.634303099783954,1813.1497855162525,6.1453018673773836e-12,661.7669117231073,661.7669117231142
1378800.0,383.0,23.99269830849231,23.99269830849107,23.992698308491036,22.657494806436837,20.377261121714326,23.547244130867053,6.634303099783954,1813.1497855162525,6.1453018673773836e-12,661.7669117231073,661.7669117231142
1382400.0,384.0,23.99269830849231,23.99269830849107,23.992698308491036,22.657494806436837,20.37726112171433,23.54724413086705,6.634303099783954,1813.1497855162559,6.1453018673773836e-12,661.7669117231086,661.7669117231142
1386000.0,385.0,23.99269830849231,23.99269830849107,23.992698308491036,22.65749480643684,20.37726112171433,23.547244130867053,6.634303099783954,1813.1497855162525,6.1453018673773836e-12,661.7669117231073,661.7669117231142
1389600.0,386.0,23.99269830849231,23.992698308491075,23.992698308491036,22.65749480643684,20.377261121714326,23.547244130867053,6.634303099783954,1813.1497855162525,6.1276935525711445e-12,661.7669117231073,661.7669117231142
1393200.0,387.0,23.99269830849231,23.99269830849107,23.992698308491036,22.65749480643684,20.37726112171433,23.547244130867053,6.634303099783954,1813.1497855162525,6.1453018673773836e-12,661.7669117231073,661.7669117231142
1396800.0,388.0,23.99269830849231,23.992698308491075,23.992698308491033,22.657494806436837,20.377261121714326,23.547244130867053,6.634303099783954,1813.1497855162525,6.1276935525711445e-12,661.7669117231073,661.7669117231142
1400400.0,389.0,23.99269830849231,23.99269830849107,23.992698308491036,22.657494806436837,20.377261121714326,23.547244130867053,6.634303099783954,1813.1497855162525,6.1453018673773836e-12,661.7669117231073,661.7669117231142
1404000.0,390.0,23.99269830849231,23.992698308491075,23.992698308491033,22.65749480643684,20.37726112171433,23.547244130867053,6.634303099783954,1813.1497855162525,6.1276935525711445e-12,661.7669117231073,661.7669117231142
1407600.0,391.0,23.99269830849231,23.99269830849107,23.992698308491036,22.65749480643684,20.37726112171433,23.547244130867053,6.634303099783954,1813.1497855162525,6.1453018673773836e-12,661.7669117231073,661.7669117231142
1411200.0,392.0,23.99269830849231,23.992698308491075,23.992698308491033,22.657494806436837,20.377261121714326,23.547244130867053,6.634303099783954,1813.1497855162525,6.1276935525711445e-12,661.7669117231073,661.7669117231142
1414800.0,393.0,23.99269830849231,23.992698308491068,23.992698308491036,22.65749480643684,20.37726112171433,23.547244130867053,6.634303099783954,1813.1497855162525,6.162910182183623e-12,661.7669117231073,661.7669117231142
1418400.0,394.0,23.99269830849231,23.99269830849107,23.99269830849103,22.657494806436837,20.377261121714326,23.54724413086705,6.634303099783954,1813.1497855162559,6.1453018673773836e-12,661.7669117231086,661.7669117231142
1422000.0,395.0,23.99269830849231,23.99269830849107,23.992698308491036,22.657494806436837,20.37726112171433,23.547244130867053,6.634303099783954,1813.1497855162525,6.1453018673773836e-12,661.7669117231073,661.7669117231142
1425600.0,396.0,23.99269830849231,23.992698308491075,23.992698308491036,22.65749480643684,20.377261121714326,23.547244130867053,6.634303099783954,1813.1497855162525,6.1276935525711445e-12,661.7669117231073,661.7669117231142
1429200.0,397.0,23.99269830849231,23.99269830849107,23.992698308491033,22.657494806436837,20.377261121714326,23.54724413086705,6.634303099783954,1813.1497855162559,6.1453018673773836e-12,661.7669117231086,661.7669117231142
1432800.0,398.0,23.99269830849231,23.99269830849107,23.992698308491033,22.657494806436834,20.377261121714326,23.547244130867053,6.634303099783954,1813.1497855162525,6.1453018673773836e-12,661.7669117231073,661.7669117231142
1436400.0,399.0,23.99269830849231,23.99269830849107,23.992698308491036,22.657494806436837,20.377261121714326,23.54724413086705,6.634303099783954,1813.1497855162559,6.1453018673773836e-12,661.7669117231086,661.7669117231142
1440000.0,400.0,23.99269830849231,23.99269830849107,23.992698308491033,22.65749480643684,20.377261121714326,23.547244130867053,6.634303099783954,1813.1497855162525,6.1453018673773836e-12,661.7669117231073,661.7669117231142
1443600.0,401.0,23.99269830849231,23.99269830849107,23.992698308491033,22.65749480643684,20.37726112171433,23.54724413086705,6.634303099783954,1813.1497855162559,6.1453018673773836e-12,661.7669117231086,661.7669117231142
1447200.0,402.0,23.99269830849231,23.99269830849107,23.992698308491036,22.65749480643684,20.37726112171433,23.547244130867053,6.634303099783954,1813.1497855162525,6.1453018673773836e-12,661.7669117231073,661.7669117231142
1450800.0,403.0,23.99269830849231,23.992698308491075,23.992698308491033,22.657494806436837,20.37726112171433,23.547244130867053,6.634303099783954,1813.1497855162525,6.1276935525711445e-12,661.7669117231073,661.7669117231142
1454400.0,404.0,23.99269830849231,23.99269830849107,23.992698308491036,22.65749480643684,20.37726112171433,23.547244130867053,6.634303099783954,1813.1497855162525,6.1453018673773836e-12,661.7669117231073,661.7669117231142
1458000.0,405.0,23.99269830849231,23.99269830849107,23.992698308491036,22.657494806436837,20.37726112171433,23.547244130867053,6.634303099783954,1813.1497855162525,6.1453018673773836e-12,661.7669117231073,661.7669117231142
1461600.0,406.0,23.99269830849231,23.99269830849107,23.992698308491036,22.657494806436844,20.377261121714326,23.547244130867053,6.634303099783954,1813.1497855162525,6.1453018673773836e-12,661.7669117231073,661.7669117231142
1465200.0,407.0,23.99269830849231,23.992698308491075,23.992698308491033,22.65749480643684,20.377261121714326,23.54724413086705,6.634303099783954,1813.1497855162559,6.1276935525711445e-12,661.7669117231086,661.7669117231142
1468800.0,408.0,23.99269830849231,23.99269830849107,23.992698308491036,22.657494806436837,20.37726112171433,23.547244130867053,6.634303099783954,1813.1497855162525,6.1453018673773836e-12,661.7669117231073,661.7669117231142
1472400.0,409.0,23.99269830849231,23.99269830849107,23.992698308491033,22.65749480643684,20.377261121714326,23.54724413086705,6.634303099783954,1813.1497855162559,6.1453018673773836e-12,661.7669117231086,661.7669117231142
1476000.0,410.0,23.99269830849231,23.99269830849107,23.992698308491033,22.65749480643684,20.377261121714326,23.547244130867053,6.634303099783954,1813.1497855162525,6.1453018673773836e-12,661.7669117231073,661.7669117231142
1479600.0,411.0,23.99269830849231,23.99269830849107,23.992698308491033,22.65749480643684,20.377261121714326,23.54724413086705,6.634303099783954,1813.1497855162559,6.1453018673773836e-12,661.7669117231086,661.7669117231142
1483200.0,412.0,23.99269830849231,23.99269830849107,23.992698308491033,22.657494806436837,20.37726112171433,23.547244130867053,6.634303099783954,1813.1497855162525,6.1453018673773836e-12,661.7669117231073,661.7669117231142
1486800.0,413.0,23.99269830849231,23.99269830849107,23.992698308491033,22.65749480643684,20.37726112171433,23.547244130867053,6.634303099783954,1813.1497855162525,6.1453018673773836e-12,661.7669117231073,661.7669117231142
1490400.0,414.0,23.99269830849231,23.992698308491075,23.992698308491033,22.65749480643684,20.37726112171433,23.54724413086705,6.634303099783954,1813.1497855162559,6.1276935525711445e-12,661.7669117231086,661.7669117231142
1494000.0,415.0,23.99269830849231,23.99269830849107,23.992698308491036,22.65749480643684,20.377261121714326,23.54724413086705,6.634303099783954,1813.1497855162559,6.1453018673773836e-12,661.7669117231086,661.7669117231142
1497600.0,416.0,23.99269830849231,23.992698308491075,23.992698308491033,22.657494806436837,20.377261121714326,23.547244130867053,6.634303099783954,1813.1497855162525,6.1276935525711445e-12,661.7669117231073,661.7669117231142
1501200.0,417.0,23.99269830849231,23.992698308491068,23.992698308491033,22.657494806436837,20.37726112171433,23.547244130867053,6.634303099783954,1813.1497855162525,6.162910182183623e-12,661.7669117231073,661.7669117231142
1504800.0,418.0,23.99269830849231,23.99269830849107,23.992698308491036,22.65749480643684,20.377261121714326,23.54724413086705,6.634303099783954,1813.1497855162559,6.1453018673773836e-12,661.7669117231086,661.7669117231142
1508400.0,419.0,23.99269830849231,23.992698308491075,23.992698308491036,22.65749480643684,20.377261121714326,23.547244130867053,6.634303099783954,1813.1497855162525,6.1276935525711445e-12,661.7669117231073,661.7669117231142
1512000.0,420.0,23.99269830849231,23.99269830849107,23.992698308491033,22.657494806436837,20.377261121714326,23.547244130867053,6.634303099783954,1813.1497855162525,6.1453018673773836e-12,661.7669117231073,661.7669117231142
1515600.0,421.0,23.99269830849231,23.992698308491075,23.992698308491033,22.657494806436837,20.377261121714326,23.547244130867053,6.634303099783954,1813.1497855162525,6.1276935525711445e-12,661.7669117231073,661.7669117231142
1519200.0,422.0,23.99269830849231,23.99269830849107,23.992698308491033,22.65749480643684,20.377261121714326,23.547244130867053,6.634303099783954,1813.1497855162525,6.1453018673773836e-12,661.7669117231073,661.7669117231142
1522800.0,423.0,23.99269830849231,23.992698308491075,23.992698308491036,22.657494806436837,20.37726112171433,23.54724413086705,6.634303099783954,1813.1497855162559,6.1276935525711445e-12,661.7669117231086,661.7669117231142
1526400.0,424.0,23.99269830849231,23.99269830849107,23.992698308491033,22.657494806436837,20.37726112171433,23.547244130867053,6.634303099783954,1813.1497855162525,6.1453018673773836e-12,661.7669117231073,661.7669117231142
1530000.0,425.0,23.99269830849231,23.99269830849107,23.992698308491033,22.65749480643684,20.37726112171433,23.547244130867053,6.634303099783954,1813.1497855162525,6.1453018673773836e-12,661.7669117231073,661.7669117231142
1533600.0,426.0,23.99269830849231,23.992698308491075,23.992698308491036,22.657494806436837,20.377261121714326,23.54724413086705,6.634303099783954,1813.1497855162559,6.1276935525711445e-12,661.7669117231086,661.7669117231142
1537200.0,427.0,23.99269830849231,23.992698308491075,23.992698308491033,22.657494806436837,20.377261121714326,23.547244130867053,6.634303099783954,1813.1497855162525,6.1276935525711445e-12,661.7669117231073,661.7669117231142
1540800.0,428.0,23.99269830849231,23.99269830849107,23.992698308491036,22.65749480643684,20.377261121714326,23.547244130867053,6.634303099783954,1813.1497855162525,6.1453018673773836e-12,661.7669117231073,661.7669117231142
1544400.0,429.0,23.99269830849231,23.992698308491075,23.992698308491033,22.657494806436837,20.37726112171433,23.547244130867053,6.634303099783954,1813.1497855162525,6.1276935525711445e-12,661.7669117231073,661.7669117231142
1548000.0,430.0,23.99269830849231,23.99269830849107,23.992698308491036,22.65749480643684,20.377261121714326,23.54724413086705,6.634303099783954,1813.1497855162559,6.1453018673773836e-12,661.7669117231086,661.7669117231142
1551600.0,431.0,23.99269830849231,23.99269830849107,23.992698308491033,22.657494806436837,20.377261121714326,23.547244130867053,6.634303099783954,1813.1497855162525,6.1453018673773836e-12,661.7669117231073,661.7669117231142
1555200.0,432.0,23.99269830849231,23.992698308491075,23.992698308491036,22.65749480643684,20.377261121714326,23.54724413086705,6.634303099783954,1813.1497855162559,6.1276935525711445e-12,661.7669117231086,661.7669117231142
1558800.0,433.0,23.99269830849231,23.99269830849107,23.992698308491036,22.657494806436837,20.37726112171433,23.54724413086705,6.634303099783954,1813.1497855162559,6.1453018673773836e-12,661.7669117231086,661.7669117231142
1562400.0,434.0,23.99269830849231,23.992698308491075,23.992698308491033,22.657494806436837,20.377261121714326,23.547244130867053,6.634303099783954,1813.1497855162525,6.1276935525711445e-12,661.7669117231073,661.7669117231142
1566000.0,435.0,23.99269830849231,23.992698308491075,23.992698308491033,22.657494806436837,20.37726112171433,23.54724413086705,6.634303099783954,1813.1497855162559,6.1276935525711445e-12,661.7669117231086,661.7669117231142
1569600.0,436.0,23.99269830849231,23.99269830849107,23.992698308491036,22.657494806436837,20.377261121714326,23.547244130867053,6.634303099783954,1813.1497855162525,6.1453018673773836e-12,661.7669117231073,661.7669117231142
1573200.0,437.0,23.99269830849231,23.992698308491075,23.992698308491033,22.65749480643684,20.37726112171433,23.54724413086705,6.634303099783954,1813.1497855162559,6.1276935525711445e-12,661.7669117231086,661.7669117231142
1576800.0,438.0,23.99269830849231,23.992698308491075,23.992698308491033,22.65749480643684,20.377261121714326,23.547244130867053,6.634303099783954,1813.1497855162525,6.1276935525711445e-12,661.7669117231073,661.7669117231142
1580400.0,439.0,23.99269830849231,23.992698308491075,23.992698308491033,22.657494806436837,20.377261121714326,23.54724413086705,6.634303099783954,1813.1497855162559,6.1276935525711445e-12,661.7669117231086,661.7669117231142
1584000.0,440.0,23.99269830849231,23.992698308491075,23.992698308491036,22.657494806436837,20.377261121714326,23.547244130867053,6.634303099783954,1813.1497855162525,6.1276935525711445e-12,661.7669117231073,661.7669117231142
1587600.0,441.0,23.99269830849231,23.992698308491075,23.992698308491033,22.657494806436837,20.37726112171433,23.547244130867053,6.634303099783954,1813.1497855162525,6.1276935525711445e-12,661.7669117231073,661.7669117231142
1591200.0,442.0,23.99269830849231,23.99269830849107,23.992698308491033,22.657494806436837,20.377261121714326,23.547244130867053,6.634303099783954,1813.1497855162525,6.1453018673773836e-12,661.7669117231073,661.7669117231142
1594800.0,443.0,23.99269830849231,23.99269830849107,23.992698308491036,22.65749480643684,20.377261121714326,23.54724413086705,6.634303099783954,1813.1497855162559,6.1453018673773836e-12,661.7669117231086,661.7669117231142
1598400.0,444.0,23.99269830849231,23.992698308491075,23.992698308491036,22.65749480643684,20.37726112171433,23.547244130867053,6.634303099783954,1813.1497855162525,6.1276935525711445e-12,661.7669117231073,661.7669117231142
1602000.0,445.0,23.99269830849231,23.99269830849107,23.992698308491033,22.657494806436837,20.37726112171433,23.54724413086705,6.634303099783954,1813.1497855162559,6.1453018673773836e-12,661.7669117231086,661.7669117231142
1605600.0,446.0,23.99269830849231,23.992698308491075,23.992698308491033,22.65749480643684,20.37726112171433,23.547244130867053,6.634303099783954,1813.1497855162525,6.1276935525711445e-12,661.7669117231073,661.7669117231142
1609200.0,447.0,23.99269830849231,23.99269830849107,23.992698308491033,22.657494806436837,20.37726112171433,23.547244130867053,6.634303099783954,1813.1497855162525,6.1453018673773836e-12,661.7669117231073,661.7669117231142
1612800.0,448.0,23.99269830849231,23.99269830849107,23.992698308491036,22.65749480643684,20.37726112171433,23.547244130867053,6.634303099783954,1813.1497855162525,6.1453018673773836e-12,661.7669117231073,661.7669117231142
1616400.0,449.0,23.99269830849231,23.99269830849107,23.992698308491036,22.657494806436837,20.37726112171433,23.547244130867053,6.634303099783954,1813.1497855162525,6.1453018673773836e-12,661.7669117231073,661.7669117231142
1620000.0,450.0,23.99269830849231,23.992698308491075,23.992698308491036,22.65749480643684,20.37726112171433,23.54724413086705,6.634303099783954,1813.1497855162559,6.1276935525711445e-12,661.7669117231086,661.7669117231142
1623600.0,451.0,23.99269830849231,23.99269830849107,23.992698308491036,22.657494806436837,20.37726112171433,23.547244130867053,6.634303099783954,1813.1497855162525,6.1453018673773836e-12,661.7669117231073,661.7669117231142
1627200.0,452.0,23.99269830849231,23.99269830849107,23.992698308491036,22.657494806436837,20.37726112171433,23.54724413086705,6.634303099783954,1813.1497855162559,6.1453018673773836e-12,661.7669117231086,661.7669117231142
1630800.0,453.0,23.99269830849231,23.992698308491075,23.992698308491033,22.65749480643684,20.37726112171433,23.54724413086705,6.634303099783954,1813.1497855162559,6.1276935525711445e-12,661.7669117231086,661.7669117231142
1634400.0,454.0,23.99269830849231,23.99269830849107,23.992698308491033,22.65749480643684,20.377261121714326,23.547244130867053,6.634303099783954,1813.1497855162525,6.1453018673773836e-12,661.7669117231073,661.7669117231142
1638000.0,455.0,23.99269830849231,23.992698308491075,23.992698308491033,22.657494806436837,20.377261121714326,23.547244130867053,6.634303099783954,1813.1497855162525,6.1276935525711445e-12,661.7669117231073,661.7669117231142
1641600.0,456.0,23.99269830849231,23.99269830849107,23.992698308491033,22.65749480643684,20.37726112171433,23.547244130867053,6.634303099783954,1813.1497855162525,6.1453018673773836e-12,661.7669117231073,661.7669117231142
1645200.0,457.0,23.99269830849231,23.99269830849107,23.992698308491036,22.65749480643684,20.37726112171433,23.547244130867053,6.634303099783954,1813.1497855162525,6.1453018673773836e-12,661.7669117231073,661.7669117231142
1648800.0,458.0,23.99269830849231,23.99269830849107,23.992698308491033,22.657494806436837,20.37726112171433,23.547244130867053,6.634303099783954,1813.1497855162525,6.1453018673773836e-12,661.7669117231073,661.7669117231142
1652400.0,459.0,23.99269830849231,23.99269830849107,23.992698308491033,22.657494806436837,20.377261121714326,23.547244130867053,6.634303099783954,1813.1497855162525,6.1453018673773836e-12,661.7669117231073,661.7669117231142
1656000.0,460.0,23.99269830849231,23.992698308491075,23.992698308491033,22.65749480643684,20.37726112171433,23.54724413086705,6.634303099783954,1813.1497855162559,6.1276935525711445e-12,661.7669117231086,661.7669117231142
1659600.0,461.0,23.99269830849231,23.99269830849107,23.992698308491033,22.657494806436837,20.37726112171433,23.54724413086705,6.634303099783954,1813.1497855162559,6.1453018673773836e-12,661.7669117231086,661.7669117231142
1663200.0,462.0,23.99269830849231,23.99269830849107,23.992698308491033,22.657494806436844,20.377261121714326,23.547244130867053,6.634303099783954,1813.1497855162525,6.1453018673773836e-12,661.7669117231073,661.7669117231142
1666800.0,463.0,23.99269830849231,23.992698308491075,23.992698308491033,22.65749480643684,20.37726112171433,23.547244130867053,6.634303099783954,1813.1497855162525,6.1276935525711445e-12,661.7669117231073,661.7669117231142
1670400.0,464.0,23.99269830849231,23.99269830849107,23.992698308491036,22.65749480643684,20.37726112171433,23.547244130867053,6.634303099783954,1813.1497855162525,6.1453018673773836e-12,661.7669117231073,661.7669117231142
1674000.0,465.0,23.99269830849231,23.99269830849107,23.992698308491036,22.65749480643684,20.37726112171433,23.54724413086705,6.634303099783954,1813.1497855162559,6.1453018673773836e-12,661.7669117231086,661.7669117231142
1677600.0,466.0,23.99269830849231,23.99269830849107,23.992698308491033,22.65749480643684,20.37726112171433,23.547244130867053,6.634303099783954,1813.1497855162525,6.1453018673773836e-12,661.7669117231073,661.7669117231142
1681200.0,467.0,23.99269830849231,23.99269830849107,23.992698308491033,22.657494806436837,20.37726112171433,23.54724413086705,6.634303099783954,1813.1497855162559,6.1453018673773836e-12,661.7669117231086,661.7669117231142
1684800.0,468.0,23.99269830849231,23.99269830849107,23.992698308491033,22.65749480643684,20.37726112171433,23.54724413086705,6.634303099783954,1813.1497855162559,6.1453018673773836e-12,661.7669117231086,661.7669117231142
1688400.0,469.0,23.99269830849231,23.992698308491075,23.992698308491033,22.65749480643684,20.37726112171433,23.547244130867053,6.634303099783954,1813.1497855162525,6.1276935525711445e-12,661.7669117231073,661.7669117231142
1692000.0,470.0,23.99269830849231,23.99269830849107,23.992698308491033,22.65749480643684,20.377261121714326,23.547244130867053,6.634303099783954,1813.1497855162525,6.1453018673773836e-12,661.7669117231073,661.7669117231142
1695600.0,471.0,23.99269830849231,23.99269830849107,23.992698308491033,22.65749480643684,20.37726112171433,23.547244130867053,6.634303099783954,1813.1497855162525,6.1453018673773836e-12,661.7669117231073,661.7669117231142
1699200.0,472.0,23.99269830849231,23.99269830849107,23.992698308491033,22.65749480643684,20.37726112171433,23.54724413086705,6.634303099783954,1813.1497855162559,6.1453018673773836e-12,661.7669117231086,661.7669117231142
1702800.0,473.0,23.99269830849231,23.99269830849107,23.992698308491033,22.65749480643684,20.377261121714326,23.54724413086705,6.634303099783954,1813.1497855162559,6.1453018673773836e-12,661.7669117231086,661.7669117231142
1706400.0,474.0,23.99269830849231,23.992698308491075,23.992698308491036,22.65749480643684,20.37726112171433,23.54724413086705,6.634303099783954,1813.1497855162559,6.1276935525711445e-12,661.7669117231086,661.7669117231142
1710000.0,475.0,23.99269830849231,23.99269830849107,23.992698308491033,22.657494806436837,20.37726112171433,23.54724413086705,6.634303099783954,1813.1497855162559,6.1453018673773836e-12,661.7669117231086,661.7669117231142
1713600.0,476.0,23.99269830849231,23.99269830849107,23.992698308491036,22.657494806436837,20.377261121714326,23.54724413086705,6.634303099783954,1813.1497855162559,6.1453018673773836e-12,661.7669117231086,661.7669117231142
1717200.0,477.0,23.99269830849231,23.99269830849107,23.992698308491036,22.65749480643684,20.377261121714326,23.547244130867053,6.634303099783954,1813.1497855162525,6.1453018673773836e-12,661.7669117231073,661.7669117231142
1720800.0,478.0,23.99269830849231,23.99269830849107,23.992698308491036,22.657494806436837,20.377261121714326,23.54724413086705,6.634303099783954,1813.1497855162559,6.1453018673773836e-12,661.7669117231086,661.7669117231142
1724400.0,479.0,23.99269830849231,23.99269830849107,23.992698308491033,22.65749480643684,20.37726112171433,23.547244130867053,6.634303099783954,1813.1497855162525,6.1453018673773836e-12,661.7669117231073,661.7669117231142
1728000.0,480.0,23.99269830849231,23.99269830849107,23.992698308491033,22.657494806436837,20.37726112171433,23.54724413086705,6.634303099783954,1813.1497855162559,6.1453018673773836e-12,661.7669117231086,661.7669117231142
1731600.0,481.0,23.99269830849231,23.99269830849107,23.992698308491033,22.657494806436837,20.37726112171433,23.547244130867053,6.634303099783954,1813.1497855162525,6.1453018673773836e-12,661.7669117231073,661.7669117231142
1735200.0,482.0,23.99269830849231,23.99269830849107,23.992698308491033,22.65749480643684,20.37726112171433,23.54724413086705,6.634303099783954,1813.1497855162559,6.1453018673773836e-12,661.7669117231086,661.7669117231142
1738800.0,483.0,23.99269830849231,23.99269830849107,23.992698308491036,22.65749480643684,20.377261121714326,23.547244130867053,6.634303099783954,1813.1497855162525,6.1453018673773836e-12,661.7669117231073,661.7669117231142
1742400.0,484.0,23.99269830849231,23.992698308491075,23.992698308491033,22.65749480643684,20.377261121714326,23.547244130867053,6.634303099783954,1813.1497855162525,6.1276935525711445e-12,661.7669117231073,661.7669117231142
1746000.0,485.0,23.99269830849231,23.992698308491075,23.992698308491033,22.65749480643684,20.377261121714326,23.547244130867053,6.634303099783954,1813.1497855162525,6.1276935525711445e-12,661.7669117231073,661.7669117231142
1749600.0,486.0,23.99269830849231,23.992698308491075,23.992698308491033,22.657494806436837,20.377261121714326,23.54724413086705,6.634303099783954,1813.1497855162559,6.1276935525711445e-12,661.7669117231086,661.7669117231142
1753200.0,487.0,23.99269830849231,23.992698308491075,23.992698308491036,22.65749480643684,20.377261121714334,23.547244130867053,6.634303099783954,1813.1497855162525,6.1276935525711445e-12,661.7669117231073,661.7669117231142
1756800.0,488.0,23.99269830849231,23.992698308491075,23.992698308491033,22.657494806436837,20.37726112171433,23.547244130867053,6.634303099783954,1813.1497855162525,6.1276935525711445e-12,661.7669117231073,661.7669117231142
1760400.0,489.0,23.99269830849231,23.992698308491075,23.992698308491033,22.657494806436837,20.377261121714326,23.547244130867053,6.634303099783954,1813.1497855162525,6.1276935525711445e-12,661.7669117231073,661.7669117231142
1764000.0,490.0,23.99269830849231,23.992698308491075,23.992698308491036,22.657494806436837,20.377261121714326,23.547244130867053,6.634303099783954,1813.1497855162525,6.1276935525711445e-12,661.7669117231073,661.7669117231142
1767600.0,491.0,23.99269830849231,23.992698308491075,23.992698308491036,22.65749480643684,20.377261121714326,23.54724413086705,6.634303099783954,1813.1497855162559,6.1276935525711445e-12,661.7669117231086,661.7669117231142
1771200.0,492.0,23.99269830849231,23.992698308491075,23.992698308491036,22.657494806436837,20.377261121714326,23.54724413086705,6.634303099783954,1813.1497855162559,6.1276935525711445e-12,661.7669117231086,661.7669117231142
1774800.0,493.0,23.99269830849231,23.99269830849107,23.992698308491033,22.657494806436837,20.37726112171433,23.547244130867053,6.634303099783954,1813.1497855162525,6.1453018673773836e-12,661.7669117231073,661.7669117231142
1778400.0,494.0,23.99269830849231,23.99269830849107,23.992698308491036,22.65749480643684,20.37726112171433,23.547244130867053,6.634303099783954,1813.1497855162525,6.1453018673773836e-12,661.7669117231073,661.7669117231142
1782000.0,495.0,23.99269830849231,23.99269830849107,23.992698308491033,22.657494806436837,20.377261121714326,23.54724413086705,6.634303099783954,1813.1497855162559,6.1453018673773836e-12,661.7669117231086,661.7669117231142
1785600.0,496.0,23.99269830849231,23.99269830849107,23.992698308491036,22.65749480643684,20.37726112171433,23.547244130867053,6.634303099783954,1813.1497855162525,6.1453018673773836e-12,661.7669117231073,661.7669117231142
1789200.0,497.0,23.99269830849231,23.99269830849107,23.992698308491033,22.65749480643684,20.377261121714326,23.54724413086705,6.634303099783954,1813.1497855162559,6.1453018673773836e-12,661.7669117231086,661.7669117231142
1792800.0,498.0,23.99269830849231,23.99269830849107,23.992698308491033,22.65749480643684,20.377261121714326,23.547244130867053,6.634303099783954,1813.1497855162525,6.1453018673773836e-12,661.7669117231073,661.7669117231142
1796400.0,499.0,23.99269830849231,23.99269830849107,23.992698308491033,22.65749480643684,20.37726112171433,23.547244130867053,6.634303099783954,1813.1497855162525,6.1453018673773836e-12,661.7669117231073,661.7669117231142
1800000.0,500.0,23.99269830849231,23.99269830849107,23.992698308491033,22.65749480643684,20.377261121714326,23.547244130867053,6.634303099783954,1813.1497855162525,6.1453018673773836e-12,661.7669117231073,661.7669117231142
