time_s,time_h,layer,x_m,temperature_C
0.0,0.0,1,0.0,37.0
0.0,0.0,1,2.9166666666666666e-05,37.0
0.0,0.0,1,5.833333333333333e-05,37.0
0.0,0.0,1,8.75e-05,37.0
0.0,0.0,1,0.00011666666666666667,37.0
0.0,0.0,1,0.00014583333333333332,37.0
0.0,0.0,1,0.000175,37.0
0.0,0.0,1,0.00020416666666666668,37.0
0.0,0.0,1,0.00023333333333333333,37.0
0.0,0.0,1,0.0002625,37.0
0.0,0.0,1,0.00029166666666666664,37.0
0.0,0.0,1,0.00032083333333333334,37.0
0.0,0.0,1,0.00035,37.0
0.0,0.0,1,0.00037916666666666665,37.0
0.0,0.0,1,0.00040833333333333336,37.0
0.0,0.0,1,0.0004375,37.0
0.0,0.0,1,0.00046666666666666666,37.0
0.0,0.0,1,0.0004958333333333334,37.0
0.0,0.0,1,0.000525,37.0
0.0,0.0,1,0.0005541666666666667,37.0
0.0,0.0,1,0.0005833333333333333,37.0
0.0,0.0,1,0.0006125,37.0
0.0,0.0,1,0.0006416666666666667,37.0
0.0,0.0,1,0.0006708333333333333,37.0
0.0,0.0,1,0.0007,37.0
0.0,0.0,2,0.0007166666666666667,37.0
0.0,0.0,2,0.0007333333333333333,37.0
0.0,0.0,2,0.00075,37.0
0.0,0.0,2,0.0007666666666666667,37.0
0.0,0.0,2,0.0007833333333333334,37.0
0.0,0.0,2,0.0008,37.0
0.0,0.0,2,0.0008166666666666667,37.0
0.0,0.0,2,0.0008333333333333333,37.0
0.0,0.0,2,0.0008500000000000001,37.0
0.0,0.0,2,0.0008666666666666666,37.0
0.0,0.0,2,0.0008833333333333333,37.0
0.0,0.0,2,0.0009,37.0
0.0,0.0,2,0.0009166666666666666,37.0
0.0,0.0,2,0.0009333333333333333,37.0
0.0,0.0,2,0.00095,37.0
0.0,0.0,2,0.0009666666666666667,37.0
0.0,0.0,2,0.0009833333333333335,37.0
0.0,0.0,2,0.001,37.0
0.0,0.0,2,0.0010166666666666666,37.0
0.0,0.0,2,0.0010333333333333334,37.0
0.0,0.0,2,0.00105,37.0
0.0,0.0,2,0.0010666666666666667,37.0
0.0,0.0,2,0.0010833333333333333,37.0
0.0,0.0,2,0.0011,37.0
0.0,0.0,3,0.0011125,37.0
0.0,0.0,3,0.0011250000000000001,37.0
0.0,0.0,3,0.0011375,37.0
0.0,0.0,3,0.00115,37.0
0.0,0.0,3,0.0011625000000000001,37.0
0.0,0.0,3,0.001175,37.0
0.0,0.0,3,0.0011875,37.0
0.0,0.0,3,0.0012000000000000001,37.0
0.0,0.0,3,0.0012125,37.0
0.0,0.0,3,0.001225,37.0
0.0,0.0,3,0.0012375,37.0
0.0,0.0,3,0.00125,37.0
0.0,0.0,3,0.0012625000000000002,37.0
0.0,0.0,3,0.001275,37.0
0.0,0.0,3,0.0012875,37.0
0.0,0.0,3,0.0013,37.0
0.0,0.0,3,0.0013125,37.0
0.0,0.0,3,0.001325,37.0
0.0,0.0,3,0.0013375000000000001,37.0
0.0,0.0,3,0.00135,37.0
0.0,0.0,3,0.0013625,37.0
0.0,0.0,3,0.001375,37.0
0.0,0.0,3,0.0013875,37.0
0.0,0.0,3,0.0014,37.0
36000.0,10.0,1,0.0,24.270340288695618
36000.0,10.0,1,2.9166666666666666e-05,24.263287678238033
36000.0,10.0,1,5.833333333333333e-05,24.25623499025165
36000.0,10.0,1,8.75e-05,24.249182226732817
36000.0,10.0,1,0.00011666666666666667,24.2421293896779
36000.0,10.0,1,0.00014583333333333332,24.235076481083265
36000.0,10.0,1,0.000175,24.22802350294532
36000.0,10.0,1,0.00020416666666666668,24.220970457260496
36000.0,10.0,1,0.00023333333333333333,24.213917346025234
36000.0,10.0,1,0.0002625,24.20686417123599
36000.0,10.0,1,0.00029166666666666664,24.199810934889243
36000.0,10.0,1,0.00032083333333333334,24.192757638981483
36000.0,10.0,1,0.00035,24.18570428550924
36000.0,10.0,1,0.00037916666666666665,24.178650876469028
36000.0,10.0,1,0.00040833333333333336,24.1715974138574
36000.0,10.0,1,0.0004375,24.16454389967092
36000.0,10.0,1,0.00046666666666666666,24.15749033590615
36000.0,10.0,1,0.0004958333333333334,24.150436724559707
36000.0,10.0,1,0.000525,24.143383067628168
36000.0,10.0,1,0.0005541666666666667,24.13632936710816
36000.0,10.0,1,0.0005833333333333333,24.129275624996307
36000.0,10.0,1,0.0006125,24.12222184328926
36000.0,10.0,1,0.0006416666666666667,24.115168023983664
36000.0,10.0,1,0.0006708333333333333,24.10811416907618
36000.0,10.0,1,0.0007,24.101060280563495
36000.0,10.0,2,0.0007166666666666667,24.09426675774246
36000.0,10.0,2,0.0007333333333333333,24.083022675492796
36000.0,10.0,2,0.00075,24.067328034410693
36000.0,10.0,2,0.0007666666666666667,24.047182835066607
36000.0,10.0,2,0.0007833333333333334,24.02258707800524
36000.0,10.0,2,0.0008,23.993540763745568
36000.0,10.0,2,0.0008166666666666667,23.96004389278081
36000.0,10.0,2,0.0008333333333333333,23.92209646557842
36000.0,10.0,2,0.0008500000000000001,23.879698482580135
36000.0,10.0,2,0.0008666666666666666,23.832849944201925
36000.0,10.0,2,0.0008833333333333333,23.781550850834048
36000.0,10.0,2,0.0009,23.725801202840955
36000.0,10.0,2,0.0009166666666666666,23.665601000561413
36000.0,10.0,2,0.0009333333333333333,23.6009502443084
36000.0,10.0,2,0.00095,23.531848934369187
36000.0,10.0,2,0.0009666666666666667,23.458297071005248
36000.0,10.0,2,0.0009833333333333335,23.380294654452356
36000.0,10.0,2,0.001,23.297841684920524
36000.0,10.0,2,0.0010166666666666666,23.210938162593997
36000.0,10.0,2,0.0010333333333333334,23.11958408763131
36000.0,10.0,2,0.00105,23.023779460165215
36000.0,10.0,2,0.0010666666666666667,22.923524280302757
36000.0,10.0,2,0.0010833333333333333,22.818818548125197
36000.0,10.0,2,0.0011,22.70966226368806
36000.0,10.0,3,0.0011125,22.614554666241435
36000.0,10.0,3,0.0011250000000000001,22.519447062711524
36000.0,10.0,3,0.0011375,22.424339453109756
36000.0,10.0,3,0.00115,22.329231837447566
36000.0,10.0,3,0.0011625000000000001,22.234124215736397
36000.0,10.0,3,0.001175,22.139016587987683
36000.0,10.0,3,0.0011875,22.04390895421286
36000.0,10.0,3,0.0012000000000000001,21.948801314423367
36000.0,10.0,3,0.0012125,21.853693668630644
36000.0,10.0,3,0.001225,21.758586016846134
36000.0,10.0,3,0.0012375,21.663478359081285
36000.0,10.0,3,0.00125,21.568370695347514
36000.0,10.0,3,0.0012625000000000002,21.473263025656284
36000.0,10.0,3,0.001275,21.378155350019043
36000.0,10.0,3,0.0012875,21.28304766844721
36000.0,10.0,3,0.0013,21.18793998095224
36000.0,10.0,3,0.0013125,21.09283228754559
36000.0,10.0,3,0.001325,20.997724588238693
36000.0,10.0,3,0.0013375000000000001,20.902616883043
36000.0,10.0,3,0.00135,20.80750917196995
36000.0,10.0,3,0.0013625,20.712401455031006
36000.0,10.0,3,0.001375,20.617293732237602
36000.0,10.0,3,0.0013875,20.522186003601195
36000.0,10.0,3,0.0014,20.42707826913323
72000.0,20.0,1,0.0,24.11545303670007
72000.0,20.0,1,2.9166666666666666e-05,24.11233358979047
72000.0,20.0,1,5.833333333333333e-05,24.109214109357453
72000.0,20.0,1,8.75e-05,24.106094596285
72000.0,20.0,1,0.00011666666666666667,24.10297505145713
72000.0,20.0,1,0.00014583333333333332,24.099855475757835
72000.0,20.0,1,0.000175,24.09673587007114
72000.0,20.0,1,0.00020416666666666668,24.09361623528107
72000.0,20.0,1,0.00023333333333333333,24.09049657227166
72000.0,20.0,1,0.0002625,24.087376881926946
72000.0,20.0,1,0.00029166666666666664,24.08425716513098
72000.0,20.0,1,0.00032083333333333334,24.08113742276782
72000.0,20.0,1,0.00035,24.078017655721528
72000.0,20.0,1,0.00037916666666666665,24.074897864876185
72000.0,20.0,1,0.00040833333333333336,24.07177805111585
72000.0,20.0,1,0.0004375,24.06865821532462
72000.0,20.0,1,0.00046666666666666666,24.065538358386583
72000.0,20.0,1,0.0004958333333333334,24.062418481185833
72000.0,20.0,1,0.000525,24.05929858460648
72000.0,20.0,1,0.0005541666666666667,24.056178669532624
72000.0,20.0,1,0.0005833333333333333,24.053058736848374
72000.0,20.0,1,0.0006125,24.04993878743785
72000.0,20.0,1,0.0006416666666666667,24.046818822185184
72000.0,20.0,1,0.0006708333333333333,24.043698841974493
72000.0,20.0,1,0.0007,24.04057884768992
72000.0,20.0,2,0.0007166666666666667,24.036281254212675
72000.0,20.0,2,0.0007333333333333333,24.027429618052597
72000.0,20.0,2,0.00075,24.01402393947362
72000.0,20.0,2,0.0007666666666666667,23.996064218728264
72000.0,20.0,2,0.0007833333333333334,23.97355045605758
72000.0,20.0,2,0.0008,23.94648265169123
72000.0,20.0,2,0.0008166666666666667,23.91486080584741
72000.0,20.0,2,0.0008333333333333333,23.878684918732887
72000.0,20.0,2,0.0008500000000000001,23.837954990542986
72000.0,20.0,2,0.0008666666666666666,23.792671021461615
72000.0,20.0,2,0.0008833333333333333,23.742833011661226
72000.0,20.0,2,0.0009,23.68844096130285
72000.0,20.0,2,0.0009166666666666666,23.629494870536064
72000.0,20.0,2,0.0009333333333333333,23.56599473949904
72000.0,20.0,2,0.00095,23.497940568318477
72000.0,20.0,2,0.0009666666666666667,23.425332357109664
72000.0,20.0,2,0.0009833333333333335,23.348170105976443
72000.0,20.0,2,0.001,23.26645381501123
72000.0,20.0,2,0.0010166666666666666,23.180183484294993
72000.0,20.0,2,0.0010333333333333334,23.089359113897274
72000.0,20.0,2,0.00105,22.99398070387616
72000.0,20.0,2,0.0010666666666666667,22.89404825427835
72000.0,20.0,2,0.0010833333333333333,22.78956176513904
72000.0,20.0,2,0.0011,22.680521236482036
72000.0,20.0,3,0.0011125,22.585468300210735
72000.0,20.0,3,0.0011250000000000001,22.49041536155066
72000.0,20.0,3,0.0011375,22.395362420506295
72000.0,20.0,3,0.00115,22.30030947708213
72000.0,20.0,3,0.0011625000000000001,22.205256531282657
72000.0,20.0,3,0.001175,22.110203583112376
72000.0,20.0,3,0.0011875,22.01515063257577
72000.0,20.0,3,0.0012000000000000001,21.920097679677323
72000.0,20.0,3,0.0012125,21.82504472442155
72000.0,20.0,3,0.001225,21.729991766812915
72000.0,20.0,3,0.0012375,21.634938806855928
72000.0,20.0,3,0.00125,21.539885844555084
72000.0,20.0,3,0.0012625000000000002,21.444832879914852
72000.0,20.0,3,0.001275,21.349779912939756
72000.0,20.0,3,0.0012875,21.254726943634275
72000.0,20.0,3,0.0013,21.159673972002896
72000.0,20.0,3,0.0013125,21.064620998050124
72000.0,20.0,3,0.001325,20.969568021780447
72000.0,20.0,3,0.0013375000000000001,20.87451504319836
72000.0,20.0,3,0.00135,20.779462062308358
72000.0,20.0,3,0.0013625,20.684409079114932
72000.0,20.0,3,0.001375,20.589356093622587
72000.0,20.0,3,0.0013875,20.49430310583581
72000.0,20.0,3,0.0014,20.399250115759102
108000.0,30.0,1,0.0,24.047368958195815
108000.0,30.0,1,2.9166666666666666e-05,24.045989372851906
108000.0,30.0,1,5.833333333333333e-05,24.04460977248258
108000.0,30.0,1,8.75e-05,24.04323015747853
108000.0,30.0,1,0.00011666666666666667,24.04185052823044
108000.0,30.0,1,0.00014583333333333332,24.04047088512903
108000.0,30.0,1,0.000175,24.039091228564985
108000.0,30.0,1,0.00020416666666666668,24.03771155892902
108000.0,30.0,1,0.00023333333333333333,24.036331876611843
108000.0,30.0,1,0.0002625,24.034952182004165
108000.0,30.0,1,0.00029166666666666664,24.03357247549671
108000.0,30.0,1,0.00032083333333333334,24.032192757480193
108000.0,30.0,1,0.00035,24.03081302834534
108000.0,30.0,1,0.00037916666666666665,24.02943328848288
108000.0,30.0,1,0.00040833333333333336,24.028053538283544
108000.0,30.0,1,0.0004375,24.02667377813805
108000.0,30.0,1,0.00046666666666666666,24.025294008437154
108000.0,30.0,1,0.0004958333333333334,24.023914229571588
108000.0,30.0,1,0.000525,24.022534441932088
108000.0,30.0,1,0.0005541666666666667,24.021154645909395
108000.0,30.0,1,0.0005833333333333333,24.019774841894257
108000.0,30.0,1,0.0006125,24.01839503027743
108000.0,30.0,1,0.0006416666666666667,24.017015211449664
108000.0,30.0,1,0.0006708333333333333,24.01563538580169
108000.0,30.0,1,0.0007,24.014255553724286
108000.0,30.0,2,0.0007166666666666667,24.011062017803955
108000.0,30.0,2,0.0007333333333333333,24.003268625147122
108000.0,30.0,2,0.00075,23.990875375870456
108000.0,30.0,2,0.0007666666666666667,23.973882270085596
108000.0,30.0,2,0.0007833333333333334,23.952289307899104
108000.0,30.0,2,0.0008,23.926096489412515
108000.0,30.0,2,0.0008166666666666667,23.895303814722322
108000.0,30.0,2,0.0008333333333333333,23.85991128391997
108000.0,30.0,2,0.0008500000000000001,23.81991889709185
108000.0,30.0,2,0.0008666666666666666,23.77532665431931
108000.0,30.0,2,0.0008833333333333333,23.726134555678676
108000.0,30.0,2,0.0009,23.672342601241198
108000.0,30.0,2,0.0009166666666666666,23.6139507910731
108000.0,30.0,2,0.0009333333333333333,23.55095912523555
108000.0,30.0,2,0.00095,23.483367603784686
108000.0,30.0,2,0.0009666666666666667,23.411176226771584
108000.0,30.0,2,0.0009833333333333335,23.33438499424227
108000.0,30.0,2,0.001,23.252993906237762
108000.0,30.0,2,0.0010166666666666666,23.16700296279399
108000.0,30.0,2,0.0010333333333333334,23.076412163941864
108000.0,30.0,2,0.00105,22.98122150970724
108000.0,30.0,2,0.0010666666666666667,22.881431000110922
108000.0,30.0,2,0.0010833333333333333,22.777040635168696
108000.0,30.0,2,0.0011,22.66805041489127
108000.0,30.0,3,0.0011125,22.57302087623171
108000.0,30.0,3,0.0011250000000000001,22.47799133643728
108000.0,30.0,3,0.0011375,22.382961795510113
108000.0,30.0,3,0.00115,22.287932253452333
108000.0,30.0,3,0.0011625000000000001,22.192902710266075
108000.0,30.0,3,0.001175,22.097873165953477
108000.0,30.0,3,0.0011875,22.00284362051668
108000.0,30.0,3,0.0012000000000000001,21.9078140739578
108000.0,30.0,3,0.0012125,21.812784526278982
108000.0,30.0,3,0.001225,21.717754977482358
108000.0,30.0,3,0.0012375,21.622725427570057
108000.0,30.0,3,0.00125,21.527695876544225
108000.0,30.0,3,0.0012625000000000002,21.43266632440699
108000.0,30.0,3,0.001275,21.337636771160486
108000.0,30.0,3,0.0012875,21.24260721680685
108000.0,30.0,3,0.0013,21.147577661348215
108000.0,30.0,3,0.0013125,21.052548104786712
108000.0,30.0,3,0.001325,20.957518547124483
108000.0,30.0,3,0.0013375000000000001,20.86248898836366
108000.0,30.0,3,0.00135,20.767459428506378
108000.0,30.0,3,0.0013625,20.67242986755477
108000.0,30.0,3,0.001375,20.577400305510977
108000.0,30.0,3,0.0013875,20.482370742377128
108000.0,30.0,3,0.0014,20.38734117815536
144000.0,40.0,1,0.0,24.01692977808431
144000.0,40.0,1,2.9166666666666666e-05,24.016319399888967
144000.0,40.0,1,5.833333333333333e-05,24.015709015012334
144000.0,40.0,1,8.75e-05,24.015098623627217
144000.0,40.0,1,0.00011666666666666667,24.01448822590644
144000.0,40.0,1,0.00014583333333333332,24.013877822022806
144000.0,40.0,1,0.000175,24.013267412149148
144000.0,40.0,1,0.00020416666666666668,24.012656996458276
144000.0,40.0,1,0.00023333333333333333,24.012046575123016
144000.0,40.0,1,0.0002625,24.011436148316186
144000.0,40.0,1,0.00029166666666666664,24.010825716210622
144000.0,40.0,1,0.00032083333333333334,24.010215278979132
144000.0,40.0,1,0.00035,24.00960483679456
144000.0,40.0,1,0.00037916666666666665,24.00899438982972
144000.0,40.0,1,0.00040833333333333336,24.00838393825746
144000.0,40.0,1,0.0004375,24.007773482250595
144000.0,40.0,1,0.00046666666666666666,24.00716302198197
144000.0,40.0,1,0.0004958333333333334,24.006552557624413
144000.0,40.0,1,0.000525,24.005942089350757
144000.0,40.0,1,0.0005541666666666667,24.005331617333848
144000.0,40.0,1,0.0005833333333333333,24.004721141746508
144000.0,40.0,1,0.0006125,24.00411066276159
144000.0,40.0,1,0.0006416666666666667,24.00350018055192
144000.0,40.0,1,0.0006708333333333333,24.00288969529036
144000.0,40.0,1,0.0007,24.00227920714972
144000.0,40.0,2,0.0007166666666666667,23.999573801764424
144000.0,40.0,2,0.0007333333333333333,23.992248314911425
144000.0,40.0,2,0.00075,23.980302746642323
144000.0,40.0,2,0.0007666666666666667,23.963737097006497
144000.0,40.0,2,0.0007833333333333334,23.9425513660511
144000.0,40.0,2,0.0008,23.916745553821045
144000.0,40.0,2,0.0008166666666666667,23.886319660359018
144000.0,40.0,2,0.0008333333333333333,23.85127368570548
144000.0,40.0,2,0.0008500000000000001,23.811607629898663
144000.0,40.0,2,0.0008666666666666666,23.767321492974553
144000.0,40.0,2,0.0008833333333333333,23.71841527496693
144000.0,40.0,2,0.0009,23.66488897590732
144000.0,40.0,2,0.0009166666666666666,23.606742595825043
144000.0,40.0,2,0.0009333333333333333,23.54397613474717
144000.0,40.0,2,0.00095,23.476589592698552
144000.0,40.0,2,0.0009666666666666667,23.404582969701806
144000.0,40.0,2,0.0009833333333333335,23.32795626577731
144000.0,40.0,2,0.001,23.24670948094324
144000.0,40.0,2,0.0010166666666666666,23.160842615215508
144000.0,40.0,2,0.0010333333333333334,23.070355668607817
144000.0,40.0,2,0.00105,22.975248641131635
144000.0,40.0,2,0.0010666666666666667,22.875521532796192
144000.0,40.0,2,0.0010833333333333333,22.771174343608518
144000.0,40.0,2,0.0011,22.662207073573363
144000.0,40.0,3,0.0011125,22.56718849702316
144000.0,40.0,3,0.0011250000000000001,22.47216991995768
144000.0,40.0,3,0.0011375,22.3771513423779
144000.0,40.0,3,0.00115,22.282132764284786
144000.0,40.0,3,0.0011625000000000001,22.187114185679285
144000.0,40.0,3,0.001175,22.092095606562403
144000.0,40.0,3,0.0011875,21.997077026935084
144000.0,40.0,3,0.0012000000000000001,21.902058446798303
144000.0,40.0,3,0.0012125,21.80703986615303
144000.0,40.0,3,0.001225,21.712021285000226
144000.0,40.0,3,0.0012375,21.61700270334087
144000.0,40.0,3,0.00125,21.521984121175922
144000.0,40.0,3,0.0012625000000000002,21.426965538506355
144000.0,40.0,3,0.001275,21.331946955333148
144000.0,40.0,3,0.0012875,21.236928371657257
144000.0,40.0,3,0.0013,21.14190978747965
144000.0,40.0,3,0.0013125,21.04689120280131
144000.0,40.0,3,0.001325,20.951872617623195
144000.0,40.0,3,0.0013375000000000001,20.856854031946277
144000.0,40.0,3,0.00135,20.761835445771528
144000.0,40.0,3,0.0013625,20.666816859099914
144000.0,40.0,3,0.001375,20.571798271932405
144000.0,40.0,3,0.0013875,20.47677968426997
144000.0,40.0,3,0.0014,20.381761096113586
180000.0,50.0,1,0.0,24.00342445707513
180000.0,50.0,1,2.9166666666666666e-05,24.003154375719284
180000.0,50.0,1,5.833333333333333e-05,24.002884291403888
180000.0,50.0,1,8.75e-05,24.0026142042054
180000.0,50.0,1,0.00011666666666666667,24.002344114200305
180000.0,50.0,1,0.00014583333333333332,24.00207402146505
180000.0,50.0,1,0.000175,24.001803926076104
180000.0,50.0,1,0.00020416666666666668,24.001533828109935
180000.0,50.0,1,0.00023333333333333333,24.001263727643003
180000.0,50.0,1,0.0002625,24.000993624751782
180000.0,50.0,1,0.00029166666666666664,24.000723519512732
180000.0,50.0,1,0.00032083333333333334,24.000453412002326
180000.0,50.0,1,0.00035,24.000183302297035
180000.0,50.0,1,0.00037916666666666665,23.999913190473322
180000.0,50.0,1,0.00040833333333333336,23.99964307660766
180000.0,50.0,1,0.0004375,23.999372960776533
180000.0,50.0,1,0.00046666666666666666,23.99910284305639
180000.0,50.0,1,0.0004958333333333334,23.99883272352372
180000.0,50.0,1,0.000525,23.998562602254978
180000.0,50.0,1,0.0005541666666666667,23.99829247932666
180000.0,50.0,1,0.0005833333333333333,23.998022354815227
180000.0,50.0,1,0.0006125,23.997752228797147
180000.0,50.0,1,0.0006416666666666667,23.9974821013489
180000.0,50.0,1,0.0006708333333333333,23.997211972546964
180000.0,50.0,1,0.0007,23.996941842467802
180000.0,50.0,2,0.0007166666666666667,23.994452387967975
180000.0,50.0,2,0.0007333333333333333,23.98733390803911
180000.0,50.0,2,0.00075,23.975586402704057
180000.0,50.0,2,0.0007666666666666667,23.959209871984655
180000.0,50.0,2,0.0007833333333333334,23.93820431590177
180000.0,50.0,2,0.0008,23.91256973447527
180000.0,50.0,2,0.0008166666666666667,23.88230612772406
180000.0,50.0,2,0.0008333333333333333,23.84741349566602
180000.0,50.0,2,0.0008500000000000001,23.80789183831808
180000.0,50.0,2,0.0008666666666666666,23.763741155696167
180000.0,50.0,2,0.0008833333333333333,23.714961447815224
180000.0,50.0,2,0.0009,23.661552714689204
180000.0,50.0,2,0.0009166666666666666,23.60351495633107
180000.0,50.0,2,0.0009333333333333333,23.54084817275281
180000.0,50.0,2,0.00095,23.473552363965428
180000.0,50.0,2,0.0009666666666666667,23.401627529978917
180000.0,50.0,2,0.0009833333333333335,23.325073670802308
180000.0,50.0,2,0.001,23.243890786443647
180000.0,50.0,2,0.0010166666666666666,23.158078876909972
180000.0,50.0,2,0.0010333333333333334,23.067637942207348
180000.0,50.0,2,0.00105,22.972567982340856
180000.0,50.0,2,0.0010666666666666667,22.872868997314587
180000.0,50.0,2,0.0010833333333333333,22.768540987131637
180000.0,50.0,2,0.0011,22.65958395179412
180000.0,50.0,3,0.0011125,22.564570295965044
180000.0,50.0,3,0.0011250000000000001,22.469556639906713
180000.0,50.0,3,0.0011375,22.37454298361956
180000.0,50.0,3,0.00115,22.27952932710401
180000.0,50.0,3,0.0011625000000000001,22.1845156703605
180000.0,50.0,3,0.001175,22.08950201338946
180000.0,50.0,3,0.0011875,21.994488356191322
180000.0,50.0,3,0.0012000000000000001,21.89947469876651
180000.0,50.0,3,0.0012125,21.804461041115463
180000.0,50.0,3,0.001225,21.70944738323861
180000.0,50.0,3,0.0012375,21.61443372513638
180000.0,50.0,3,0.00125,21.519420066809204
180000.0,50.0,3,0.0012625000000000002,21.424406408257518
180000.0,50.0,3,0.001275,21.329392749481748
180000.0,50.0,3,0.0012875,21.234379090482324
180000.0,50.0,3,0.0013,21.139365431259684
180000.0,50.0,3,0.0013125,21.044351771814256
180000.0,50.0,3,0.001325,20.949338112146467
180000.0,50.0,3,0.0013375000000000001,20.85432445225675
180000.0,50.0,3,0.00135,20.75931079214554
180000.0,50.0,3,0.0013625,20.664297131813278
180000.0,50.0,3,0.001375,20.56928347126037
180000.0,50.0,3,0.0013875,20.474269810487264
180000.0,50.0,3,0.0014,20.37925614949439
216000.0,60.0,1,0.0,23.997444969296087
216000.0,60.0,1,2.9166666666666666e-05,23.997325460472887
216000.0,60.0,1,5.833333333333333e-05,23.997205950339804
216000.0,60.0,1,8.75e-05,23.99708643893067
216000.0,60.0,1,0.00011666666666666667,23.996966926279306
216000.0,60.0,1,0.00014583333333333332,23.996847412419566
216000.0,60.0,1,0.000175,23.996727897385263
216000.0,60.0,1,0.00020416666666666668,23.99660838121024
216000.0,60.0,1,0.00023333333333333333,23.996488863928345
216000.0,60.0,1,0.0002625,23.996369345573402
216000.0,60.0,1,0.00029166666666666664,23.99624982617925
216000.0,60.0,1,0.00032083333333333334,23.99613030577972
216000.0,60.0,1,0.00035,23.996010784408654
216000.0,60.0,1,0.00037916666666666665,23.99589126209989
216000.0,60.0,1,0.00040833333333333336,23.99577173888725
216000.0,60.0,1,0.0004375,23.995652214804593
216000.0,60.0,1,0.00046666666666666666,23.995532689885746
216000.0,60.0,1,0.0004958333333333334,23.995413164164553
216000.0,60.0,1,0.000525,23.995293637674838
216000.0,60.0,1,0.0005541666666666667,23.995174110450453
216000.0,60.0,1,0.0005833333333333333,23.995054582525228
216000.0,60.0,1,0.0006125,23.994935053933006
216000.0,60.0,1,0.0006416666666666667,23.994815524707626
216000.0,60.0,1,0.0006708333333333333,23.994695994882928
216000.0,60.0,1,0.0007,23.99457646449275
216000.0,60.0,2,0.0007166666666666667,23.99218256287253
216000.0,60.0,2,0.0007333333333333333,23.985155678681597
216000.0,60.0,2,0.00075,23.973495811930082
216000.0,60.0,2,0.0007666666666666667,23.95720296262763
216000.0,60.0,2,0.0007833333333333334,23.936277130783473
216000.0,60.0,2,0.0008,23.91071831640642
216000.0,60.0,2,0.0008166666666666667,23.880526519504812
216000.0,60.0,2,0.0008333333333333333,23.84570174008659
216000.0,60.0,2,0.0008500000000000001,23.80624397815922
216000.0,60.0,2,0.0008666666666666666,23.762153233729755
216000.0,60.0,2,0.0008833333333333333,23.713429506804818
216000.0,60.0,2,0.0009,23.660072797390566
216000.0,60.0,2,0.0009166666666666666,23.60208310549276
216000.0,60.0,2,0.0009333333333333333,23.539460431116673
216000.0,60.0,2,0.00095,23.472204774267205
216000.0,60.0,2,0.0009666666666666667,23.400316134948763
216000.0,60.0,2,0.0009833333333333335,23.32379451316534
216000.0,60.0,2,0.001,23.242639908920506
216000.0,60.0,2,0.0010166666666666666,23.15685232221737
216000.0,60.0,2,0.0010333333333333334,23.066431753058612
216000.0,60.0,2,0.00105,22.971378201446488
216000.0,60.0,2,0.0010666666666666667,22.871691667382798
216000.0,60.0,2,0.0010833333333333333,22.767372150868926
216000.0,60.0,2,0.0011,22.658419651905803
216000.0,60.0,3,0.0011125,22.563408180157825
216000.0,60.0,3,0.0011250000000000001,22.468396708308273
216000.0,60.0,3,0.0011375,22.373385236357354
216000.0,60.0,3,0.00115,22.27837376430524
216000.0,60.0,3,0.0011625000000000001,22.183362292152147
216000.0,60.0,3,0.001175,22.08835081989824
216000.0,60.0,3,0.0011875,21.99333934754372
216000.0,60.0,3,0.0012000000000000001,21.89832787508878
216000.0,60.0,3,0.0012125,21.80331640253361
216000.0,60.0,3,0.001225,21.708304929878405
216000.0,60.0,3,0.0012375,21.613293457123348
216000.0,60.0,3,0.00125,21.518281984268633
216000.0,60.0,3,0.0012625000000000002,21.423270511314456
216000.0,60.0,3,0.001275,21.328259038261002
216000.0,60.0,3,0.0012875,21.233247565108464
216000.0,60.0,3,0.0013,21.138236091857035
216000.0,60.0,3,0.0013125,21.043224618506905
216000.0,60.0,3,0.001325,20.948213145058254
216000.0,60.0,3,0.0013375000000000001,20.853201671511293
216000.0,60.0,3,0.00135,20.75819019786621
216000.0,60.0,3,0.0013625,20.663178724123174
216000.0,60.0,3,0.001375,20.5681672502824
216000.0,60.0,3,0.0013875,20.473155776344065
216000.0,60.0,3,0.0014,20.378144302308367
252000.0,70.0,1,0.0,23.994798728073746
252000.0,70.0,1,2.9166666666666666e-05,23.99474584610974
252000.0,70.0,1,5.833333333333333e-05,23.994692963566084
252000.0,70.0,1,8.75e-05,23.99464008045774
252000.0,70.0,1,0.00011666666666666667,23.994587196799692
252000.0,70.0,1,0.00014583333333333332,23.994534312606906
252000.0,70.0,1,0.000175,23.994481427894357
252000.0,70.0,1,0.00020416666666666668,23.99442854267701
252000.0,70.0,1,0.00023333333333333333,23.994375656969837
252000.0,70.0,1,0.0002625,23.99432277078781
252000.0,70.0,1,0.00029166666666666664,23.994269884145904
252000.0,70.0,1,0.00032083333333333334,23.994216997059098
252000.0,70.0,1,0.00035,23.99416410954236
252000.0,70.0,1,0.00037916666666666665,23.99411122161065
252000.0,70.0,1,0.00040833333333333336,23.994058333278957
252000.0,70.0,1,0.0004375,23.994005444562248
252000.0,70.0,1,0.00046666666666666666,23.99395255547549
252000.0,70.0,1,0.0004958333333333334,23.993899666033666
252000.0,70.0,1,0.000525,23.99384677625175
252000.0,70.0,1,0.0005541666666666667,23.993793886144704
252000.0,70.0,1,0.0005833333333333333,23.99374099572751
252000.0,70.0,1,0.0006125,23.993688105015128
252000.0,70.0,1,0.0006416666666666667,23.993635214022554
252000.0,70.0,1,0.0006708333333333333,23.99358232276474
252000.0,70.0,1,0.0007,23.993529431256675
252000.0,70.0,2,0.0007166666666666667,23.991177810863263
252000.0,70.0,2,0.0007333333333333333,23.984191456936227
252000.0,70.0,2,0.00075,23.97257036948004
252000.0,70.0,2,0.0007666666666666667,23.956314548498966
252000.0,70.0,2,0.0007833333333333334,23.935423993997105
252000.0,70.0,2,0.0008,23.90989870597835
252000.0,70.0,2,0.0008166666666666667,23.87973868444638
252000.0,70.0,2,0.0008333333333333333,23.844943929404728
252000.0,70.0,2,0.0008500000000000001,23.805514440856683
252000.0,70.0,2,0.0008666666666666666,23.761450218805376
252000.0,70.0,2,0.0008833333333333333,23.712751263253725
252000.0,70.0,2,0.0009,23.65941757420447
252000.0,70.0,2,0.0009166666666666666,23.601449151660148
252000.0,70.0,2,0.0009333333333333333,23.538845995623106
252000.0,70.0,2,0.00095,23.47160810609548
252000.0,70.0,2,0.0009666666666666667,23.399735483079258
252000.0,70.0,2,0.0009833333333333335,23.323228126576197
252000.0,70.0,2,0.001,23.242086036587857
252000.0,70.0,2,0.0010166666666666666,23.156309213115634
252000.0,70.0,2,0.0010333333333333334,23.065897656160715
252000.0,70.0,2,0.00105,22.970851365724087
252000.0,70.0,2,0.0010666666666666667,22.871170341806547
252000.0,70.0,2,0.0010833333333333333,22.766854584408716
252000.0,70.0,2,0.0011,22.657904093531005
252000.0,70.0,3,0.0011125,22.56289358890147
252000.0,70.0,3,0.0011250000000000001,22.467883084226976
252000.0,70.0,3,0.0011375,22.372872579507625
252000.0,70.0,3,0.00115,22.27786207474348
252000.0,70.0,3,0.0011625000000000001,22.182851569934623
252000.0,70.0,3,0.001175,22.08784106508116
252000.0,70.0,3,0.0011875,21.992830560183158
252000.0,70.0,3,0.0012000000000000001,21.897820055240704
252000.0,70.0,3,0.0012125,21.80280955025389
252000.0,70.0,3,0.001225,21.707799045222796
252000.0,70.0,3,0.0012375,21.61278854014751
252000.0,70.0,3,0.00125,21.51777803502811
252000.0,70.0,3,0.0012625000000000002,21.422767529864682
252000.0,70.0,3,0.001275,21.327757024657313
252000.0,70.0,3,0.0012875,21.232746519406092
252000.0,70.0,3,0.0013,21.13773601411109
252000.0,70.0,3,0.0013125,21.042725508772406
252000.0,70.0,3,0.001325,20.947715003390112
252000.0,70.0,3,0.0013375000000000001,20.852704497964304
252000.0,70.0,3,0.00135,20.757693992495064
252000.0,70.0,3,0.0013625,20.662683486982473
252000.0,70.0,3,0.001375,20.56767298142661
252000.0,70.0,3,0.0013875,20.472662475827576
252000.0,70.0,3,0.0014,20.377651970185443
288000.0,80.0,1,0.0,23.993627740032473
288000.0,80.0,1,2.9166666666666666e-05,23.99360434003755
288000.0,80.0,1,5.833333333333333e-05,23.99358093978613
288000.0,80.0,1,8.75e-05,23.993557539284836
288000.0,80.0,1,0.00011666666666666667,23.9935341385403
288000.0,80.0,1,0.00014583333333333332,23.993510737559134
288000.0,80.0,1,0.000175,23.993487336347975
288000.0,80.0,1,0.00020416666666666668,23.99346393491344
288000.0,80.0,1,0.00023333333333333333,23.993440533262163
288000.0,80.0,1,0.0002625,23.99341713140075
288000.0,80.0,1,0.00029166666666666664,23.99339372933585
288000.0,80.0,1,0.00032083333333333334,23.993370327074075
288000.0,80.0,1,0.00035,23.993346924622045
288000.0,80.0,1,0.00037916666666666665,23.993323521986397
288000.0,80.0,1,0.00040833333333333336,23.99330011917375
288000.0,80.0,1,0.0004375,23.993276716190728
288000.0,80.0,1,0.00046666666666666666,23.99325331304396
288000.0,80.0,1,0.0004958333333333334,23.993229909740084
288000.0,80.0,1,0.000525,23.9932065062857
288000.0,80.0,1,0.0005541666666666667,23.99318310268745
288000.0,80.0,1,0.0005833333333333333,23.993159698951953
288000.0,80.0,1,0.0006125,23.99313629508584
288000.0,80.0,1,0.0006416666666666667,23.99311289109573
288000.0,80.0,1,0.0006708333333333333,23.993089486988247
288000.0,80.0,1,0.0007,23.993066082770035
288000.0,80.0,2,0.0007166666666666667,23.990733171557764
288000.0,80.0,2,0.0007333333333333333,23.983764752025476
288000.0,80.0,2,0.00075,23.972160824175145
288000.0,80.0,2,0.0007666666666666667,23.955921388008665
288000.0,80.0,2,0.0007833333333333334,23.93504644352784
288000.0,80.0,2,0.0008,23.9095359907344
288000.0,80.0,2,0.0008166666666666667,23.87939002962997
288000.0,80.0,2,0.0008333333333333333,23.844608560216116
288000.0,80.0,2,0.0008500000000000001,23.805191582494288
288000.0,80.0,2,0.0008666666666666666,23.761139096465875
288000.0,80.0,2,0.0008833333333333333,23.712451102132167
288000.0,80.0,2,0.0009,23.65912759949439
288000.0,80.0,2,0.0009166666666666666,23.601168588553634
288000.0,80.0,2,0.0009333333333333333,23.538574069310965
288000.0,80.0,2,0.00095,23.47134404176733
288000.0,80.0,2,0.0009666666666666667,23.399478505923586
288000.0,80.0,2,0.0009833333333333335,23.322977461780535
288000.0,80.0,2,0.001,23.24184090933885
288000.0,80.0,2,0.0010166666666666666,23.156068848599165
288000.0,80.0,2,0.0010333333333333334,23.065661279561983
288000.0,80.0,2,0.00105,22.970618202227755
288000.0,80.0,2,0.0010666666666666667,22.87093961659684
288000.0,80.0,2,0.0010833333333333333,22.7666255226695
288000.0,80.0,2,0.0011,22.657675920445914
288000.0,80.0,3,0.0011125,22.562665843837767
288000.0,80.0,3,0.0011250000000000001,22.467655767209713
288000.0,80.0,3,0.0011375,22.37264569056181
288000.0,80.0,3,0.00115,22.27763561389409
288000.0,80.0,3,0.0011625000000000001,22.18262553720658
288000.0,80.0,3,0.001175,22.087615460499332
288000.0,80.0,3,0.0011875,21.992605383772375
288000.0,80.0,3,0.0012000000000000001,21.897595307025753
288000.0,80.0,3,0.0012125,21.80258523025949
288000.0,80.0,3,0.001225,21.70757515347363
288000.0,80.0,3,0.0012375,21.612565076668222
288000.0,80.0,3,0.00125,21.517554999843288
288000.0,80.0,3,0.0012625000000000002,21.422544922998863
288000.0,80.0,3,0.001275,21.327534846135006
288000.0,80.0,3,0.0012875,21.232524769251732
288000.0,80.0,3,0.0013,21.13751469234909
288000.0,80.0,3,0.0013125,21.042504615427116
288000.0,80.0,3,0.001325,20.947494538485845
288000.0,80.0,3,0.0013375000000000001,20.852484461525314
288000.0,80.0,3,0.00135,20.75747438454557
288000.0,80.0,3,0.0013625,20.662464307546635
288000.0,80.0,3,0.001375,20.567454230528558
288000.0,80.0,3,0.0013875,20.47244415349136
288000.0,80.0,3,0.0014,20.377434076435108
324000.0,90.0,1,0.0,23.9931095783659
324000.0,90.0,1,2.9166666666666666e-05,23.993099223985254
324000.0,90.0,1,5.833333333333333e-05,23.993088869491114
324000.0,90.0,1,8.75e-05,23.993078514886403
324000.0,90.0,1,0.00011666666666666667,23.993068160174055
324000.0,90.0,1,0.00014583333333333332,23.993057805357004
324000.0,90.0,1,0.000175,23.99304745043818
324000.0,90.0,1,0.00020416666666666668,23.993037095420508
324000.0,90.0,1,0.00023333333333333333,23.993026740306934
324000.0,90.0,1,0.0002625,23.993016385100375
324000.0,90.0,1,0.00029166666666666664,23.993006029803766
324000.0,90.0,1,0.00032083333333333334,23.992995674420047
324000.0,90.0,1,0.00035,23.99298531895214
324000.0,90.0,1,0.00037916666666666665,23.992974963402975
324000.0,90.0,1,0.00040833333333333336,23.9929646077755
324000.0,90.0,1,0.0004375,23.99295425207263
324000.0,90.0,1,0.00046666666666666666,23.992943896297298
324000.0,90.0,1,0.0004958333333333334,23.992933540452444
324000.0,90.0,1,0.000525,23.992923184541002
324000.0,90.0,1,0.0005541666666666667,23.992912828565892
324000.0,90.0,1,0.0005833333333333333,23.992902472530048
324000.0,90.0,1,0.0006125,23.99289211643641
324000.0,90.0,1,0.0006416666666666667,23.9928817602879
324000.0,90.0,1,0.0006708333333333333,23.99287140408746
324000.0,90.0,1,0.0007,23.992861047838012
324000.0,90.0,2,0.0007166666666666667,23.990536415339044
324000.0,90.0,2,0.0007333333333333333,23.98357593168171
324000.0,90.0,2,0.00075,23.971979596866866
324000.0,90.0,2,0.0007666666666666667,23.95574741089537
324000.0,90.0,2,0.0007833333333333334,23.934879373768005
324000.0,90.0,2,0.0008,23.909375485485544
324000.0,90.0,2,0.0008166666666666667,23.87923574604871
324000.0,90.0,2,0.0008333333333333333,23.844460155458176
324000.0,90.0,2,0.0008500000000000001,23.805048713714605
324000.0,90.0,2,0.0008666666666666666,23.761001420818605
324000.0,90.0,2,0.0008833333333333333,23.71231827677076
324000.0,90.0,2,0.0009,23.65899928157157
324000.0,90.0,2,0.0009166666666666666,23.60104443522157
324000.0,90.0,2,0.0009333333333333333,23.538453737721195
324000.0,90.0,2,0.00095,23.471227189070888
324000.0,90.0,2,0.0009666666666666667,23.399364789271015
324000.0,90.0,2,0.0009833333333333335,23.322866538321925
324000.0,90.0,2,0.001,23.24173243622393
324000.0,90.0,2,0.0010166666666666666,23.1559624829773
324000.0,90.0,2,0.0010333333333333334,23.06555667858227
324000.0,90.0,2,0.00105,22.97051502303902
324000.0,90.0,2,0.0010666666666666667,22.870837516347727
324000.0,90.0,2,0.0010833333333333333,22.766524158508496
324000.0,90.0,2,0.0011,22.657574949521415
324000.0,90.0,3,0.0011125,22.562565062320722
324000.0,90.0,3,0.0011250000000000001,22.467555175111226
324000.0,90.0,3,0.0011375,22.37254528789293
324000.0,90.0,3,0.00115,22.277535400665887
324000.0,90.0,3,0.0011625000000000001,22.182525513430065
324000.0,90.0,3,0.001175,22.08751562618552
324000.0,90.0,3,0.0011875,21.992505738932252
324000.0,90.0,3,0.0012000000000000001,21.897495851670282
324000.0,90.0,3,0.0012125,21.80248596439961
324000.0,90.0,3,0.001225,21.707476077120283
324000.0,90.0,3,0.0012375,21.612466189832297
324000.0,90.0,3,0.00125,21.51745630253567
324000.0,90.0,3,0.0012625000000000002,21.42244641523043
324000.0,90.0,3,0.001275,21.32743652791658
324000.0,90.0,3,0.0012875,21.232426640594138
324000.0,90.0,3,0.0013,21.13741675326313
324000.0,90.0,3,0.0013125,21.042406865923567
324000.0,90.0,3,0.001325,20.94739697857546
324000.0,90.0,3,0.0013375000000000001,20.85238709121883
324000.0,90.0,3,0.00135,20.7573772038537
324000.0,90.0,3,0.0013625,20.662367316480076
324000.0,90.0,3,0.001375,20.56735742909799
324000.0,90.0,3,0.0013875,20.472347541707443
324000.0,90.0,3,0.0014,20.377337654308448
360000.0,100.0,1,0.0,23.992880293553213
360000.0,100.0,1,2.9166666666666666e-05,23.99287571179126
360000.0,100.0,1,5.833333333333333e-05,23.992871129979086
360000.0,100.0,1,8.75e-05,23.992866548117973
360000.0,100.0,1,0.00011666666666666667,23.99286196620924
360000.0,100.0,1,0.00014583333333333332,23.99285738425418
360000.0,100.0,1,0.000175,23.992852802254074
360000.0,100.0,1,0.00020416666666666668,23.992848220210238
360000.0,100.0,1,0.00023333333333333333,23.99284363812396
360000.0,100.0,1,0.0002625,23.992839055996534
360000.0,100.0,1,0.00029166666666666664,23.99283447382927
360000.0,100.0,1,0.00032083333333333334,23.992829891623455
360000.0,100.0,1,0.00035,23.992825309380386
360000.0,100.0,1,0.00037916666666666665,23.992820727101368
360000.0,100.0,1,0.00040833333333333336,23.992816144787692
360000.0,100.0,1,0.0004375,23.992811562440654
360000.0,100.0,1,0.00046666666666666666,23.992806980061555
360000.0,100.0,1,0.0004958333333333334,23.99280239765169
360000.0,100.0,1,0.000525,23.99279781521236
360000.0,100.0,1,0.0005541666666666667,23.99279323274486
360000.0,100.0,1,0.0005833333333333333,23.992788650250482
360000.0,100.0,1,0.0006125,23.992784067730533
360000.0,100.0,1,0.0006416666666666667,23.9927794851863
360000.0,100.0,1,0.0006708333333333333,23.99277490261909
360000.0,100.0,1,0.0007,23.992770320030193
360000.0,100.0,2,0.0007166666666666667,23.990449350820263
360000.0,100.0,2,0.0007333333333333333,23.983492378747787
360000.0,100.0,2,0.00075,23.971899403813158
360000.0,100.0,2,0.0007666666666666667,23.955670426016734
360000.0,100.0,2,0.0007833333333333334,23.934805445358887
360000.0,100.0,2,0.0008,23.909304461839934
360000.0,100.0,2,0.0008166666666666667,23.879167475460218
360000.0,100.0,2,0.0008333333333333333,23.844394486220022
360000.0,100.0,2,0.0008500000000000001,23.80498549411965
360000.0,100.0,2,0.0008666666666666666,23.760940499159354
360000.0,100.0,2,0.0008833333333333333,23.7122595013394
360000.0,100.0,2,0.0009,23.658942500660025
360000.0,100.0,2,0.0009166666666666666,23.600989497121446
360000.0,100.0,2,0.0009333333333333333,23.538400490723866
360000.0,100.0,2,0.00095,23.47117548146747
360000.0,100.0,2,0.0009666666666666667,23.399314469352433
360000.0,100.0,2,0.0009833333333333335,23.3228174543789
360000.0,100.0,2,0.001,23.241684436547015
360000.0,100.0,2,0.0010166666666666666,23.1559154158569
360000.0,100.0,2,0.0010333333333333334,23.065510392308646
360000.0,100.0,2,0.00105,22.97046936590235
360000.0,100.0,2,0.0010666666666666667,22.87079233663808
360000.0,100.0,2,0.0010833333333333333,22.76647930451588
360000.0,100.0,2,0.0011,22.65753026953579
360000.0,100.0,3,0.0011125,22.562520466148527
360000.0,100.0,3,0.0011250000000000001,22.46751066275737
360000.0,100.0,3,0.0011375,22.37250085936232
360000.0,100.0,3,0.00115,22.27749105596339
360000.0,100.0,3,0.0011625000000000001,22.182481252560592
360000.0,100.0,3,0.001175,22.087471449153927
360000.0,100.0,3,0.0011875,21.992461645743397
360000.0,100.0,3,0.0012000000000000001,21.89745184232902
360000.0,100.0,3,0.0012125,21.802442038910794
360000.0,100.0,3,0.001225,21.707432235488735
360000.0,100.0,3,0.0012375,21.61242243206284
360000.0,100.0,3,0.00125,21.51741262863313
360000.0,100.0,3,0.0012625000000000002,21.42240282519961
360000.0,100.0,3,0.001275,21.327393021762273
360000.0,100.0,3,0.0012875,21.232383218321136
360000.0,100.0,3,0.0013,21.13737341487621
360000.0,100.0,3,0.0013125,21.042363611427497
360000.0,100.0,3,0.001325,20.947353807975006
360000.0,100.0,3,0.0013375000000000001,20.85234400451874
360000.0,100.0,3,0.00135,20.75733420105872
360000.0,100.0,3,0.0013625,20.662324397594933
360000.0,100.0,3,0.001375,20.567314594127403
360000.0,100.0,3,0.0013875,20.472304790656136
360000.0,100.0,3,0.0014,20.37729498718112
396000.0,110.0,1,0.0,23.99277883600096
396000.0,110.0,1,2.9166666666666666e-05,23.992776808594325
396000.0,110.0,1,5.833333333333333e-05,23.99277478116547
396000.0,110.0,1,8.75e-05,23.992772753714966
396000.0,110.0,1,0.00011666666666666667,23.992770726243386
396000.0,110.0,1,0.00014583333333333332,23.9927686987513
396000.0,110.0,1,0.000175,23.992766671239288
396000.0,110.0,1,0.00020416666666666668,23.992764643707922
396000.0,110.0,1,0.00023333333333333333,23.992762616157776
396000.0,110.0,1,0.0002625,23.99276058858943
396000.0,110.0,1,0.00029166666666666664,23.99275856100345
396000.0,110.0,1,0.00032083333333333334,23.992756533400406
396000.0,110.0,1,0.00035,23.992754505780887
396000.0,110.0,1,0.00037916666666666665,23.99275247814545
396000.0,110.0,1,0.00040833333333333336,23.992750450494682
396000.0,110.0,1,0.0004375,23.99274842282916
396000.0,110.0,1,0.00046666666666666666,23.99274639514944
396000.0,110.0,1,0.0004958333333333334,23.992744367456112
396000.0,110.0,1,0.000525,23.992742339749743
396000.0,110.0,1,0.0005541666666666667,23.992740312030907
396000.0,110.0,1,0.0005833333333333333,23.992738284300184
396000.0,110.0,1,0.0006125,23.992736256558135
396000.0,110.0,1,0.0006416666666666667,23.992734228805354
396000.0,110.0,1,0.0006708333333333333,23.992732201042397
396000.0,110.0,1,0.0007,23.992730173269845
396000.0,110.0,2,0.0007166666666666667,23.99041082504727
396000.0,110.0,2,0.0007333333333333333,23.983455406833812
396000.0,110.0,2,0.00075,23.97186391862965
396000.0,110.0,2,0.0007666666666666667,23.955636360434944
396000.0,110.0,2,0.0007833333333333334,23.93477273224985
396000.0,110.0,2,0.0008,23.90927303407452
396000.0,110.0,2,0.0008166666666666667,23.879137265909094
396000.0,110.0,2,0.0008333333333333333,23.844365427753704
396000.0,110.0,2,0.0008500000000000001,23.804957519608482
396000.0,110.0,2,0.0008666666666666666,23.760913541473546
396000.0,110.0,2,0.0008833333333333333,23.712233493349007
396000.0,110.0,2,0.0009,23.658917375234967
396000.0,110.0,2,0.0009166666666666666,23.60096518713153
396000.0,110.0,2,0.0009333333333333333,23.53837692903878
396000.0,110.0,2,0.00095,23.471152600956806
396000.0,110.0,2,0.0009666666666666667,23.399292202885675
396000.0,110.0,2,0.0009833333333333335,23.322795734825462
396000.0,110.0,2,0.001,23.241663196776223
396000.0,110.0,2,0.0010166666666666666,23.15589458873801
396000.0,110.0,2,0.0010333333333333334,23.065489910710873
396000.0,110.0,2,0.00105,22.970449162694848
396000.0,110.0,2,0.0010666666666666667,22.870772344689968
396000.0,110.0,2,0.0010833333333333333,22.76645945669625
396000.0,110.0,2,0.0011,22.657510498713716
396000.0,110.0,3,0.0011125,22.562500732413753
396000.0,110.0,3,0.0011250000000000001,22.46749096611207
396000.0,110.0,3,0.0011375,22.37248119980867
396000.0,110.0,3,0.00115,22.27747143350355
396000.0,110.0,3,0.0011625000000000001,22.182461667196716
396000.0,110.0,3,0.001175,22.08745190088817
396000.0,110.0,3,0.0011875,21.992442134577914
396000.0,110.0,3,0.0012000000000000001,21.89743236826596
396000.0,110.0,3,0.0012125,21.8024226019523
396000.0,110.0,3,0.001225,21.707412835636948
396000.0,110.0,3,0.0012375,21.612403069319896
396000.0,110.0,3,0.00125,21.51739330300115
396000.0,110.0,3,0.0012625000000000002,21.422383536680723
396000.0,110.0,3,0.001275,21.32737377035861
396000.0,110.0,3,0.0012875,21.232364004034814
396000.0,110.0,3,0.0013,21.137354237709335
396000.0,110.0,3,0.0013125,21.042344471382183
396000.0,110.0,3,0.001325,20.947334705053365
396000.0,110.0,3,0.0013375000000000001,20.852324938722873
396000.0,110.0,3,0.00135,20.75731517239072
396000.0,110.0,3,0.0013625,20.662305406056902
396000.0,110.0,3,0.001375,20.567295639721426
396000.0,110.0,3,0.0013875,20.47228587338429
396000.0,110.0,3,0.0014,20.377276107045503
432000.0,120.0,1,0.0,23.99273394151678
432000.0,120.0,1,2.9166666666666666e-05,23.992733044399515
432000.0,120.0,1,5.833333333333333e-05,23.992732147272417
432000.0,120.0,1,8.75e-05,23.99273125013574
432000.0,120.0,1,0.00011666666666666667,23.992730352989735
432000.0,120.0,1,0.00014583333333333332,23.992729455834663
432000.0,120.0,1,0.000175,23.99272855867077
432000.0,120.0,1,0.00020416666666666668,23.992727661498314
432000.0,120.0,1,0.00023333333333333333,23.99272676431755
432000.0,120.0,1,0.0002625,23.992725867128726
432000.0,120.0,1,0.00029166666666666664,23.992724969932098
432000.0,120.0,1,0.00032083333333333334,23.992724072727928
432000.0,120.0,1,0.00035,23.992723175516463
432000.0,120.0,1,0.00037916666666666665,23.992722278297958
432000.0,120.0,1,0.00040833333333333336,23.992721381072666
432000.0,120.0,1,0.0004375,23.992720483840838
432000.0,120.0,1,0.00046666666666666666,23.99271958660274
432000.0,120.0,1,0.0004958333333333334,23.992718689358615
432000.0,120.0,1,0.000525,23.99271779210872
432000.0,120.0,1,0.0005541666666666667,23.992716894853313
432000.0,120.0,1,0.0005833333333333333,23.992715997592637
432000.0,120.0,1,0.0006125,23.992715100326954
432000.0,120.0,1,0.0006416666666666667,23.99271420305652
432000.0,120.0,1,0.0006708333333333333,23.992713305781585
432000.0,120.0,1,0.0007,23.99271240850241
432000.0,120.0,2,0.0007166666666666667,23.99039377755857
432000.0,120.0,2,0.0007333333333333333,23.98343904691992
432000.0,120.0,2,0.00075,23.971848216586505
432000.0,120.0,2,0.0007666666666666667,23.955621286558415
432000.0,120.0,2,0.0007833333333333334,23.93475825683572
432000.0,120.0,2,0.0008,23.909259127418487
432000.0,120.0,2,0.0008166666666666667,23.87912389830677
432000.0,120.0,2,0.0008333333333333333,23.84435256950063
432000.0,120.0,2,0.0008500000000000001,23.804945141000125
432000.0,120.0,2,0.0008666666666666666,23.76090161280531
432000.0,120.0,2,0.0008833333333333333,23.71222198491624
432000.0,120.0,2,0.0009,23.658906257332944
432000.0,120.0,2,0.0009166666666666666,23.60095443005548
432000.0,120.0,2,0.0009333333333333333,23.538366503083893
432000.0,120.0,2,0.00095,23.4711424764182
432000.0,120.0,2,0.0009666666666666667,23.399282350058446
432000.0,120.0,2,0.0009833333333333335,23.32278612400466
432000.0,120.0,2,0.001,23.241653798256873
432000.0,120.0,2,0.0010166666666666666,23.1558853728151
432000.0,120.0,2,0.0010333333333333334,23.065480847679364
432000.0,120.0,2,0.00105,22.970440222849685
432000.0,120.0,2,0.0010666666666666667,22.870763498326067
432000.0,120.0,2,0.0010833333333333333,22.766450674108533
432000.0,120.0,2,0.0011,22.657501750197085
432000.0,120.0,3,0.0011125,22.562492000308126
432000.0,120.0,3,0.0011250000000000001,22.4674822504184
432000.0,120.0,3,0.0011375,22.37247250052791
432000.0,120.0,3,0.00115,22.277462750636666
432000.0,120.0,3,0.0011625000000000001,22.18245300074466
432000.0,120.0,3,0.001175,22.087443250851898
432000.0,120.0,3,0.0011875,21.992433500958377
432000.0,120.0,3,0.0012000000000000001,21.89742375106411
432000.0,120.0,3,0.0012125,21.80241400116908
432000.0,120.0,3,0.001225,21.707404251273307
432000.0,120.0,3,0.0012375,21.612394501376784
432000.0,120.0,3,0.00125,21.517384751479504
432000.0,120.0,3,0.0012625000000000002,21.422375001581482
432000.0,120.0,3,0.001275,21.327365251682725
432000.0,120.0,3,0.0012875,21.232355501783207
432000.0,120.0,3,0.0013,21.137345751882958
432000.0,120.0,3,0.0013125,21.04233600198196
432000.0,120.0,3,0.001325,20.947326252080227
432000.0,120.0,3,0.0013375000000000001,20.85231650217775
432000.0,120.0,3,0.00135,20.757306752274545
432000.0,120.0,3,0.0013625,20.6622970023706
432000.0,120.0,3,0.001375,20.567287252465924
432000.0,120.0,3,0.0013875,20.472277502560505
432000.0,120.0,3,0.0014,20.377267752654365
468000.0,130.0,1,0.0,23.99271407592758
468000.0,130.0,1,2.9166666666666666e-05,23.992713678957692
468000.0,130.0,1,5.833333333333333e-05,23.992713281983445
468000.0,130.0,1,8.75e-05,23.992712885004963
468000.0,130.0,1,0.00011666666666666667,23.99271248802235
468000.0,130.0,1,0.00014583333333333332,23.992712091035727
468000.0,130.0,1,0.000175,23.992711694045205
468000.0,130.0,1,0.00020416666666666668,23.992711297050892
468000.0,130.0,1,0.00023333333333333333,23.9927109000529
468000.0,130.0,1,0.0002625,23.99271050305134
468000.0,130.0,1,0.00029166666666666664,23.99271010604633
468000.0,130.0,1,0.00032083333333333334,23.992709709037985
468000.0,130.0,1,0.00035,23.99270931202641
468000.0,130.0,1,0.00037916666666666665,23.992708915011715
468000.0,130.0,1,0.00040833333333333336,23.99270851799402
468000.0,130.0,1,0.0004375,23.99270812097344
468000.0,130.0,1,0.00046666666666666666,23.99270772395008
468000.0,130.0,1,0.0004958333333333334,23.992707326924048
468000.0,130.0,1,0.000525,23.99270692989547
468000.0,130.0,1,0.0005541666666666667,23.992706532864446
468000.0,130.0,1,0.0005833333333333333,23.9927061358311
468000.0,130.0,1,0.0006125,23.992705738795532
468000.0,130.0,1,0.0006416666666666667,23.992705341757866
468000.0,130.0,1,0.0006708333333333333,23.992704944718206
468000.0,130.0,1,0.0007,23.992704547676663
468000.0,130.0,2,0.0007166666666666667,23.99038623412508
468000.0,130.0,2,0.0007333333333333333,23.98343180773481
468000.0,130.0,2,0.00075,23.97184126850591
468000.0,130.0,2,0.0007666666666666667,23.955614616438396
468000.0,130.0,2,0.0007833333333333334,23.934751851532305
468000.0,130.0,2,0.0008,23.90925297378767
468000.0,130.0,2,0.0008166666666666667,23.879117983204516
468000.0,130.0,2,0.0008333333333333333,23.84434687978287
468000.0,130.0,2,0.0008500000000000001,23.804939663522752
468000.0,130.0,2,0.0008666666666666666,23.76089633442419
468000.0,130.0,2,0.0008833333333333333,23.712216892487202
468000.0,130.0,2,0.0009,23.65890133771181
468000.0,130.0,2,0.0009166666666666666,23.600949670098043
468000.0,130.0,2,0.0009333333333333333,23.538361889645895
468000.0,130.0,2,0.00095,23.47113799635541
468000.0,130.0,2,0.0009666666666666667,23.399277990226583
468000.0,130.0,2,0.0009833333333333335,23.322781871259433
468000.0,130.0,2,0.001,23.24164963945398
468000.0,130.0,2,0.0010166666666666666,23.15588129481022
468000.0,130.0,2,0.0010333333333333334,23.06547683732817
468000.0,130.0,2,0.00105,22.970436267007837
468000.0,130.0,2,0.0010666666666666667,22.870759583849228
468000.0,130.0,2,0.0010833333333333333,22.76644678785234
468000.0,130.0,2,0.0011,22.65749787901719
468000.0,130.0,3,0.0011125,22.562488136390023
468000.0,130.0,3,0.0011250000000000001,22.467478393762512
468000.0,130.0,3,0.0011375,22.37246865113467
468000.0,130.0,3,0.00115,22.27745890850649
468000.0,130.0,3,0.0011625000000000001,22.182449165877973
468000.0,130.0,3,0.001175,22.087439423249123
468000.0,130.0,3,0.0011875,21.99242968061994
468000.0,130.0,3,0.0012000000000000001,21.89741993799042
468000.0,130.0,3,0.0012125,21.802410195360565
468000.0,130.0,3,0.001225,21.707400452730383
468000.0,130.0,3,0.0012375,21.612390710099866
468000.0,130.0,3,0.00125,21.517380967469016
468000.0,130.0,3,0.0012625000000000002,21.422371224837836
468000.0,130.0,3,0.001275,21.327361482206335
468000.0,130.0,3,0.0012875,21.232351739574494
468000.0,130.0,3,0.0013,21.13734199694233
468000.0,130.0,3,0.0013125,21.04233225430984
468000.0,130.0,3,0.001325,20.947322511677015
468000.0,130.0,3,0.0013375000000000001,20.852312769043863
468000.0,130.0,3,0.00135,20.757303026410394
468000.0,130.0,3,0.0013625,20.662293283776595
468000.0,130.0,3,0.001375,20.56728354114247
468000.0,130.0,3,0.0013875,20.472273798508024
468000.0,130.0,3,0.0014,20.37726405587325
504000.0,140.0,1,0.0,23.99270528550294
504000.0,140.0,1,2.9166666666666666e-05,23.99270510984575
504000.0,140.0,1,5.833333333333333e-05,23.992704934186637
504000.0,140.0,1,8.75e-05,23.992704758525644
504000.0,140.0,1,0.00011666666666666667,23.992704582862828
504000.0,140.0,1,0.00014583333333333332,23.99270440719824
504000.0,140.0,1,0.000175,23.992704231531924
504000.0,140.0,1,0.00020416666666666668,23.99270405586393
504000.0,140.0,1,0.00023333333333333333,23.992703880194306
504000.0,140.0,1,0.0002625,23.992703704523105
504000.0,140.0,1,0.00029166666666666664,23.992703528850377
504000.0,140.0,1,0.00032083333333333334,23.992703353176175
504000.0,140.0,1,0.00035,23.99270317750054
504000.0,140.0,1,0.00037916666666666665,23.99270300182353
504000.0,140.0,1,0.00040833333333333336,23.99270282614519
504000.0,140.0,1,0.0004375,23.99270265046557
504000.0,140.0,1,0.00046666666666666666,23.992702474784718
504000.0,140.0,1,0.0004958333333333334,23.992702299102696
504000.0,140.0,1,0.000525,23.992702123419537
504000.0,140.0,1,0.0005541666666666667,23.9927019477353
504000.0,140.0,1,0.0005833333333333333,23.99270177205003
504000.0,140.0,1,0.0006125,23.99270159636378
504000.0,140.0,1,0.0006416666666666667,23.9927014206766
504000.0,140.0,1,0.0006708333333333333,23.99270124498854
504000.0,140.0,1,0.0007,23.99270106929965
504000.0,140.0,2,0.0007166666666666667,23.99038289619254
504000.0,140.0,2,0.0007333333333333333,23.983428604430664
504000.0,140.0,2,0.00075,23.971838194014044
504000.0,140.0,2,0.0007666666666666667,23.955611664942698
504000.0,140.0,2,0.0007833333333333334,23.93474901721663
504000.0,140.0,2,0.0008,23.909250250835864
504000.0,140.0,2,0.0008166666666666667,23.8791153658004
504000.0,140.0,2,0.0008333333333333333,23.844344362110263
504000.0,140.0,2,0.0008500000000000001,23.804937239765447
504000.0,140.0,2,0.0008666666666666666,23.76089399876598
504000.0,140.0,2,0.0008833333333333333,23.71221463911186
504000.0,140.0,2,0.0009,23.6588991608031
504000.0,140.0,2,0.0009166666666666666,23.60094756383971
504000.0,140.0,2,0.0009333333333333333,23.538359848221692
504000.0,140.0,2,0.00095,23.47113601394906
504000.0,140.0,2,0.0009666666666666667,23.39927606102182
504000.0,140.0,2,0.0009833333333333335,23.322779989439972
504000.0,140.0,2,0.001,23.24164779920353
504000.0,140.0,2,0.0010166666666666666,23.15587949031249
504000.0,140.0,2,0.0010333333333333334,23.06547506276686
504000.0,140.0,2,0.00105,22.970434516566645
504000.0,140.0,2,0.0010666666666666667,22.870757851711844
504000.0,140.0,2,0.0010833333333333333,22.76644506820245
504000.0,140.0,2,0.0011,22.65749616603849
504000.0,140.0,3,0.0011125,22.562486426624627
504000.0,140.0,3,0.0011250000000000001,22.467476687210617
504000.0,140.0,3,0.0011375,22.372466947796454
504000.0,140.0,3,0.00115,22.277457208382152
504000.0,140.0,3,0.0011625000000000001,22.18244746896769
504000.0,140.0,3,0.001175,22.08743772955309
504000.0,140.0,3,0.0011875,21.992427990138335
504000.0,140.0,3,0.0012000000000000001,21.897418250723433
504000.0,140.0,3,0.0012125,21.80240851130839
504000.0,140.0,3,0.001225,21.707398771893192
504000.0,140.0,3,0.0012375,21.61238903247785
504000.0,140.0,3,0.00125,21.517379293062366
504000.0,140.0,3,0.0012625000000000002,21.422369553646732
504000.0,140.0,3,0.001275,21.32735981423095
504000.0,140.0,3,0.0012875,21.23235007481502
504000.0,140.0,3,0.0013,21.137340335398953
504000.0,140.0,3,0.0013125,21.042330595982733
504000.0,140.0,3,0.001325,20.947320856566375
504000.0,140.0,3,0.0013375000000000001,20.852311117149867
504000.0,140.0,3,0.00135,20.757301377733217
504000.0,140.0,3,0.0013625,20.66229163831642
504000.0,140.0,3,0.001375,20.567281898899488
504000.0,140.0,3,0.0013875,20.472272159482404
504000.0,140.0,3,0.0014,20.377262420065176
540000.0,150.0,1,0.0,23.992701395783882
540000.0,150.0,1,2.9166666666666666e-05,23.992701318056458
540000.0,150.0,1,5.833333333333333e-05,23.99270124032818
540000.0,150.0,1,8.75e-05,23.992701162599072
540000.0,150.0,1,0.00011666666666666667,23.992701084869157
540000.0,150.0,1,0.00014583333333333332,23.992701007138457
540000.0,150.0,1,0.000175,23.99270092940699
540000.0,150.0,1,0.00020416666666666668,23.99270085167478
540000.0,150.0,1,0.00023333333333333333,23.992700773941852
540000.0,150.0,1,0.0002625,23.992700696208228
540000.0,150.0,1,0.00029166666666666664,23.99270061847393
540000.0,150.0,1,0.00032083333333333334,23.99270054073897
540000.0,150.0,1,0.00035,23.992700463003384
540000.0,150.0,1,0.00037916666666666665,23.992700385267185
540000.0,150.0,1,0.00040833333333333336,23.992700307530402
540000.0,150.0,1,0.0004375,23.99270022979305
540000.0,150.0,1,0.00046666666666666666,23.992700152055153
540000.0,150.0,1,0.0004958333333333334,23.992700074316737
540000.0,150.0,1,0.000525,23.99269999657782
540000.0,150.0,1,0.0005541666666666667,23.992699918838422
540000.0,150.0,1,0.0005833333333333333,23.992699841098574
540000.0,150.0,1,0.0006125,23.99269976335829
540000.0,150.0,1,0.0006416666666666667,23.992699685617595
540000.0,150.0,1,0.0006708333333333333,23.992699607876506
540000.0,150.0,1,0.0007,23.992699530135052
540000.0,150.0,2,0.0007166666666666667,23.990381419173918
540000.0,150.0,2,0.0007333333333333333,23.98342718698443
540000.0,150.0,2,0.00075,23.971836833566602
540000.0,150.0,2,0.0007666666666666667,23.95561035892044
540000.0,150.0,2,0.0007833333333333334,23.934747763045944
540000.0,150.0,2,0.0008,23.90924904594313
540000.0,150.0,2,0.0008166666666666667,23.87911420761199
540000.0,150.0,2,0.0008333333333333333,23.84434324805254
540000.0,150.0,2,0.0008500000000000001,23.80493616726479
540000.0,150.0,2,0.0008666666666666666,23.760892965248722
540000.0,150.0,2,0.0008833333333333333,23.712213642004357
540000.0,150.0,2,0.0009,23.658898197531702
540000.0,150.0,2,0.0009166666666666666,23.600946631830748
540000.0,150.0,2,0.0009333333333333333,23.53835894490151
540000.0,150.0,2,0.00095,23.47113513674399
540000.0,150.0,2,0.0009666666666666667,23.39927520735818
540000.0,150.0,2,0.0009833333333333335,23.322779156744094
540000.0,150.0,2,0.001,23.241646984901728
540000.0,150.0,2,0.0010166666666666666,23.155878691831088
540000.0,150.0,2,0.0010333333333333334,23.065474277532168
540000.0,150.0,2,0.00105,22.97043374200499
540000.0,150.0,2,0.0010666666666666667,22.870757085249526
540000.0,150.0,2,0.0010833333333333333,22.766444307265797
540000.0,150.0,2,0.0011,22.6574954080538
540000.0,150.0,3,0.0011125,22.562485670061815
540000.0,150.0,3,0.0011250000000000001,22.46747593206976
540000.0,150.0,3,0.0011375,22.372466194077642
540000.0,150.0,3,0.00115,22.277456456085456
540000.0,150.0,3,0.0011625000000000001,22.182446718093207
540000.0,150.0,3,0.001175,22.087436980100886
540000.0,150.0,3,0.0011875,21.9924272421085
540000.0,150.0,3,0.0012000000000000001,21.897417504116056
540000.0,150.0,3,0.0012125,21.802407766123547
540000.0,150.0,3,0.001225,21.707398028130967
540000.0,150.0,3,0.0012375,21.612388290138323
540000.0,150.0,3,0.00125,21.517378552145615
540000.0,150.0,3,0.0012625000000000002,21.422368814152843
540000.0,150.0,3,0.001275,21.327359076160008
540000.0,150.0,3,0.0012875,21.232349338167108
540000.0,150.0,3,0.0013,21.13733960017414
540000.0,150.0,3,0.0013125,21.042329862181113
540000.0,150.0,3,0.001325,20.947320124188018
540000.0,150.0,3,0.0013375000000000001,20.85231038619486
540000.0,150.0,3,0.00135,20.757300648201635
540000.0,150.0,3,0.0013625,20.662290910208352
540000.0,150.0,3,0.001375,20.567281172215008
540000.0,150.0,3,0.0013875,20.472271434221593
540000.0,150.0,3,0.0014,20.377261696228114
576000.0,160.0,1,0.0,23.992699674602648
576000.0,160.0,1,2.9166666666666666e-05,23.992699640208656
576000.0,160.0,1,5.833333333333333e-05,23.992699605814277
576000.0,160.0,1,8.75e-05,23.992699571419536
576000.0,160.0,1,0.00011666666666666667,23.99269953702444
576000.0,160.0,1,0.00014583333333333332,23.99269950262899
576000.0,160.0,1,0.000175,23.99269946823321
576000.0,160.0,1,0.00020416666666666668,23.992699433837096
576000.0,160.0,1,0.00023333333333333333,23.992699399440667
576000.0,160.0,1,0.0002625,23.992699365043922
576000.0,160.0,1,0.00029166666666666664,23.99269933064689
576000.0,160.0,1,0.00032083333333333334,23.992699296249558
576000.0,160.0,1,0.00035,23.99269926185195
576000.0,160.0,1,0.00037916666666666665,23.99269922745407
576000.0,160.0,1,0.00040833333333333336,23.992699193055934
576000.0,160.0,1,0.0004375,23.992699158657544
576000.0,160.0,1,0.00046666666666666666,23.992699124258916
576000.0,160.0,1,0.0004958333333333334,23.992699089860057
576000.0,160.0,1,0.000525,23.992699055460978
576000.0,160.0,1,0.0005541666666666667,23.992699021061682
576000.0,160.0,1,0.0005833333333333333,23.992698986662184
576000.0,160.0,1,0.0006125,23.9926989522625
576000.0,160.0,1,0.0006416666666666667,23.992698917862636
576000.0,160.0,1,0.0006708333333333333,23.99269888346259
576000.0,160.0,1,0.0007,23.992698849062386
576000.0,160.0,2,0.0007166666666666667,23.990380765600534
576000.0,160.0,2,0.0007333333333333333,23.983426559771534
576000.0,160.0,2,0.00075,23.97183623157538
576000.0,160.0,2,0.0007666666666666667,23.95560978101209
576000.0,160.0,2,0.0007833333333333334,23.934747208081664
576000.0,160.0,2,0.0008,23.90924851278409
576000.0,160.0,2,0.0008166666666666667,23.879113695119386
576000.0,160.0,2,0.0008333333333333333,23.844342755087542
576000.0,160.0,2,0.0008500000000000001,23.804935692688574
576000.0,160.0,2,0.0008666666666666666,23.760892507922474
576000.0,160.0,2,0.0008833333333333333,23.712213200789247
576000.0,160.0,2,0.0009,23.658897771288892
576000.0,160.0,2,0.0009166666666666666,23.60094621942142
576000.0,160.0,2,0.0009333333333333333,23.538358545186817
576000.0,160.0,2,0.00095,23.471134748585097
576000.0,160.0,2,0.0009666666666666667,23.399274829616257
576000.0,160.0,2,0.0009833333333333335,23.322778788280296
576000.0,160.0,2,0.001,23.241646624577218
576000.0,160.0,2,0.0010166666666666666,23.155878338507026
576000.0,160.0,2,0.0010333333333333334,23.065473930069718
576000.0,160.0,2,0.00105,22.970433399265293
576000.0,160.0,2,0.0010666666666666667,22.870756746093758
576000.0,160.0,2,0.0010833333333333333,22.766443970555102
576000.0,160.0,2,0.0011,22.657495072649333
576000.0,160.0,3,0.0011125,22.562485335286517
576000.0,160.0,3,0.0011250000000000001,22.46747559792367
576000.0,160.0,3,0.0011375,22.372465860560798
576000.0,160.0,3,0.00115,22.277456123197894
576000.0,160.0,3,0.0011625000000000001,22.18244638583496
576000.0,160.0,3,0.001175,22.087436648472003
576000.0,160.0,3,0.0011875,21.992426911109018
576000.0,160.0,3,0.0012000000000000001,21.897417173745993
576000.0,160.0,3,0.0012125,21.80240743638295
576000.0,160.0,3,0.001225,21.70739769901987
576000.0,160.0,3,0.0012375,21.612387961656765
576000.0,160.0,3,0.00125,21.517378224293626
576000.0,160.0,3,0.0012625000000000002,21.422368486930466
576000.0,160.0,3,0.001275,21.327358749567274
576000.0,160.0,3,0.0012875,21.232349012204057
576000.0,160.0,3,0.0013,21.13733927484081
576000.0,160.0,3,0.0013125,21.04232953747753
576000.0,160.0,3,0.001325,20.94731980011423
576000.0,160.0,3,0.0013375000000000001,20.852310062750888
576000.0,160.0,3,0.00135,20.757300325387533
576000.0,160.0,3,0.0013625,20.662290588024142
576000.0,160.0,3,0.001375,20.567280850660723
576000.0,160.0,3,0.0013875,20.47227111329728
576000.0,160.0,3,0.0014,20.377261375933802
612000.0,170.0,1,0.0,23.99269891306877
612000.0,170.0,1,2.9166666666666666e-05,23.992698897847582
612000.0,170.0,1,5.833333333333333e-05,23.992698882626225
612000.0,170.0,1,8.75e-05,23.9926988674047
612000.0,170.0,1,0.00011666666666666667,23.992698852183025
612000.0,170.0,1,0.00014583333333333332,23.992698836961193
612000.0,170.0,1,0.000175,23.99269882173921
612000.0,170.0,1,0.00020416666666666668,23.992698806517083
612000.0,170.0,1,0.00023333333333333333,23.992698791294817
612000.0,170.0,1,0.0002625,23.992698776072412
612000.0,170.0,1,0.00029166666666666664,23.992698760849873
612000.0,170.0,1,0.00032083333333333334,23.992698745627212
612000.0,170.0,1,0.00035,23.99269873040442
612000.0,170.0,1,0.00037916666666666665,23.992698715181515
612000.0,170.0,1,0.00040833333333333336,23.99269869995849
612000.0,170.0,1,0.0004375,23.99269868473536
612000.0,170.0,1,0.00046666666666666666,23.992698669512116
612000.0,170.0,1,0.0004958333333333334,23.992698654288773
612000.0,170.0,1,0.000525,23.992698639065335
612000.0,170.0,1,0.0005541666666666667,23.992698623841797
612000.0,170.0,1,0.0005833333333333333,23.992698608618173
612000.0,170.0,1,0.0006125,23.99269859339447
612000.0,170.0,1,0.0006416666666666667,23.992698578170675
612000.0,170.0,1,0.0006708333333333333,23.99269856294681
612000.0,170.0,1,0.0007,23.99269854772287
612000.0,170.0,2,0.0007166666666666667,23.990380476428037
612000.0,170.0,2,0.0007333333333333333,23.983426282262187
612000.0,170.0,2,0.00075,23.971835965225328
612000.0,170.0,2,0.0007666666666666667,23.955609525317467
612000.0,170.0,2,0.0007833333333333334,23.934746962538597
612000.0,170.0,2,0.0008,23.909248276888725
612000.0,170.0,2,0.0008166666666666667,23.879113468367844
612000.0,170.0,2,0.0008333333333333333,23.844342536975965
612000.0,170.0,2,0.0008500000000000001,23.804935482713084
612000.0,170.0,2,0.0008666666666666666,23.7608923055792
612000.0,170.0,2,0.0008833333333333333,23.71221300557432
612000.0,170.0,2,0.0009,23.65889758269844
612000.0,170.0,2,0.0009166666666666666,23.600946036951562
612000.0,170.0,2,0.0009333333333333333,23.538358368333686
612000.0,170.0,2,0.00095,23.47113457684481
612000.0,170.0,2,0.0009666666666666667,23.39927466248494
612000.0,170.0,2,0.0009833333333333335,23.322778625254074
612000.0,170.0,2,0.001,23.24164646515221
612000.0,170.0,2,0.0010166666666666666,23.155878182179357
612000.0,170.0,2,0.0010333333333333334,23.06547377633551
612000.0,170.0,2,0.00105,22.97043324762066
612000.0,170.0,2,0.0010666666666666667,22.87075659603482
612000.0,170.0,2,0.0010833333333333333,22.766443821577987
612000.0,170.0,2,0.0011,22.65749492425016
612000.0,170.0,3,0.0011125,22.56248518716572
612000.0,170.0,3,0.0011250000000000001,22.467475450081267
612000.0,170.0,3,0.0011375,22.3724657129968
612000.0,170.0,3,0.00115,22.27745597591232
612000.0,170.0,3,0.0011625000000000001,22.182446238827833
612000.0,170.0,3,0.001175,22.087436501743326
612000.0,170.0,3,0.0011875,21.99242676465881
612000.0,170.0,3,0.0012000000000000001,21.897417027574285
612000.0,170.0,3,0.0012125,21.80240729048974
612000.0,170.0,3,0.001225,21.707397553405187
612000.0,170.0,3,0.0012375,21.61238781632062
612000.0,170.0,3,0.00125,21.51737807923604
612000.0,170.0,3,0.0012625000000000002,21.422368342151444
612000.0,170.0,3,0.001275,21.327358605066838
612000.0,170.0,3,0.0012875,21.23234886798222
612000.0,170.0,3,0.0013,21.13733913089759
612000.0,170.0,3,0.0013125,21.04232939381295
612000.0,170.0,3,0.001325,20.94731965672829
612000.0,170.0,3,0.0013375000000000001,20.85230991964362
612000.0,170.0,3,0.00135,20.75730018255894
612000.0,170.0,3,0.0013625,20.662290445474248
612000.0,170.0,3,0.001375,20.567280708389543
612000.0,170.0,3,0.0013875,20.472270971304823
612000.0,170.0,3,0.0014,20.377261234220093
648000.0,180.0,1,0.0,23.992698576106164
648000.0,180.0,1,2.9166666666666666e-05,23.992698569368535
648000.0,180.0,1,5.833333333333333e-05,23.992698562630828
648000.0,180.0,1,8.75e-05,23.992698555893057
648000.0,180.0,1,0.00011666666666666667,23.99269854915521
648000.0,180.0,1,0.00014583333333333332,23.992698542417298
648000.0,180.0,1,0.000175,23.992698535679317
648000.0,180.0,1,0.00020416666666666668,23.992698528941272
648000.0,180.0,1,0.00023333333333333333,23.992698522203167
648000.0,180.0,1,0.0002625,23.992698515464998
648000.0,180.0,1,0.00029166666666666664,23.99269850872677
648000.0,180.0,1,0.00032083333333333334,23.992698501988485
648000.0,180.0,1,0.00035,23.992698495250153
648000.0,180.0,1,0.00037916666666666665,23.992698488511763
648000.0,180.0,1,0.00040833333333333336,23.992698481773317
648000.0,180.0,1,0.0004375,23.992698475034828
648000.0,180.0,1,0.00046666666666666666,23.992698468296293
648000.0,180.0,1,0.0004958333333333334,23.99269846155771
648000.0,180.0,1,0.000525,23.99269845481908
648000.0,180.0,1,0.0005541666666666667,23.99269844808041
648000.0,180.0,1,0.0005833333333333333,23.992698441341705
648000.0,180.0,1,0.0006125,23.992698434602964
648000.0,180.0,1,0.0006416666666666667,23.99269842786418
648000.0,180.0,1,0.0006708333333333333,23.992698421125368
648000.0,180.0,1,0.0007,23.99269841438652
648000.0,180.0,2,0.0007166666666666667,23.990380348475327
648000.0,180.0,2,0.0007333333333333333,23.98342615947018
648000.0,180.0,2,0.00075,23.971835847371075
648000.0,180.0,2,0.0007666666666666667,23.95560941217801
648000.0,180.0,2,0.0007833333333333334,23.934746853890992
648000.0,180.0,2,0.0008,23.90924817251002
648000.0,180.0,2,0.0008166666666666667,23.87911336803509
648000.0,180.0,2,0.0008333333333333333,23.84434244046621
648000.0,180.0,2,0.0008500000000000001,23.80493538980338
648000.0,180.0,2,0.0008666666666666666,23.76089221604659
648000.0,180.0,2,0.0008833333333333333,23.71221291919585
648000.0,180.0,2,0.0009,23.658897499251157
648000.0,180.0,2,0.0009166666666666666,23.600945956212517
648000.0,180.0,2,0.0009333333333333333,23.538358290079916
648000.0,180.0,2,0.00095,23.47113450085337
648000.0,180.0,2,0.0009666666666666667,23.399274588532872
648000.0,180.0,2,0.0009833333333333335,23.322778553118425
648000.0,180.0,2,0.001,23.241646394610022
648000.0,180.0,2,0.0010166666666666666,23.155878113007674
648000.0,180.0,2,0.0010333333333333334,23.06547370831137
648000.0,180.0,2,0.00105,22.97043318052112
648000.0,180.0,2,0.0010666666666666667,22.87075652963692
648000.0,180.0,2,0.0010833333333333333,22.76644375565877
648000.0,180.0,2,0.0011,22.657494858586666
648000.0,180.0,3,0.0011125,22.5624851216254
648000.0,180.0,3,0.0011250000000000001,22.46747538466413
648000.0,180.0,3,0.0011375,22.372465647702857
648000.0,180.0,3,0.00115,22.277455910741576
648000.0,180.0,3,0.0011625000000000001,22.18244617378029
648000.0,180.0,3,0.001175,22.087436436818994
648000.0,180.0,3,0.0011875,21.9924266998577
648000.0,180.0,3,0.0012000000000000001,21.897416962896393
648000.0,180.0,3,0.0012125,21.802407225935085
648000.0,180.0,3,0.001225,21.707397488973772
648000.0,180.0,3,0.0012375,21.612387752012452
648000.0,180.0,3,0.00125,21.517378015051126
648000.0,180.0,3,0.0012625000000000002,21.422368278089788
648000.0,180.0,3,0.001275,21.327358541128458
648000.0,180.0,3,0.0012875,21.232348804167113
648000.0,180.0,3,0.0013,21.137339067205765
648000.0,180.0,3,0.0013125,21.04232933024441
648000.0,180.0,3,0.001325,20.94731959328305
648000.0,180.0,3,0.0013375000000000001,20.852309856321682
648000.0,180.0,3,0.00135,20.757300119360313
648000.0,180.0,3,0.0013625,20.66229038239894
648000.0,180.0,3,0.001375,20.567280645437556
648000.0,180.0,3,0.0013875,20.472270908476165
648000.0,180.0,3,0.0014,20.37726117151478
684000.0,190.0,1,0.0,23.992698426950703
684000.0,190.0,1,2.9166666666666666e-05,23.992698423968292
684000.0,190.0,1,5.833333333333333e-05,23.992698420985853
684000.0,190.0,1,8.75e-05,23.992698418003382
684000.0,190.0,1,0.00011666666666666667,23.99269841502088
684000.0,190.0,1,0.00014583333333333332,23.992698412038344
684000.0,190.0,1,0.000175,23.99269840905578
684000.0,190.0,1,0.00020416666666666668,23.99269840607319
684000.0,190.0,1,0.00023333333333333333,23.99269840309057
684000.0,190.0,1,0.0002625,23.992698400107923
684000.0,190.0,1,0.00029166666666666664,23.992698397125253
684000.0,190.0,1,0.00032083333333333334,23.992698394142554
684000.0,190.0,1,0.00035,23.992698391159834
684000.0,190.0,1,0.00037916666666666665,23.99269838817709
684000.0,190.0,1,0.00040833333333333336,23.99269838519432
684000.0,190.0,1,0.0004375,23.992698382211533
684000.0,190.0,1,0.00046666666666666666,23.992698379228724
684000.0,190.0,1,0.0004958333333333334,23.992698376245894
684000.0,190.0,1,0.000525,23.992698373263046
684000.0,190.0,1,0.0005541666666666667,23.99269837028018
684000.0,190.0,1,0.0005833333333333333,23.992698367297294
684000.0,190.0,1,0.0006125,23.992698364314393
684000.0,190.0,1,0.0006416666666666667,23.992698361331477
684000.0,190.0,1,0.0006708333333333333,23.992698358348544
684000.0,190.0,1,0.0007,23.992698355365597
684000.0,190.0,2,0.0007166666666666667,23.990380291837457
684000.0,190.0,2,0.0007333333333333333,23.983426105116674
684000.0,190.0,2,0.00075,23.971835795203248
684000.0,190.0,2,0.0007666666666666667,23.955609362097178
684000.0,190.0,2,0.0007833333333333334,23.934746805798465
684000.0,190.0,2,0.0008,23.90924812630711
684000.0,190.0,2,0.0008166666666666667,23.879113323623105
684000.0,190.0,2,0.0008333333333333333,23.844342397746466
684000.0,190.0,2,0.0008500000000000001,23.804935348677184
684000.0,190.0,2,0.0008666666666666666,23.760892176415254
684000.0,190.0,2,0.0008833333333333333,23.712212880960685
684000.0,190.0,2,0.0009,23.65889746231348
684000.0,190.0,2,0.0009166666666666666,23.600945920473624
684000.0,190.0,2,0.0009333333333333333,23.538358255441132
684000.0,190.0,2,0.00095,23.471134467215997
684000.0,190.0,2,0.0009666666666666667,23.39927455579822
684000.0,190.0,2,0.0009833333333333335,23.3227785211878
684000.0,190.0,2,0.001,23.241646363384742
684000.0,190.0,2,0.0010166666666666666,23.15587808238904
684000.0,190.0,2,0.0010333333333333334,23.0654736782007
684000.0,190.0,2,0.00105,22.970433150819716
684000.0,190.0,2,0.0010666666666666667,22.87075650024609
684000.0,190.0,2,0.0010833333333333333,22.766443726479828
684000.0,190.0,2,0.0011,22.657494829520925
684000.0,190.0,3,0.0011125,22.562485092614182
684000.0,190.0,3,0.0011250000000000001,22.46747535570744
684000.0,190.0,3,0.0011375,22.372465618800693
684000.0,190.0,3,0.00115,22.277455881893946
684000.0,190.0,3,0.0011625000000000001,22.182446144987196
684000.0,190.0,3,0.001175,22.087436408080443
684000.0,190.0,3,0.0011875,21.992426671173686
684000.0,190.0,3,0.0012000000000000001,21.89741693426693
684000.0,190.0,3,0.0012125,21.802407197360168
684000.0,190.0,3,0.001225,21.707397460453404
684000.0,190.0,3,0.0012375,21.61238772354664
684000.0,190.0,3,0.00125,21.51737798663987
684000.0,190.0,3,0.0012625000000000002,21.4223682497331
684000.0,190.0,3,0.001275,21.327358512826326
684000.0,190.0,3,0.0012875,21.23234877591955
684000.0,190.0,3,0.0013,21.137339039012772
684000.0,190.0,3,0.0013125,21.04232930210599
684000.0,190.0,3,0.001325,20.947319565199212
684000.0,190.0,3,0.0013375000000000001,20.852309828292423
684000.0,190.0,3,0.00135,20.757300091385638
684000.0,190.0,3,0.0013625,20.662290354478845
684000.0,190.0,3,0.001375,20.567280617572052
684000.0,190.0,3,0.0013875,20.47227088066526
684000.0,190.0,3,0.0014,20.377261143758464
720000.0,200.0,1,0.0,23.992698360927125
720000.0,200.0,1,2.9166666666666666e-05,23.992698359606965
720000.0,200.0,1,5.833333333333333e-05,23.99269835828679
720000.0,200.0,1,8.75e-05,23.9926983569666
720000.0,200.0,1,0.00011666666666666667,23.992698355646397
720000.0,200.0,1,0.00014583333333333332,23.992698354326176
720000.0,200.0,1,0.000175,23.99269835300595
720000.0,200.0,1,0.00020416666666666668,23.992698351685707
720000.0,200.0,1,0.00023333333333333333,23.992698350365455
720000.0,200.0,1,0.0002625,23.992698349045188
720000.0,200.0,1,0.00029166666666666664,23.992698347724907
720000.0,200.0,1,0.00032083333333333334,23.99269834640462
720000.0,200.0,1,0.00035,23.992698345084317
720000.0,200.0,1,0.00037916666666666665,23.99269834376401
720000.0,200.0,1,0.00040833333333333336,23.99269834244369
720000.0,200.0,1,0.0004375,23.99269834112336
720000.0,200.0,1,0.00046666666666666666,23.99269833980302
720000.0,200.0,1,0.0004958333333333334,23.992698338482676
720000.0,200.0,1,0.000525,23.992698337162317
720000.0,200.0,1,0.0005541666666666667,23.992698335841954
720000.0,200.0,1,0.0005833333333333333,23.992698334521577
720000.0,200.0,1,0.0006125,23.9926983332012
720000.0,200.0,1,0.0006416666666666667,23.992698331880817
720000.0,200.0,1,0.0006708333333333333,23.992698330560422
720000.0,200.0,1,0.0007,23.99269832924002
720000.0,200.0,2,0.0007166666666666667,23.99038026676674
720000.0,200.0,2,0.0007333333333333333,23.983426081057132
720000.0,200.0,2,0.00075,23.971835772111195
720000.0,200.0,2,0.0007666666666666667,23.955609339928927
720000.0,200.0,2,0.0007833333333333334,23.934746784510338
720000.0,200.0,2,0.0008,23.909248105855415
720000.0,200.0,2,0.0008166666666666667,23.87911330396417
720000.0,200.0,2,0.0008333333333333333,23.844342378836597
720000.0,200.0,2,0.0008500000000000001,23.804935330472695
720000.0,200.0,2,0.0008666666666666666,23.76089215887247
720000.0,200.0,2,0.0008833333333333333,23.712212864035916
720000.0,200.0,2,0.0009,23.658897445963035
720000.0,200.0,2,0.0009166666666666666,23.600945904653827
720000.0,200.0,2,0.0009333333333333333,23.53835824010829
720000.0,200.0,2,0.00095,23.471134452326435
720000.0,200.0,2,0.0009666666666666667,23.399274541308245
720000.0,200.0,2,0.0009833333333333335,23.32277850705373
720000.0,200.0,2,0.001,23.24164634956289
720000.0,200.0,2,0.0010166666666666666,23.155878068835726
720000.0,200.0,2,0.0010333333333333334,23.06547366487223
720000.0,200.0,2,0.00105,22.970433137672412
720000.0,200.0,2,0.0010666666666666667,22.870756487236264
720000.0,200.0,2,0.0010833333333333333,22.766443713563792
720000.0,200.0,2,0.0011,22.657494816654992
720000.0,200.0,3,0.0011125,22.562485079772387
720000.0,200.0,3,0.0011250000000000001,22.46747534288978
720000.0,200.0,3,0.0011375,22.37246560600717
720000.0,200.0,3,0.00115,22.277455869124562
720000.0,200.0,3,0.0011625000000000001,22.18244613224195
720000.0,200.0,3,0.001175,22.08743639535934
720000.0,200.0,3,0.0011875,21.992426658476727
720000.0,200.0,3,0.0012000000000000001,21.897416921594115
720000.0,200.0,3,0.0012125,21.8024071847115
720000.0,200.0,3,0.001225,21.707397447828885
720000.0,200.0,3,0.0012375,21.61238771094627
720000.0,200.0,3,0.00125,21.51737797406365
720000.0,200.0,3,0.0012625000000000002,21.42236823718103
720000.0,200.0,3,0.001275,21.327358500298406
720000.0,200.0,3,0.0012875,21.23234876341579
720000.0,200.0,3,0.0013,21.137339026533166
720000.0,200.0,3,0.0013125,21.042329289650542
720000.0,200.0,3,0.001325,20.947319552767915
720000.0,200.0,3,0.0013375000000000001,20.85230981588529
720000.0,200.0,3,0.00135,20.757300079002665
720000.0,200.0,3,0.0013625,20.662290342120038
720000.0,200.0,3,0.001375,20.56728060523741
720000.0,200.0,3,0.0013875,20.47227086835478
720000.0,200.0,3,0.0014,20.377261131472146
756000.0,210.0,1,0.0,23.992698331701828
756000.0,210.0,1,2.9166666666666666e-05,23.992698331117456
756000.0,210.0,1,5.833333333333333e-05,23.99269833053308
756000.0,210.0,1,8.75e-05,23.992698329948702
756000.0,210.0,1,0.00011666666666666667,23.992698329364313
756000.0,210.0,1,0.00014583333333333332,23.99269832877992
756000.0,210.0,1,0.000175,23.992698328195523
756000.0,210.0,1,0.00020416666666666668,23.99269832761112
756000.0,210.0,1,0.00023333333333333333,23.99269832702671
756000.0,210.0,1,0.0002625,23.992698326442294
756000.0,210.0,1,0.00029166666666666664,23.992698325857873
756000.0,210.0,1,0.00032083333333333334,23.992698325273448
756000.0,210.0,1,0.00035,23.992698324689016
756000.0,210.0,1,0.00037916666666666665,23.992698324104584
756000.0,210.0,1,0.00040833333333333336,23.992698323520145
756000.0,210.0,1,0.0004375,23.992698322935702
756000.0,210.0,1,0.00046666666666666666,23.992698322351252
756000.0,210.0,1,0.0004958333333333334,23.992698321766802
756000.0,210.0,1,0.000525,23.992698321182345
756000.0,210.0,1,0.0005541666666666667,23.99269832059789
756000.0,210.0,1,0.0005833333333333333,23.992698320013425
756000.0,210.0,1,0.0006125,23.99269831942896
756000.0,210.0,1,0.0006416666666666667,23.992698318844493
756000.0,210.0,1,0.0006708333333333333,23.99269831826002
756000.0,210.0,1,0.0007,23.992698317675547
756000.0,210.0,2,0.0007166666666666667,23.990380255669194
756000.0,210.0,2,0.0007333333333333333,23.983426070407187
756000.0,210.0,2,0.00075,23.971835761889505
756000.0,210.0,2,0.0007666666666666667,23.955609330116165
756000.0,210.0,2,0.0007833333333333334,23.934746775087156
756000.0,210.0,2,0.0008,23.909248096802486
756000.0,210.0,2,0.0008166666666666667,23.87911329526215
756000.0,210.0,2,0.0008333333333333333,23.844342370466155
756000.0,210.0,2,0.0008500000000000001,23.80493532241449
756000.0,210.0,2,0.0008666666666666666,23.760892151107164
756000.0,210.0,2,0.0008833333333333333,23.712212856544173
756000.0,210.0,2,0.0009,23.65889743872552
756000.0,210.0,2,0.0009166666666666666,23.600945897651204
756000.0,210.0,2,0.0009333333333333333,23.53835823332122
756000.0,210.0,2,0.00095,23.471134445735572
756000.0,210.0,2,0.0009666666666666667,23.399274534894264
756000.0,210.0,2,0.0009833333333333335,23.32277850079729
756000.0,210.0,2,0.001,23.241646343444653
756000.0,210.0,2,0.0010166666666666666,23.15587806283635
756000.0,210.0,2,0.0010333333333333334,23.06547365897239
756000.0,210.0,2,0.00105,22.97043313185276
756000.0,210.0,2,0.0010666666666666667,22.870756481477468
756000.0,210.0,2,0.0010833333333333333,22.766443707846513
756000.0,210.0,2,0.0011,22.657494810959893
756000.0,210.0,3,0.0011125,22.56248507408797
756000.0,210.0,3,0.0011250000000000001,22.467475337216044
756000.0,210.0,3,0.0011375,22.372465600344125
756000.0,210.0,3,0.00115,22.2774558634722
756000.0,210.0,3,0.0011625000000000001,22.182446126600272
756000.0,210.0,3,0.001175,22.08743638972835
756000.0,210.0,3,0.0011875,21.992426652856423
756000.0,210.0,3,0.0012000000000000001,21.897416915984497
756000.0,210.0,3,0.0012125,21.802407179112574
756000.0,210.0,3,0.001225,21.707397442240644
756000.0,210.0,3,0.0012375,21.612387705368718
756000.0,210.0,3,0.00125,21.51737796849679
756000.0,210.0,3,0.0012625000000000002,21.422368231624862
756000.0,210.0,3,0.001275,21.32735849475293
756000.0,210.0,3,0.0012875,21.232348757881002
756000.0,210.0,3,0.0013,21.137339021009073
756000.0,210.0,3,0.0013125,21.04232928413714
756000.0,210.0,3,0.001325,20.94731954726521
756000.0,210.0,3,0.0013375000000000001,20.852309810393276
756000.0,210.0,3,0.00135,20.757300073521346
756000.0,210.0,3,0.0013625,20.662290336649413
756000.0,210.0,3,0.001375,20.56728059977748
756000.0,210.0,3,0.0013875,20.472270862905553
756000.0,210.0,3,0.0014,20.377261126033613
792000.0,220.0,1,0.0,23.99269831876527
792000.0,220.0,1,2.9166666666666666e-05,23.992698318506598
792000.0,220.0,1,5.833333333333333e-05,23.99269831824793
792000.0,220.0,1,8.75e-05,23.992698317989248
792000.0,220.0,1,0.00011666666666666667,23.99269831773057
792000.0,220.0,1,0.00014583333333333332,23.99269831747189
792000.0,220.0,1,0.000175,23.992698317213208
792000.0,220.0,1,0.00020416666666666668,23.99269831695452
792000.0,220.0,1,0.00023333333333333333,23.99269831669583
792000.0,220.0,1,0.0002625,23.992698316437142
792000.0,220.0,1,0.00029166666666666664,23.992698316178448
792000.0,220.0,1,0.00032083333333333334,23.99269831591975
792000.0,220.0,1,0.00035,23.992698315661052
792000.0,220.0,1,0.00037916666666666665,23.992698315402354
792000.0,220.0,1,0.00040833333333333336,23.992698315143652
792000.0,220.0,1,0.0004375,23.992698314884947
792000.0,220.0,1,0.00046666666666666666,23.992698314626246
792000.0,220.0,1,0.0004958333333333334,23.992698314367537
792000.0,220.0,1,0.000525,23.992698314108825
792000.0,220.0,1,0.0005541666666666667,23.992698313850116
792000.0,220.0,1,0.0005833333333333333,23.992698313591404
792000.0,220.0,1,0.0006125,23.992698313332696
792000.0,220.0,1,0.0006416666666666667,23.992698313073976
792000.0,220.0,1,0.0006708333333333333,23.99269831281526
792000.0,220.0,1,0.0007,23.99269831255654
792000.0,220.0,2,0.0007166666666666667,23.990380250756882
792000.0,220.0,2,0.0007333333333333333,23.983426065692996
792000.0,220.0,2,0.00075,23.971835757364886
792000.0,220.0,2,0.0007666666666666667,23.955609325772553
792000.0,220.0,2,0.0007833333333333334,23.934746770916
792000.0,220.0,2,0.0008,23.909248092795217
792000.0,220.0,2,0.0008166666666666667,23.87911329141021
792000.0,220.0,2,0.0008333333333333333,23.844342366760987
792000.0,220.0,2,0.0008500000000000001,23.804935318847537
792000.0,220.0,2,0.0008666666666666666,23.760892147669864
792000.0,220.0,2,0.0008833333333333333,23.71221285322796
792000.0,220.0,2,0.0009,23.658897435521844
792000.0,220.0,2,0.0009166666666666666,23.6009458945515
792000.0,220.0,2,0.0009333333333333333,23.53835823031693
792000.0,220.0,2,0.00095,23.47113444281814
792000.0,220.0,2,0.0009666666666666667,23.399274532055127
792000.0,220.0,2,0.0009833333333333335,23.322778498027887
792000.0,220.0,2,0.001,23.241646340736423
792000.0,220.0,2,0.0010166666666666666,23.15587806018074
792000.0,220.0,2,0.0010333333333333334,23.06547365636083
792000.0,220.0,2,0.00105,22.970433129276696
792000.0,220.0,2,0.0010666666666666667,22.870756478928346
792000.0,220.0,2,0.0010833333333333333,22.766443705315766
792000.0,220.0,2,0.0011,22.657494808438962
792000.0,220.0,3,0.0011125,22.56248507157177
792000.0,220.0,3,0.0011250000000000001,22.467475334704577
792000.0,220.0,3,0.0011375,22.372465597837383
792000.0,220.0,3,0.00115,22.27745586097019
792000.0,220.0,3,0.0011625000000000001,22.182446124102995
792000.0,220.0,3,0.001175,22.087436387235797
792000.0,220.0,3,0.0011875,21.992426650368603
792000.0,220.0,3,0.0012000000000000001,21.89741691350141
792000.0,220.0,3,0.0012125,21.802407176634215
792000.0,220.0,3,0.001225,21.707397439767018
792000.0,220.0,3,0.0012375,21.61238770289982
792000.0,220.0,3,0.00125,21.517377966032626
792000.0,220.0,3,0.0012625000000000002,21.42236822916543
792000.0,220.0,3,0.001275,21.327358492298234
792000.0,220.0,3,0.0012875,21.232348755431037
792000.0,220.0,3,0.0013,21.13733901856384
792000.0,220.0,3,0.0013125,21.042329281696645
792000.0,220.0,3,0.001325,20.947319544829444
792000.0,220.0,3,0.0013375000000000001,20.852309807962246
792000.0,220.0,3,0.00135,20.75730007109505
792000.0,220.0,3,0.0013625,20.66229033422785
792000.0,220.0,3,0.001375,20.567280597360654
792000.0,220.0,3,0.0013875,20.472270860493456
792000.0,220.0,3,0.0014,20.37726112362626
828000.0,230.0,1,0.0,23.992698313038904
828000.0,230.0,1,2.9166666666666666e-05,23.992698312924407
828000.0,230.0,1,5.833333333333333e-05,23.992698312809903
828000.0,230.0,1,8.75e-05,23.9926983126954
828000.0,230.0,1,0.00011666666666666667,23.992698312580895
828000.0,230.0,1,0.00014583333333333332,23.99269831246639
828000.0,230.0,1,0.000175,23.992698312351884
828000.0,230.0,1,0.00020416666666666668,23.992698312237376
828000.0,230.0,1,0.00023333333333333333,23.99269831212287
828000.0,230.0,1,0.0002625,23.99269831200836
828000.0,230.0,1,0.00029166666666666664,23.992698311893847
828000.0,230.0,1,0.00032083333333333334,23.992698311779336
828000.0,230.0,1,0.00035,23.99269831166482
828000.0,230.0,1,0.00037916666666666665,23.992698311550313
828000.0,230.0,1,0.00040833333333333336,23.9926983114358
828000.0,230.0,1,0.0004375,23.992698311321284
828000.0,230.0,1,0.00046666666666666666,23.992698311206766
828000.0,230.0,1,0.0004958333333333334,23.992698311092248
828000.0,230.0,1,0.000525,23.99269831097773
828000.0,230.0,1,0.0005541666666666667,23.99269831086321
828000.0,230.0,1,0.0005833333333333333,23.992698310748693
828000.0,230.0,1,0.0006125,23.992698310634175
828000.0,230.0,1,0.0006416666666666667,23.992698310519653
828000.0,230.0,1,0.0006708333333333333,23.99269831040514
828000.0,230.0,1,0.0007,23.992698310290617
828000.0,230.0,2,0.0007166666666666667,23.990380248582444
828000.0,230.0,2,0.0007333333333333333,23.98342606360626
828000.0,230.0,2,0.00075,23.97183575536206
828000.0,230.0,2,0.0007666666666666667,23.95560932384985
828000.0,230.0,2,0.0007833333333333334,23.934746769069626
828000.0,230.0,2,0.0008,23.909248091021393
828000.0,230.0,2,0.0008166666666666667,23.87911328970515
828000.0,230.0,2,0.0008333333333333333,23.844342365120887
828000.0,230.0,2,0.0008500000000000001,23.80493531726862
828000.0,230.0,2,0.0008666666666666666,23.760892146148336
828000.0,230.0,2,0.0008833333333333333,23.71221285176004
828000.0,230.0,2,0.0009,23.65889743410373
828000.0,230.0,2,0.0009166666666666666,23.60094589317941
828000.0,230.0,2,0.0009333333333333333,23.538358228987075
828000.0,230.0,2,0.00095,23.47113444152673
828000.0,230.0,2,0.0009666666666666667,23.399274530798376
828000.0,230.0,2,0.0009833333333333335,23.322778496802005
828000.0,230.0,2,0.001,23.241646339537624
828000.0,230.0,2,0.0010166666666666666,23.155878059005225
828000.0,230.0,2,0.0010333333333333334,23.065473655204823
828000.0,230.0,2,0.00105,22.970433128136403
828000.0,230.0,2,0.0010666666666666667,22.870756477799972
828000.0,230.0,2,0.0010833333333333333,22.766443704195527
828000.0,230.0,2,0.0011,22.65749480732307
828000.0,230.0,3,0.0011125,22.56248507045797
828000.0,230.0,3,0.0011250000000000001,22.467475333592866
828000.0,230.0,3,0.0011375,22.372465596727768
828000.0,230.0,3,0.00115,22.27745585986267
828000.0,230.0,3,0.0011625000000000001,22.18244612299757
828000.0,230.0,3,0.001175,22.08743638613247
828000.0,230.0,3,0.0011875,21.992426649267365
828000.0,230.0,3,0.0012000000000000001,21.897416912402264
828000.0,230.0,3,0.0012125,21.802407175537162
828000.0,230.0,3,0.001225,21.707397438672064
828000.0,230.0,3,0.0012375,21.612387701806963
828000.0,230.0,3,0.00125,21.51737796494186
828000.0,230.0,3,0.0012625000000000002,21.422368228076756
828000.0,230.0,3,0.001275,21.32735849121166
828000.0,230.0,3,0.0012875,21.232348754346553
828000.0,230.0,3,0.0013,21.137339017481455
828000.0,230.0,3,0.0013125,21.04232928061635
828000.0,230.0,3,0.001325,20.94731954375125
828000.0,230.0,3,0.0013375000000000001,20.852309806886147
828000.0,230.0,3,0.00135,20.757300070021042
828000.0,230.0,3,0.0013625,20.662290333155944
828000.0,230.0,3,0.001375,20.56728059629084
828000.0,230.0,3,0.0013875,20.472270859425738
828000.0,230.0,3,0.0014,20.377261122560636
864000.0,240.0,1,0.0,23.992698310504135
864000.0,240.0,1,2.9166666666666666e-05,23.992698310453452
864000.0,240.0,1,5.833333333333333e-05,23.992698310402766
864000.0,240.0,1,8.75e-05,23.992698310352083
864000.0,240.0,1,0.00011666666666666667,23.992698310301396
864000.0,240.0,1,0.00014583333333333332,23.99269831025071
864000.0,240.0,1,0.000175,23.992698310200026
864000.0,240.0,1,0.00020416666666666668,23.99269831014934
864000.0,240.0,1,0.00023333333333333333,23.992698310098653
864000.0,240.0,1,0.0002625,23.992698310047963
864000.0,240.0,1,0.00029166666666666664,23.992698309997277
864000.0,240.0,1,0.00032083333333333334,23.99269830994659
864000.0,240.0,1,0.00035,23.9926983098959
864000.0,240.0,1,0.00037916666666666665,23.99269830984521
864000.0,240.0,1,0.00040833333333333336,23.99269830979452
864000.0,240.0,1,0.0004375,23.99269830974383
864000.0,240.0,1,0.00046666666666666666,23.99269830969314
864000.0,240.0,1,0.0004958333333333334,23.99269830964245
864000.0,240.0,1,0.000525,23.992698309591756
864000.0,240.0,1,0.0005541666666666667,23.992698309541066
864000.0,240.0,1,0.0005833333333333333,23.992698309490375
864000.0,240.0,1,0.0006125,23.99269830943968
864000.0,240.0,1,0.0006416666666666667,23.99269830938899
864000.0,240.0,1,0.0006708333333333333,23.9926983093383
864000.0,240.0,1,0.0007,23.992698309287608
864000.0,240.0,2,0.0007166666666666667,23.99038024761993
864000.0,240.0,2,0.0007333333333333333,23.983426062682568
864000.0,240.0,2,0.00075,23.971835754475514
864000.0,240.0,2,0.0007666666666666667,23.95560932299877
864000.0,240.0,2,0.0007833333333333334,23.93474676825234
864000.0,240.0,2,0.0008,23.909248090236215
864000.0,240.0,2,0.0008166666666666667,23.879113288950403
864000.0,240.0,2,0.0008333333333333333,23.844342364394905
864000.0,240.0,2,0.0008500000000000001,23.80493531656971
864000.0,240.0,2,0.0008666666666666666,23.760892145474834
864000.0,240.0,2,0.0008833333333333333,23.712212851110266
864000.0,240.0,2,0.0009,23.658897433476007
864000.0,240.0,2,0.0009166666666666666,23.60094589257206
864000.0,240.0,2,0.0009333333333333333,23.538358228398423
864000.0,240.0,2,0.00095,23.471134440955094
864000.0,240.0,2,0.0009666666666666667,23.399274530242078
864000.0,240.0,2,0.0009833333333333335,23.32277849625937
864000.0,240.0,2,0.001,23.241646339006973
864000.0,240.0,2,0.0010166666666666666,23.15587805848489
864000.0,240.0,2,0.0010333333333333334,23.06547365469312
864000.0,240.0,2,0.00105,22.970433127631654
864000.0,240.0,2,0.0010666666666666667,22.8707564773005
864000.0,240.0,2,0.0010833333333333333,22.766443703699657
864000.0,240.0,2,0.0011,22.657494806829124
864000.0,240.0,3,0.0011125,22.56248506996495
864000.0,240.0,3,0.0011250000000000001,22.46747533310078
864000.0,240.0,3,0.0011375,22.372465596236605
864000.0,240.0,3,0.00115,22.277455859372427
864000.0,240.0,3,0.0011625000000000001,22.182446122508253
864000.0,240.0,3,0.001175,22.087436385644082
864000.0,240.0,3,0.0011875,21.992426648779908
864000.0,240.0,3,0.0012000000000000001,21.897416911915734
864000.0,240.0,3,0.0012125,21.80240717505156
864000.0,240.0,3,0.001225,21.707397438187385
864000.0,240.0,3,0.0012375,21.61238770132321
864000.0,240.0,3,0.00125,21.517377964459033
864000.0,240.0,3,0.0012625000000000002,21.42236822759486
864000.0,240.0,3,0.001275,21.327358490730685
864000.0,240.0,3,0.0012875,21.23234875386651
864000.0,240.0,3,0.0013,21.137339017002336
864000.0,240.0,3,0.0013125,21.042329280138162
864000.0,240.0,3,0.001325,20.94731954327399
864000.0,240.0,3,0.0013375000000000001,20.852309806409814
864000.0,240.0,3,0.00135,20.75730006954564
864000.0,240.0,3,0.0013625,20.662290332681465
864000.0,240.0,3,0.001375,20.56728059581729
864000.0,240.0,3,0.0013875,20.472270858953117
864000.0,240.0,3,0.0014,20.377261122088942
900000.0,250.0,1,0.0,23.99269830938212
900000.0,250.0,1,2.9166666666666666e-05,23.99269830935969
900000.0,250.0,1,5.833333333333333e-05,23.992698309337253
900000.0,250.0,1,8.75e-05,23.992698309314815
900000.0,250.0,1,0.00011666666666666667,23.99269830929238
900000.0,250.0,1,0.00014583333333333332,23.992698309269944
900000.0,250.0,1,0.000175,23.99269830924751
900000.0,250.0,1,0.00020416666666666668,23.99269830922507
900000.0,250.0,1,0.00023333333333333333,23.992698309202638
900000.0,250.0,1,0.0002625,23.992698309180195
900000.0,250.0,1,0.00029166666666666664,23.99269830915776
900000.0,250.0,1,0.00032083333333333334,23.992698309135324
900000.0,250.0,1,0.00035,23.992698309112885
900000.0,250.0,1,0.00037916666666666665,23.992698309090446
900000.0,250.0,1,0.00040833333333333336,23.99269830906801
900000.0,250.0,1,0.0004375,23.992698309045572
900000.0,250.0,1,0.00046666666666666666,23.992698309023137
900000.0,250.0,1,0.0004958333333333334,23.992698309000698
900000.0,250.0,1,0.000525,23.992698308978262
900000.0,250.0,1,0.0005541666666666667,23.99269830895582
900000.0,250.0,1,0.0005833333333333333,23.99269830893338
900000.0,250.0,1,0.0006125,23.992698308910942
900000.0,250.0,1,0.0006416666666666667,23.992698308888503
900000.0,250.0,1,0.0006708333333333333,23.99269830886606
900000.0,250.0,1,0.0007,23.992698308843625
900000.0,250.0,2,0.0007166666666666667,23.990380247193876
900000.0,250.0,2,0.0007333333333333333,23.983426062273697
900000.0,250.0,2,0.00075,23.971835754083084
900000.0,250.0,2,0.0007666666666666667,23.955609322622045
900000.0,250.0,2,0.0007833333333333334,23.93474676789057
900000.0,250.0,2,0.0008,23.90924808988866
900000.0,250.0,2,0.0008166666666666667,23.87911328861632
900000.0,250.0,2,0.0008333333333333333,23.84434236407355
900000.0,250.0,2,0.0008500000000000001,23.804935316260348
900000.0,250.0,2,0.0008666666666666666,23.76089214517671
900000.0,250.0,2,0.0008833333333333333,23.71221285082264
900000.0,250.0,2,0.0009,23.658897433198145
900000.0,250.0,2,0.0009166666666666666,23.600945892303216
900000.0,250.0,2,0.0009333333333333333,23.538358228137852
900000.0,250.0,2,0.00095,23.471134440702063
900000.0,250.0,2,0.0009666666666666667,23.399274529995836
900000.0,250.0,2,0.0009833333333333335,23.322778496019172
900000.0,250.0,2,0.001,23.241646338772085
900000.0,250.0,2,0.0010166666666666666,23.155878058254565
900000.0,250.0,2,0.0010333333333333334,23.06547365446661
900000.0,250.0,2,0.00105,22.970433127408228
900000.0,250.0,2,0.0010666666666666667,22.870756477079407
900000.0,250.0,2,0.0010833333333333333,22.76644370348016
900000.0,250.0,2,0.0011,22.65749480661048
900000.0,250.0,3,0.0011125,22.562485069746717
900000.0,250.0,3,0.0011250000000000001,22.46747533288295
900000.0,250.0,3,0.0011375,22.37246559601919
900000.0,250.0,3,0.00115,22.277455859155427
900000.0,250.0,3,0.0011625000000000001,22.18244612229166
900000.0,250.0,3,0.001175,22.087436385427896
900000.0,250.0,3,0.0011875,21.992426648564134
900000.0,250.0,3,0.0012000000000000001,21.89741691170037
900000.0,250.0,3,0.0012125,21.802407174836606
900000.0,250.0,3,0.001225,21.707397437972844
900000.0,250.0,3,0.0012375,21.61238770110908
900000.0,250.0,3,0.00125,21.517377964245313
900000.0,250.0,3,0.0012625000000000002,21.42236822738155
900000.0,250.0,3,0.001275,21.32735849051779
900000.0,250.0,3,0.0012875,21.232348753654023
900000.0,250.0,3,0.0013,21.137339016790264
900000.0,250.0,3,0.0013125,21.04232927992649
900000.0,250.0,3,0.001325,20.94731954306273
900000.0,250.0,3,0.0013375000000000001,20.852309806198964
900000.0,250.0,3,0.00135,20.7573000693352
900000.0,250.0,3,0.0013625,20.66229033247144
900000.0,250.0,3,0.001375,20.567280595607674
900000.0,250.0,3,0.0013875,20.47227085874391
900000.0,250.0,3,0.0014,20.377261121880146
936000.0,260.0,1,0.0,23.992698308885462
936000.0,260.0,1,2.9166666666666666e-05,23.992698308875532
936000.0,260.0,1,5.833333333333333e-05,23.9926983088656
936000.0,260.0,1,8.75e-05,23.99269830885567
936000.0,260.0,1,0.00011666666666666667,23.99269830884574
936000.0,260.0,1,0.00014583333333333332,23.992698308835806
936000.0,260.0,1,0.000175,23.992698308825876
936000.0,260.0,1,0.00020416666666666668,23.992698308815942
936000.0,260.0,1,0.00023333333333333333,23.992698308806013
936000.0,260.0,1,0.0002625,23.992698308796083
936000.0,260.0,1,0.00029166666666666664,23.992698308786146
936000.0,260.0,1,0.00032083333333333334,23.992698308776216
936000.0,260.0,1,0.00035,23.992698308766283
936000.0,260.0,1,0.00037916666666666665,23.992698308756353
936000.0,260.0,1,0.00040833333333333336,23.992698308746423
936000.0,260.0,1,0.0004375,23.992698308736486
936000.0,260.0,1,0.00046666666666666666,23.992698308726556
936000.0,260.0,1,0.0004958333333333334,23.992698308716626
936000.0,260.0,1,0.000525,23.99269830870669
936000.0,260.0,1,0.0005541666666666667,23.99269830869676
936000.0,260.0,1,0.0005833333333333333,23.992698308686826
936000.0,260.0,1,0.0006125,23.992698308676896
936000.0,260.0,1,0.0006416666666666667,23.992698308666963
936000.0,260.0,1,0.0006708333333333333,23.992698308657033
936000.0,260.0,1,0.0007,23.992698308647096
936000.0,260.0,2,0.0007166666666666667,23.990380247005284
936000.0,260.0,2,0.0007333333333333333,23.98342606209271
936000.0,260.0,2,0.00075,23.971835753909374
936000.0,260.0,2,0.0007666666666666667,23.95560932245528
936000.0,260.0,2,0.0007833333333333334,23.934746767730427
936000.0,260.0,2,0.0008,23.909248089734813
936000.0,260.0,2,0.0008166666666666667,23.87911328846844
936000.0,260.0,2,0.0008333333333333333,23.844342363931304
936000.0,260.0,2,0.0008500000000000001,23.804935316123405
936000.0,260.0,2,0.0008666666666666666,23.76089214504475
936000.0,260.0,2,0.0008833333333333333,23.712212850695334
936000.0,260.0,2,0.0009,23.658897433075154
936000.0,260.0,2,0.0009166666666666666,23.600945892184214
936000.0,260.0,2,0.0009333333333333333,23.538358228022517
936000.0,260.0,2,0.00095,23.471134440590053
936000.0,260.0,2,0.0009666666666666667,23.399274529886835
936000.0,260.0,2,0.0009833333333333335,23.322778495912857
936000.0,260.0,2,0.001,23.241646338668115
936000.0,260.0,2,0.0010166666666666666,23.155878058152613
936000.0,260.0,2,0.0010333333333333334,23.065473654366354
936000.0,260.0,2,0.00105,22.970433127309327
936000.0,260.0,2,0.0010666666666666667,22.870756476981544
936000.0,260.0,2,0.0010833333333333333,22.766443703383004
936000.0,260.0,2,0.0011,22.6574948065137
936000.0,260.0,3,0.0011125,22.562485069650116
936000.0,260.0,3,0.0011250000000000001,22.46747533278653
936000.0,260.0,3,0.0011375,22.37246559592295
936000.0,260.0,3,0.00115,22.277455859059373
936000.0,260.0,3,0.0011625000000000001,22.182446122195785
936000.0,260.0,3,0.001175,22.087436385332204
936000.0,260.0,3,0.0011875,21.992426648468623
936000.0,260.0,3,0.0012000000000000001,21.89741691160504
936000.0,260.0,3,0.0012125,21.802407174741457
936000.0,260.0,3,0.001225,21.707397437877873
936000.0,260.0,3,0.0012375,21.612387701014292
936000.0,260.0,3,0.00125,21.517377964150715
936000.0,260.0,3,0.0012625000000000002,21.42236822728713
936000.0,260.0,3,0.001275,21.327358490423546
936000.0,260.0,3,0.0012875,21.232348753559965
936000.0,260.0,3,0.0013,21.13733901669638
936000.0,260.0,3,0.0013125,21.042329279832803
936000.0,260.0,3,0.001325,20.947319542969215
936000.0,260.0,3,0.0013375000000000001,20.852309806105634
936000.0,260.0,3,0.00135,20.757300069242053
936000.0,260.0,3,0.0013625,20.662290332378472
936000.0,260.0,3,0.001375,20.56728059551489
936000.0,260.0,3,0.0013875,20.472270858651303
936000.0,260.0,3,0.0014,20.37726112178773
972000.0,270.0,1,0.0,23.992698308665616
972000.0,270.0,1,2.9166666666666666e-05,23.992698308661218
972000.0,270.0,1,5.833333333333333e-05,23.992698308656824
972000.0,270.0,1,8.75e-05,23.992698308652425
972000.0,270.0,1,0.00011666666666666667,23.992698308648027
972000.0,270.0,1,0.00014583333333333332,23.992698308643636
972000.0,270.0,1,0.000175,23.99269830863924
972000.0,270.0,1,0.00020416666666666668,23.992698308634843
972000.0,270.0,1,0.00023333333333333333,23.992698308630448
972000.0,270.0,1,0.0002625,23.99269830862605
972000.0,270.0,1,0.00029166666666666664,23.99269830862165
972000.0,270.0,1,0.00032083333333333334,23.992698308617257
972000.0,270.0,1,0.00035,23.99269830861286
972000.0,270.0,1,0.00037916666666666665,23.992698308608464
972000.0,270.0,1,0.00040833333333333336,23.99269830860407
972000.0,270.0,1,0.0004375,23.99269830859967
972000.0,270.0,1,0.00046666666666666666,23.992698308595273
972000.0,270.0,1,0.0004958333333333334,23.992698308590878
972000.0,270.0,1,0.000525,23.99269830858648
972000.0,270.0,1,0.0005541666666666667,23.992698308582085
972000.0,270.0,1,0.0005833333333333333,23.992698308577687
972000.0,270.0,1,0.0006125,23.992698308573292
972000.0,270.0,1,0.0006416666666666667,23.992698308568897
972000.0,270.0,1,0.0006708333333333333,23.992698308564496
972000.0,270.0,1,0.0007,23.992698308560104
972000.0,270.0,2,0.0007166666666666667,23.990380246921802
972000.0,270.0,2,0.0007333333333333333,23.983426062012597
972000.0,270.0,2,0.00075,23.971835753832483
972000.0,270.0,2,0.0007666666666666667,23.955609322381463
972000.0,270.0,2,0.0007833333333333334,23.93474676765954
972000.0,270.0,2,0.0008,23.90924808966671
972000.0,270.0,2,0.0008166666666666667,23.879113288402973
972000.0,270.0,2,0.0008333333333333333,23.844342363868332
972000.0,270.0,2,0.0008500000000000001,23.804935316062785
972000.0,270.0,2,0.0008666666666666666,23.760892144986332
972000.0,270.0,2,0.0008833333333333333,23.71221285063897
972000.0,270.0,2,0.0009,23.658897433020705
972000.0,270.0,2,0.0009166666666666666,23.600945892131534
972000.0,270.0,2,0.0009333333333333333,23.53835822797146
972000.0,270.0,2,0.00095,23.471134440540474
972000.0,270.0,2,0.0009666666666666667,23.399274529838586
972000.0,270.0,2,0.0009833333333333335,23.322778495865787
972000.0,270.0,2,0.001,23.241646338622086
972000.0,270.0,2,0.0010166666666666666,23.155878058107483
972000.0,270.0,2,0.0010333333333333334,23.065473654321966
972000.0,270.0,2,0.00105,22.970433127265547
972000.0,270.0,2,0.0010666666666666667,22.870756476938222
972000.0,270.0,2,0.0010833333333333333,22.766443703339995
972000.0,270.0,2,0.0011,22.657494806470854
972000.0,270.0,3,0.0011125,22.562485069607355
972000.0,270.0,3,0.0011250000000000001,22.467475332743852
972000.0,270.0,3,0.0011375,22.37246559588035
972000.0,270.0,3,0.00115,22.277455859016847
972000.0,270.0,3,0.0011625000000000001,22.182446122153348
972000.0,270.0,3,0.001175,22.087436385289845
972000.0,270.0,3,0.0011875,21.992426648426346
972000.0,270.0,3,0.0012000000000000001,21.89741691156284
972000.0,270.0,3,0.0012125,21.80240717469934
972000.0,270.0,3,0.001225,21.707397437835837
972000.0,270.0,3,0.0012375,21.612387700972334
972000.0,270.0,3,0.00125,21.517377964108835
972000.0,270.0,3,0.0012625000000000002,21.422368227245332
972000.0,270.0,3,0.001275,21.327358490381826
972000.0,270.0,3,0.0012875,21.23234875351833
972000.0,270.0,3,0.0013,21.137339016654824
972000.0,270.0,3,0.0013125,21.042329279791325
972000.0,270.0,3,0.001325,20.947319542927822
972000.0,270.0,3,0.0013375000000000001,20.85230980606432
972000.0,270.0,3,0.00135,20.75730006920082
972000.0,270.0,3,0.0013625,20.662290332337317
972000.0,270.0,3,0.001375,20.567280595473818
972000.0,270.0,3,0.0013875,20.472270858610315
972000.0,270.0,3,0.0014,20.377261121746812
1008000.0,280.0,1,0.0,23.992698308568297
1008000.0,280.0,1,2.9166666666666666e-05,23.992698308566354
1008000.0,280.0,1,5.833333333333333e-05,23.992698308564407
1008000.0,280.0,1,8.75e-05,23.99269830856246
1008000.0,280.0,1,0.00011666666666666667,23.992698308560517
1008000.0,280.0,1,0.00014583333333333332,23.992698308558573
1008000.0,280.0,1,0.000175,23.99269830855662
1008000.0,280.0,1,0.00020416666666666668,23.99269830855468
1008000.0,280.0,1,0.00023333333333333333,23.992698308552733
1008000.0,280.0,1,0.0002625,23.99269830855079
1008000.0,280.0,1,0.00029166666666666664,23.99269830854884
1008000.0,280.0,1,0.00032083333333333334,23.992698308546892
1008000.0,280.0,1,0.00035,23.992698308544945
1008000.0,280.0,1,0.00037916666666666665,23.992698308542998
1008000.0,280.0,1,0.00040833333333333336,23.99269830854105
1008000.0,280.0,1,0.0004375,23.992698308539108
1008000.0,280.0,1,0.00046666666666666666,23.992698308537165
1008000.0,280.0,1,0.0004958333333333334,23.992698308535218
1008000.0,280.0,1,0.000525,23.99269830853327
1008000.0,280.0,1,0.0005541666666666667,23.992698308531324
1008000.0,280.0,1,0.0005833333333333333,23.992698308529377
1008000.0,280.0,1,0.0006125,23.992698308527434
1008000.0,280.0,1,0.0006416666666666667,23.992698308525483
1008000.0,280.0,1,0.0006708333333333333,23.99269830852354
1008000.0,280.0,1,0.0007,23.99269830852159
1008000.0,280.0,2,0.0007166666666666667,23.990380246884847
1008000.0,280.0,2,0.0007333333333333333,23.983426061977134
1008000.0,280.0,2,0.00075,23.971835753798445
1008000.0,280.0,2,0.0007666666666666667,23.95560932234879
1008000.0,280.0,2,0.0007833333333333334,23.934746767628162
1008000.0,280.0,2,0.0008,23.909248089636566
1008000.0,280.0,2,0.0008166666666666667,23.879113288373997
1008000.0,280.0,2,0.0008333333333333333,23.844342363840465
1008000.0,280.0,2,0.0008500000000000001,23.80493531603595
1008000.0,280.0,2,0.0008666666666666666,23.760892144960476
1008000.0,280.0,2,0.0008833333333333333,23.712212850614026
1008000.0,280.0,2,0.0009,23.658897432996607
1008000.0,280.0,2,0.0009166666666666666,23.600945892108214
1008000.0,280.0,2,0.0009333333333333333,23.538358227948855
1008000.0,280.0,2,0.00095,23.471134440518526
1008000.0,280.0,2,0.0009666666666666667,23.399274529817227
1008000.0,280.0,2,0.0009833333333333335,23.32277849584495
1008000.0,280.0,2,0.001,23.24164633860171
1008000.0,280.0,2,0.0010166666666666666,23.1558780580875
1008000.0,280.0,2,0.0010333333333333334,23.06547365430232
1008000.0,280.0,2,0.00105,22.970433127246167
1008000.0,280.0,2,0.0010666666666666667,22.870756476919045
1008000.0,280.0,2,0.0010833333333333333,22.766443703320952
1008000.0,280.0,2,0.0011,22.657494806451886
1008000.0,280.0,3,0.0011125,22.562485069588423
1008000.0,280.0,3,0.0011250000000000001,22.467475332724955
1008000.0,280.0,3,0.0011375,22.372465595861488
1008000.0,280.0,3,0.00115,22.277455858998024
1008000.0,280.0,3,0.0011625000000000001,22.182446122134557
1008000.0,280.0,3,0.001175,22.087436385271086
1008000.0,280.0,3,0.0011875,21.992426648407623
1008000.0,280.0,3,0.0012000000000000001,21.897416911544155
1008000.0,280.0,3,0.0012125,21.802407174680695
1008000.0,280.0,3,0.001225,21.707397437817225
1008000.0,280.0,3,0.0012375,21.612387700953757
1008000.0,280.0,3,0.00125,21.517377964090294
1008000.0,280.0,3,0.0012625000000000002,21.422368227226826
1008000.0,280.0,3,0.001275,21.32735849036336
1008000.0,280.0,3,0.0012875,21.232348753499895
1008000.0,280.0,3,0.0013,21.137339016636425
1008000.0,280.0,3,0.0013125,21.04232927977296
1008000.0,280.0,3,0.001325,20.947319542909497
1008000.0,280.0,3,0.0013375000000000001,20.852309806046026
1008000.0,280.0,3,0.00135,20.757300069182563
1008000.0,280.0,3,0.0013625,20.662290332319095
1008000.0,280.0,3,0.001375,20.56728059545563
1008000.0,280.0,3,0.0013875,20.472270858592164
1008000.0,280.0,3,0.0014,20.377261121728697
1044000.0,290.0,1,0.0,23.992698308525224
1044000.0,290.0,1,2.9166666666666666e-05,23.992698308524364
1044000.0,290.0,1,5.833333333333333e-05,23.992698308523504
1044000.0,290.0,1,8.75e-05,23.992698308522638
1044000.0,290.0,1,0.00011666666666666667,23.992698308521778
1044000.0,290.0,1,0.00014583333333333332,23.99269830852092
1044000.0,290.0,1,0.000175,23.992698308520055
1044000.0,290.0,1,0.00020416666666666668,23.992698308519195
1044000.0,290.0,1,0.00023333333333333333,23.992698308518335
1044000.0,290.0,1,0.0002625,23.992698308517472
1044000.0,290.0,1,0.00029166666666666664,23.992698308516612
1044000.0,290.0,1,0.00032083333333333334,23.99269830851575
1044000.0,290.0,1,0.00035,23.99269830851489
1044000.0,290.0,1,0.00037916666666666665,23.99269830851403
1044000.0,290.0,1,0.00040833333333333336,23.992698308513166
1044000.0,290.0,1,0.0004375,23.992698308512306
1044000.0,290.0,1,0.00046666666666666666,23.992698308511443
1044000.0,290.0,1,0.0004958333333333334,23.99269830851058
1044000.0,290.0,1,0.000525,23.992698308509716
1044000.0,290.0,1,0.0005541666666666667,23.99269830850886
1044000.0,290.0,1,0.0005833333333333333,23.992698308507997
1044000.0,290.0,1,0.0006125,23.992698308507133
1044000.0,290.0,1,0.0006416666666666667,23.992698308506274
1044000.0,290.0,1,0.0006708333333333333,23.992698308505414
1044000.0,290.0,1,0.0007,23.992698308504547
1044000.0,290.0,2,0.0007166666666666667,23.990380246868494
1044000.0,290.0,2,0.0007333333333333333,23.983426061961435
1044000.0,290.0,2,0.00075,23.971835753783385
1044000.0,290.0,2,0.0007666666666666667,23.95560932233433
1044000.0,290.0,2,0.0007833333333333334,23.934746767614275
1044000.0,290.0,2,0.0008,23.909248089623222
1044000.0,290.0,2,0.0008166666666666667,23.879113288361175
1044000.0,290.0,2,0.0008333333333333333,23.844342363828126
1044000.0,290.0,2,0.0008500000000000001,23.80493531602408
1044000.0,290.0,2,0.0008666666666666666,23.76089214494903
1044000.0,290.0,2,0.0008833333333333333,23.712212850602985
1044000.0,290.0,2,0.0009,23.658897432985942
1044000.0,290.0,2,0.0009166666666666666,23.600945892097894
1044000.0,290.0,2,0.0009333333333333333,23.538358227938854
1044000.0,290.0,2,0.00095,23.471134440508813
1044000.0,290.0,2,0.0009666666666666667,23.399274529807773
1044000.0,290.0,2,0.0009833333333333335,23.32277849583574
1044000.0,290.0,2,0.001,23.241646338592698
1044000.0,290.0,2,0.0010166666666666666,23.155878058078663
1044000.0,290.0,2,0.0010333333333333334,23.065473654293626
1044000.0,290.0,2,0.00105,22.970433127237595
1044000.0,290.0,2,0.0010666666666666667,22.870756476910557
1044000.0,290.0,2,0.0010833333333333333,22.76644370331253
1044000.0,290.0,2,0.0011,22.6574948064435
1044000.0,290.0,3,0.0011125,22.56248506958005
1044000.0,290.0,3,0.0011250000000000001,22.467475332716596
1044000.0,290.0,3,0.0011375,22.372465595853146
1044000.0,290.0,3,0.00115,22.277455858989697
1044000.0,290.0,3,0.0011625000000000001,22.182446122126244
1044000.0,290.0,3,0.001175,22.087436385262798
1044000.0,290.0,3,0.0011875,21.992426648399345
1044000.0,290.0,3,0.0012000000000000001,21.897416911535892
1044000.0,290.0,3,0.0012125,21.802407174672442
1044000.0,290.0,3,0.001225,21.707397437808993
1044000.0,290.0,3,0.0012375,21.612387700945543
1044000.0,290.0,3,0.00125,21.51737796408209
1044000.0,290.0,3,0.0012625000000000002,21.42236822721864
1044000.0,290.0,3,0.001275,21.32735849035519
1044000.0,290.0,3,0.0012875,21.232348753491742
1044000.0,290.0,3,0.0013,21.137339016628292
1044000.0,290.0,3,0.0013125,21.042329279764843
1044000.0,290.0,3,0.001325,20.94731954290139
1044000.0,290.0,3,0.0013375000000000001,20.852309806037937
1044000.0,290.0,3,0.00135,20.757300069174487
1044000.0,290.0,3,0.0013625,20.66229033231104
1044000.0,290.0,3,0.001375,20.56728059544759
1044000.0,290.0,3,0.0013875,20.472270858584135
1044000.0,290.0,3,0.0014,20.377261121720686
1080000.0,300.0,1,0.0,23.992698308506153
1080000.0,300.0,1,2.9166666666666666e-05,23.992698308505776
1080000.0,300.0,1,5.833333333333333e-05,23.992698308505393
1080000.0,300.0,1,8.75e-05,23.992698308505013
1080000.0,300.0,1,0.00011666666666666667,23.992698308504632
1080000.0,300.0,1,0.00014583333333333332,23.992698308504252
1080000.0,300.0,1,0.000175,23.992698308503865
1080000.0,300.0,1,0.00020416666666666668,23.99269830850349
1080000.0,300.0,1,0.00023333333333333333,23.992698308503105
1080000.0,300.0,1,0.0002625,23.992698308502725
1080000.0,300.0,1,0.00029166666666666664,23.992698308502344
1080000.0,300.0,1,0.00032083333333333334,23.99269830850196
1080000.0,300.0,1,0.00035,23.992698308501577
1080000.0,300.0,1,0.00037916666666666665,23.9926983085012
1080000.0,300.0,1,0.00040833333333333336,23.99269830850082
1080000.0,300.0,1,0.0004375,23.992698308500437
1080000.0,300.0,1,0.00046666666666666666,23.992698308500053
1080000.0,300.0,1,0.0004958333333333334,23.99269830849967
1080000.0,300.0,1,0.000525,23.992698308499296
1080000.0,300.0,1,0.0005541666666666667,23.99269830849891
1080000.0,300.0,1,0.0005833333333333333,23.99269830849853
1080000.0,300.0,1,0.0006125,23.99269830849815
1080000.0,300.0,1,0.0006416666666666667,23.99269830849777
1080000.0,300.0,1,0.0006708333333333333,23.992698308497385
1080000.0,300.0,1,0.0007,23.992698308497
1080000.0,300.0,2,0.0007166666666666667,23.99038024686125
1080000.0,300.0,2,0.0007333333333333333,23.983426061954486
1080000.0,300.0,2,0.00075,23.97183575377671
1080000.0,300.0,2,0.0007666666666666667,23.955609322327927
1080000.0,300.0,2,0.0007833333333333334,23.93474676760812
1080000.0,300.0,2,0.0008,23.909248089617314
1080000.0,300.0,2,0.0008166666666666667,23.879113288355494
1080000.0,300.0,2,0.0008333333333333333,23.844342363822662
1080000.0,300.0,2,0.0008500000000000001,23.804935316018817
1080000.0,300.0,2,0.0008666666666666666,23.760892144943966
1080000.0,300.0,2,0.0008833333333333333,23.712212850598092
1080000.0,300.0,2,0.0009,23.65889743298122
1080000.0,300.0,2,0.0009166666666666666,23.600945892093325
1080000.0,300.0,2,0.0009333333333333333,23.538358227934424
1080000.0,300.0,2,0.00095,23.471134440504514
1080000.0,300.0,2,0.0009666666666666667,23.399274529803588
1080000.0,300.0,2,0.0009833333333333335,23.32277849583165
1080000.0,300.0,2,0.001,23.2416463385887
1080000.0,300.0,2,0.0010166666666666666,23.155878058074745
1080000.0,300.0,2,0.0010333333333333334,23.065473654289775
1080000.0,300.0,2,0.00105,22.970433127233797
1080000.0,300.0,2,0.0010666666666666667,22.870756476906802
1080000.0,300.0,2,0.0010833333333333333,22.766443703308795
1080000.0,300.0,2,0.0011,22.657494806439782
1080000.0,300.0,3,0.0011125,22.562485069576336
1080000.0,300.0,3,0.0011250000000000001,22.467475332712894
1080000.0,300.0,3,0.0011375,22.372465595849448
1080000.0,300.0,3,0.00115,22.277455858986002
1080000.0,300.0,3,0.0011625000000000001,22.182446122122563
1080000.0,300.0,3,0.001175,22.08743638525912
1080000.0,300.0,3,0.0011875,21.99242664839568
1080000.0,300.0,3,0.0012000000000000001,21.897416911532233
1080000.0,300.0,3,0.0012125,21.80240717466879
1080000.0,300.0,3,0.001225,21.707397437805348
1080000.0,300.0,3,0.0012375,21.612387700941902
1080000.0,300.0,3,0.00125,21.51737796407846
1080000.0,300.0,3,0.0012625000000000002,21.422368227215014
1080000.0,300.0,3,0.001275,21.32735849035157
1080000.0,300.0,3,0.0012875,21.23234875348813
1080000.0,300.0,3,0.0013,21.137339016624683
1080000.0,300.0,3,0.0013125,21.04232927976124
1080000.0,300.0,3,0.001325,20.947319542897798
1080000.0,300.0,3,0.0013375000000000001,20.852309806034352
1080000.0,300.0,3,0.00135,20.75730006917091
1080000.0,300.0,3,0.0013625,20.66229033230747
1080000.0,300.0,3,0.001375,20.567280595444025
1080000.0,300.0,3,0.0013875,20.47227085858058
1080000.0,300.0,3,0.0014,20.377261121717137
1116000.0,310.0,1,0.0,23.992698308497708
1116000.0,310.0,1,2.9166666666666666e-05,23.992698308497545
1116000.0,310.0,1,5.833333333333333e-05,23.992698308497374
1116000.0,310.0,1,8.75e-05,23.992698308497207
1116000.0,310.0,1,0.00011666666666666667,23.992698308497037
1116000.0,310.0,1,0.00014583333333333332,23.992698308496866
1116000.0,310.0,1,0.000175,23.992698308496696
1116000.0,310.0,1,0.00020416666666666668,23.992698308496532
1116000.0,310.0,1,0.00023333333333333333,23.992698308496358
1116000.0,310.0,1,0.0002625,23.992698308496195
1116000.0,310.0,1,0.00029166666666666664,23.992698308496024
1116000.0,310.0,1,0.00032083333333333334,23.992698308495857
1116000.0,310.0,1,0.00035,23.992698308495687
1116000.0,310.0,1,0.00037916666666666665,23.992698308495516
1116000.0,310.0,1,0.00040833333333333336,23.992698308495346
1116000.0,310.0,1,0.0004375,23.99269830849518
1116000.0,310.0,1,0.00046666666666666666,23.99269830849501
1116000.0,310.0,1,0.0004958333333333334,23.99269830849484
1116000.0,310.0,1,0.000525,23.992698308494674
1116000.0,310.0,1,0.0005541666666666667,23.9926983084945
1116000.0,310.0,1,0.0005833333333333333,23.992698308494337
1116000.0,310.0,1,0.0006125,23.992698308494166
1116000.0,310.0,1,0.0006416666666666667,23.992698308494
1116000.0,310.0,1,0.0006708333333333333,23.99269830849383
1116000.0,310.0,1,0.0007,23.992698308493658
1116000.0,310.0,2,0.0007166666666666667,23.990380246858038
1116000.0,310.0,2,0.0007333333333333333,23.98342606195141
1116000.0,310.0,2,0.00075,23.971835753773757
1116000.0,310.0,2,0.0007666666666666667,23.955609322325085
1116000.0,310.0,2,0.0007833333333333334,23.9347467676054
1116000.0,310.0,2,0.0008,23.909248089614696
1116000.0,310.0,2,0.0008166666666666667,23.87911328835298
1116000.0,310.0,2,0.0008333333333333333,23.844342363820243
1116000.0,310.0,2,0.0008500000000000001,23.804935316016483
1116000.0,310.0,2,0.0008666666666666666,23.760892144941714
1116000.0,310.0,2,0.0008833333333333333,23.71221285059593
1116000.0,310.0,2,0.0009,23.658897432979124
1116000.0,310.0,2,0.0009166666666666666,23.6009458920913
1116000.0,310.0,2,0.0009333333333333333,23.53835822793246
1116000.0,310.0,2,0.00095,23.471134440502603
1116000.0,310.0,2,0.0009666666666666667,23.39927452980173
1116000.0,310.0,2,0.0009833333333333335,23.32277849582984
1116000.0,310.0,2,0.001,23.241646338586936
1116000.0,310.0,2,0.0010166666666666666,23.15587805807301
1116000.0,310.0,2,0.0010333333333333334,23.065473654288066
1116000.0,310.0,2,0.00105,22.970433127232113
1116000.0,310.0,2,0.0010666666666666667,22.870756476905132
1116000.0,310.0,2,0.0010833333333333333,22.766443703307143
1116000.0,310.0,2,0.0011,22.657494806438134
1116000.0,310.0,3,0.0011125,22.562485069574695
1116000.0,310.0,3,0.0011250000000000001,22.467475332711253
1116000.0,310.0,3,0.0011375,22.372465595847814
1116000.0,310.0,3,0.00115,22.27745585898437
1116000.0,310.0,3,0.0011625000000000001,22.182446122120933
1116000.0,310.0,3,0.001175,22.087436385257487
1116000.0,310.0,3,0.0011875,21.99242664839405
1116000.0,310.0,3,0.0012000000000000001,21.89741691153061
1116000.0,310.0,3,0.0012125,21.80240717466717
1116000.0,310.0,3,0.001225,21.70739743780373
1116000.0,310.0,3,0.0012375,21.612387700940285
1116000.0,310.0,3,0.00125,21.517377964076847
1116000.0,310.0,3,0.0012625000000000002,21.422368227213408
1116000.0,310.0,3,0.001275,21.327358490349965
1116000.0,310.0,3,0.0012875,21.232348753486523
1116000.0,310.0,3,0.0013,21.137339016623088
1116000.0,310.0,3,0.0013125,21.04232927975964
1116000.0,310.0,3,0.001325,20.947319542896203
1116000.0,310.0,3,0.0013375000000000001,20.852309806032764
1116000.0,310.0,3,0.00135,20.757300069169325
1116000.0,310.0,3,0.0013625,20.662290332305886
1116000.0,310.0,3,0.001375,20.56728059544244
1116000.0,310.0,3,0.0013875,20.472270858579005
1116000.0,310.0,3,0.0014,20.377261121715563
1152000.0,320.0,1,0.0,23.99269830849398
1152000.0,320.0,1,2.9166666666666666e-05,23.992698308493903
1152000.0,320.0,1,5.833333333333333e-05,23.99269830849383
1152000.0,320.0,1,8.75e-05,23.992698308493754
1152000.0,320.0,1,0.00011666666666666667,23.99269830849368
1152000.0,320.0,1,0.00014583333333333332,23.992698308493605
1152000.0,320.0,1,0.000175,23.99269830849353
1152000.0,320.0,1,0.00020416666666666668,23.992698308493456
1152000.0,320.0,1,0.00023333333333333333,23.99269830849338
1152000.0,320.0,1,0.0002625,23.992698308493303
1152000.0,320.0,1,0.00029166666666666664,23.99269830849323
1152000.0,320.0,1,0.00032083333333333334,23.992698308493157
1152000.0,320.0,1,0.00035,23.992698308493082
1152000.0,320.0,1,0.00037916666666666665,23.992698308493004
1152000.0,320.0,1,0.00040833333333333336,23.992698308492933
1152000.0,320.0,1,0.0004375,23.99269830849286
1152000.0,320.0,1,0.00046666666666666666,23.99269830849278
1152000.0,320.0,1,0.0004958333333333334,23.992698308492706
1152000.0,320.0,1,0.000525,23.99269830849263
1152000.0,320.0,1,0.0005541666666666667,23.992698308492557
1152000.0,320.0,1,0.0005833333333333333,23.992698308492482
1152000.0,320.0,1,0.0006125,23.992698308492407
1152000.0,320.0,1,0.0006416666666666667,23.992698308492336
1152000.0,320.0,1,0.0006708333333333333,23.992698308492262
1152000.0,320.0,1,0.0007,23.992698308492187
1152000.0,320.0,2,0.0007166666666666667,23.990380246856628
1152000.0,320.0,2,0.0007333333333333333,23.98342606195005
1152000.0,320.0,2,0.00075,23.97183575377245
1152000.0,320.0,2,0.0007666666666666667,23.955609322323838
1152000.0,320.0,2,0.0007833333333333334,23.9347467676042
1152000.0,320.0,2,0.0008,23.909248089613545
1152000.0,320.0,2,0.0008166666666666667,23.879113288351867
1152000.0,320.0,2,0.0008333333333333333,23.844342363819173
1152000.0,320.0,2,0.0008500000000000001,23.80493531601546
1152000.0,320.0,2,0.0008666666666666666,23.760892144940726
1152000.0,320.0,2,0.0008833333333333333,23.712212850594977
1152000.0,320.0,2,0.0009,23.6588974329782
1152000.0,320.0,2,0.0009166666666666666,23.600945892090408
1152000.0,320.0,2,0.0009333333333333333,23.538358227931596
1152000.0,320.0,2,0.00095,23.471134440501768
1152000.0,320.0,2,0.0009666666666666667,23.399274529800913
1152000.0,320.0,2,0.0009833333333333335,23.32277849582904
1152000.0,320.0,2,0.001,23.241646338586158
1152000.0,320.0,2,0.0010166666666666666,23.155878058072247
1152000.0,320.0,2,0.0010333333333333334,23.065473654287317
1152000.0,320.0,2,0.00105,22.970433127231367
1152000.0,320.0,2,0.0010666666666666667,22.870756476904404
1152000.0,320.0,2,0.0010833333333333333,22.766443703306415
1152000.0,320.0,2,0.0011,22.657494806437406
1152000.0,320.0,3,0.0011125,22.562485069573967
1152000.0,320.0,3,0.0011250000000000001,22.46747533271053
1152000.0,320.0,3,0.0011375,22.372465595847093
1152000.0,320.0,3,0.00115,22.277455858983654
1152000.0,320.0,3,0.0011625000000000001,22.18244612212021
1152000.0,320.0,3,0.001175,22.087436385256773
1152000.0,320.0,3,0.0011875,21.992426648393337
1152000.0,320.0,3,0.0012000000000000001,21.897416911529895
1152000.0,320.0,3,0.0012125,21.802407174666456
1152000.0,320.0,3,0.001225,21.707397437803017
1152000.0,320.0,3,0.0012375,21.61238770093958
1152000.0,320.0,3,0.00125,21.51737796407614
1152000.0,320.0,3,0.0012625000000000002,21.422368227212704
1152000.0,320.0,3,0.001275,21.32735849034926
1152000.0,320.0,3,0.0012875,21.23234875348582
1152000.0,320.0,3,0.0013,21.13733901662238
1152000.0,320.0,3,0.0013125,21.042329279758945
1152000.0,320.0,3,0.001325,20.947319542895507
1152000.0,320.0,3,0.0013375000000000001,20.852309806032068
1152000.0,320.0,3,0.00135,20.75730006916863
1152000.0,320.0,3,0.0013625,20.66229033230519
1152000.0,320.0,3,0.001375,20.56728059544175
1152000.0,320.0,3,0.0013875,20.47227085857831
1152000.0,320.0,3,0.0014,20.377261121714874
1188000.0,330.0,1,0.0,23.992698308492322
1188000.0,330.0,1,2.9166666666666666e-05,23.992698308492287
1188000.0,330.0,1,5.833333333333333e-05,23.99269830849226
1188000.0,330.0,1,8.75e-05,23.992698308492223
1188000.0,330.0,1,0.00011666666666666667,23.992698308492187
1188000.0,330.0,1,0.00014583333333333332,23.99269830849216
1188000.0,330.0,1,0.000175,23.992698308492127
1188000.0,330.0,1,0.00020416666666666668,23.99269830849209
1188000.0,330.0,1,0.00023333333333333333,23.992698308492063
1188000.0,330.0,1,0.0002625,23.992698308492024
1188000.0,330.0,1,0.00029166666666666664,23.992698308491992
1188000.0,330.0,1,0.00032083333333333334,23.992698308491956
1188000.0,330.0,1,0.00035,23.992698308491928
1188000.0,330.0,1,0.00037916666666666665,23.992698308491896
1188000.0,330.0,1,0.00040833333333333336,23.992698308491857
1188000.0,330.0,1,0.0004375,23.99269830849183
1188000.0,330.0,1,0.00046666666666666666,23.992698308491793
1188000.0,330.0,1,0.0004958333333333334,23.992698308491757
1188000.0,330.0,1,0.000525,23.99269830849173
1188000.0,330.0,1,0.0005541666666666667,23.992698308491697
1188000.0,330.0,1,0.0005833333333333333,23.99269830849166
1188000.0,330.0,1,0.0006125,23.99269830849163
1188000.0,330.0,1,0.0006416666666666667,23.992698308491597
1188000.0,330.0,1,0.0006708333333333333,23.992698308491562
1188000.0,330.0,1,0.0007,23.992698308491526
1188000.0,330.0,2,0.0007166666666666667,23.990380246856
1188000.0,330.0,2,0.0007333333333333333,23.983426061949444
1188000.0,330.0,2,0.00075,23.971835753771877
1188000.0,330.0,2,0.0007666666666666667,23.95560932232328
1188000.0,330.0,2,0.0007833333333333334,23.934746767603666
1188000.0,330.0,2,0.0008,23.90924808961303
1188000.0,330.0,2,0.0008166666666666667,23.879113288351373
1188000.0,330.0,2,0.0008333333333333333,23.8443423638187
1188000.0,330.0,2,0.0008500000000000001,23.804935316015
1188000.0,330.0,2,0.0008666666666666666,23.760892144940286
1188000.0,330.0,2,0.0008833333333333333,23.712212850594547
1188000.0,330.0,2,0.0009,23.65889743297779
1188000.0,330.0,2,0.0009166666666666666,23.600945892090014
1188000.0,330.0,2,0.0009333333333333333,23.53835822793121
1188000.0,330.0,2,0.00095,23.47113444050139
1188000.0,330.0,2,0.0009666666666666667,23.39927452980055
1188000.0,330.0,2,0.0009833333333333335,23.32277849582869
1188000.0,330.0,2,0.001,23.241646338585806
1188000.0,330.0,2,0.0010166666666666666,23.155878058071902
1188000.0,330.0,2,0.0010333333333333334,23.065473654286983
1188000.0,330.0,2,0.00105,22.970433127231036
1188000.0,330.0,2,0.0010666666666666667,22.870756476904077
1188000.0,330.0,2,0.0010833333333333333,22.766443703306088
1188000.0,330.0,2,0.0011,22.657494806437086
1188000.0,330.0,3,0.0011125,22.562485069573647
1188000.0,330.0,3,0.0011250000000000001,22.467475332710208
1188000.0,330.0,3,0.0011375,22.37246559584677
1188000.0,330.0,3,0.00115,22.27745585898333
1188000.0,330.0,3,0.0011625000000000001,22.18244612211989
1188000.0,330.0,3,0.001175,22.087436385256456
1188000.0,330.0,3,0.0011875,21.992426648393018
1188000.0,330.0,3,0.0012000000000000001,21.89741691152958
1188000.0,330.0,3,0.0012125,21.802407174666136
1188000.0,330.0,3,0.001225,21.7073974378027
1188000.0,330.0,3,0.0012375,21.612387700939262
1188000.0,330.0,3,0.00125,21.51737796407582
1188000.0,330.0,3,0.0012625000000000002,21.422368227212385
1188000.0,330.0,3,0.001275,21.327358490348946
1188000.0,330.0,3,0.0012875,21.232348753485507
1188000.0,330.0,3,0.0013,21.137339016622068
1188000.0,330.0,3,0.0013125,21.042329279758633
1188000.0,330.0,3,0.001325,20.947319542895194
1188000.0,330.0,3,0.0013375000000000001,20.85230980603175
1188000.0,330.0,3,0.00135,20.757300069168316
1188000.0,330.0,3,0.0013625,20.662290332304877
1188000.0,330.0,3,0.001375,20.56728059544144
1188000.0,330.0,3,0.0013875,20.472270858578
1188000.0,330.0,3,0.0014,20.377261121714564
1224000.0,340.0,1,0.0,23.99269830849159
1224000.0,340.0,1,2.9166666666666666e-05,23.992698308491573
1224000.0,340.0,1,5.833333333333333e-05,23.99269830849156
1224000.0,340.0,1,8.75e-05,23.992698308491548
1224000.0,340.0,1,0.00011666666666666667,23.99269830849153
1224000.0,340.0,1,0.00014583333333333332,23.99269830849152
1224000.0,340.0,1,0.000175,23.9926983084915
1224000.0,340.0,1,0.00020416666666666668,23.992698308491487
1224000.0,340.0,1,0.00023333333333333333,23.992698308491473
1224000.0,340.0,1,0.0002625,23.99269830849146
1224000.0,340.0,1,0.00029166666666666664,23.99269830849144
1224000.0,340.0,1,0.00032083333333333334,23.992698308491427
1224000.0,340.0,1,0.00035,23.992698308491416
1224000.0,340.0,1,0.00037916666666666665,23.9926983084914
1224000.0,340.0,1,0.00040833333333333336,23.992698308491388
1224000.0,340.0,1,0.0004375,23.99269830849137
1224000.0,340.0,1,0.00046666666666666666,23.992698308491356
1224000.0,340.0,1,0.0004958333333333334,23.99269830849134
1224000.0,340.0,1,0.000525,23.992698308491327
1224000.0,340.0,1,0.0005541666666666667,23.99269830849131
1224000.0,340.0,1,0.0005833333333333333,23.992698308491295
1224000.0,340.0,1,0.0006125,23.992698308491285
1224000.0,340.0,1,0.0006416666666666667,23.992698308491267
1224000.0,340.0,1,0.0006708333333333333,23.992698308491253
1224000.0,340.0,1,0.0007,23.99269830849124
1224000.0,340.0,2,0.0007166666666666667,23.990380246855718
1224000.0,340.0,2,0.0007333333333333333,23.983426061949178
1224000.0,340.0,2,0.00075,23.971835753771614
1224000.0,340.0,2,0.0007666666666666667,23.955609322323035
1224000.0,340.0,2,0.0007833333333333334,23.934746767603425
1224000.0,340.0,2,0.0008,23.909248089612802
1224000.0,340.0,2,0.0008166666666666667,23.879113288351153
1224000.0,340.0,2,0.0008333333333333333,23.844342363818487
1224000.0,340.0,2,0.0008500000000000001,23.804935316014802
1224000.0,340.0,2,0.0008666666666666666,23.760892144940087
1224000.0,340.0,2,0.0008833333333333333,23.71221285059436
1224000.0,340.0,2,0.0009,23.658897432977607
1224000.0,340.0,2,0.0009166666666666666,23.600945892089833
1224000.0,340.0,2,0.0009333333333333333,23.53835822793104
1224000.0,340.0,2,0.00095,23.471134440501224
1224000.0,340.0,2,0.0009666666666666667,23.399274529800387
1224000.0,340.0,2,0.0009833333333333335,23.322778495828533
1224000.0,340.0,2,0.001,23.241646338585653
1224000.0,340.0,2,0.0010166666666666666,23.155878058071753
1224000.0,340.0,2,0.0010333333333333334,23.065473654286833
1224000.0,340.0,2,0.00105,22.97043312723089
1224000.0,340.0,2,0.0010666666666666667,22.870756476903928
1224000.0,340.0,2,0.0010833333333333333,22.766443703305946
1224000.0,340.0,2,0.0011,22.65749480643694
1224000.0,340.0,3,0.0011125,22.5624850695735
1224000.0,340.0,3,0.0011250000000000001,22.467475332710062
1224000.0,340.0,3,0.0011375,22.372465595846627
1224000.0,340.0,3,0.00115,22.27745585898319
1224000.0,340.0,3,0.0011625000000000001,22.18244612211975
1224000.0,340.0,3,0.001175,22.087436385256314
1224000.0,340.0,3,0.0011875,21.992426648392872
1224000.0,340.0,3,0.0012000000000000001,21.897416911529437
1224000.0,340.0,3,0.0012125,21.802407174665994
1224000.0,340.0,3,0.001225,21.70739743780256
1224000.0,340.0,3,0.0012375,21.61238770093912
1224000.0,340.0,3,0.00125,21.51737796407568
1224000.0,340.0,3,0.0012625000000000002,21.422368227212246
1224000.0,340.0,3,0.001275,21.327358490348804
1224000.0,340.0,3,0.0012875,21.23234875348537
1224000.0,340.0,3,0.0013,21.137339016621933
1224000.0,340.0,3,0.0013125,21.042329279758494
1224000.0,340.0,3,0.001325,20.947319542895052
1224000.0,340.0,3,0.0013375000000000001,20.852309806031617
1224000.0,340.0,3,0.00135,20.757300069168174
1224000.0,340.0,3,0.0013625,20.66229033230474
1224000.0,340.0,3,0.001375,20.567280595441304
1224000.0,340.0,3,0.0013875,20.472270858577865
1224000.0,340.0,3,0.0014,20.377261121714422
1260000.0,350.0,1,0.0,23.992698308491274
1260000.0,350.0,1,2.9166666666666666e-05,23.99269830849127
1260000.0,350.0,1,5.833333333333333e-05,23.992698308491264
1260000.0,350.0,1,8.75e-05,23.992698308491253
1260000.0,350.0,1,0.00011666666666666667,23.99269830849125
1260000.0,350.0,1,0.00014583333333333332,23.992698308491242
1260000.0,350.0,1,0.000175,23.992698308491235
1260000.0,350.0,1,0.00020416666666666668,23.992698308491228
1260000.0,350.0,1,0.00023333333333333333,23.992698308491224
1260000.0,350.0,1,0.0002625,23.992698308491217
1260000.0,350.0,1,0.00029166666666666664,23.992698308491207
1260000.0,350.0,1,0.00032083333333333334,23.9926983084912
1260000.0,350.0,1,0.00035,23.992698308491196
1260000.0,350.0,1,0.00037916666666666665,23.99269830849119
1260000.0,350.0,1,0.00040833333333333336,23.992698308491185
1260000.0,350.0,1,0.0004375,23.99269830849118
1260000.0,350.0,1,0.00046666666666666666,23.992698308491168
1260000.0,350.0,1,0.0004958333333333334,23.99269830849116
1260000.0,350.0,1,0.000525,23.992698308491157
1260000.0,350.0,1,0.0005541666666666667,23.99269830849115
1260000.0,350.0,1,0.0005833333333333333,23.992698308491143
1260000.0,350.0,1,0.0006125,23.99269830849114
1260000.0,350.0,1,0.0006416666666666667,23.992698308491132
1260000.0,350.0,1,0.0006708333333333333,23.99269830849112
1260000.0,350.0,1,0.0007,23.992698308491114
1260000.0,350.0,2,0.0007166666666666667,23.990380246855604
1260000.0,350.0,2,0.0007333333333333333,23.983426061949068
1260000.0,350.0,2,0.00075,23.971835753771508
1260000.0,350.0,2,0.0007666666666666667,23.955609322322932
1260000.0,350.0,2,0.0007833333333333334,23.93474676760333
1260000.0,350.0,2,0.0008,23.90924808961271
1260000.0,350.0,2,0.0008166666666666667,23.879113288351068
1260000.0,350.0,2,0.0008333333333333333,23.844342363818402
1260000.0,350.0,2,0.0008500000000000001,23.804935316014713
1260000.0,350.0,2,0.0008666666666666666,23.760892144940012
1260000.0,350.0,2,0.0008833333333333333,23.712212850594284
1260000.0,350.0,2,0.0009,23.658897432977533
1260000.0,350.0,2,0.0009166666666666666,23.600945892089765
1260000.0,350.0,2,0.0009333333333333333,23.53835822793097
1260000.0,350.0,2,0.00095,23.47113444050116
1260000.0,350.0,2,0.0009666666666666667,23.399274529800326
1260000.0,350.0,2,0.0009833333333333335,23.32277849582847
1260000.0,350.0,2,0.001,23.24164633858559
1260000.0,350.0,2,0.0010166666666666666,23.155878058071693
1260000.0,350.0,2,0.0010333333333333334,23.065473654286773
1260000.0,350.0,2,0.00105,22.97043312723083
1260000.0,350.0,2,0.0010666666666666667,22.87075647690387
1260000.0,350.0,2,0.0010833333333333333,22.766443703305885
1260000.0,350.0,2,0.0011,22.657494806436883
1260000.0,350.0,3,0.0011125,22.562485069573444
1260000.0,350.0,3,0.0011250000000000001,22.467475332710006
1260000.0,350.0,3,0.0011375,22.37246559584657
1260000.0,350.0,3,0.00115,22.27745585898313
1260000.0,350.0,3,0.0011625000000000001,22.18244612211969
1260000.0,350.0,3,0.001175,22.087436385256257
1260000.0,350.0,3,0.0011875,21.992426648392815
1260000.0,350.0,3,0.0012000000000000001,21.89741691152938
1260000.0,350.0,3,0.0012125,21.80240717466594
1260000.0,350.0,3,0.001225,21.707397437802502
1260000.0,350.0,3,0.0012375,21.612387700939063
1260000.0,350.0,3,0.00125,21.517377964075628
1260000.0,350.0,3,0.0012625000000000002,21.42236822721219
1260000.0,350.0,3,0.001275,21.32735849034875
1260000.0,350.0,3,0.0012875,21.23234875348531
1260000.0,350.0,3,0.0013,21.137339016621873
1260000.0,350.0,3,0.0013125,21.042329279758437
1260000.0,350.0,3,0.001325,20.947319542895
1260000.0,350.0,3,0.0013375000000000001,20.85230980603156
1260000.0,350.0,3,0.00135,20.75730006916812
1260000.0,350.0,3,0.0013625,20.662290332304686
1260000.0,350.0,3,0.001375,20.567280595441243
1260000.0,350.0,3,0.0013875,20.472270858577808
1260000.0,350.0,3,0.0014,20.377261121714373
1296000.0,360.0,1,0.0,23.992698308491132
1296000.0,360.0,1,2.9166666666666666e-05,23.99269830849113
1296000.0,360.0,1,5.833333333333333e-05,23.99269830849113
1296000.0,360.0,1,8.75e-05,23.992698308491125
1296000.0,360.0,1,0.00011666666666666667,23.99269830849112
1296000.0,360.0,1,0.00014583333333333332,23.99269830849112
1296000.0,360.0,1,0.000175,23.992698308491118
1296000.0,360.0,1,0.00020416666666666668,23.992698308491114
1296000.0,360.0,1,0.00023333333333333333,23.992698308491107
1296000.0,360.0,1,0.0002625,23.992698308491107
1296000.0,360.0,1,0.00029166666666666664,23.992698308491104
1296000.0,360.0,1,0.00032083333333333334,23.992698308491104
1296000.0,360.0,1,0.00035,23.992698308491097
1296000.0,360.0,1,0.00037916666666666665,23.992698308491093
1296000.0,360.0,1,0.00040833333333333336,23.992698308491093
1296000.0,360.0,1,0.0004375,23.99269830849109
1296000.0,360.0,1,0.00046666666666666666,23.992698308491082
1296000.0,360.0,1,0.0004958333333333334,23.992698308491082
1296000.0,360.0,1,0.000525,23.99269830849108
1296000.0,360.0,1,0.0005541666666666667,23.992698308491075
1296000.0,360.0,1,0.0005833333333333333,23.992698308491075
1296000.0,360.0,1,0.0006125,23.99269830849107
1296000.0,360.0,1,0.0006416666666666667,23.992698308491068
1296000.0,360.0,1,0.0006708333333333333,23.992698308491065
1296000.0,360.0,1,0.0007,23.99269830849106
1296000.0,360.0,2,0.0007166666666666667,23.99038024685555
1296000.0,360.0,2,0.0007333333333333333,23.983426061949014
1296000.0,360.0,2,0.00075,23.97183575377146
1296000.0,360.0,2,0.0007666666666666667,23.95560932232288
1296000.0,360.0,2,0.0007833333333333334,23.934746767603283
1296000.0,360.0,2,0.0008,23.909248089612664
1296000.0,360.0,2,0.0008166666666666667,23.879113288351025
1296000.0,360.0,2,0.0008333333333333333,23.844342363818363
1296000.0,360.0,2,0.0008500000000000001,23.804935316014678
1296000.0,360.0,2,0.0008666666666666666,23.760892144939973
1296000.0,360.0,2,0.0008833333333333333,23.712212850594245
1296000.0,360.0,2,0.0009,23.6588974329775
1296000.0,360.0,2,0.0009166666666666666,23.60094589208973
1296000.0,360.0,2,0.0009333333333333333,23.53835822793094
1296000.0,360.0,2,0.00095,23.471134440501125
1296000.0,360.0,2,0.0009666666666666667,23.39927452980029
1296000.0,360.0,2,0.0009833333333333335,23.322778495828434
1296000.0,360.0,2,0.001,23.24164633858556
1296000.0,360.0,2,0.0010166666666666666,23.155878058071664
1296000.0,360.0,2,0.0010333333333333334,23.065473654286745
1296000.0,360.0,2,0.00105,22.970433127230805
1296000.0,360.0,2,0.0010666666666666667,22.87075647690384
1296000.0,360.0,2,0.0010833333333333333,22.76644370330586
1296000.0,360.0,2,0.0011,22.657494806436855
1296000.0,360.0,3,0.0011125,22.562485069573416
1296000.0,360.0,3,0.0011250000000000001,22.46747533270998
1296000.0,360.0,3,0.0011375,22.372465595846542
1296000.0,360.0,3,0.00115,22.277455858983103
1296000.0,360.0,3,0.0011625000000000001,22.182446122119664
1296000.0,360.0,3,0.001175,22.08743638525623
1296000.0,360.0,3,0.0011875,21.992426648392787
1296000.0,360.0,3,0.0012000000000000001,21.89741691152935
1296000.0,360.0,3,0.0012125,21.802407174665916
1296000.0,360.0,3,0.001225,21.707397437802477
1296000.0,360.0,3,0.0012375,21.612387700939035
1296000.0,360.0,3,0.00125,21.5173779640756
1296000.0,360.0,3,0.0012625000000000002,21.42236822721216
1296000.0,360.0,3,0.001275,21.327358490348722
1296000.0,360.0,3,0.0012875,21.232348753485283
1296000.0,360.0,3,0.0013,21.137339016621844
1296000.0,360.0,3,0.0013125,21.042329279758405
1296000.0,360.0,3,0.001325,20.94731954289497
1296000.0,360.0,3,0.0013375000000000001,20.85230980603153
1296000.0,360.0,3,0.00135,20.757300069168092
1296000.0,360.0,3,0.0013625,20.662290332304654
1296000.0,360.0,3,0.001375,20.56728059544122
1296000.0,360.0,3,0.0013875,20.47227085857778
1296000.0,360.0,3,0.0014,20.377261121714344
1332000.0,370.0,1,0.0,23.99269830849107
1332000.0,370.0,1,2.9166666666666666e-05,23.992698308491068
1332000.0,370.0,1,5.833333333333333e-05,23.992698308491068
1332000.0,370.0,1,8.75e-05,23.992698308491068
1332000.0,370.0,1,0.00011666666666666667,23.992698308491065
1332000.0,370.0,1,0.00014583333333333332,23.99269830849106
1332000.0,370.0,1,0.000175,23.99269830849106
1332000.0,370.0,1,0.00020416666666666668,23.99269830849106
1332000.0,370.0,1,0.00023333333333333333,23.992698308491057
1332000.0,370.0,1,0.0002625,23.992698308491057
1332000.0,370.0,1,0.00029166666666666664,23.992698308491054
1332000.0,370.0,1,0.00032083333333333334,23.992698308491054
1332000.0,370.0,1,0.00035,23.99269830849105
1332000.0,370.0,1,0.00037916666666666665,23.992698308491054
1332000.0,370.0,1,0.00040833333333333336,23.99269830849105
1332000.0,370.0,1,0.0004375,23.992698308491047
1332000.0,370.0,1,0.00046666666666666666,23.992698308491043
1332000.0,370.0,1,0.0004958333333333334,23.992698308491043
1332000.0,370.0,1,0.000525,23.99269830849104
1332000.0,370.0,1,0.0005541666666666667,23.99269830849104
1332000.0,370.0,1,0.0005833333333333333,23.99269830849104
1332000.0,370.0,1,0.0006125,23.99269830849104
1332000.0,370.0,1,0.0006416666666666667,23.99269830849104
1332000.0,370.0,1,0.0006708333333333333,23.992698308491036
1332000.0,370.0,1,0.0007,23.992698308491036
1332000.0,370.0,2,0.0007166666666666667,23.990380246855523
1332000.0,370.0,2,0.0007333333333333333,23.983426061948986
1332000.0,370.0,2,0.00075,23.971835753771433
1332000.0,370.0,2,0.0007666666666666667,23.955609322322857
1332000.0,370.0,2,0.0007833333333333334,23.934746767603258
1332000.0,370.0,2,0.0008,23.909248089612642
1332000.0,370.0,2,0.0008166666666666667,23.879113288351004
1332000.0,370.0,2,0.0008333333333333333,23.844342363818335
1332000.0,370.0,2,0.0008500000000000001,23.804935316014657
1332000.0,370.0,2,0.0008666666666666666,23.76089214493995
1332000.0,370.0,2,0.0008833333333333333,23.712212850594227
1332000.0,370.0,2,0.0009,23.658897432977476
1332000.0,370.0,2,0.0009166666666666666,23.600945892089708
1332000.0,370.0,2,0.0009333333333333333,23.538358227930917
1332000.0,370.0,2,0.00095,23.471134440501107
1332000.0,370.0,2,0.0009666666666666667,23.399274529800277
1332000.0,370.0,2,0.0009833333333333335,23.32277849582842
1332000.0,370.0,2,0.001,23.241646338585543
1332000.0,370.0,2,0.0010166666666666666,23.15587805807165
1332000.0,370.0,2,0.0010333333333333334,23.065473654286723
1332000.0,370.0,2,0.00105,22.970433127230788
1332000.0,370.0,2,0.0010666666666666667,22.870756476903825
1332000.0,370.0,2,0.0010833333333333333,22.76644370330584
1332000.0,370.0,2,0.0011,22.657494806436837
1332000.0,370.0,3,0.0011125,22.562485069573402
1332000.0,370.0,3,0.0011250000000000001,22.46747533270996
1332000.0,370.0,3,0.0011375,22.372465595846524
1332000.0,370.0,3,0.00115,22.27745585898309
1332000.0,370.0,3,0.0011625000000000001,22.182446122119647
1332000.0,370.0,3,0.001175,22.08743638525621
1332000.0,370.0,3,0.0011875,21.992426648392772
1332000.0,370.0,3,0.0012000000000000001,21.897416911529337
1332000.0,370.0,3,0.0012125,21.8024071746659
1332000.0,370.0,3,0.001225,21.707397437802463
1332000.0,370.0,3,0.0012375,21.61238770093902
1332000.0,370.0,3,0.00125,21.517377964075582
1332000.0,370.0,3,0.0012625000000000002,21.422368227212143
1332000.0,370.0,3,0.001275,21.327358490348704
1332000.0,370.0,3,0.0012875,21.232348753485272
1332000.0,370.0,3,0.0013,21.13733901662183
1332000.0,370.0,3,0.0013125,21.04232927975839
1332000.0,370.0,3,0.001325,20.947319542894956
1332000.0,370.0,3,0.0013375000000000001,20.852309806031517
1332000.0,370.0,3,0.00135,20.75730006916808
1332000.0,370.0,3,0.0013625,20.662290332304643
1332000.0,370.0,3,0.001375,20.567280595441204
1332000.0,370.0,3,0.0013875,20.472270858577765
1332000.0,370.0,3,0.0014,20.377261121714326
1368000.0,380.0,1,0.0,23.99269830849107
1368000.0,380.0,1,2.9166666666666666e-05,23.99269830849107
1368000.0,380.0,1,5.833333333333333e-05,23.99269830849107
1368000.0,380.0,1,8.75e-05,23.992698308491065
1368000.0,380.0,1,0.00011666666666666667,23.992698308491068
1368000.0,380.0,1,0.00014583333333333332,23.99269830849106
1368000.0,380.0,1,0.000175,23.99269830849106
1368000.0,380.0,1,0.00020416666666666668,23.992698308491057
1368000.0,380.0,1,0.00023333333333333333,23.992698308491057
1368000.0,380.0,1,0.0002625,23.992698308491057
1368000.0,380.0,1,0.00029166666666666664,23.992698308491057
1368000.0,380.0,1,0.00032083333333333334,23.992698308491057
1368000.0,380.0,1,0.00035,23.99269830849105
1368000.0,380.0,1,0.00037916666666666665,23.99269830849105
1368000.0,380.0,1,0.00040833333333333336,23.99269830849105
1368000.0,380.0,1,0.0004375,23.992698308491047
1368000.0,380.0,1,0.00046666666666666666,23.992698308491047
1368000.0,380.0,1,0.0004958333333333334,23.992698308491047
1368000.0,380.0,1,0.000525,23.99269830849104
1368000.0,380.0,1,0.0005541666666666667,23.992698308491043
1368000.0,380.0,1,0.0005833333333333333,23.99269830849104
1368000.0,380.0,1,0.0006125,23.99269830849104
1368000.0,380.0,1,0.0006416666666666667,23.992698308491036
1368000.0,380.0,1,0.0006708333333333333,23.992698308491033
1368000.0,380.0,1,0.0007,23.992698308491036
1368000.0,380.0,2,0.0007166666666666667,23.990380246855523
1368000.0,380.0,2,0.0007333333333333333,23.983426061948986
1368000.0,380.0,2,0.00075,23.971835753771437
1368000.0,380.0,2,0.0007666666666666667,23.955609322322857
1368000.0,380.0,2,0.0007833333333333334,23.93474676760326
1368000.0,380.0,2,0.0008,23.909248089612642
1368000.0,380.0,2,0.0008166666666666667,23.879113288351004
1368000.0,380.0,2,0.0008333333333333333,23.844342363818342
1368000.0,380.0,2,0.0008500000000000001,23.804935316014657
1368000.0,380.0,2,0.0008666666666666666,23.76089214493995
1368000.0,380.0,2,0.0008833333333333333,23.712212850594227
1368000.0,380.0,2,0.0009,23.65889743297748
1368000.0,380.0,2,0.0009166666666666666,23.60094589208971
1368000.0,380.0,2,0.0009333333333333333,23.538358227930917
1368000.0,380.0,2,0.00095,23.47113444050111
1368000.0,380.0,2,0.0009666666666666667,23.399274529800273
1368000.0,380.0,2,0.0009833333333333335,23.32277849582842
1368000.0,380.0,2,0.001,23.241646338585543
1368000.0,380.0,2,0.0010166666666666666,23.155878058071647
1368000.0,380.0,2,0.0010333333333333334,23.065473654286727
1368000.0,380.0,2,0.00105,22.970433127230788
1368000.0,380.0,2,0.0010666666666666667,22.870756476903825
1368000.0,380.0,2,0.0010833333333333333,22.766443703305843
1368000.0,380.0,2,0.0011,22.65749480643684
1368000.0,380.0,3,0.0011125,22.562485069573402
1368000.0,380.0,3,0.0011250000000000001,22.46747533270996
1368000.0,380.0,3,0.0011375,22.372465595846528
1368000.0,380.0,3,0.00115,22.277455858983085
1368000.0,380.0,3,0.0011625000000000001,22.182446122119647
1368000.0,380.0,3,0.001175,22.08743638525621
1368000.0,380.0,3,0.0011875,21.992426648392776
1368000.0,380.0,3,0.0012000000000000001,21.897416911529334
1368000.0,380.0,3,0.0012125,21.8024071746659
1368000.0,380.0,3,0.001225,21.70739743780246
1368000.0,380.0,3,0.0012375,21.61238770093902
1368000.0,380.0,3,0.00125,21.517377964075585
1368000.0,380.0,3,0.0012625000000000002,21.422368227212147
1368000.0,380.0,3,0.001275,21.327358490348708
1368000.0,380.0,3,0.0012875,21.23234875348527
1368000.0,380.0,3,0.0013,21.137339016621834
1368000.0,380.0,3,0.0013125,21.042329279758395
1368000.0,380.0,3,0.001325,20.947319542894952
1368000.0,380.0,3,0.0013375000000000001,20.852309806031514
1368000.0,380.0,3,0.00135,20.757300069168082
1368000.0,380.0,3,0.0013625,20.662290332304643
1368000.0,380.0,3,0.001375,20.567280595441204
1368000.0,380.0,3,0.0013875,20.47227085857776
1368000.0,380.0,3,0.0014,20.377261121714326
1404000.0,390.0,1,0.0,23.992698308491075
1404000.0,390.0,1,2.9166666666666666e-05,23.992698308491068
1404000.0,390.0,1,5.833333333333333e-05,23.992698308491068
1404000.0,390.0,1,8.75e-05,23.992698308491068
1404000.0,390.0,1,0.00011666666666666667,23.992698308491068
1404000.0,390.0,1,0.00014583333333333332,23.992698308491068
1404000.0,390.0,1,0.000175,23.992698308491065
1404000.0,390.0,1,0.00020416666666666668,23.99269830849106
1404000.0,390.0,1,0.00023333333333333333,23.99269830849106
1404000.0,390.0,1,0.0002625,23.992698308491057
1404000.0,390.0,1,0.00029166666666666664,23.992698308491057
1404000.0,390.0,1,0.00032083333333333334,23.992698308491054
1404000.0,390.0,1,0.00035,23.992698308491054
1404000.0,390.0,1,0.00037916666666666665,23.99269830849105
1404000.0,390.0,1,0.00040833333333333336,23.992698308491047
1404000.0,390.0,1,0.0004375,23.99269830849105
1404000.0,390.0,1,0.00046666666666666666,23.992698308491047
1404000.0,390.0,1,0.0004958333333333334,23.992698308491043
1404000.0,390.0,1,0.000525,23.992698308491043
1404000.0,390.0,1,0.0005541666666666667,23.992698308491043
1404000.0,390.0,1,0.0005833333333333333,23.99269830849104
1404000.0,390.0,1,0.0006125,23.99269830849104
1404000.0,390.0,1,0.0006416666666666667,23.992698308491036
1404000.0,390.0,1,0.0006708333333333333,23.992698308491036
1404000.0,390.0,1,0.0007,23.992698308491033
1404000.0,390.0,2,0.0007166666666666667,23.99038024685552
1404000.0,390.0,2,0.0007333333333333333,23.983426061948986
1404000.0,390.0,2,0.00075,23.971835753771433
1404000.0,390.0,2,0.0007666666666666667,23.955609322322857
1404000.0,390.0,2,0.0007833333333333334,23.93474676760326
1404000.0,390.0,2,0.0008,23.909248089612642
1404000.0,390.0,2,0.0008166666666666667,23.879113288351004
1404000.0,390.0,2,0.0008333333333333333,23.84434236381834
1404000.0,390.0,2,0.0008500000000000001,23.804935316014657
1404000.0,390.0,2,0.0008666666666666666,23.760892144939955
1404000.0,390.0,2,0.0008833333333333333,23.712212850594227
1404000.0,390.0,2,0.0009,23.65889743297748
1404000.0,390.0,2,0.0009166666666666666,23.60094589208971
1404000.0,390.0,2,0.0009333333333333333,23.538358227930917
1404000.0,390.0,2,0.00095,23.47113444050111
1404000.0,390.0,2,0.0009666666666666667,23.399274529800277
1404000.0,390.0,2,0.0009833333333333335,23.322778495828423
1404000.0,390.0,2,0.001,23.241646338585543
1404000.0,390.0,2,0.0010166666666666666,23.155878058071647
1404000.0,390.0,2,0.0010333333333333334,23.065473654286727
1404000.0,390.0,2,0.00105,22.97043312723079
1404000.0,390.0,2,0.0010666666666666667,22.870756476903825
1404000.0,390.0,2,0.0010833333333333333,22.766443703305843
1404000.0,390.0,2,0.0011,22.65749480643684
1404000.0,390.0,3,0.0011125,22.562485069573402
1404000.0,390.0,3,0.0011250000000000001,22.467475332709963
1404000.0,390.0,3,0.0011375,22.372465595846524
1404000.0,390.0,3,0.00115,22.27745585898309
1404000.0,390.0,3,0.0011625000000000001,22.182446122119647
1404000.0,390.0,3,0.001175,22.08743638525621
1404000.0,390.0,3,0.0011875,21.992426648392776
1404000.0,390.0,3,0.0012000000000000001,21.897416911529337
1404000.0,390.0,3,0.0012125,21.8024071746659
1404000.0,390.0,3,0.001225,21.707397437802463
1404000.0,390.0,3,0.0012375,21.612387700939024
1404000.0,390.0,3,0.00125,21.517377964075582
1404000.0,390.0,3,0.0012625000000000002,21.422368227212143
1404000.0,390.0,3,0.001275,21.327358490348704
1404000.0,390.0,3,0.0012875,21.23234875348527
1404000.0,390.0,3,0.0013,21.137339016621834
1404000.0,390.0,3,0.0013125,21.04232927975839
1404000.0,390.0,3,0.001325,20.947319542894956
1404000.0,390.0,3,0.0013375000000000001,20.852309806031517
1404000.0,390.0,3,0.00135,20.75730006916808
1404000.0,390.0,3,0.0013625,20.662290332304643
1404000.0,390.0,3,0.001375,20.567280595441204
1404000.0,390.0,3,0.0013875,20.472270858577765
1404000.0,390.0,3,0.0014,20.37726112171433
1440000.0,400.0,1,0.0,23.99269830849107
1440000.0,400.0,1,2.9166666666666666e-05,23.992698308491068
1440000.0,400.0,1,5.833333333333333e-05,23.99269830849107
1440000.0,400.0,1,8.75e-05,23.992698308491068
1440000.0,400.0,1,0.00011666666666666667,23.992698308491065
1440000.0,400.0,1,0.00014583333333333332,23.992698308491065
1440000.0,400.0,1,0.000175,23.99269830849106
1440000.0,400.0,1,0.00020416666666666668,23.99269830849106
1440000.0,400.0,1,0.00023333333333333333,23.992698308491057
1440000.0,400.0,1,0.0002625,23.992698308491057
1440000.0,400.0,1,0.00029166666666666664,23.992698308491054
1440000.0,400.0,1,0.00032083333333333334,23.992698308491054
1440000.0,400.0,1,0.00035,23.99269830849105
1440000.0,400.0,1,0.00037916666666666665,23.99269830849105
1440000.0,400.0,1,0.00040833333333333336,23.992698308491047
1440000.0,400.0,1,0.0004375,23.99269830849105
1440000.0,400.0,1,0.00046666666666666666,23.992698308491047
1440000.0,400.0,1,0.0004958333333333334,23.992698308491043
1440000.0,400.0,1,0.000525,23.992698308491043
1440000.0,400.0,1,0.0005541666666666667,23.99269830849104
1440000.0,400.0,1,0.0005833333333333333,23.99269830849104
1440000.0,400.0,1,0.0006125,23.992698308491036
1440000.0,400.0,1,0.0006416666666666667,23.99269830849104
1440000.0,400.0,1,0.0006708333333333333,23.992698308491036
1440000.0,400.0,1,0.0007,23.992698308491033
1440000.0,400.0,2,0.0007166666666666667,23.990380246855523
1440000.0,400.0,2,0.0007333333333333333,23.98342606194899
1440000.0,400.0,2,0.00075,23.971835753771433
1440000.0,400.0,2,0.0007666666666666667,23.95560932232286
1440000.0,400.0,2,0.0007833333333333334,23.934746767603258
1440000.0,400.0,2,0.0008,23.909248089612642
1440000.0,400.0,2,0.0008166666666666667,23.879113288351
1440000.0,400.0,2,0.0008333333333333333,23.844342363818342
1440000.0,400.0,2,0.0008500000000000001,23.80493531601466
1440000.0,400.0,2,0.0008666666666666666,23.760892144939955
1440000.0,400.0,2,0.0008833333333333333,23.712212850594227
1440000.0,400.0,2,0.0009,23.658897432977483
1440000.0,400.0,2,0.0009166666666666666,23.600945892089708
1440000.0,400.0,2,0.0009333333333333333,23.538358227930917
1440000.0,400.0,2,0.00095,23.47113444050111
1440000.0,400.0,2,0.0009666666666666667,23.399274529800277
1440000.0,400.0,2,0.0009833333333333335,23.322778495828423
1440000.0,400.0,2,0.001,23.241646338585547
1440000.0,400.0,2,0.0010166666666666666,23.15587805807165
1440000.0,400.0,2,0.0010333333333333334,23.06547365428673
1440000.0,400.0,2,0.00105,22.97043312723079
1440000.0,400.0,2,0.0010666666666666667,22.870756476903825
1440000.0,400.0,2,0.0010833333333333333,22.766443703305843
1440000.0,400.0,2,0.0011,22.65749480643684
1440000.0,400.0,3,0.0011125,22.562485069573402
1440000.0,400.0,3,0.0011250000000000001,22.467475332709963
1440000.0,400.0,3,0.0011375,22.372465595846528
1440000.0,400.0,3,0.00115,22.27745585898309
1440000.0,400.0,3,0.0011625000000000001,22.18244612211965
1440000.0,400.0,3,0.001175,22.08743638525621
1440000.0,400.0,3,0.0011875,21.992426648392772
1440000.0,400.0,3,0.0012000000000000001,21.897416911529334
1440000.0,400.0,3,0.0012125,21.8024071746659
1440000.0,400.0,3,0.001225,21.707397437802463
1440000.0,400.0,3,0.0012375,21.61238770093902
1440000.0,400.0,3,0.00125,21.517377964075582
1440000.0,400.0,3,0.0012625000000000002,21.422368227212147
1440000.0,400.0,3,0.001275,21.327358490348708
1440000.0,400.0,3,0.0012875,21.23234875348527
1440000.0,400.0,3,0.0013,21.13733901662183
1440000.0,400.0,3,0.0013125,21.042329279758395
1440000.0,400.0,3,0.001325,20.947319542894956
1440000.0,400.0,3,0.0013375000000000001,20.852309806031517
1440000.0,400.0,3,0.00135,20.75730006916808
1440000.0,400.0,3,0.0013625,20.662290332304643
1440000.0,400.0,3,0.001375,20.567280595441204
1440000.0,400.0,3,0.0013875,20.47227085857777
1440000.0,400.0,3,0.0014,20.377261121714326
1476000.0,410.0,1,0.0,23.99269830849107
1476000.0,410.0,1,2.9166666666666666e-05,23.99269830849107
1476000.0,410.0,1,5.833333333333333e-05,23.99269830849107
1476000.0,410.0,1,8.75e-05,23.992698308491068
1476000.0,410.0,1,0.00011666666666666667,23.992698308491068
1476000.0,410.0,1,0.00014583333333333332,23.992698308491065
1476000.0,410.0,1,0.000175,23.992698308491065
1476000.0,410.0,1,0.00020416666666666668,23.992698308491065
1476000.0,410.0,1,0.00023333333333333333,23.99269830849106
1476000.0,410.0,1,0.0002625,23.99269830849106
1476000.0,410.0,1,0.00029166666666666664,23.992698308491054
1476000.0,410.0,1,0.00032083333333333334,23.992698308491057
1476000.0,410.0,1,0.00035,23.99269830849105
1476000.0,410.0,1,0.00037916666666666665,23.99269830849105
1476000.0,410.0,1,0.00040833333333333336,23.99269830849105
1476000.0,410.0,1,0.0004375,23.99269830849105
1476000.0,410.0,1,0.00046666666666666666,23.99269830849105
1476000.0,410.0,1,0.0004958333333333334,23.992698308491047
1476000.0,410.0,1,0.000525,23.99269830849104
1476000.0,410.0,1,0.0005541666666666667,23.992698308491043
1476000.0,410.0,1,0.0005833333333333333,23.992698308491043
1476000.0,410.0,1,0.0006125,23.99269830849104
1476000.0,410.0,1,0.0006416666666666667,23.99269830849104
1476000.0,410.0,1,0.0006708333333333333,23.992698308491036
1476000.0,410.0,1,0.0007,23.992698308491033
1476000.0,410.0,2,0.0007166666666666667,23.990380246855523
1476000.0,410.0,2,0.0007333333333333333,23.98342606194899
1476000.0,410.0,2,0.00075,23.971835753771433
1476000.0,410.0,2,0.0007666666666666667,23.955609322322857
1476000.0,410.0,2,0.0007833333333333334,23.934746767603265
1476000.0,410.0,2,0.0008,23.909248089612646
1476000.0,410.0,2,0.0008166666666666667,23.879113288351004
1476000.0,410.0,2,0.0008333333333333333,23.844342363818342
1476000.0,410.0,2,0.0008500000000000001,23.804935316014657
1476000.0,410.0,2,0.0008666666666666666,23.760892144939955
1476000.0,410.0,2,0.0008833333333333333,23.71221285059423
1476000.0,410.0,2,0.0009,23.658897432977483
1476000.0,410.0,2,0.0009166666666666666,23.60094589208971
1476000.0,410.0,2,0.0009333333333333333,23.53835822793092
1476000.0,410.0,2,0.00095,23.471134440501107
1476000.0,410.0,2,0.0009666666666666667,23.399274529800277
1476000.0,410.0,2,0.0009833333333333335,23.322778495828423
1476000.0,410.0,2,0.001,23.241646338585547
1476000.0,410.0,2,0.0010166666666666666,23.15587805807165
1476000.0,410.0,2,0.0010333333333333334,23.06547365428673
1476000.0,410.0,2,0.00105,22.970433127230788
1476000.0,410.0,2,0.0010666666666666667,22.87075647690383
1476000.0,410.0,2,0.0010833333333333333,22.766443703305846
1476000.0,410.0,2,0.0011,22.65749480643684
1476000.0,410.0,3,0.0011125,22.5624850695734
1476000.0,410.0,3,0.0011250000000000001,22.467475332709967
1476000.0,410.0,3,0.0011375,22.372465595846524
1476000.0,410.0,3,0.00115,22.27745585898309
1476000.0,410.0,3,0.0011625000000000001,22.18244612211965
1476000.0,410.0,3,0.001175,22.08743638525621
1476000.0,410.0,3,0.0011875,21.992426648392776
1476000.0,410.0,3,0.0012000000000000001,21.897416911529337
1476000.0,410.0,3,0.0012125,21.8024071746659
1476000.0,410.0,3,0.001225,21.707397437802463
1476000.0,410.0,3,0.0012375,21.61238770093902
1476000.0,410.0,3,0.00125,21.517377964075585
1476000.0,410.0,3,0.0012625000000000002,21.422368227212147
1476000.0,410.0,3,0.001275,21.32735849034871
1476000.0,410.0,3,0.0012875,21.23234875348527
1476000.0,410.0,3,0.0013,21.13733901662183
1476000.0,410.0,3,0.0013125,21.042329279758395
1476000.0,410.0,3,0.001325,20.94731954289496
1476000.0,410.0,3,0.0013375000000000001,20.852309806031517
1476000.0,410.0,3,0.00135,20.75730006916808
1476000.0,410.0,3,0.0013625,20.66229033230464
1476000.0,410.0,3,0.001375,20.567280595441204
1476000.0,410.0,3,0.0013875,20.472270858577765
1476000.0,410.0,3,0.0014,20.377261121714326
1512000.0,420.0,1,0.0,23.99269830849107
1512000.0,420.0,1,2.9166666666666666e-05,23.992698308491068
1512000.0,420.0,1,5.833333333333333e-05,23.992698308491068
1512000.0,420.0,1,8.75e-05,23.992698308491065
1512000.0,420.0,1,0.00011666666666666667,23.992698308491068
1512000.0,420.0,1,0.00014583333333333332,23.992698308491065
1512000.0,420.0,1,0.000175,23.99269830849106
1512000.0,420.0,1,0.00020416666666666668,23.99269830849106
1512000.0,420.0,1,0.00023333333333333333,23.992698308491057
1512000.0,420.0,1,0.0002625,23.992698308491054
1512000.0,420.0,1,0.00029166666666666664,23.992698308491054
1512000.0,420.0,1,0.00032083333333333334,23.992698308491057
1512000.0,420.0,1,0.00035,23.992698308491054
1512000.0,420.0,1,0.00037916666666666665,23.99269830849105
1512000.0,420.0,1,0.00040833333333333336,23.992698308491047
1512000.0,420.0,1,0.0004375,23.99269830849105
1512000.0,420.0,1,0.00046666666666666666,23.992698308491043
1512000.0,420.0,1,0.0004958333333333334,23.992698308491043
1512000.0,420.0,1,0.000525,23.99269830849104
1512000.0,420.0,1,0.0005541666666666667,23.992698308491043
1512000.0,420.0,1,0.0005833333333333333,23.99269830849104
1512000.0,420.0,1,0.0006125,23.992698308491036
1512000.0,420.0,1,0.0006416666666666667,23.992698308491036
1512000.0,420.0,1,0.0006708333333333333,23.992698308491036
1512000.0,420.0,1,0.0007,23.992698308491033
1512000.0,420.0,2,0.0007166666666666667,23.99038024685552
1512000.0,420.0,2,0.0007333333333333333,23.98342606194899
1512000.0,420.0,2,0.00075,23.971835753771433
1512000.0,420.0,2,0.0007666666666666667,23.95560932232286
1512000.0,420.0,2,0.0007833333333333334,23.93474676760326
1512000.0,420.0,2,0.0008,23.90924808961264
1512000.0,420.0,2,0.0008166666666666667,23.879113288351
1512000.0,420.0,2,0.0008333333333333333,23.844342363818342
1512000.0,420.0,2,0.0008500000000000001,23.804935316014657
1512000.0,420.0,2,0.0008666666666666666,23.76089214493995
1512000.0,420.0,2,0.0008833333333333333,23.712212850594227
1512000.0,420.0,2,0.0009,23.65889743297748
1512000.0,420.0,2,0.0009166666666666666,23.600945892089708
1512000.0,420.0,2,0.0009333333333333333,23.53835822793092
1512000.0,420.0,2,0.00095,23.471134440501107
1512000.0,420.0,2,0.0009666666666666667,23.399274529800273
1512000.0,420.0,2,0.0009833333333333335,23.32277849582842
1512000.0,420.0,2,0.001,23.241646338585543
1512000.0,420.0,2,0.0010166666666666666,23.155878058071647
1512000.0,420.0,2,0.0010333333333333334,23.06547365428673
1512000.0,420.0,2,0.00105,22.97043312723079
1512000.0,420.0,2,0.0010666666666666667,22.87075647690383
1512000.0,420.0,2,0.0010833333333333333,22.766443703305846
1512000.0,420.0,2,0.0011,22.657494806436837
1512000.0,420.0,3,0.0011125,22.562485069573402
1512000.0,420.0,3,0.0011250000000000001,22.467475332709963
1512000.0,420.0,3,0.0011375,22.372465595846524
1512000.0,420.0,3,0.00115,22.277455858983085
1512000.0,420.0,3,0.0011625000000000001,22.18244612211965
1512000.0,420.0,3,0.001175,22.08743638525621
1512000.0,420.0,3,0.0011875,21.992426648392772
1512000.0,420.0,3,0.0012000000000000001,21.897416911529334
1512000.0,420.0,3,0.0012125,21.8024071746659
1512000.0,420.0,3,0.001225,21.70739743780246
1512000.0,420.0,3,0.0012375,21.61238770093902
1512000.0,420.0,3,0.00125,21.517377964075582
1512000.0,420.0,3,0.0012625000000000002,21.422368227212147
1512000.0,420.0,3,0.001275,21.327358490348704
1512000.0,420.0,3,0.0012875,21.232348753485272
1512000.0,420.0,3,0.0013,21.13733901662183
1512000.0,420.0,3,0.0013125,21.04232927975839
1512000.0,420.0,3,0.001325,20.947319542894952
1512000.0,420.0,3,0.0013375000000000001,20.852309806031517
1512000.0,420.0,3,0.00135,20.757300069168082
1512000.0,420.0,3,0.0013625,20.662290332304643
1512000.0,420.0,3,0.001375,20.567280595441204
1512000.0,420.0,3,0.0013875,20.472270858577765
1512000.0,420.0,3,0.0014,20.377261121714326
1548000.0,430.0,1,0.0,23.99269830849107
1548000.0,430.0,1,2.9166666666666666e-05,23.99269830849107
1548000.0,430.0,1,5.833333333333333e-05,23.992698308491068
1548000.0,430.0,1,8.75e-05,23.992698308491068
1548000.0,430.0,1,0.00011666666666666667,23.992698308491065
1548000.0,430.0,1,0.00014583333333333332,23.99269830849106
1548000.0,430.0,1,0.000175,23.99269830849106
1548000.0,430.0,1,0.00020416666666666668,23.99269830849106
1548000.0,430.0,1,0.00023333333333333333,23.992698308491057
1548000.0,430.0,1,0.0002625,23.992698308491057
1548000.0,430.0,1,0.00029166666666666664,23.992698308491057
1548000.0,430.0,1,0.00032083333333333334,23.992698308491054
1548000.0,430.0,1,0.00035,23.99269830849105
1548000.0,430.0,1,0.00037916666666666665,23.99269830849105
1548000.0,430.0,1,0.00040833333333333336,23.99269830849105
1548000.0,430.0,1,0.0004375,23.992698308491047
1548000.0,430.0,1,0.00046666666666666666,23.992698308491043
1548000.0,430.0,1,0.0004958333333333334,23.992698308491047
1548000.0,430.0,1,0.000525,23.992698308491043
1548000.0,430.0,1,0.0005541666666666667,23.99269830849104
1548000.0,430.0,1,0.0005833333333333333,23.992698308491043
1548000.0,430.0,1,0.0006125,23.992698308491036
1548000.0,430.0,1,0.0006416666666666667,23.992698308491036
1548000.0,430.0,1,0.0006708333333333333,23.992698308491033
1548000.0,430.0,1,0.0007,23.992698308491036
1548000.0,430.0,2,0.0007166666666666667,23.99038024685552
1548000.0,430.0,2,0.0007333333333333333,23.983426061948986
1548000.0,430.0,2,0.00075,23.971835753771437
1548000.0,430.0,2,0.0007666666666666667,23.95560932232286
1548000.0,430.0,2,0.0007833333333333334,23.934746767603258
1548000.0,430.0,2,0.0008,23.90924808961264
1548000.0,430.0,2,0.0008166666666666667,23.879113288351
1548000.0,430.0,2,0.0008333333333333333,23.84434236381834
1548000.0,430.0,2,0.0008500000000000001,23.804935316014657
1548000.0,430.0,2,0.0008666666666666666,23.76089214493995
1548000.0,430.0,2,0.0008833333333333333,23.712212850594227
1548000.0,430.0,2,0.0009,23.65889743297748
1548000.0,430.0,2,0.0009166666666666666,23.600945892089708
1548000.0,430.0,2,0.0009333333333333333,23.53835822793092
1548000.0,430.0,2,0.00095,23.47113444050111
1548000.0,430.0,2,0.0009666666666666667,23.399274529800277
1548000.0,430.0,2,0.0009833333333333335,23.32277849582842
1548000.0,430.0,2,0.001,23.241646338585543
1548000.0,430.0,2,0.0010166666666666666,23.155878058071647
1548000.0,430.0,2,0.0010333333333333334,23.065473654286727
1548000.0,430.0,2,0.00105,22.970433127230788
1548000.0,430.0,2,0.0010666666666666667,22.870756476903825
1548000.0,430.0,2,0.0010833333333333333,22.766443703305843
1548000.0,430.0,2,0.0011,22.65749480643684
1548000.0,430.0,3,0.0011125,22.562485069573402
1548000.0,430.0,3,0.0011250000000000001,22.467475332709963
1548000.0,430.0,3,0.0011375,22.372465595846524
1548000.0,430.0,3,0.00115,22.27745585898309
1548000.0,430.0,3,0.0011625000000000001,22.18244612211965
1548000.0,430.0,3,0.001175,22.08743638525621
1548000.0,430.0,3,0.0011875,21.992426648392772
1548000.0,430.0,3,0.0012000000000000001,21.897416911529337
1548000.0,430.0,3,0.0012125,21.8024071746659
1548000.0,430.0,3,0.001225,21.70739743780246
1548000.0,430.0,3,0.0012375,21.612387700939024
1548000.0,430.0,3,0.00125,21.517377964075582
1548000.0,430.0,3,0.0012625000000000002,21.422368227212143
1548000.0,430.0,3,0.001275,21.327358490348708
1548000.0,430.0,3,0.0012875,21.23234875348527
1548000.0,430.0,3,0.0013,21.13733901662183
1548000.0,430.0,3,0.0013125,21.04232927975839
1548000.0,430.0,3,0.001325,20.947319542894956
1548000.0,430.0,3,0.0013375000000000001,20.852309806031514
1548000.0,430.0,3,0.00135,20.757300069168082
1548000.0,430.0,3,0.0013625,20.66229033230464
1548000.0,430.0,3,0.001375,20.567280595441208
1548000.0,430.0,3,0.0013875,20.472270858577765
1548000.0,430.0,3,0.0014,20.377261121714326
1584000.0,440.0,1,0.0,23.992698308491075
1584000.0,440.0,1,2.9166666666666666e-05,23.992698308491068
1584000.0,440.0,1,5.833333333333333e-05,23.992698308491065
1584000.0,440.0,1,8.75e-05,23.992698308491068
1584000.0,440.0,1,0.00011666666666666667,23.992698308491065
1584000.0,440.0,1,0.00014583333333333332,23.992698308491068
1584000.0,440.0,1,0.000175,23.99269830849106
1584000.0,440.0,1,0.00020416666666666668,23.99269830849106
1584000.0,440.0,1,0.00023333333333333333,23.992698308491057
1584000.0,440.0,1,0.0002625,23.992698308491057
1584000.0,440.0,1,0.00029166666666666664,23.992698308491057
1584000.0,440.0,1,0.00032083333333333334,23.992698308491057
1584000.0,440.0,1,0.00035,23.992698308491054
1584000.0,440.0,1,0.00037916666666666665,23.99269830849105
1584000.0,440.0,1,0.00040833333333333336,23.99269830849105
1584000.0,440.0,1,0.0004375,23.992698308491047
1584000.0,440.0,1,0.00046666666666666666,23.99269830849105
1584000.0,440.0,1,0.0004958333333333334,23.992698308491047
1584000.0,440.0,1,0.000525,23.992698308491043
1584000.0,440.0,1,0.0005541666666666667,23.99269830849104
1584000.0,440.0,1,0.0005833333333333333,23.992698308491043
1584000.0,440.0,1,0.0006125,23.99269830849104
1584000.0,440.0,1,0.0006416666666666667,23.992698308491036
1584000.0,440.0,1,0.0006708333333333333,23.992698308491036
1584000.0,440.0,1,0.0007,23.992698308491036
1584000.0,440.0,2,0.0007166666666666667,23.990380246855523
1584000.0,440.0,2,0.0007333333333333333,23.98342606194899
1584000.0,440.0,2,0.00075,23.971835753771433
1584000.0,440.0,2,0.0007666666666666667,23.955609322322857
1584000.0,440.0,2,0.0007833333333333334,23.93474676760326
1584000.0,440.0,2,0.0008,23.909248089612642
1584000.0,440.0,2,0.0008166666666666667,23.879113288351004
1584000.0,440.0,2,0.0008333333333333333,23.84434236381834
1584000.0,440.0,2,0.0008500000000000001,23.80493531601466
1584000.0,440.0,2,0.0008666666666666666,23.76089214493995
1584000.0,440.0,2,0.0008833333333333333,23.712212850594227
1584000.0,440.0,2,0.0009,23.658897432977483
1584000.0,440.0,2,0.0009166666666666666,23.600945892089708
1584000.0,440.0,2,0.0009333333333333333,23.53835822793092
1584000.0,440.0,2,0.00095,23.47113444050111
1584000.0,440.0,2,0.0009666666666666667,23.399274529800273
1584000.0,440.0,2,0.0009833333333333335,23.32277849582842
1584000.0,440.0,2,0.001,23.241646338585547
1584000.0,440.0,2,0.0010166666666666666,23.15587805807165
1584000.0,440.0,2,0.0010333333333333334,23.06547365428673
1584000.0,440.0,2,0.00105,22.97043312723079
1584000.0,440.0,2,0.0010666666666666667,22.87075647690383
1584000.0,440.0,2,0.0010833333333333333,22.766443703305843
1584000.0,440.0,2,0.0011,22.657494806436837
1584000.0,440.0,3,0.0011125,22.562485069573402
1584000.0,440.0,3,0.0011250000000000001,22.467475332709967
1584000.0,440.0,3,0.0011375,22.372465595846524
1584000.0,440.0,3,0.00115,22.277455858983085
1584000.0,440.0,3,0.0011625000000000001,22.18244612211965
1584000.0,440.0,3,0.001175,22.087436385256215
1584000.0,440.0,3,0.0011875,21.992426648392776
1584000.0,440.0,3,0.0012000000000000001,21.897416911529334
1584000.0,440.0,3,0.0012125,21.8024071746659
1584000.0,440.0,3,0.001225,21.70739743780246
1584000.0,440.0,3,0.0012375,21.612387700939024
1584000.0,440.0,3,0.00125,21.517377964075585
1584000.0,440.0,3,0.0012625000000000002,21.422368227212147
1584000.0,440.0,3,0.001275,21.32735849034871
1584000.0,440.0,3,0.0012875,21.23234875348527
1584000.0,440.0,3,0.0013,21.137339016621834
1584000.0,440.0,3,0.0013125,21.04232927975839
1584000.0,440.0,3,0.001325,20.947319542894956
1584000.0,440.0,3,0.0013375000000000001,20.852309806031517
1584000.0,440.0,3,0.00135,20.75730006916808
1584000.0,440.0,3,0.0013625,20.662290332304643
1584000.0,440.0,3,0.001375,20.567280595441204
1584000.0,440.0,3,0.0013875,20.47227085857777
1584000.0,440.0,3,0.0014,20.377261121714326
1620000.0,450.0,1,0.0,23.992698308491075
1620000.0,450.0,1,2.9166666666666666e-05,23.99269830849107
1620000.0,450.0,1,5.833333333333333e-05,23.992698308491068
1620000.0,450.0,1,8.75e-05,23.992698308491068
1620000.0,450.0,1,0.00011666666666666667,23.992698308491065
1620000.0,450.0,1,0.00014583333333333332,23.992698308491065
1620000.0,450.0,1,0.000175,23.992698308491065
1620000.0,450.0,1,0.00020416666666666668,23.99269830849106
1620000.0,450.0,1,0.00023333333333333333,23.992698308491057
1620000.0,450.0,1,0.0002625,23.992698308491057
1620000.0,450.0,1,0.00029166666666666664,23.992698308491054
1620000.0,450.0,1,0.00032083333333333334,23.992698308491057
1620000.0,450.0,1,0.00035,23.992698308491054
1620000.0,450.0,1,0.00037916666666666665,23.99269830849105
1620000.0,450.0,1,0.00040833333333333336,23.99269830849105
1620000.0,450.0,1,0.0004375,23.992698308491047
1620000.0,450.0,1,0.00046666666666666666,23.992698308491047
1620000.0,450.0,1,0.0004958333333333334,23.992698308491043
1620000.0,450.0,1,0.000525,23.992698308491043
1620000.0,450.0,1,0.0005541666666666667,23.99269830849104
1620000.0,450.0,1,0.0005833333333333333,23.99269830849104
1620000.0,450.0,1,0.0006125,23.99269830849104
1620000.0,450.0,1,0.0006416666666666667,23.99269830849104
1620000.0,450.0,1,0.0006708333333333333,23.992698308491036
1620000.0,450.0,1,0.0007,23.992698308491036
1620000.0,450.0,2,0.0007166666666666667,23.99038024685552
1620000.0,450.0,2,0.0007333333333333333,23.98342606194899
1620000.0,450.0,2,0.00075,23.971835753771437
1620000.0,450.0,2,0.0007666666666666667,23.95560932232286
1620000.0,450.0,2,0.0007833333333333334,23.934746767603258
1620000.0,450.0,2,0.0008,23.909248089612642
1620000.0,450.0,2,0.0008166666666666667,23.879113288351004
1620000.0,450.0,2,0.0008333333333333333,23.844342363818342
1620000.0,450.0,2,0.0008500000000000001,23.804935316014657
1620000.0,450.0,2,0.0008666666666666666,23.76089214493995
1620000.0,450.0,2,0.0008833333333333333,23.712212850594224
1620000.0,450.0,2,0.0009,23.65889743297748
1620000.0,450.0,2,0.0009166666666666666,23.600945892089708
1620000.0,450.0,2,0.0009333333333333333,23.538358227930917
1620000.0,450.0,2,0.00095,23.471134440501107
1620000.0,450.0,2,0.0009666666666666667,23.399274529800273
1620000.0,450.0,2,0.0009833333333333335,23.32277849582842
1620000.0,450.0,2,0.001,23.241646338585547
1620000.0,450.0,2,0.0010166666666666666,23.15587805807165
1620000.0,450.0,2,0.0010333333333333334,23.06547365428673
1620000.0,450.0,2,0.00105,22.970433127230788
1620000.0,450.0,2,0.0010666666666666667,22.870756476903825
1620000.0,450.0,2,0.0010833333333333333,22.766443703305846
1620000.0,450.0,2,0.0011,22.65749480643684
1620000.0,450.0,3,0.0011125,22.562485069573402
1620000.0,450.0,3,0.0011250000000000001,22.467475332709963
1620000.0,450.0,3,0.0011375,22.372465595846524
1620000.0,450.0,3,0.00115,22.27745585898309
1620000.0,450.0,3,0.0011625000000000001,22.18244612211965
1620000.0,450.0,3,0.001175,22.087436385256215
1620000.0,450.0,3,0.0011875,21.992426648392776
1620000.0,450.0,3,0.0012000000000000001,21.897416911529337
1620000.0,450.0,3,0.0012125,21.802407174665895
1620000.0,450.0,3,0.001225,21.707397437802463
1620000.0,450.0,3,0.0012375,21.612387700939024
1620000.0,450.0,3,0.00125,21.517377964075585
1620000.0,450.0,3,0.0012625000000000002,21.422368227212143
1620000.0,450.0,3,0.001275,21.327358490348704
1620000.0,450.0,3,0.0012875,21.232348753485272
1620000.0,450.0,3,0.0013,21.137339016621834
1620000.0,450.0,3,0.0013125,21.04232927975839
1620000.0,450.0,3,0.001325,20.94731954289496
1620000.0,450.0,3,0.0013375000000000001,20.852309806031517
1620000.0,450.0,3,0.00135,20.757300069168082
1620000.0,450.0,3,0.0013625,20.662290332304643
1620000.0,450.0,3,0.001375,20.567280595441204
1620000.0,450.0,3,0.0013875,20.472270858577765
1620000.0,450.0,3,0.0014,20.37726112171433
1656000.0,460.0,1,0.0,23.992698308491075
1656000.0,460.0,1,2.9166666666666666e-05,23.992698308491068
1656000.0,460.0,1,5.833333333333333e-05,23.992698308491068
1656000.0,460.0,1,8.75e-05,23.992698308491068
1656000.0,460.0,1,0.00011666666666666667,23.992698308491065
1656000.0,460.0,1,0.00014583333333333332,23.99269830849106
1656000.0,460.0,1,0.000175,23.992698308491065
1656000.0,460.0,1,0.00020416666666666668,23.99269830849106
1656000.0,460.0,1,0.00023333333333333333,23.99269830849106
1656000.0,460.0,1,0.0002625,23.992698308491057
1656000.0,460.0,1,0.00029166666666666664,23.992698308491054
1656000.0,460.0,1,0.00032083333333333334,23.992698308491054
1656000.0,460.0,1,0.00035,23.992698308491054
1656000.0,460.0,1,0.00037916666666666665,23.992698308491054
1656000.0,460.0,1,0.00040833333333333336,23.992698308491047
1656000.0,460.0,1,0.0004375,23.992698308491047
1656000.0,460.0,1,0.00046666666666666666,23.992698308491043
1656000.0,460.0,1,0.0004958333333333334,23.992698308491047
1656000.0,460.0,1,0.000525,23.992698308491043
1656000.0,460.0,1,0.0005541666666666667,23.992698308491043
1656000.0,460.0,1,0.0005833333333333333,23.992698308491043
1656000.0,460.0,1,0.0006125,23.992698308491036
1656000.0,460.0,1,0.0006416666666666667,23.99269830849104
1656000.0,460.0,1,0.0006708333333333333,23.992698308491036
1656000.0,460.0,1,0.0007,23.992698308491033
1656000.0,460.0,2,0.0007166666666666667,23.990380246855523
1656000.0,460.0,2,0.0007333333333333333,23.98342606194899
1656000.0,460.0,2,0.00075,23.971835753771433
1656000.0,460.0,2,0.0007666666666666667,23.95560932232286
1656000.0,460.0,2,0.0007833333333333334,23.934746767603258
1656000.0,460.0,2,0.0008,23.90924808961264
1656000.0,460.0,2,0.0008166666666666667,23.879113288351
1656000.0,460.0,2,0.0008333333333333333,23.84434236381834
1656000.0,460.0,2,0.0008500000000000001,23.804935316014657
1656000.0,460.0,2,0.0008666666666666666,23.760892144939955
1656000.0,460.0,2,0.0008833333333333333,23.712212850594227
1656000.0,460.0,2,0.0009,23.658897432977476
1656000.0,460.0,2,0.0009166666666666666,23.60094589208971
1656000.0,460.0,2,0.0009333333333333333,23.53835822793092
1656000.0,460.0,2,0.00095,23.47113444050111
1656000.0,460.0,2,0.0009666666666666667,23.399274529800273
1656000.0,460.0,2,0.0009833333333333335,23.32277849582842
1656000.0,460.0,2,0.001,23.241646338585543
1656000.0,460.0,2,0.0010166666666666666,23.155878058071647
1656000.0,460.0,2,0.0010333333333333334,23.06547365428673
1656000.0,460.0,2,0.00105,22.97043312723079
1656000.0,460.0,2,0.0010666666666666667,22.870756476903825
1656000.0,460.0,2,0.0010833333333333333,22.766443703305846
1656000.0,460.0,2,0.0011,22.65749480643684
1656000.0,460.0,3,0.0011125,22.562485069573402
1656000.0,460.0,3,0.0011250000000000001,22.467475332709963
1656000.0,460.0,3,0.0011375,22.372465595846524
1656000.0,460.0,3,0.00115,22.277455858983085
1656000.0,460.0,3,0.0011625000000000001,22.182446122119647
1656000.0,460.0,3,0.001175,22.08743638525621
1656000.0,460.0,3,0.0011875,21.992426648392776
1656000.0,460.0,3,0.0012000000000000001,21.897416911529334
1656000.0,460.0,3,0.0012125,21.8024071746659
1656000.0,460.0,3,0.001225,21.70739743780246
1656000.0,460.0,3,0.0012375,21.612387700939024
1656000.0,460.0,3,0.00125,21.517377964075582
1656000.0,460.0,3,0.0012625000000000002,21.422368227212147
1656000.0,460.0,3,0.001275,21.327358490348708
1656000.0,460.0,3,0.0012875,21.23234875348527
1656000.0,460.0,3,0.0013,21.137339016621834
1656000.0,460.0,3,0.0013125,21.04232927975839
1656000.0,460.0,3,0.001325,20.947319542894956
1656000.0,460.0,3,0.0013375000000000001,20.852309806031517
1656000.0,460.0,3,0.00135,20.75730006916808
1656000.0,460.0,3,0.0013625,20.66229033230464
1656000.0,460.0,3,0.001375,20.567280595441208
1656000.0,460.0,3,0.0013875,20.472270858577765
1656000.0,460.0,3,0.0014,20.37726112171433
1692000.0,470.0,1,0.0,23.99269830849107
1692000.0,470.0,1,2.9166666666666666e-05,23.99269830849107
1692000.0,470.0,1,5.833333333333333e-05,23.992698308491068
1692000.0,470.0,1,8.75e-05,23.992698308491065
1692000.0,470.0,1,0.00011666666666666667,23.992698308491065
1692000.0,470.0,1,0.00014583333333333332,23.992698308491065
1692000.0,470.0,1,0.000175,23.992698308491065
1692000.0,470.0,1,0.00020416666666666668,23.992698308491065
1692000.0,470.0,1,0.00023333333333333333,23.99269830849106
1692000.0,470.0,1,0.0002625,23.992698308491057
1692000.0,470.0,1,0.00029166666666666664,23.992698308491057
1692000.0,470.0,1,0.00032083333333333334,23.992698308491057
1692000.0,470.0,1,0.00035,23.992698308491054
1692000.0,470.0,1,0.00037916666666666665,23.99269830849105
1692000.0,470.0,1,0.00040833333333333336,23.99269830849105
1692000.0,470.0,1,0.0004375,23.992698308491047
1692000.0,470.0,1,0.00046666666666666666,23.992698308491047
1692000.0,470.0,1,0.0004958333333333334,23.992698308491047
1692000.0,470.0,1,0.000525,23.99269830849104
1692000.0,470.0,1,0.0005541666666666667,23.99269830849104
1692000.0,470.0,1,0.0005833333333333333,23.99269830849104
1692000.0,470.0,1,0.0006125,23.992698308491043
1692000.0,470.0,1,0.0006416666666666667,23.99269830849104
1692000.0,470.0,1,0.0006708333333333333,23.992698308491036
1692000.0,470.0,1,0.0007,23.992698308491033
1692000.0,470.0,2,0.0007166666666666667,23.990380246855523
1692000.0,470.0,2,0.0007333333333333333,23.98342606194899
1692000.0,470.0,2,0.00075,23.971835753771433
1692000.0,470.0,2,0.0007666666666666667,23.955609322322857
1692000.0,470.0,2,0.0007833333333333334,23.934746767603258
1692000.0,470.0,2,0.0008,23.909248089612642
1692000.0,470.0,2,0.0008166666666666667,23.879113288351004
1692000.0,470.0,2,0.0008333333333333333,23.844342363818342
1692000.0,470.0,2,0.0008500000000000001,23.804935316014653
1692000.0,470.0,2,0.0008666666666666666,23.760892144939955
1692000.0,470.0,2,0.0008833333333333333,23.712212850594224
1692000.0,470.0,2,0.0009,23.65889743297748
1692000.0,470.0,2,0.0009166666666666666,23.60094589208971
1692000.0,470.0,2,0.0009333333333333333,23.538358227930917
1692000.0,470.0,2,0.00095,23.47113444050111
1692000.0,470.0,2,0.0009666666666666667,23.399274529800277
1692000.0,470.0,2,0.0009833333333333335,23.32277849582842
1692000.0,470.0,2,0.001,23.241646338585543
1692000.0,470.0,2,0.0010166666666666666,23.15587805807165
1692000.0,470.0,2,0.0010333333333333334,23.06547365428673
1692000.0,470.0,2,0.00105,22.970433127230788
1692000.0,470.0,2,0.0010666666666666667,22.870756476903825
1692000.0,470.0,2,0.0010833333333333333,22.766443703305843
1692000.0,470.0,2,0.0011,22.65749480643684
1692000.0,470.0,3,0.0011125,22.5624850695734
1692000.0,470.0,3,0.0011250000000000001,22.467475332709963
1692000.0,470.0,3,0.0011375,22.372465595846528
1692000.0,470.0,3,0.00115,22.27745585898309
1692000.0,470.0,3,0.0011625000000000001,22.182446122119654
1692000.0,470.0,3,0.001175,22.087436385256208
1692000.0,470.0,3,0.0011875,21.992426648392776
1692000.0,470.0,3,0.0012000000000000001,21.897416911529337
1692000.0,470.0,3,0.0012125,21.8024071746659
1692000.0,470.0,3,0.001225,21.70739743780246
1692000.0,470.0,3,0.0012375,21.612387700939024
1692000.0,470.0,3,0.00125,21.517377964075585
1692000.0,470.0,3,0.0012625000000000002,21.422368227212143
1692000.0,470.0,3,0.001275,21.327358490348708
1692000.0,470.0,3,0.0012875,21.23234875348527
1692000.0,470.0,3,0.0013,21.137339016621834
1692000.0,470.0,3,0.0013125,21.042329279758395
1692000.0,470.0,3,0.001325,20.947319542894952
1692000.0,470.0,3,0.0013375000000000001,20.852309806031517
1692000.0,470.0,3,0.00135,20.757300069168082
1692000.0,470.0,3,0.0013625,20.662290332304643
1692000.0,470.0,3,0.001375,20.567280595441204
1692000.0,470.0,3,0.0013875,20.47227085857776
1692000.0,470.0,3,0.0014,20.377261121714326
1728000.0,480.0,1,0.0,23.99269830849107
1728000.0,480.0,1,2.9166666666666666e-05,23.992698308491068
1728000.0,480.0,1,5.833333333333333e-05,23.99269830849107
1728000.0,480.0,1,8.75e-05,23.992698308491065
1728000.0,480.0,1,0.00011666666666666667,23.992698308491065
1728000.0,480.0,1,0.00014583333333333332,23.992698308491065
1728000.0,480.0,1,0.000175,23.99269830849106
1728000.0,480.0,1,0.00020416666666666668,23.99269830849106
1728000.0,480.0,1,0.00023333333333333333,23.99269830849106
1728000.0,480.0,1,0.0002625,23.992698308491057
1728000.0,480.0,1,0.00029166666666666664,23.992698308491054
1728000.0,480.0,1,0.00032083333333333334,23.992698308491057
1728000.0,480.0,1,0.00035,23.992698308491054
1728000.0,480.0,1,0.00037916666666666665,23.992698308491054
1728000.0,480.0,1,0.00040833333333333336,23.99269830849105
1728000.0,480.0,1,0.0004375,23.992698308491047
1728000.0,480.0,1,0.00046666666666666666,23.992698308491047
1728000.0,480.0,1,0.0004958333333333334,23.992698308491043
1728000.0,480.0,1,0.000525,23.992698308491043
1728000.0,480.0,1,0.0005541666666666667,23.992698308491043
1728000.0,480.0,1,0.0005833333333333333,23.99269830849104
1728000.0,480.0,1,0.0006125,23.992698308491036
1728000.0,480.0,1,0.0006416666666666667,23.992698308491036
1728000.0,480.0,1,0.0006708333333333333,23.992698308491033
1728000.0,480.0,1,0.0007,23.992698308491033
1728000.0,480.0,2,0.0007166666666666667,23.990380246855523
1728000.0,480.0,2,0.0007333333333333333,23.98342606194899
1728000.0,480.0,2,0.00075,23.971835753771437
1728000.0,480.0,2,0.0007666666666666667,23.95560932232286
1728000.0,480.0,2,0.0007833333333333334,23.934746767603258
1728000.0,480.0,2,0.0008,23.909248089612642
1728000.0,480.0,2,0.0008166666666666667,23.879113288351
1728000.0,480.0,2,0.0008333333333333333,23.84434236381834
1728000.0,480.0,2,0.0008500000000000001,23.804935316014657
1728000.0,480.0,2,0.0008666666666666666,23.76089214493995
1728000.0,480.0,2,0.0008833333333333333,23.712212850594227
1728000.0,480.0,2,0.0009,23.658897432977476
1728000.0,480.0,2,0.0009166666666666666,23.600945892089708
1728000.0,480.0,2,0.0009333333333333333,23.538358227930917
1728000.0,480.0,2,0.00095,23.47113444050111
1728000.0,480.0,2,0.0009666666666666667,23.399274529800273
1728000.0,480.0,2,0.0009833333333333335,23.322778495828423
1728000.0,480.0,2,0.001,23.241646338585543
1728000.0,480.0,2,0.0010166666666666666,23.155878058071647
1728000.0,480.0,2,0.0010333333333333334,23.06547365428673
1728000.0,480.0,2,0.00105,22.970433127230788
1728000.0,480.0,2,0.0010666666666666667,22.87075647690383
1728000.0,480.0,2,0.0010833333333333333,22.766443703305843
1728000.0,480.0,2,0.0011,22.657494806436837
1728000.0,480.0,3,0.0011125,22.562485069573402
1728000.0,480.0,3,0.0011250000000000001,22.467475332709963
1728000.0,480.0,3,0.0011375,22.372465595846524
1728000.0,480.0,3,0.00115,22.277455858983085
1728000.0,480.0,3,0.0011625000000000001,22.182446122119647
1728000.0,480.0,3,0.001175,22.08743638525621
1728000.0,480.0,3,0.0011875,21.992426648392776
1728000.0,480.0,3,0.0012000000000000001,21.897416911529337
1728000.0,480.0,3,0.0012125,21.8024071746659
1728000.0,480.0,3,0.001225,21.707397437802463
1728000.0,480.0,3,0.0012375,21.612387700939024
1728000.0,480.0,3,0.00125,21.51737796407558
1728000.0,480.0,3,0.0012625000000000002,21.422368227212143
1728000.0,480.0,3,0.001275,21.327358490348708
1728000.0,480.0,3,0.0012875,21.232348753485272
1728000.0,480.0,3,0.0013,21.137339016621834
1728000.0,480.0,3,0.0013125,21.042329279758395
1728000.0,480.0,3,0.001325,20.947319542894956
1728000.0,480.0,3,0.0013375000000000001,20.852309806031514
1728000.0,480.0,3,0.00135,20.75730006916808
1728000.0,480.0,3,0.0013625,20.662290332304643
1728000.0,480.0,3,0.001375,20.567280595441204
1728000.0,480.0,3,0.0013875,20.472270858577765
1728000.0,480.0,3,0.0014,20.37726112171433
1764000.0,490.0,1,0.0,23.992698308491075
1764000.0,490.0,1,2.9166666666666666e-05,23.992698308491068
1764000.0,490.0,1,5.833333333333333e-05,23.99269830849107
1764000.0,490.0,1,8.75e-05,23.992698308491068
1764000.0,490.0,1,0.00011666666666666667,23.992698308491065
1764000.0,490.0,1,0.00014583333333333332,23.992698308491065
1764000.0,490.0,1,0.000175,23.992698308491065
1764000.0,490.0,1,0.00020416666666666668,23.99269830849106
1764000.0,490.0,1,0.00023333333333333333,23.992698308491057
1764000.0,490.0,1,0.0002625,23.992698308491057
1764000.0,490.0,1,0.00029166666666666664,23.992698308491054
1764000.0,490.0,1,0.00032083333333333334,23.992698308491054
1764000.0,490.0,1,0.00035,23.99269830849105
1764000.0,490.0,1,0.00037916666666666665,23.99269830849105
1764000.0,490.0,1,0.00040833333333333336,23.99269830849105
1764000.0,490.0,1,0.0004375,23.99269830849105
1764000.0,490.0,1,0.00046666666666666666,23.992698308491047
1764000.0,490.0,1,0.0004958333333333334,23.992698308491043
1764000.0,490.0,1,0.000525,23.992698308491043
1764000.0,490.0,1,0.0005541666666666667,23.99269830849104
1764000.0,490.0,1,0.0005833333333333333,23.992698308491043
1764000.0,490.0,1,0.0006125,23.992698308491036
1764000.0,490.0,1,0.0006416666666666667,23.99269830849104
1764000.0,490.0,1,0.0006708333333333333,23.992698308491033
1764000.0,490.0,1,0.0007,23.992698308491036
1764000.0,490.0,2,0.0007166666666666667,23.990380246855523
1764000.0,490.0,2,0.0007333333333333333,23.983426061948986
1764000.0,490.0,2,0.00075,23.971835753771437
1764000.0,490.0,2,0.0007666666666666667,23.955609322322857
1764000.0,490.0,2,0.0007833333333333334,23.93474676760326
1764000.0,490.0,2,0.0008,23.90924808961264
1764000.0,490.0,2,0.0008166666666666667,23.879113288351004
1764000.0,490.0,2,0.0008333333333333333,23.84434236381834
1764000.0,490.0,2,0.0008500000000000001,23.80493531601466
1764000.0,490.0,2,0.0008666666666666666,23.76089214493995
1764000.0,490.0,2,0.0008833333333333333,23.712212850594227
1764000.0,490.0,2,0.0009,23.65889743297748
1764000.0,490.0,2,0.0009166666666666666,23.60094589208971
1764000.0,490.0,2,0.0009333333333333333,23.53835822793092
1764000.0,490.0,2,0.00095,23.471134440501107
1764000.0,490.0,2,0.0009666666666666667,23.399274529800273
1764000.0,490.0,2,0.0009833333333333335,23.322778495828423
1764000.0,490.0,2,0.001,23.241646338585543
1764000.0,490.0,2,0.0010166666666666666,23.15587805807165
1764000.0,490.0,2,0.0010333333333333334,23.065473654286727
1764000.0,490.0,2,0.00105,22.97043312723079
1764000.0,490.0,2,0.0010666666666666667,22.870756476903825
1764000.0,490.0,2,0.0010833333333333333,22.766443703305843
1764000.0,490.0,2,0.0011,22.657494806436837
1764000.0,490.0,3,0.0011125,22.562485069573402
1764000.0,490.0,3,0.0011250000000000001,22.467475332709963
1764000.0,490.0,3,0.0011375,22.372465595846524
1764000.0,490.0,3,0.00115,22.27745585898309
1764000.0,490.0,3,0.0011625000000000001,22.18244612211965
1764000.0,490.0,3,0.001175,22.08743638525621
1764000.0,490.0,3,0.0011875,21.992426648392772
1764000.0,490.0,3,0.0012000000000000001,21.897416911529334
1764000.0,490.0,3,0.0012125,21.8024071746659
1764000.0,490.0,3,0.001225,21.707397437802463
1764000.0,490.0,3,0.0012375,21.61238770093902
1764000.0,490.0,3,0.00125,21.517377964075582
1764000.0,490.0,3,0.0012625000000000002,21.422368227212147
1764000.0,490.0,3,0.001275,21.327358490348704
1764000.0,490.0,3,0.0012875,21.23234875348527
1764000.0,490.0,3,0.0013,21.13733901662183
1764000.0,490.0,3,0.0013125,21.042329279758395
1764000.0,490.0,3,0.001325,20.947319542894956
1764000.0,490.0,3,0.0013375000000000001,20.852309806031517
1764000.0,490.0,3,0.00135,20.75730006916808
1764000.0,490.0,3,0.0013625,20.66229033230464
1764000.0,490.0,3,0.001375,20.567280595441208
1764000.0,490.0,3,0.0013875,20.47227085857777
1764000.0,490.0,3,0.0014,20.377261121714326
1800000.0,500.0,1,0.0,23.99269830849107
1800000.0,500.0,1,2.9166666666666666e-05,23.99269830849107
1800000.0,500.0,1,5.833333333333333e-05,23.992698308491068
1800000.0,500.0,1,8.75e-05,23.992698308491068
1800000.0,500.0,1,0.00011666666666666667,23.992698308491065
1800000.0,500.0,1,0.00014583333333333332,23.992698308491065
1800000.0,500.0,1,0.000175,23.99269830849106
1800000.0,500.0,1,0.00020416666666666668,23.992698308491065
1800000.0,500.0,1,0.00023333333333333333,23.992698308491057
1800000.0,500.0,1,0.0002625,23.99269830849106
1800000.0,500.0,1,0.00029166666666666664,23.992698308491057
1800000.0,500.0,1,0.00032083333333333334,23.992698308491057
1800000.0,500.0,1,0.00035,23.99269830849105
1800000.0,500.0,1,0.00037916666666666665,23.99269830849105
1800000.0,500.0,1,0.00040833333333333336,23.99269830849105
1800000.0,500.0,1,0.0004375,23.992698308491047
1800000.0,500.0,1,0.00046666666666666666,23.99269830849105
1800000.0,500.0,1,0.0004958333333333334,23.992698308491043
1800000.0,500.0,1,0.000525,23.992698308491047
1800000.0,500.0,1,0.0005541666666666667,23.992698308491043
1800000.0,500.0,1,0.0005833333333333333,23.99269830849104
1800000.0,500.0,1,0.0006125,23.99269830849104
1800000.0,500.0,1,0.0006416666666666667,23.992698308491036
1800000.0,500.0,1,0.0006708333333333333,23.992698308491036
1800000.0,500.0,1,0.0007,23.992698308491033
1800000.0,500.0,2,0.0007166666666666667,23.990380246855523
1800000.0,500.0,2,0.0007333333333333333,23.98342606194899
1800000.0,500.0,2,0.00075,23.971835753771433
1800000.0,500.0,2,0.0007666666666666667,23.955609322322857
1800000.0,500.0,2,0.0007833333333333334,23.93474676760326
1800000.0,500.0,2,0.0008,23.909248089612642
1800000.0,500.0,2,0.0008166666666666667,23.879113288351004
1800000.0,500.0,2,0.0008333333333333333,23.84434236381834
1800000.0,500.0,2,0.0008500000000000001,23.80493531601466
1800000.0,500.0,2,0.0008666666666666666,23.76089214493995
1800000.0,500.0,2,0.0008833333333333333,23.712212850594227
1800000.0,500.0,2,0.0009,23.658897432977483
1800000.0,500.0,2,0.0009166666666666666,23.60094589208971
1800000.0,500.0,2,0.0009333333333333333,23.53835822793092
1800000.0,500.0,2,0.00095,23.471134440501107
1800000.0,500.0,2,0.0009666666666666667,23.399274529800277
1800000.0,500.0,2,0.0009833333333333335,23.32277849582842
1800000.0,500.0,2,0.001,23.241646338585543
1800000.0,500.0,2,0.0010166666666666666,23.155878058071647
1800000.0,500.0,2,0.0010333333333333334,23.065473654286727
1800000.0,500.0,2,0.00105,22.97043312723079
1800000.0,500.0,2,0.0010666666666666667,22.87075647690383
1800000.0,500.0,2,0.0010833333333333333,22.766443703305843
1800000.0,500.0,2,0.0011,22.65749480643684
1800000.0,500.0,3,0.0011125,22.562485069573405
1800000.0,500.0,3,0.0011250000000000001,22.467475332709963
1800000.0,500.0,3,0.0011375,22.372465595846524
1800000.0,500.0,3,0.00115,22.27745585898309
1800000.0,500.0,3,0.0011625000000000001,22.18244612211965
1800000.0,500.0,3,0.001175,22.087436385256215
1800000.0,500.0,3,0.0011875,21.992426648392772
1800000.0,500.0,3,0.0012000000000000001,21.897416911529337
1800000.0,500.0,3,0.0012125,21.8024071746659
1800000.0,500.0,3,0.001225,21.70739743780246
1800000.0,500.0,3,0.0012375,21.612387700939024
1800000.0,500.0,3,0.00125,21.517377964075582
1800000.0,500.0,3,0.0012625000000000002,21.422368227212143
1800000.0,500.0,3,0.001275,21.327358490348708
1800000.0,500.0,3,0.0012875,21.23234875348527
1800000.0,500.0,3,0.0013,21.137339016621834
1800000.0,500.0,3,0.0013125,21.042329279758395
1800000.0,500.0,3,0.001325,20.94731954289496
1800000.0,500.0,3,0.0013375000000000001,20.85230980603152
1800000.0,500.0,3,0.00135,20.75730006916808
1800000.0,500.0,3,0.0013625,20.662290332304643
1800000.0,500.0,3,0.001375,20.567280595441208
1800000.0,500.0,3,0.0013875,20.47227085857777
1800000.0,500.0,3,0.0014,20.377261121714326
